epoch,time,train/box_loss,train/pose_loss,train/kobj_loss,train/cls_loss,train/dfl_loss,train/rle_loss,metrics/precision(B),metrics/recall(B),metrics/mAP50(B),metrics/mAP50-95(B),metrics/precision(P),metrics/recall(P),metrics/mAP50(P),metrics/mAP50-95(P),val/box_loss,val/pose_loss,val/kobj_loss,val/cls_loss,val/dfl_loss,val/rle_loss,lr/pg0,lr/pg1,lr/pg2,lr/pg3,lr/pg4,lr/pg5,lr/pg6,lr/pg7
1,35.2721,1.51686,9.47731,0.717,1.79487,0.03701,22.256,0.98905,1,0.99243,0.60817,0,0,0,0,1.5425,9.07267,0.72889,0.38976,0.0576,0,0.00988636,0.00329545,0.00988636,0.00329545,0.00988636,0.00329545,0.00988636,0.00329545
2,80.0613,0.74427,7.15092,0.76371,0.3376,0.01746,11.4572,0.9334,0.995,0.99299,0.86992,0,0,0,0,0.64448,6.35568,0.84201,0.27134,0.02286,0,0.0198667,0.00662223,0.0198667,0.00662223,0.0198667,0.00662223,0.0198667,0.00662223
3,125.912,0.75385,5.99091,0.74891,0.32363,0.01833,8.5965,0.95212,0.99426,0.99263,0.91978,0.19654,0.22,0.04787,0.00482,0.3979,4.81008,0.67854,0.27595,0.01412,0,0.0298272,0.0099424,0.0298272,0.0099424,0.0298272,0.0099424,0.0298272,0.0099424
4,163.405,0.75768,4.83687,0.68655,0.33768,0.01723,6.55562,0.93597,0.995,0.98795,0.79773,0.9002,0.965,0.9579,0.46521,0.82855,1.85213,0.53435,0.41387,0.02935,0,0.0299109,0.0099703,0.0299109,0.0099703,0.0299109,0.0099703,0.0299109,0.0099703
5,199.111,0.77482,4.22428,0.66156,0.38853,0.01788,5.71929,0.99948,1,0.995,0.84236,0.16254,0.23,0.03683,0.00584,0.727,6.77873,0.34333,0.18719,0.02744,0,0.0298812,0.0099604,0.0298812,0.0099604,0.0298812,0.0099604,0.0298812,0.0099604
6,234.098,0.62974,3.61511,0.62403,0.34704,0.01453,4.9481,0.97926,1,0.9947,0.76145,0.93501,0.955,0.93181,0.50135,1.0889,1.84617,0.36011,0.28589,0.04405,0,0.0298515,0.0099505,0.0298515,0.0099505,0.0298515,0.0099505,0.0298515,0.0099505
7,268.834,0.63804,3.1961,0.59348,0.33142,0.01455,4.38887,0.98006,0.98299,0.99445,0.93344,0.45836,0.54,0.2756,0.036,0.37656,4.45144,0.32656,0.24509,0.01414,0,0.0298218,0.0099406,0.0298218,0.0099406,0.0298218,0.0099406,0.0298218,0.0099406
8,304.786,0.59397,2.70623,0.58493,0.31249,0.0134,3.52634,1,0.99984,0.995,0.89307,0.98453,0.985,0.98116,0.6362,0.55802,1.26136,0.33518,0.15714,0.01983,0,0.0297921,0.0099307,0.0297921,0.0099307,0.0297921,0.0099307,0.0297921,0.0099307
9,342.568,0.57555,2.62917,0.5572,0.31195,0.01316,3.40818,0.99972,1,0.995,0.90678,0.96973,0.97,0.95757,0.31795,0.42784,2.54172,0.31234,0.11865,0.01554,0,0.0297624,0.0099208,0.0297624,0.0099208,0.0297624,0.0099208,0.0297624,0.0099208
10,378.807,0.58187,2.34041,0.55371,0.29866,0.01293,3.14443,0.99973,1,0.995,0.85228,0.98973,0.99,0.98126,0.60235,0.65663,1.33627,0.31705,0.16899,0.02647,0,0.0297327,0.0099109,0.0297327,0.0099109,0.0297327,0.0099109,0.0297327,0.0099109
11,415.535,0.53632,2.1602,0.54097,0.25723,0.01206,2.9013,1,0.99736,0.995,0.86325,0.98496,0.98236,0.9799,0.73565,0.67173,0.88661,0.30006,0.19502,0.02254,0,0.029703,0.009901,0.029703,0.009901,0.029703,0.009901,0.029703,0.009901
12,451,0.51603,2.21467,0.53881,0.24963,0.01154,2.79491,0.99973,1,0.995,0.95569,0.99473,0.995,0.99265,0.75734,0.32762,0.76912,0.31386,0.09727,0.0123,0,0.0296733,0.0098911,0.0296733,0.0098911,0.0296733,0.0098911,0.0296733,0.0098911
13,486.172,0.50379,2.00393,0.52238,0.23805,0.01136,2.49139,1,1,0.995,0.90391,1,1,0.995,0.7884,0.42917,0.75086,0.34678,0.11819,0.01695,0,0.0296436,0.0098812,0.0296436,0.0098812,0.0296436,0.0098812,0.0296436,0.0098812
14,520.777,0.49012,1.84739,0.52628,0.23344,0.01082,2.35191,0.99971,1,0.995,0.90103,0.99971,1,0.995,0.75765,0.45047,0.80355,0.3409,0.12568,0.01479,0,0.0296139,0.0098713,0.0296139,0.0098713,0.0296139,0.0098713,0.0296139,0.0098713
15,555.06,0.50578,1.86493,0.50282,0.25813,0.01116,2.27207,0.95799,1,0.99176,0.88555,0.9532,0.995,0.98831,0.7213,0.56624,0.9096,0.35075,0.29832,0.01817,0,0.0295842,0.0098614,0.0295842,0.0098614,0.0295842,0.0098614,0.0295842,0.0098614
16,589.085,0.50049,1.76339,0.51822,0.26056,0.01069,2.21137,0.99971,0.99,0.99485,0.94933,0.99466,0.985,0.99273,0.80923,0.33095,0.64908,0.33367,0.14603,0.01174,0,0.0295545,0.0098515,0.0295545,0.0098515,0.0295545,0.0098515,0.0295545,0.0098515
17,625.635,0.4828,1.64755,0.49523,0.23753,0.01036,2.0127,0.96553,0.98036,0.99363,0.87876,0.96553,0.98036,0.99363,0.81681,0.64099,0.67068,0.33316,0.2756,0.02454,0,0.0295248,0.0098416,0.0295248,0.0098416,0.0295248,0.0098416,0.0295248,0.0098416
18,660.953,0.44405,1.4714,0.49817,0.24122,0.00997,1.94618,0.98183,0.985,0.99415,0.89525,0.98183,0.985,0.99415,0.87825,0.52736,0.46354,0.33612,0.19048,0.01576,0,0.0294951,0.0098317,0.0294951,0.0098317,0.0294951,0.0098317,0.0294951,0.0098317
19,695.479,0.42079,1.60516,0.48023,0.23124,0.00892,1.66448,0.99957,1,0.995,0.89689,0.99957,1,0.995,0.86373,0.46244,0.51202,0.30954,0.13449,0.01825,0,0.0294654,0.0098218,0.0294654,0.0098218,0.0294654,0.0098218,0.0294654,0.0098218
20,729.675,0.41821,1.39134,0.48318,0.23034,0.00921,1.48754,0.99973,1,0.995,0.8954,0.99973,1,0.995,0.87257,0.54974,0.50426,0.29896,0.14593,0.02046,0,0.0294357,0.0098119,0.0294357,0.0098119,0.0294357,0.0098119,0.0294357,0.0098119
21,763.759,0.46481,1.33064,0.47256,0.22931,0.01016,1.33521,1,0.99932,0.995,0.98444,1,0.99932,0.995,0.8674,0.28301,0.49731,0.29042,0.10477,0.00945,0,0.029406,0.009802,0.029406,0.009802,0.029406,0.009802,0.029406,0.009802
22,797.855,0.42292,1.25104,0.45689,0.21047,0.00916,1.25962,0.99872,0.995,0.995,0.91905,0.99872,0.995,0.995,0.89426,0.40616,0.39126,0.30765,0.13075,0.0138,0,0.0293763,0.0097921,0.0293763,0.0097921,0.0293763,0.0097921,0.0293763,0.0097921
23,832.766,0.41497,1.24781,0.44495,0.20472,0.00888,1.06915,1,0.99376,0.995,0.89874,1,0.99376,0.995,0.83074,0.51323,0.58719,0.34432,0.16959,0.018,0,0.0293466,0.0097822,0.0293466,0.0097822,0.0293466,0.0097822,0.0293466,0.0097822
24,868.487,0.40063,1.2685,0.44365,0.19699,0.00858,1.08084,0.99865,1,0.995,0.94371,0.99865,1,0.995,0.86813,0.35985,0.51221,0.31696,0.11473,0.01281,0,0.0293169,0.0097723,0.0293169,0.0097723,0.0293169,0.0097723,0.0293169,0.0097723
25,904.262,0.38872,1.14184,0.43343,0.19455,0.00816,1.13953,0.98351,0.995,0.9946,0.87921,0.98351,0.995,0.9946,0.88466,0.62052,0.4451,0.3097,0.18813,0.02244,0,0.0292872,0.0097624,0.0292872,0.0097624,0.0292872,0.0097624,0.0292872,0.0097624
26,939.026,0.44265,1.14513,0.42675,0.21366,0.00921,0.64319,1,0.99914,0.995,0.99315,1,0.99914,0.995,0.84895,0.23307,0.54992,0.29502,0.10265,0.00665,0,0.0292575,0.0097525,0.0292575,0.0097525,0.0292575,0.0097525,0.0292575,0.0097525
27,973.544,0.39429,1.16414,0.41766,0.18903,0.00826,0.86719,0.99502,0.99947,0.995,0.94361,0.99502,0.99947,0.995,0.94374,0.34709,0.30106,0.30236,0.11117,0.01167,0,0.0292278,0.0097426,0.0292278,0.0097426,0.0292278,0.0097426,0.0292278,0.0097426
28,1007.63,0.41504,1.14973,0.40719,0.19507,0.00851,0.62689,0.99999,1,0.995,0.92269,0.99999,1,0.995,0.79211,0.38702,0.68655,0.28729,0.13732,0.01266,0,0.0291981,0.0097327,0.0291981,0.0097327,0.0291981,0.0097327,0.0291981,0.0097327
29,1041.81,0.39486,1.26158,0.38904,0.18681,0.00829,1.04686,0.99931,1,0.995,0.99488,0.99931,1,0.995,0.86616,0.15534,0.47432,0.27864,0.05909,0.00514,0,0.0291684,0.0097228,0.0291684,0.0097228,0.0291684,0.0097228,0.0291684,0.0097228
30,1076.42,0.41099,1.14035,0.3921,0.19751,0.00848,0.61874,0.99971,1,0.995,0.99057,0.99971,1,0.995,0.93969,0.26901,0.30192,0.27891,0.08409,0.00946,0,0.0291387,0.0097129,0.0291387,0.0097129,0.0291387,0.0097129,0.0291387,0.0097129
31,1112.36,0.36016,1.05471,0.38572,0.1725,0.00741,0.59184,0.99973,1,0.995,0.98237,0.99973,1,0.995,0.9405,0.294,0.31723,0.26861,0.08948,0.01085,0,0.029109,0.009703,0.029109,0.009703,0.029109,0.009703,0.029109,0.009703
32,1147.35,0.39576,1.04255,0.3782,0.18676,0.00817,0.55058,0.99973,1,0.995,0.98906,0.99973,1,0.995,0.95298,0.25824,0.25094,0.25056,0.08094,0.00936,0,0.0290793,0.0096931,0.0290793,0.0096931,0.0290793,0.0096931,0.0290793,0.0096931
33,1181.9,0.40749,1.04418,0.35838,0.19081,0.0084,0.56036,1,0.99899,0.995,0.99498,1,0.99899,0.995,0.94913,0.17083,0.2886,0.2479,0.07093,0.00573,0,0.0290496,0.0096832,0.0290496,0.0096832,0.0290496,0.0096832,0.0290496,0.0096832
34,1216.45,0.39697,1.08976,0.35665,0.17238,0.00791,0.47769,1,0.99979,0.995,0.98982,1,0.99979,0.995,0.89537,0.27469,0.41319,0.24229,0.10367,0.00972,0,0.0290199,0.0096733,0.0290199,0.0096733,0.0290199,0.0096733,0.0290199,0.0096733
35,1250.67,0.39756,1.10784,0.34417,0.17666,0.0081,0.38142,1,0.99983,0.995,0.99027,1,0.99983,0.995,0.94004,0.20953,0.32326,0.23085,0.07176,0.00753,0,0.0289902,0.0096634,0.0289902,0.0096634,0.0289902,0.0096634,0.0289902,0.0096634
36,1284.75,0.39008,1.06413,0.33604,0.18892,0.00782,0.40244,0.9948,1,0.995,0.98784,0.9948,1,0.995,0.94208,0.21709,0.30473,0.23114,0.07904,0.00751,0,0.0289605,0.0096535,0.0289605,0.0096535,0.0289605,0.0096535,0.0289605,0.0096535
37,1319.74,0.40038,1.06687,0.32301,0.18141,0.00801,0.38807,0.99974,1,0.995,0.98382,0.99974,1,0.995,0.8942,0.26588,0.41802,0.20911,0.08316,0.0101,0,0.0289308,0.0096436,0.0289308,0.0096436,0.0289308,0.0096436,0.0289308,0.0096436
38,1355.49,0.39801,1.01187,0.31725,0.18024,0.00795,0.4336,0.99929,1,0.995,0.99277,0.99929,1,0.995,0.92715,0.19271,0.37232,0.2259,0.07019,0.00645,0,0.0289011,0.0096337,0.0289011,0.0096337,0.0289011,0.0096337,0.0289011,0.0096337
39,1390.91,0.40333,1.08109,0.3152,0.17716,0.00806,0.69375,1,0.99763,0.995,0.91448,0.99499,0.99263,0.99485,0.8383,0.38631,0.62748,0.22389,0.11999,0.01217,0,0.0288714,0.0096238,0.0288714,0.0096238,0.0288714,0.0096238,0.0288714,0.0096238
40,1425.64,0.34969,1.01228,0.31457,0.19516,0.0072,0.42206,1,0.99908,0.995,0.99363,1,0.99908,0.995,0.9526,0.19708,0.25493,0.22865,0.07569,0.00693,0,0.0288417,0.0096139,0.0288417,0.0096139,0.0288417,0.0096139,0.0288417,0.0096139
41,1460.01,0.36876,0.96033,0.30418,0.18183,0.00762,0.27678,0.99896,1,0.995,0.97576,0.99896,1,0.995,0.94725,0.29229,0.27146,0.22051,0.09979,0.00739,0,0.028812,0.009604,0.028812,0.009604,0.028812,0.009604,0.028812,0.009604
42,1494.18,0.38536,0.87282,0.31502,0.18234,0.00762,0.13594,0.99975,1,0.995,0.995,0.99975,1,0.995,0.9419,0.16655,0.27586,0.2107,0.06334,0.00506,0,0.0287823,0.0095941,0.0287823,0.0095941,0.0287823,0.0095941,0.0287823,0.0095941
43,1528.36,0.42777,0.90877,0.3034,0.17819,0.00878,0.25213,1,0.9994,0.995,0.995,1,0.9994,0.995,0.94883,0.17958,0.28492,0.2019,0.07768,0.00468,0,0.0287526,0.0095842,0.0287526,0.0095842,0.0287526,0.0095842,0.0287526,0.0095842
44,1563.4,0.40888,1.04904,0.28445,0.17402,0.00796,0.17459,0.99983,1,0.995,0.98361,0.99983,1,0.995,0.94413,0.3094,0.3055,0.18482,0.0935,0.00988,0,0.0287229,0.0095743,0.0287229,0.0095743,0.0287229,0.0095743,0.0287229,0.0095743
45,1598.83,0.34916,0.93594,0.27569,0.16084,0.007,0.12994,0.99998,1,0.995,0.95854,0.99998,1,0.995,0.9417,0.30386,0.30926,0.17271,0.09263,0.00974,0,0.0286932,0.0095644,0.0286932,0.0095644,0.0286932,0.0095644,0.0286932,0.0095644
46,1634.15,0.44156,0.94043,0.27461,0.17797,0.00878,0.10352,1,0.99964,0.995,0.9562,1,0.99964,0.995,0.92683,0.31932,0.32579,0.15809,0.09812,0.01147,0,0.0286635,0.0095545,0.0286635,0.0095545,0.0286635,0.0095545,0.0286635,0.0095545
47,1668.75,0.46466,1.00073,0.27095,0.1875,0.00878,0.10041,0.99931,1,0.995,0.99365,0.99931,1,0.995,0.95875,0.21701,0.25799,0.15347,0.07831,0.00682,0,0.0286338,0.0095446,0.0286338,0.0095446,0.0286338,0.0095446,0.0286338,0.0095446
48,1703.27,0.36578,1.04759,0.26238,0.16847,0.00719,1.00838,0.99995,1,0.995,0.9847,0.99995,1,0.995,0.91799,0.31661,0.36857,0.17824,0.09577,0.00984,0,0.0286041,0.0095347,0.0286041,0.0095347,0.0286041,0.0095347,0.0286041,0.0095347
49,1736.77,0.33397,0.99635,0.27765,0.15974,0.00668,0.28066,1,0.99363,0.995,0.99287,1,0.99363,0.995,0.90988,0.19685,0.35701,0.20815,0.09046,0.00686,0,0.0285744,0.0095248,0.0285744,0.0095248,0.0285744,0.0095248,0.0285744,0.0095248
50,1769.87,0.35082,0.92054,0.2763,0.1686,0.00701,0.25218,0.99972,1,0.995,0.995,0.99972,1,0.995,0.95916,0.14733,0.27214,0.18966,0.05685,0.00537,0,0.0285447,0.0095149,0.0285447,0.0095149,0.0285447,0.0095149,0.0285447,0.0095149
51,1803.76,0.40556,0.8437,0.27299,0.17,0.00764,0.10387,1,0.99978,0.995,0.9927,1,0.99978,0.995,0.90635,0.20921,0.39787,0.18765,0.07023,0.00645,0,0.028515,0.009505,0.028515,0.009505,0.028515,0.009505,0.028515,0.009505
52,1837.95,0.38756,0.81056,0.26387,0.17271,0.00779,0.12895,1,1,0.995,0.99388,1,1,0.995,0.95376,0.16576,0.27838,0.16682,0.0618,0.00589,0,0.0284853,0.0094951,0.0284853,0.0094951,0.0284853,0.0094951,0.0284853,0.0094951
53,1871.97,0.40713,0.87587,0.25673,0.16291,0.008,0.10495,0.99968,1,0.995,0.98531,0.99968,1,0.995,0.96131,0.27418,0.2313,0.15011,0.08269,0.00755,0,0.0284556,0.0094852,0.0284556,0.0094852,0.0284556,0.0094852,0.0284556,0.0094852
54,1905.72,0.34473,0.90648,0.25684,0.14461,0.0067,0.14802,1,0.99971,0.995,0.99019,0.99466,1,0.995,0.90483,0.17172,0.41688,0.14495,0.0615,0.00553,0,0.0284259,0.0094753,0.0284259,0.0094753,0.0284259,0.0094753,0.0284259,0.0094753
55,1939.33,0.38245,0.89065,0.24676,0.15577,0.00739,0.15553,1,0.99497,0.995,0.99463,1,0.99497,0.995,0.94256,0.26393,0.27269,0.13255,0.08526,0.00937,0,0.0283962,0.0094654,0.0283962,0.0094654,0.0283962,0.0094654,0.0283962,0.0094654
56,1972.4,0.41237,0.91729,0.24909,0.17055,0.00813,0.04266,0.99954,1,0.995,0.98877,0.99954,1,0.995,0.93529,0.26265,0.28933,0.12536,0.08248,0.00728,0,0.0283665,0.0094555,0.0283665,0.0094555,0.0283665,0.0094555,0.0283665,0.0094555
57,2005.41,0.36356,0.93443,0.23887,0.15746,0.00696,0.52893,0.99008,0.99855,0.99495,0.97913,0.99008,0.99855,0.99495,0.8941,0.28144,0.39563,0.13584,0.10376,0.00808,0,0.0283368,0.0094456,0.0283368,0.0094456,0.0283368,0.0094456,0.0283368,0.0094456
58,2039.09,0.38497,0.95544,0.23408,0.16617,0.00746,0.22869,0.99502,0.99971,0.99485,0.98878,0.99502,0.99971,0.99485,0.96224,0.28597,0.24449,0.13474,0.10832,0.009,0,0.0283071,0.0094357,0.0283071,0.0094357,0.0283071,0.0094357,0.0283071,0.0094357
59,2073.26,0.32989,0.85102,0.23569,0.15531,0.0065,0.11072,0.99972,1,0.995,0.99483,0.99972,1,0.995,0.96543,0.11779,0.23991,0.13965,0.05011,0.00396,0,0.0282774,0.0094258,0.0282774,0.0094258,0.0282774,0.0094258,0.0282774,0.0094258
60,2107.47,0.39991,0.8138,0.24228,0.16544,0.00757,0.13116,0.99966,1,0.995,0.99497,0.99966,1,0.995,0.95313,0.24154,0.24091,0.14299,0.07771,0.00733,0,0.0282477,0.0094159,0.0282477,0.0094159,0.0282477,0.0094159,0.0282477,0.0094159
61,2141.26,0.36755,0.79736,0.22951,0.17204,0.00737,0.0974,0.99972,1,0.995,0.91645,0.99972,1,0.995,0.9621,0.38587,0.21317,0.13123,0.11226,0.01108,0,0.028218,0.009406,0.028218,0.009406,0.028218,0.009406,0.028218,0.009406
62,2174.9,0.3606,0.77414,0.22515,0.16186,0.00723,0.07382,0.99951,1,0.995,0.95477,0.99951,1,0.995,0.95929,0.35402,0.23183,0.12282,0.10145,0.01144,0,0.0281883,0.0093961,0.0281883,0.0093961,0.0281883,0.0093961,0.0281883,0.0093961
63,2208.38,0.37116,0.77401,0.21937,0.1525,0.0073,0.08663,0.99473,1,0.995,0.99449,0.99473,1,0.995,0.95236,0.15781,0.28076,0.11603,0.05872,0.00486,0,0.0281586,0.0093862,0.0281586,0.0093862,0.0281586,0.0093862,0.0281586,0.0093862
64,2241.47,0.34883,0.83766,0.21766,0.15115,0.00676,0.08747,0.99972,1,0.995,0.995,0.99972,1,0.995,0.91461,0.13693,0.35959,0.11567,0.05636,0.00444,0,0.0281289,0.0093763,0.0281289,0.0093763,0.0281289,0.0093763,0.0281289,0.0093763
65,2275.26,0.38129,0.85014,0.20918,0.15129,0.0072,0.12561,1,0.99966,0.995,0.98613,1,0.99966,0.995,0.96997,0.29166,0.23577,0.11132,0.09272,0.01058,0,0.0280992,0.0093664,0.0280992,0.0093664,0.0280992,0.0093664,0.0280992,0.0093664
66,2309.17,0.36738,0.74933,0.20994,0.14923,0.00713,0.08955,0.99977,1,0.995,0.995,0.99977,1,0.995,0.97162,0.12427,0.21145,0.1112,0.04733,0.00368,0,0.0280695,0.0093565,0.0280695,0.0093565,0.0280695,0.0093565,0.0280695,0.0093565
67,2342.83,0.41426,0.77885,0.21109,0.16322,0.00764,0.02974,1,0.99944,0.995,0.995,1,0.99944,0.995,0.97208,0.16732,0.20694,0.10937,0.06442,0.00597,0,0.0280398,0.0093466,0.0280398,0.0093466,0.0280398,0.0093466,0.0280398,0.0093466
68,2376.81,0.38878,0.75171,0.20004,0.167,0.0074,0.0301,1,0.99565,0.995,0.995,1,0.99565,0.995,0.94891,0.19012,0.26156,0.1051,0.07723,0.00597,0,0.0280101,0.0093367,0.0280101,0.0093367,0.0280101,0.0093367,0.0280101,0.0093367
69,2410.21,0.38509,0.81491,0.20147,0.16325,0.00706,0.05897,1,0.9998,0.995,0.99495,1,0.9998,0.995,0.9609,0.14061,0.2371,0.10094,0.05512,0.00458,0,0.0279804,0.0093268,0.0279804,0.0093268,0.0279804,0.0093268,0.0279804,0.0093268
70,2443.93,0.35192,0.75135,0.19334,0.14791,0.00658,0.02881,0.99929,0.995,0.995,0.99294,0.99929,0.995,0.995,0.97162,0.25753,0.22527,0.09539,0.08769,0.00687,0,0.0279507,0.0093169,0.0279507,0.0093169,0.0279507,0.0093169,0.0279507,0.0093169
71,2476.9,0.41442,0.80081,0.19515,0.16342,0.00734,0.02048,1,0.99971,0.995,0.97871,1,0.99971,0.995,0.94778,0.2965,0.28062,0.09106,0.09154,0.00835,0,0.027921,0.009307,0.027921,0.009307,0.027921,0.009307,0.027921,0.009307
72,2510.57,0.35165,0.9009,0.18665,0.15646,0.00658,0.69015,0.9944,1,0.995,0.995,0.9944,1,0.995,0.94292,0.18361,0.29767,0.09104,0.06696,0.00537,0,0.0278913,0.0092971,0.0278913,0.0092971,0.0278913,0.0092971,0.0278913,0.0092971
73,2545.2,0.30359,0.84506,0.19736,0.1461,0.00578,0.17327,0.99949,1,0.995,0.995,0.99949,1,0.995,0.96316,0.13766,0.22911,0.10486,0.05319,0.00463,0,0.0278616,0.0092872,0.0278616,0.0092872,0.0278616,0.0092872,0.0278616,0.0092872
74,2579.09,0.39965,0.66204,0.19426,0.155,0.00735,0.02435,0.99489,1,0.995,0.99353,0.99489,1,0.995,0.95362,0.23249,0.26498,0.10729,0.08124,0.00587,0,0.0278319,0.0092773,0.0278319,0.0092773,0.0278319,0.0092773,0.0278319,0.0092773
75,2613.06,0.34088,0.72621,0.18827,0.1415,0.00635,0.11297,0.99961,1,0.995,0.90024,0.99961,1,0.995,0.97225,0.39205,0.20646,0.10226,0.11697,0.01394,0,0.0278022,0.0092674,0.0278022,0.0092674,0.0278022,0.0092674,0.0278022,0.0092674
76,2646.51,0.37763,0.76509,0.18685,0.15736,0.00702,0.02597,0.99998,0.995,0.995,0.9537,0.99998,0.995,0.995,0.96045,0.34112,0.23496,0.09488,0.11663,0.00908,0,0.0277725,0.0092575,0.0277725,0.0092575,0.0277725,0.0092575,0.0277725,0.0092575
77,2680.08,0.362,0.7153,0.18658,0.16461,0.00668,0.05839,0.98037,0.99865,0.99475,0.99319,0.98037,0.99865,0.99475,0.9305,0.15665,0.31192,0.09213,0.07679,0.00541,0,0.0277428,0.0092476,0.0277428,0.0092476,0.0277428,0.0092476,0.0277428,0.0092476
78,2712.97,0.36409,0.81687,0.18735,0.16691,0.00692,0.05964,0.99433,1,0.995,0.9802,0.99433,1,0.995,0.94079,0.29088,0.27825,0.08329,0.10362,0.01097,0,0.0277131,0.0092377,0.0277131,0.0092377,0.0277131,0.0092377,0.0277131,0.0092377
79,2746.46,0.38396,0.75051,0.17532,0.16044,0.00714,0.05009,1,0.98245,0.9949,0.9949,1,0.98245,0.9949,0.95386,0.17758,0.26549,0.08187,0.15397,0.00502,0,0.0276834,0.0092278,0.0276834,0.0092278,0.0276834,0.0092278,0.0276834,0.0092278
80,2780.67,0.31864,0.79114,0.17398,0.13856,0.00617,0.04976,0.99448,0.97,0.99431,0.99431,0.99448,0.97,0.99431,0.94054,0.21334,0.27882,0.0783,0.12986,0.00552,0,0.0276537,0.0092179,0.0276537,0.0092179,0.0276537,0.0092179,0.0276537,0.0092179
81,2814.8,0.34772,0.71912,0.1668,0.15196,0.00625,0.01048,1,0.99441,0.995,0.98611,1,0.99441,0.995,0.92291,0.28309,0.30839,0.0752,0.11147,0.00932,0,0.027624,0.009208,0.027624,0.009208,0.027624,0.009208,0.027624,0.009208
82,2848.8,0.33996,0.71407,0.1611,0.14343,0.0065,0.07148,1,0.99946,0.995,0.99296,1,0.99946,0.995,0.94954,0.17288,0.24723,0.07385,0.08694,0.00642,0,0.0275943,0.0091981,0.0275943,0.0091981,0.0275943,0.0091981,0.0275943,0.0091981
83,2882.18,0.31546,0.78033,0.16868,0.1371,0.00586,0.30761,1,0.99934,0.995,0.99388,1,0.99934,0.995,0.96311,0.24501,0.2396,0.08496,0.07856,0.00711,0,0.0275646,0.0091882,0.0275646,0.0091882,0.0275646,0.0091882,0.0275646,0.0091882
84,2916.1,0.31353,0.78214,0.17437,0.13911,0.00601,0.07363,0.99968,1,0.995,0.99277,0.99968,1,0.995,0.91721,0.17362,0.33826,0.09124,0.05809,0.00617,0,0.0275349,0.0091783,0.0275349,0.0091783,0.0275349,0.0091783,0.0275349,0.0091783
85,2949.41,0.3654,0.72504,0.16094,0.14253,0.00675,0.07561,0.9996,1,0.995,0.995,0.9996,1,0.995,0.94399,0.22956,0.26446,0.08249,0.0738,0.0067,0,0.0275052,0.0091684,0.0275052,0.0091684,0.0275052,0.0091684,0.0275052,0.0091684
86,2982.75,0.36722,0.77112,0.17455,0.14358,0.00679,0.09935,1,0.9997,0.995,0.99228,1,0.9997,0.995,0.95106,0.24454,0.24801,0.08025,0.07863,0.00605,0,0.0274755,0.0091585,0.0274755,0.0091585,0.0274755,0.0091585,0.0274755,0.0091585
87,3016.92,0.37686,0.70793,0.16241,0.15057,0.0064,0.06917,0.99974,1,0.995,0.995,0.99974,1,0.995,0.96373,0.08955,0.24275,0.07433,0.03891,0.00264,0,0.0274458,0.0091486,0.0274458,0.0091486,0.0274458,0.0091486,0.0274458,0.0091486
88,3050.49,0.37018,0.74724,0.16204,0.14479,0.00666,0.01403,0.99981,1,0.995,0.89715,0.99981,1,0.995,0.9701,0.41232,0.20169,0.07224,0.11455,0.00954,0,0.0274161,0.0091387,0.0274161,0.0091387,0.0274161,0.0091387,0.0274161,0.0091387
89,3084.24,0.35942,0.73338,0.16168,0.1476,0.00654,0.01952,1,0.99977,0.995,0.995,1,0.99977,0.995,0.95128,0.15491,0.2448,0.07264,0.06431,0.00552,0,0.0273864,0.0091288,0.0273864,0.0091288,0.0273864,0.0091288,0.0273864,0.0091288
90,3117.53,0.38049,0.74696,0.15637,0.14419,0.00683,0.01787,0.99972,1,0.995,0.9863,0.99972,1,0.995,0.92363,0.2856,0.31604,0.07257,0.08665,0.00949,0,0.0273567,0.0091189,0.0273567,0.0091189,0.0273567,0.0091189,0.0273567,0.0091189
91,3151.15,0.38899,0.70536,0.15152,0.15366,0.00714,0.00722,0.9996,1,0.995,0.995,0.9996,1,0.995,0.94595,0.12344,0.28321,0.0735,0.05406,0.00381,0,0.027327,0.009109,0.027327,0.009109,0.027327,0.009109,0.027327,0.009109
92,3184.48,0.31043,0.75922,0.1477,0.13033,0.00597,0.03353,0.99973,1,0.995,0.995,0.99973,1,0.995,0.96248,0.08974,0.21822,0.06468,0.03886,0.00267,0,0.0272973,0.0090991,0.0272973,0.0090991,0.0272973,0.0090991,0.0272973,0.0090991
93,3217.65,0.3363,0.7308,0.14502,0.1342,0.00637,0.06297,0.99976,1,0.995,0.99395,0.99976,1,0.995,0.9756,0.22819,0.18298,0.05907,0.07724,0.00746,0,0.0272676,0.0090892,0.0272676,0.0090892,0.0272676,0.0090892,0.0272676,0.0090892
94,3251.7,0.33311,0.76594,0.14426,0.13117,0.00631,0.09158,0.99971,1,0.995,0.99398,0.99971,1,0.995,0.95986,0.13759,0.22329,0.06209,0.05413,0.00443,0,0.0272379,0.0090793,0.0272379,0.0090793,0.0272379,0.0090793,0.0272379,0.0090793
95,3285.84,0.36885,0.66484,0.14164,0.14697,0.00684,0.02987,0.99893,1,0.995,0.99499,0.99893,1,0.995,0.93098,0.27726,0.32175,0.05349,0.08733,0.00616,0,0.0272082,0.0090694,0.0272082,0.0090694,0.0272082,0.0090694,0.0272082,0.0090694
96,3319.64,0.33102,0.79163,0.14234,0.13427,0.00606,0.3215,0.99953,1,0.995,0.995,0.99953,1,0.995,0.91331,0.09535,0.35794,0.06462,0.04553,0.00306,0,0.0271785,0.0090595,0.0271785,0.0090595,0.0271785,0.0090595,0.0271785,0.0090595
97,3353.11,0.3647,0.69533,0.14501,0.15146,0.00648,0.04734,0.9997,1,0.995,0.99465,0.9997,1,0.995,0.91951,0.16786,0.36404,0.06798,0.06192,0.00564,0,0.0271488,0.0090496,0.0271488,0.0090496,0.0271488,0.0090496,0.0271488,0.0090496
98,3386.56,0.35537,0.66487,0.14543,0.1374,0.00654,0.00629,0.99974,1,0.995,0.995,0.99974,1,0.995,0.94383,0.13051,0.25828,0.06812,0.04901,0.00381,0,0.0271191,0.0090397,0.0271191,0.0090397,0.0271191,0.0090397,0.0271191,0.0090397
99,3420.12,0.35896,0.64562,0.15182,0.1331,0.00618,0.04712,0.99974,1,0.995,0.995,0.99974,1,0.995,0.97658,0.17374,0.19463,0.06406,0.05746,0.0045,0,0.0270894,0.0090298,0.0270894,0.0090298,0.0270894,0.0090298,0.0270894,0.0090298
100,3453.14,0.34017,0.68232,0.14709,0.13603,0.00619,0.00017,0.99974,1,0.995,0.995,0.99974,1,0.995,0.98193,0.16147,0.17528,0.06104,0.05426,0.00527,0,0.0270597,0.0090199,0.0270597,0.0090199,0.0270597,0.0090199,0.0270597,0.0090199
101,3487.07,0.31666,0.63942,0.14882,0.13111,0.00595,0.01383,1,0.99983,0.995,0.995,1,0.99983,0.995,0.97843,0.15791,0.19116,0.05786,0.05697,0.00457,0,0.02703,0.00901,0.02703,0.00901,0.02703,0.00901,0.02703,0.00901
102,3521.47,0.30204,0.77762,0.13686,0.13413,0.00565,0.25907,1,0.99972,0.995,0.995,1,0.99972,0.995,0.97243,0.21933,0.21143,0.05806,0.07214,0.0056,0,0.0270003,0.0090001,0.0270003,0.0090001,0.0270003,0.0090001,0.0270003,0.0090001
103,3556.88,0.32414,0.69878,0.1468,0.13991,0.00587,0.05892,0.99961,1,0.995,0.995,0.99961,1,0.995,0.97493,0.12504,0.18557,0.06237,0.0521,0.00329,0,0.0269706,0.0089902,0.0269706,0.0089902,0.0269706,0.0089902,0.0269706,0.0089902
104,3590.59,0.32559,0.66799,0.14435,0.12849,0.00578,0.04618,0.99961,1,0.995,0.995,0.99961,1,0.995,0.98063,0.19116,0.18026,0.05642,0.06721,0.00482,0,0.0269409,0.0089803,0.0269409,0.0089803,0.0269409,0.0089803,0.0269409,0.0089803
105,3623.91,0.34012,0.687,0.13987,0.13826,0.00623,0.03981,1,0.9998,0.995,0.995,1,0.9998,0.995,0.95167,0.15079,0.28652,0.05203,0.0581,0.00524,0,0.0269112,0.0089704,0.0269112,0.0089704,0.0269112,0.0089704,0.0269112,0.0089704
106,3657.34,0.30029,0.76625,0.13878,0.13131,0.00572,0.14873,1,0.9996,0.995,0.99239,1,0.9996,0.995,0.93471,0.26778,0.28558,0.05167,0.08665,0.00914,0,0.0268815,0.0089605,0.0268815,0.0089605,0.0268815,0.0089605,0.0268815,0.0089605
107,3690.56,0.3229,0.67612,0.14421,0.1384,0.00602,0.04277,1,0.99862,0.995,0.995,1,0.99862,0.995,0.97779,0.2189,0.17703,0.05195,0.08493,0.00606,0,0.0268518,0.0089506,0.0268518,0.0089506,0.0268518,0.0089506,0.0268518,0.0089506
108,3724.32,0.32457,0.64139,0.1364,0.15364,0.0059,0.02671,0.97056,0.9889,0.99386,0.99386,0.97056,0.9889,0.99386,0.96645,0.15971,0.23336,0.0622,0.16811,0.00558,0,0.0268221,0.0089407,0.0268221,0.0089407,0.0268221,0.0089407,0.0268221,0.0089407
109,3758.32,0.35036,0.6825,0.13906,0.15656,0.00626,0.03204,0.99239,0.995,0.99475,0.99463,0.99239,0.995,0.99475,0.96867,0.12749,0.22282,0.05276,0.0892,0.00399,0,0.0267924,0.0089308,0.0267924,0.0089308,0.0267924,0.0089308,0.0267924,0.0089308
110,3792.11,0.34364,0.70384,0.13471,0.15985,0.00632,0.05587,0.99949,1,0.995,0.995,0.99949,1,0.995,0.95924,0.12341,0.23409,0.04497,0.05115,0.0039,0,0.0267627,0.0089209,0.0267627,0.0089209,0.0267627,0.0089209,0.0267627,0.0089209
111,3825.81,0.34867,0.59632,0.13253,0.14278,0.00633,0.01854,0.99976,1,0.995,0.995,0.99976,1,0.995,0.95809,0.1529,0.20872,0.04807,0.05674,0.00452,0,0.026733,0.008911,0.026733,0.008911,0.026733,0.008911,0.026733,0.008911
112,3859.25,0.34669,0.575,0.13157,0.14197,0.00635,0.00441,0.99903,1,0.995,0.995,0.99903,1,0.995,0.97338,0.10062,0.182,0.04529,0.05655,0.00282,0,0.0267033,0.0089011,0.0267033,0.0089011,0.0267033,0.0089011,0.0267033,0.0089011
113,3892.82,0.27932,0.61481,0.1369,0.13522,0.00521,0.02124,0.99479,1,0.995,0.995,0.99479,1,0.995,0.96677,0.18027,0.21148,0.04952,0.0767,0.00544,0,0.0266736,0.0088912,0.0266736,0.0088912,0.0266736,0.0088912,0.0266736,0.0088912
114,3925.99,0.33535,0.59787,0.13016,0.13239,0.00579,0.02907,0.99988,1,0.995,0.995,0.99988,1,0.995,0.95858,0.11829,0.24804,0.04287,0.05051,0.00399,0,0.0266439,0.0088813,0.0266439,0.0088813,0.0266439,0.0088813,0.0266439,0.0088813
115,3959.69,0.33774,0.55744,0.13345,0.13281,0.00594,0,0.9852,0.99867,0.9948,0.99469,0.9852,0.99867,0.9948,0.98561,0.19761,0.16001,0.04158,0.09891,0.00526,0,0.0266142,0.0088714,0.0266142,0.0088714,0.0266142,0.0088714,0.0266142,0.0088714
116,3994.1,0.33727,0.56275,0.12226,0.14501,0.0062,0.0075,0.99853,0.995,0.995,0.995,0.99853,0.995,0.995,0.97872,0.12977,0.1835,0.03821,0.06418,0.00414,0,0.0265845,0.0088615,0.0265845,0.0088615,0.0265845,0.0088615,0.0265845,0.0088615
117,4028.31,0.32477,0.61715,0.12956,0.13427,0.00571,0,1,0.99873,0.995,0.995,1,0.99873,0.995,0.9623,0.16437,0.19723,0.03601,0.07775,0.00449,0,0.0265548,0.0088516,0.0265548,0.0088516,0.0265548,0.0088516,0.0265548,0.0088516
118,4062.74,0.35639,0.57598,0.12253,0.14759,0.00633,0.00844,0.99499,0.99259,0.99495,0.99495,0.99499,0.99259,0.99495,0.97464,0.22567,0.18072,0.03328,0.09037,0.00796,0,0.0265251,0.0088417,0.0265251,0.0088417,0.0265251,0.0088417,0.0265251,0.0088417
119,4096.02,0.35887,0.60914,0.11581,0.13692,0.00642,0,0.99968,1,0.995,0.995,0.99968,1,0.995,0.96417,0.11893,0.21218,0.03459,0.05048,0.00319,0,0.0264954,0.0088318,0.0264954,0.0088318,0.0264954,0.0088318,0.0264954,0.0088318
120,4129.66,0.33271,0.58243,0.12044,0.14002,0.00592,0.06464,0.99829,1,0.995,0.995,0.99829,1,0.995,0.96623,0.11175,0.20578,0.03111,0.05514,0.00309,0,0.0264657,0.0088219,0.0264657,0.0088219,0.0264657,0.0088219,0.0264657,0.0088219
121,4162.55,0.304,0.625,0.11313,0.12091,0.00541,0.11654,0.9997,1,0.995,0.995,0.9997,1,0.995,0.96579,0.20189,0.21073,0.03419,0.07267,0.00486,0,0.026436,0.008812,0.026436,0.008812,0.026436,0.008812,0.026436,0.008812
122,4196.55,0.32166,0.60069,0.12259,0.13792,0.00586,0.04312,0.99929,1,0.995,0.995,0.99929,1,0.995,0.9802,0.18379,0.19766,0.037,0.07791,0.00566,0,0.0264063,0.0088021,0.0264063,0.0088021,0.0264063,0.0088021,0.0264063,0.0088021
123,4230.65,0.31952,0.56106,0.12413,0.13343,0.00574,0.01101,1,0.99291,0.995,0.995,1,0.99291,0.995,0.96633,0.14095,0.23248,0.03602,0.07947,0.00472,0,0.0263766,0.0087922,0.0263766,0.0087922,0.0263766,0.0087922,0.0263766,0.0087922
124,4264.93,0.31929,0.64879,0.12437,0.13106,0.00563,0.03162,0.98991,1,0.99495,0.99495,0.98991,1,0.99495,0.96997,0.14023,0.20322,0.03337,0.0817,0.0042,0,0.0263469,0.0087823,0.0263469,0.0087823,0.0263469,0.0087823,0.0263469,0.0087823
125,4298.76,0.29048,0.57015,0.12807,0.12637,0.00511,0,0.98807,0.99,0.9946,0.99152,0.98807,0.99,0.9946,0.97358,0.22524,0.1959,0.0429,0.11954,0.0064,0,0.0263172,0.0087724,0.0263172,0.0087724,0.0263172,0.0087724,0.0263172,0.0087724
126,4332.04,0.26297,0.6318,0.12077,0.11901,0.00476,0.03818,0.9686,0.96,0.99147,0.99147,0.9686,0.96,0.99147,0.96713,0.12297,0.21133,0.04246,0.13019,0.00419,0,0.0262875,0.0087625,0.0262875,0.0087625,0.0262875,0.0087625,0.0262875,0.0087625
127,4366.18,0.27408,0.5917,0.12022,0.12657,0.00503,0.01365,0.95136,0.98,0.99242,0.99242,0.95136,0.98,0.99242,0.98196,0.15892,0.18552,0.04924,0.13992,0.00554,0,0.0262578,0.0087526,0.0262578,0.0087526,0.0262578,0.0087526,0.0262578,0.0087526
128,4399.12,0.28436,0.6345,0.12048,0.12411,0.00529,0.02305,0.98482,0.97333,0.99421,0.99421,0.98482,0.97333,0.99421,0.98401,0.15141,0.16778,0.04247,0.13041,0.00476,0,0.0262281,0.0087427,0.0262281,0.0087427,0.0262281,0.0087427,0.0262281,0.0087427
129,4432.9,0.34087,0.52305,0.11608,0.13776,0.00586,0,0.99462,1,0.9949,0.9949,0.99462,1,0.9949,0.98402,0.08739,0.15337,0.03105,0.05272,0.00281,0,0.0261984,0.0087328,0.0261984,0.0087328,0.0261984,0.0087328,0.0261984,0.0087328
130,4467.02,0.30827,0.55804,0.10775,0.13076,0.00557,0.00177,0.99927,1,0.995,0.995,0.99927,1,0.995,0.98232,0.1763,0.15882,0.02653,0.06946,0.00508,0,0.0261687,0.0087229,0.0261687,0.0087229,0.0261687,0.0087229,0.0261687,0.0087229
131,4501.08,0.30474,0.59386,0.11101,0.14031,0.00562,0.01023,0.99974,1,0.995,0.995,0.99974,1,0.995,0.96426,0.13322,0.20802,0.02578,0.06444,0.00389,0,0.026139,0.008713,0.026139,0.008713,0.026139,0.008713,0.026139,0.008713
132,4534.78,0.34244,0.56337,0.10935,0.14501,0.00592,0,1,0.99863,0.995,0.99282,1,0.99863,0.995,0.97528,0.20512,0.17847,0.02294,0.0811,0.00654,0,0.0261093,0.0087031,0.0261093,0.0087031,0.0261093,0.0087031,0.0261093,0.0087031
133,4568.36,0.33883,0.53276,0.11117,0.14295,0.00613,0.00111,0.99467,1,0.9949,0.99005,0.99467,1,0.9949,0.98079,0.22738,0.17258,0.02249,0.08444,0.00693,0,0.0260796,0.0086932,0.0260796,0.0086932,0.0260796,0.0086932,0.0260796,0.0086932
134,4602.4,0.35721,0.56075,0.1059,0.14605,0.00646,0,0.99759,0.995,0.995,0.995,0.99759,0.995,0.995,0.97974,0.14514,0.17255,0.02256,0.06612,0.00439,0,0.0260499,0.0086833,0.0260499,0.0086833,0.0260499,0.0086833,0.0260499,0.0086833
135,4635.29,0.31516,0.54523,0.10071,0.1338,0.00578,0,1,0.99892,0.995,0.99499,1,0.99892,0.995,0.97381,0.139,0.18636,0.02209,0.05347,0.00376,0,0.0260202,0.0086734,0.0260202,0.0086734,0.0260202,0.0086734,0.0260202,0.0086734
136,4668.8,0.33497,0.50825,0.10014,0.13424,0.00604,0.00212,1,0.99928,0.995,0.995,1,0.99928,0.995,0.97476,0.16821,0.1769,0.02141,0.06313,0.00458,0,0.0259905,0.0086635,0.0259905,0.0086635,0.0259905,0.0086635,0.0259905,0.0086635
137,4703.14,0.31893,0.5371,0.10211,0.12059,0.00579,0,0.99973,1,0.995,0.995,0.99973,1,0.995,0.96826,0.13641,0.19321,0.01972,0.05099,0.00388,0,0.0259608,0.0086536,0.0259608,0.0086536,0.0259608,0.0086536,0.0259608,0.0086536
138,4737.13,0.301,0.58916,0.09705,0.12045,0.00564,0,0.9999,1,0.995,0.995,0.9999,1,0.995,0.98261,0.10243,0.15214,0.01951,0.0454,0.00367,0,0.0259311,0.0086437,0.0259311,0.0086437,0.0259311,0.0086437,0.0259311,0.0086437
139,4771.07,0.30361,0.51904,0.10209,0.12661,0.00547,0.00337,0.9977,1,0.995,0.995,0.9977,1,0.995,0.9866,0.16656,0.15473,0.01883,0.06725,0.00478,0,0.0259014,0.0086338,0.0259014,0.0086338,0.0259014,0.0086338,0.0259014,0.0086338
140,4804.98,0.31147,0.58218,0.10335,0.12217,0.00545,0.00701,0.99864,1,0.995,0.995,0.99864,1,0.995,0.98606,0.15973,0.13972,0.01867,0.06162,0.00398,0,0.0258717,0.0086239,0.0258717,0.0086239,0.0258717,0.0086239,0.0258717,0.0086239
141,4838.45,0.24861,0.55387,0.09823,0.10964,0.0045,0.01441,0.99917,1,0.995,0.995,0.99917,1,0.995,0.97977,0.08643,0.17169,0.02188,0.04049,0.00234,0,0.025842,0.008614,0.025842,0.008614,0.025842,0.008614,0.025842,0.008614
142,4871.26,0.2683,0.522,0.10571,0.11844,0.00489,0.02196,0.99001,1,0.9949,0.9949,0.99001,1,0.9949,0.97967,0.12529,0.16073,0.02274,0.0622,0.00354,0,0.0258123,0.0086041,0.0258123,0.0086041,0.0258123,0.0086041,0.0258123,0.0086041
143,4904.71,0.30421,0.56852,0.11098,0.12731,0.00542,0.03808,0.9997,1,0.995,0.995,0.9997,1,0.995,0.98004,0.11159,0.16837,0.02199,0.0458,0.00349,0,0.0257826,0.0085942,0.0257826,0.0085942,0.0257826,0.0085942,0.0257826,0.0085942
144,4939.36,0.26877,0.59032,0.09973,0.11398,0.00477,0.03246,1,0.99945,0.995,0.995,1,0.99945,0.995,0.95502,0.12451,0.24035,0.02209,0.05303,0.00404,0,0.0257529,0.0085843,0.0257529,0.0085843,0.0257529,0.0085843,0.0257529,0.0085843
145,4973.32,0.30025,0.56182,0.10195,0.11821,0.00537,0.00946,1,0.99964,0.995,0.995,1,0.99964,0.995,0.97607,0.10781,0.17663,0.02225,0.04538,0.00357,0,0.0257232,0.0085744,0.0257232,0.0085744,0.0257232,0.0085744,0.0257232,0.0085744
146,5007.23,0.31149,0.5385,0.09988,0.12948,0.00539,0.01387,0.99865,1,0.995,0.995,0.99865,1,0.995,0.9705,0.1828,0.19169,0.02197,0.07694,0.00502,0,0.0256935,0.0085645,0.0256935,0.0085645,0.0256935,0.0085645,0.0256935,0.0085645
147,5040.51,0.28344,0.54801,0.09979,0.1166,0.00504,0,0.98907,1,0.9949,0.9949,0.98907,1,0.9949,0.98515,0.16516,0.15354,0.02192,0.08772,0.00455,0,0.0256638,0.0085546,0.0256638,0.0085546,0.0256638,0.0085546,0.0256638,0.0085546
148,5074.11,0.27035,0.65641,0.10277,0.12389,0.0049,0.37909,0.99273,0.995,0.995,0.995,0.99273,0.995,0.995,0.97792,0.13756,0.19462,0.02424,0.07066,0.00459,0,0.0256341,0.0085447,0.0256341,0.0085447,0.0256341,0.0085447,0.0256341,0.0085447
149,5107.88,0.29696,0.53106,0.10382,0.12989,0.00544,0.00162,0.99965,1,0.995,0.995,0.99965,1,0.995,0.96513,0.09267,0.19961,0.02873,0.03827,0.0025,0,0.0256044,0.0085348,0.0256044,0.0085348,0.0256044,0.0085348,0.0256044,0.0085348
150,5141.26,0.29102,0.56382,0.11043,0.12746,0.00527,0.03757,0.99966,1,0.995,0.995,0.99966,1,0.995,0.9789,0.17327,0.18616,0.03141,0.05925,0.00482,0,0.0255747,0.0085249,0.0255747,0.0085249,0.0255747,0.0085249,0.0255747,0.0085249
151,5174.84,0.31134,0.48495,0.11,0.11873,0.0055,0.00286,0.99795,1,0.995,0.995,0.99795,1,0.995,0.96807,0.1676,0.19099,0.03117,0.06391,0.00475,0,0.025545,0.008515,0.025545,0.008515,0.025545,0.008515,0.025545,0.008515
152,5208.7,0.30076,0.47286,0.09946,0.12175,0.00524,0.0031,0.99009,0.99899,0.9949,0.9949,0.99009,0.99899,0.9949,0.95805,0.13786,0.2208,0.03006,0.06716,0.00344,0,0.0255153,0.0085051,0.0255153,0.0085051,0.0255153,0.0085051,0.0255153,0.0085051
153,5242.85,0.3034,0.46788,0.10225,0.1262,0.0055,0,0.99502,0.99836,0.99495,0.99495,0.99502,0.99836,0.99495,0.98037,0.15753,0.15884,0.02853,0.08258,0.00464,0,0.0254856,0.0084952,0.0254856,0.0084952,0.0254856,0.0084952,0.0254856,0.0084952
154,5276.74,0.30642,0.47438,0.1012,0.12575,0.00544,0,0.98874,1,0.995,0.995,0.98874,1,0.995,0.97795,0.10316,0.15472,0.02949,0.08593,0.00277,0,0.0254559,0.0084853,0.0254559,0.0084853,0.0254559,0.0084853,0.0254559,0.0084853
155,5310.37,0.29901,0.45471,0.09974,0.12223,0.00538,0,1,0.99948,0.995,0.995,1,0.99948,0.995,0.97985,0.11065,0.15384,0.02306,0.05634,0.00386,0,0.0254262,0.0084754,0.0254262,0.0084754,0.0254262,0.0084754,0.0254262,0.0084754
156,5343.78,0.31282,0.47809,0.09912,0.1228,0.00575,0,0.99293,1,0.995,0.995,0.99293,1,0.995,0.98422,0.16937,0.13679,0.01958,0.10107,0.00496,0,0.0253965,0.0084655,0.0253965,0.0084655,0.0253965,0.0084655,0.0253965,0.0084655
157,5377.32,0.29665,0.48637,0.09483,0.12604,0.00537,0,0.99908,1,0.995,0.995,0.99908,1,0.995,0.98003,0.12221,0.15242,0.01851,0.05169,0.00431,0,0.0253668,0.0084556,0.0253668,0.0084556,0.0253668,0.0084556,0.0253668,0.0084556
158,5410.86,0.28496,0.49131,0.09521,0.10866,0.0051,0,0.99774,1,0.995,0.995,0.99774,1,0.995,0.98133,0.18634,0.15534,0.01735,0.06988,0.00501,0,0.0253371,0.0084457,0.0253371,0.0084457,0.0253371,0.0084457,0.0253371,0.0084457
159,5444.99,0.2886,0.51728,0.10089,0.12863,0.00506,0.11288,0.99004,1,0.99495,0.99495,0.99004,1,0.99495,0.9766,0.174,0.17175,0.01783,0.07957,0.00577,0,0.0253074,0.0084358,0.0253074,0.0084358,0.0253074,0.0084358,0.0253074,0.0084358
160,5478.63,0.28387,0.50507,0.10081,0.11705,0.00519,0.00352,0.99453,1,0.99495,0.99495,0.99453,1,0.99495,0.98156,0.13088,0.14248,0.01857,0.07095,0.00411,0,0.0252777,0.0084259,0.0252777,0.0084259,0.0252777,0.0084259,0.0252777,0.0084259
161,5512.42,0.29982,0.46804,0.09308,0.12297,0.00537,0,0.98037,0.9986,0.99446,0.99446,0.98037,0.9986,0.99446,0.98379,0.15199,0.14502,0.01875,0.08544,0.00437,0,0.025248,0.008416,0.025248,0.008416,0.025248,0.008416,0.025248,0.008416
162,5545.63,0.3048,0.49007,0.0981,0.12592,0.00528,0.00905,1,0.99917,0.995,0.995,1,0.99917,0.995,0.98623,0.25567,0.14558,0.0183,0.09261,0.00653,0,0.0252183,0.0084061,0.0252183,0.0084061,0.0252183,0.0084061,0.0252183,0.0084061
163,5580.41,0.26523,0.49451,0.09749,0.11743,0.00468,0.00088,0.99956,1,0.995,0.995,0.99956,1,0.995,0.98958,0.16965,0.1323,0.01763,0.06226,0.0051,0,0.0251886,0.0083962,0.0251886,0.0083962,0.0251886,0.0083962,0.0251886,0.0083962
164,5613.59,0.28481,0.44812,0.0951,0.11853,0.00496,0,1,0.99495,0.995,0.995,1,0.99495,0.995,0.98607,0.13662,0.14677,0.0171,0.06804,0.00449,0,0.0251589,0.0083863,0.0251589,0.0083863,0.0251589,0.0083863,0.0251589,0.0083863
165,5647.65,0.28975,0.43692,0.09677,0.11703,0.00517,0,0.99755,1,0.995,0.995,0.99755,1,0.995,0.98129,0.14458,0.16009,0.017,0.07237,0.00474,0,0.0251292,0.0083764,0.0251292,0.0083764,0.0251292,0.0083764,0.0251292,0.0083764
166,5681.91,0.25336,0.45333,0.09549,0.1034,0.00476,0,0.99502,0.99884,0.995,0.995,0.99502,0.99884,0.995,0.9749,0.13355,0.17682,0.01565,0.05938,0.00414,0,0.0250995,0.0083665,0.0250995,0.0083665,0.0250995,0.0083665,0.0250995,0.0083665
167,5716.2,0.28395,0.4631,0.095,0.11428,0.0048,0,0.99953,1,0.995,0.995,0.99953,1,0.995,0.98965,0.13886,0.12168,0.01461,0.05047,0.00389,0,0.0250698,0.0083566,0.0250698,0.0083566,0.0250698,0.0083566,0.0250698,0.0083566
168,5749.81,0.28271,0.47645,0.0926,0.11602,0.00492,0.00102,0.9997,1,0.995,0.99499,0.9997,1,0.995,0.98576,0.17235,0.1521,0.01274,0.06055,0.00437,0,0.0250401,0.0083467,0.0250401,0.0083467,0.0250401,0.0083467,0.0250401,0.0083467
169,5782.63,0.29962,0.4074,0.08755,0.11137,0.00528,0,0.99975,1,0.995,0.995,0.99975,1,0.995,0.982,0.13528,0.14254,0.01239,0.05364,0.00331,0,0.0250104,0.0083368,0.0250104,0.0083368,0.0250104,0.0083368,0.0250104,0.0083368
170,5816.24,0.28231,0.41165,0.08345,0.1115,0.00512,0,0.99979,1,0.995,0.995,0.99979,1,0.995,0.98739,0.1359,0.12087,0.01219,0.04881,0.00449,0,0.0249807,0.0083269,0.0249807,0.0083269,0.0249807,0.0083269,0.0249807,0.0083269
171,5849.26,0.2949,0.39382,0.08331,0.12322,0.00502,0,1,0.99978,0.995,0.995,1,0.99978,0.995,0.98252,0.12728,0.15678,0.01279,0.04998,0.00394,0,0.024951,0.008317,0.024951,0.008317,0.024951,0.008317,0.024951,0.008317
172,5882.83,0.2695,0.44663,0.08844,0.11146,0.00502,0.01546,1,0.99964,0.995,0.995,1,0.99964,0.995,0.98564,0.13798,0.15012,0.01383,0.05663,0.00363,0,0.0249213,0.0083071,0.0249213,0.0083071,0.0249213,0.0083071,0.0249213,0.0083071
173,5916.58,0.2397,0.52341,0.09318,0.10389,0.00425,0.01156,1,0.99856,0.995,0.995,1,0.99856,0.995,0.99268,0.0817,0.12277,0.01438,0.0515,0.0026,0,0.0248916,0.0082972,0.0248916,0.0082972,0.0248916,0.0082972,0.0248916,0.0082972
174,5950.33,0.27087,0.44116,0.08388,0.10708,0.00486,0.00676,1,0.99956,0.995,0.995,1,0.99956,0.995,0.97618,0.11116,0.15674,0.01404,0.05189,0.00293,0,0.0248619,0.0082873,0.0248619,0.0082873,0.0248619,0.0082873,0.0248619,0.0082873
175,5983.92,0.28867,0.44091,0.0885,0.10772,0.00512,0,0.99916,1,0.995,0.995,0.99916,1,0.995,0.99353,0.14087,0.11846,0.01346,0.05879,0.00397,0,0.0248322,0.0082774,0.0248322,0.0082774,0.0248322,0.0082774,0.0248322,0.0082774
176,6017.4,0.28916,0.43688,0.09066,0.11626,0.00515,0,0.99954,1,0.995,0.995,0.99954,1,0.995,0.98737,0.23454,0.13781,0.01343,0.0738,0.00798,0,0.0248025,0.0082675,0.0248025,0.0082675,0.0248025,0.0082675,0.0248025,0.0082675
177,6050.95,0.28326,0.47405,0.08438,0.11167,0.00503,0,0.99975,1,0.995,0.995,0.99975,1,0.995,0.97832,0.11401,0.1391,0.01264,0.04383,0.00352,0,0.0247728,0.0082576,0.0247728,0.0082576,0.0247728,0.0082576,0.0247728,0.0082576
178,6083.73,0.28013,0.47266,0.08523,0.10926,0.00506,0,0.99961,1,0.995,0.995,0.99961,1,0.995,0.99013,0.08226,0.12531,0.01161,0.0386,0.00251,0,0.0247431,0.0082477,0.0247431,0.0082477,0.0247431,0.0082477,0.0247431,0.0082477
179,6117.05,0.23823,0.54661,0.08682,0.10343,0.00428,0.15271,1,0.99981,0.995,0.995,1,0.99981,0.995,0.98601,0.13736,0.14037,0.01108,0.05073,0.0034,0,0.0247134,0.0082378,0.0247134,0.0082378,0.0247134,0.0082378,0.0247134,0.0082378
180,6150.85,0.27367,0.46347,0.08448,0.1194,0.00483,0,1,0.99992,0.995,0.995,1,0.99992,0.995,0.98377,0.11997,0.14929,0.01317,0.0466,0.0042,0,0.0246837,0.0082279,0.0246837,0.0082279,0.0246837,0.0082279,0.0246837,0.0082279
181,6184.56,0.26232,0.43461,0.08833,0.10326,0.00467,0.00444,0.99905,1,0.995,0.995,0.99905,1,0.995,0.98247,0.06278,0.14092,0.01448,0.0333,0.00187,0,0.024654,0.008218,0.024654,0.008218,0.024654,0.008218,0.024654,0.008218
182,6218.08,0.26263,0.45787,0.08508,0.11366,0.00482,0.00031,1,1,0.995,0.995,1,1,0.995,0.98254,0.09293,0.1514,0.01348,0.03649,0.00265,0,0.0246243,0.0082081,0.0246243,0.0082081,0.0246243,0.0082081,0.0246243,0.0082081
183,6251.6,0.26448,0.44732,0.09102,0.10457,0.00464,0,1,1,0.995,0.995,1,1,0.995,0.98564,0.08311,0.13908,0.01312,0.03389,0.00254,0,0.0245946,0.0081982,0.0245946,0.0081982,0.0245946,0.0081982,0.0245946,0.0081982
184,6285,0.26255,0.47989,0.08489,0.11436,0.00484,0.00302,1,1,0.995,0.995,1,1,0.995,0.99191,0.08381,0.11955,0.01375,0.03685,0.00223,0,0.0245649,0.0081883,0.0245649,0.0081883,0.0245649,0.0081883,0.0245649,0.0081883
185,6318.27,0.28665,0.44056,0.08439,0.11377,0.00517,0,0.99973,1,0.995,0.995,0.99973,1,0.995,0.98569,0.12456,0.126,0.01286,0.0449,0.00366,0,0.0245352,0.0081784,0.0245352,0.0081784,0.0245352,0.0081784,0.0245352,0.0081784
186,6351.55,0.24922,0.41621,0.08771,0.10596,0.00434,0.00083,0.99974,1,0.995,0.995,0.99974,1,0.995,0.97408,0.12955,0.16083,0.01181,0.04707,0.00355,0,0.0245055,0.0081685,0.0245055,0.0081685,0.0245055,0.0081685,0.0245055,0.0081685
187,6386.03,0.26344,0.46163,0.08291,0.10576,0.00456,0,1,1,0.995,0.995,1,1,0.995,0.98691,0.08913,0.12273,0.01135,0.03412,0.00227,0,0.0244758,0.0081586,0.0244758,0.0081586,0.0244758,0.0081586,0.0244758,0.0081586
188,6420.06,0.28097,0.44885,0.08401,0.11688,0.00492,0,1,1,0.995,0.995,1,1,0.995,0.98848,0.08817,0.13412,0.01058,0.03717,0.00259,0,0.0244461,0.0081487,0.0244461,0.0081487,0.0244461,0.0081487,0.0244461,0.0081487
189,6453.98,0.27546,0.51531,0.08336,0.12125,0.00494,0.02709,0.99977,1,0.995,0.995,0.99977,1,0.995,0.98773,0.15098,0.14182,0.01181,0.05111,0.00438,0,0.0244164,0.0081388,0.0244164,0.0081388,0.0244164,0.0081388,0.0244164,0.0081388
190,6487.54,0.24671,0.45864,0.08477,0.11191,0.00446,0.01452,1,1,0.995,0.995,1,1,0.995,0.98757,0.10886,0.11787,0.01258,0.03998,0.00285,0,0.0243867,0.0081289,0.0243867,0.0081289,0.0243867,0.0081289,0.0243867,0.0081289
191,6521.29,0.27329,0.41722,0.08634,0.10819,0.00483,0,1,1,0.995,0.995,1,1,0.995,0.9838,0.10208,0.13814,0.01234,0.03886,0.00323,0,0.024357,0.008119,0.024357,0.008119,0.024357,0.008119,0.024357,0.008119
192,6554.2,0.24378,0.4627,0.08643,0.11214,0.00447,0.00517,1,1,0.995,0.995,1,1,0.995,0.98874,0.09598,0.10714,0.01227,0.0383,0.00288,0,0.0243273,0.0081091,0.0243273,0.0081091,0.0243273,0.0081091,0.0243273,0.0081091
193,6587.7,0.24383,0.42547,0.08005,0.11182,0.00437,0,1,1,0.995,0.995,1,1,0.995,0.98868,0.09429,0.11245,0.01334,0.03772,0.00275,0,0.0242976,0.0080992,0.0242976,0.0080992,0.0242976,0.0080992,0.0242976,0.0080992
194,6622.22,0.25166,0.48589,0.07973,0.10355,0.00454,0.01761,1,1,0.995,0.995,1,1,0.995,0.9909,0.11515,0.114,0.01163,0.04171,0.0034,0,0.0242679,0.0080893,0.0242679,0.0080893,0.0242679,0.0080893,0.0242679,0.0080893
195,6656.33,0.261,0.47569,0.08449,0.10266,0.00473,0,1,1,0.995,0.995,1,1,0.995,0.9917,0.14526,0.10927,0.01215,0.04905,0.00376,0,0.0242382,0.0080794,0.0242382,0.0080794,0.0242382,0.0080794,0.0242382,0.0080794
196,6690.37,0.25809,0.42211,0.08864,0.10763,0.0046,0.00545,0.99974,1,0.995,0.995,0.99974,1,0.995,0.98783,0.11608,0.1235,0.01116,0.04279,0.00309,0,0.0242085,0.0080695,0.0242085,0.0080695,0.0242085,0.0080695,0.0242085,0.0080695
197,6723.99,0.29575,0.41703,0.08342,0.11797,0.00524,0,0.99977,1,0.995,0.995,0.99977,1,0.995,0.98642,0.07254,0.12641,0.0103,0.03481,0.00197,0,0.0241788,0.0080596,0.0241788,0.0080596,0.0241788,0.0080596,0.0241788,0.0080596
198,6757.71,0.25404,0.39242,0.08029,0.10514,0.00442,0,1,0.99487,0.995,0.995,1,0.99487,0.995,0.98817,0.13579,0.11191,0.01064,0.06353,0.00354,0,0.0241491,0.0080497,0.0241491,0.0080497,0.0241491,0.0080497,0.0241491,0.0080497
199,6791.05,0.27522,0.39887,0.08182,0.11013,0.00488,0,1,0.99475,0.995,0.99482,1,0.99475,0.995,0.98505,0.14482,0.1222,0.01021,0.06593,0.00389,0,0.0241194,0.0080398,0.0241194,0.0080398,0.0241194,0.0080398,0.0241194,0.0080398
200,6824.36,0.22637,0.45157,0.08208,0.10048,0.00426,0.01942,0.99916,1,0.995,0.995,0.99916,1,0.995,0.98683,0.12851,0.11529,0.01076,0.05145,0.00307,0,0.0240897,0.0080299,0.0240897,0.0080299,0.0240897,0.0080299,0.0240897,0.0080299
201,6858.41,0.26327,0.40441,0.08472,0.1132,0.00478,0,0.99923,1,0.995,0.995,0.99923,1,0.995,0.99056,0.10113,0.11439,0.01166,0.04852,0.00296,0,0.02406,0.00802,0.02406,0.00802,0.02406,0.00802,0.02406,0.00802
202,6892.49,0.25917,0.41966,0.08189,0.10544,0.00449,0.00035,1,0.9999,0.995,0.995,1,0.9999,0.995,0.98996,0.09415,0.11966,0.01108,0.03838,0.00309,0,0.0240303,0.0080101,0.0240303,0.0080101,0.0240303,0.0080101,0.0240303,0.0080101
203,6926.47,0.25114,0.40955,0.08259,0.11235,0.00451,0,0.99973,1,0.995,0.995,0.99973,1,0.995,0.98753,0.09374,0.12171,0.00998,0.04275,0.00271,0,0.0240006,0.0080002,0.0240006,0.0080002,0.0240006,0.0080002,0.0240006,0.0080002
204,6960.18,0.26622,0.39848,0.07848,0.1122,0.00469,0,0.9998,1,0.995,0.995,0.9998,1,0.995,0.98637,0.08426,0.1543,0.01066,0.03857,0.00269,0,0.0239709,0.0079903,0.0239709,0.0079903,0.0239709,0.0079903,0.0239709,0.0079903
205,6994.1,0.26832,0.38674,0.08554,0.12042,0.00492,0,0.99977,1,0.995,0.995,0.99977,1,0.995,0.98947,0.09509,0.12702,0.0094,0.03834,0.00315,0,0.0239412,0.0079804,0.0239412,0.0079804,0.0239412,0.0079804,0.0239412,0.0079804
206,7027.05,0.2857,0.42979,0.08124,0.11829,0.0051,0,1,1,0.995,0.995,1,1,0.995,0.98671,0.10571,0.11631,0.00867,0.04199,0.00338,0,0.0239115,0.0079705,0.0239115,0.0079705,0.0239115,0.0079705,0.0239115,0.0079705
207,7060.48,0.22843,0.45072,0.07565,0.10404,0.00422,0.09052,0.99974,1,0.995,0.995,0.99974,1,0.995,0.98885,0.11775,0.13116,0.00967,0.04185,0.00345,0,0.0238818,0.0079606,0.0238818,0.0079606,0.0238818,0.0079606,0.0238818,0.0079606
208,7094.51,0.24627,0.40498,0.07551,0.10698,0.00426,0,0.99974,1,0.995,0.995,0.99974,1,0.995,0.99171,0.10223,0.11158,0.01101,0.03752,0.00278,0,0.0238521,0.0079507,0.0238521,0.0079507,0.0238521,0.0079507,0.0238521,0.0079507
209,7128.25,0.25291,0.39814,0.08094,0.10767,0.0044,0,0.99974,1,0.995,0.995,0.99974,1,0.995,0.99276,0.10079,0.10793,0.01106,0.0388,0.00293,0,0.0238224,0.0079408,0.0238224,0.0079408,0.0238224,0.0079408,0.0238224,0.0079408
210,7162.09,0.22551,0.41191,0.07956,0.09945,0.00409,0.00179,0.99974,1,0.995,0.995,0.99974,1,0.995,0.98577,0.13017,0.11303,0.0103,0.04628,0.00407,0,0.0237927,0.0079309,0.0237927,0.0079309,0.0237927,0.0079309,0.0237927,0.0079309
211,7195.72,0.26318,0.40904,0.08183,0.113,0.00468,0,0.99954,1,0.995,0.995,0.99954,1,0.995,0.984,0.14796,0.10928,0.00992,0.05114,0.00383,0,0.023763,0.007921,0.023763,0.007921,0.023763,0.007921,0.023763,0.007921
212,7229.05,0.25886,0.36258,0.07602,0.10455,0.00483,0,0.99935,1,0.995,0.995,0.99935,1,0.995,0.99195,0.18011,0.11248,0.00977,0.06129,0.00561,0,0.0237333,0.0079111,0.0237333,0.0079111,0.0237333,0.0079111,0.0237333,0.0079111
213,7262.4,0.25232,0.35025,0.07465,0.10632,0.00452,0,0.99974,1,0.995,0.995,0.99974,1,0.995,0.99332,0.15631,0.10372,0.00919,0.05237,0.00434,0,0.0237036,0.0079012,0.0237036,0.0079012,0.0237036,0.0079012,0.0237036,0.0079012
214,7295.76,0.26881,0.35199,0.07762,0.11385,0.00494,0,0.99974,1,0.995,0.995,0.99974,1,0.995,0.99134,0.09006,0.10144,0.00923,0.03635,0.00303,0,0.0236739,0.0078913,0.0236739,0.0078913,0.0236739,0.0078913,0.0236739,0.0078913
215,7329.91,0.24517,0.34365,0.07368,0.1057,0.00443,0,0.99976,1,0.995,0.995,0.99976,1,0.995,0.99114,0.06465,0.11798,0.00862,0.02952,0.00204,0,0.0236442,0.0078814,0.0236442,0.0078814,0.0236442,0.0078814,0.0236442,0.0078814
216,7363.95,0.2608,0.37343,0.07694,0.10724,0.00452,0,0.99937,1,0.995,0.995,0.99937,1,0.995,0.99463,0.07745,0.09836,0.00826,0.03378,0.00268,0,0.0236145,0.0078715,0.0236145,0.0078715,0.0236145,0.0078715,0.0236145,0.0078715
217,7398.35,0.24042,0.37072,0.07603,0.11014,0.00443,0,0.99883,1,0.995,0.995,0.99883,1,0.995,0.9933,0.05765,0.09786,0.00829,0.0399,0.00175,0,0.0235848,0.0078616,0.0235848,0.0078616,0.0235848,0.0078616,0.0235848,0.0078616
218,7431.84,0.25159,0.3777,0.07398,0.1038,0.00443,0,0.99968,1,0.995,0.995,0.99968,1,0.995,0.98863,0.07072,0.11581,0.00835,0.03397,0.00206,0,0.0235551,0.0078517,0.0235551,0.0078517,0.0235551,0.0078517,0.0235551,0.0078517
219,7465.49,0.27423,0.36454,0.07341,0.11722,0.00479,0,0.99928,1,0.995,0.995,0.99928,1,0.995,0.99044,0.06048,0.10341,0.00714,0.03945,0.00214,0,0.0235254,0.0078418,0.0235254,0.0078418,0.0235254,0.0078418,0.0235254,0.0078418
220,7498.7,0.25833,0.34891,0.06968,0.1115,0.00455,0,0.99957,1,0.995,0.995,0.99957,1,0.995,0.98909,0.07884,0.11358,0.00649,0.03493,0.00229,0,0.0234957,0.0078319,0.0234957,0.0078319,0.0234957,0.0078319,0.0234957,0.0078319
221,7532.05,0.25185,0.42614,0.07111,0.10595,0.00454,0.02496,1,0.99945,0.995,0.995,1,0.99945,0.995,0.98829,0.0535,0.10706,0.00664,0.0382,0.00183,0,0.023466,0.007822,0.023466,0.007822,0.023466,0.007822,0.023466,0.007822
222,7565.67,0.20996,0.50826,0.07927,0.10045,0.00392,0.06219,1,0.99855,0.995,0.995,1,0.99855,0.995,0.98934,0.06836,0.10688,0.00868,0.04574,0.0023,0,0.0234363,0.0078121,0.0234363,0.0078121,0.0234363,0.0078121,0.0234363,0.0078121
223,7599.79,0.22972,0.43596,0.07713,0.10416,0.00403,0.0059,1,0.99921,0.995,0.995,1,0.99921,0.995,0.98936,0.06583,0.10395,0.0106,0.03853,0.00206,0,0.0234066,0.0078022,0.0234066,0.0078022,0.0234066,0.0078022,0.0234066,0.0078022
224,7633.79,0.26213,0.36926,0.07611,0.10634,0.00455,0.0494,0.99975,1,0.995,0.995,0.99975,1,0.995,0.99079,0.0806,0.12124,0.00974,0.03383,0.00216,0,0.0233769,0.0077923,0.0233769,0.0077923,0.0233769,0.0077923,0.0233769,0.0077923
225,7667.59,0.24346,0.42485,0.07314,0.09769,0.00417,0.00429,0.99974,1,0.995,0.995,0.99974,1,0.995,0.98731,0.14847,0.13166,0.00992,0.05054,0.00413,0,0.0233472,0.0077824,0.0233472,0.0077824,0.0233472,0.0077824,0.0233472,0.0077824
226,7701.33,0.25007,0.41078,0.08044,0.10895,0.00437,0,0.9998,1,0.995,0.995,0.9998,1,0.995,0.99238,0.11316,0.11268,0.00892,0.042,0.00359,0,0.0233175,0.0077725,0.0233175,0.0077725,0.0233175,0.0077725,0.0233175,0.0077725
227,7735.08,0.24248,0.43439,0.08005,0.10024,0.00423,0.00297,1,1,0.995,0.995,1,1,0.995,0.99069,0.11577,0.11077,0.00724,0.04148,0.00319,0,0.0232878,0.0077626,0.0232878,0.0077626,0.0232878,0.0077626,0.0232878,0.0077626
228,7768.21,0.24805,0.38113,0.07291,0.10695,0.00462,0,1,1,0.995,0.995,1,1,0.995,0.98885,0.13649,0.11578,0.00674,0.04875,0.00374,0,0.0232581,0.0077527,0.0232581,0.0077527,0.0232581,0.0077527,0.0232581,0.0077527
229,7802.12,0.243,0.36195,0.07425,0.10233,0.0043,0,0.99974,1,0.995,0.995,0.99974,1,0.995,0.99314,0.04542,0.09803,0.00662,0.02399,0.00147,0,0.0232284,0.0077428,0.0232284,0.0077428,0.0232284,0.0077428,0.0232284,0.0077428
230,7836.16,0.22905,0.40957,0.07533,0.09805,0.004,0,1,0.99963,0.995,0.995,1,0.99963,0.995,0.99012,0.05592,0.10333,0.00679,0.03118,0.00155,0,0.0231987,0.0077329,0.0231987,0.0077329,0.0231987,0.0077329,0.0231987,0.0077329
231,7869.78,0.23055,0.39616,0.07299,0.10241,0.00412,0,0.98518,0.99709,0.99485,0.99485,0.98518,0.99709,0.99485,0.99098,0.13815,0.12327,0.00701,0.06568,0.00373,0,0.023169,0.007723,0.023169,0.007723,0.023169,0.007723,0.023169,0.007723
232,7903.9,0.23751,0.36609,0.07583,0.10021,0.00432,0,0.99952,1,0.995,0.995,0.99952,1,0.995,0.98718,0.14695,0.11419,0.00694,0.05321,0.00357,0,0.0231393,0.0077131,0.0231393,0.0077131,0.0231393,0.0077131,0.0231393,0.0077131
233,7938,0.24429,0.36342,0.07214,0.10877,0.00427,0,1,0.99886,0.995,0.995,1,0.99886,0.995,0.99161,0.14237,0.10128,0.00636,0.05793,0.00457,0,0.0231096,0.0077032,0.0231096,0.0077032,0.0231096,0.0077032,0.0231096,0.0077032
234,7971.5,0.24117,0.36795,0.07248,0.10191,0.00431,0,0.99974,1,0.995,0.995,0.99974,1,0.995,0.9926,0.08226,0.10566,0.00659,0.03307,0.00223,0,0.0230799,0.0076933,0.0230799,0.0076933,0.0230799,0.0076933,0.0230799,0.0076933
235,8004.57,0.23379,0.36657,0.06727,0.09865,0.0042,0.1023,1,1,0.995,0.995,1,1,0.995,0.9909,0.04991,0.10155,0.00679,0.025,0.00155,0,0.0230502,0.0076834,0.0230502,0.0076834,0.0230502,0.0076834,0.0230502,0.0076834
236,8038.41,0.23336,0.34659,0.07567,0.10347,0.00423,0,1,1,0.995,0.995,1,1,0.995,0.99086,0.10883,0.11508,0.00837,0.04202,0.00314,0,0.0230205,0.0076735,0.0230205,0.0076735,0.0230205,0.0076735,0.0230205,0.0076735
237,8072.47,0.23492,0.34953,0.06878,0.10316,0.00423,0,1,1,0.995,0.995,1,1,0.995,0.99343,0.07362,0.09688,0.008,0.03239,0.00232,0,0.0229908,0.0076636,0.0229908,0.0076636,0.0229908,0.0076636,0.0229908,0.0076636
238,8106.41,0.25412,0.37189,0.0729,0.10579,0.00428,0,1,1,0.995,0.995,1,1,0.995,0.99212,0.09,0.10541,0.00739,0.03534,0.00251,0,0.0229611,0.0076537,0.0229611,0.0076537,0.0229611,0.0076537,0.0229611,0.0076537
239,8140.75,0.21011,0.36506,0.07396,0.09878,0.00371,0.0021,1,0.99974,0.995,0.995,1,0.99974,0.995,0.99224,0.09971,0.08836,0.00706,0.04044,0.00363,0,0.0229314,0.0076438,0.0229314,0.0076438,0.0229314,0.0076438,0.0229314,0.0076438
240,8174.18,0.25052,0.357,0.07168,0.11154,0.00436,0,0.99957,1,0.995,0.995,0.99957,1,0.995,0.98945,0.11642,0.09915,0.00727,0.05061,0.00291,0,0.0229017,0.0076339,0.0229017,0.0076339,0.0229017,0.0076339,0.0229017,0.0076339
241,8207.97,0.20802,0.4017,0.07403,0.10088,0.00373,0,0.99895,0.995,0.995,0.995,0.99895,0.995,0.995,0.99121,0.08831,0.09687,0.00783,0.05248,0.00262,0,0.022872,0.007624,0.022872,0.007624,0.022872,0.007624,0.022872,0.007624
242,8241.05,0.25774,0.3641,0.07412,0.11701,0.00472,0,0.99147,0.995,0.9949,0.9949,0.99147,0.995,0.9949,0.99106,0.06061,0.1044,0.00843,0.05159,0.00172,0,0.0228423,0.0076141,0.0228423,0.0076141,0.0228423,0.0076141,0.0228423,0.0076141
243,8274.74,0.231,0.36849,0.07205,0.11002,0.00402,0,0.99502,0.99893,0.995,0.995,0.99502,0.99893,0.995,0.98861,0.11074,0.10726,0.00781,0.05466,0.00348,0,0.0228126,0.0076042,0.0228126,0.0076042,0.0228126,0.0076042,0.0228126,0.0076042
244,8308.88,0.26444,0.34179,0.07435,0.11007,0.00442,0,1,0.99484,0.995,0.995,1,0.99484,0.995,0.99063,0.10243,0.10736,0.00551,0.05837,0.00305,0,0.0227829,0.0075943,0.0227829,0.0075943,0.0227829,0.0075943,0.0227829,0.0075943
245,8343.55,0.26172,0.29627,0.06941,0.11444,0.00454,0,0.99988,1,0.995,0.995,0.99988,1,0.995,0.99334,0.17043,0.08755,0.00531,0.06175,0.00544,0,0.0227532,0.0075844,0.0227532,0.0075844,0.0227532,0.0075844,0.0227532,0.0075844
246,8377.49,0.23856,0.31246,0.07174,0.10862,0.0042,0,0.99967,1,0.995,0.995,0.99967,1,0.995,0.99149,0.05185,0.09182,0.00509,0.02604,0.0017,0,0.0227235,0.0075745,0.0227235,0.0075745,0.0227235,0.0075745,0.0227235,0.0075745
247,8410.92,0.23264,0.34805,0.07397,0.10553,0.00412,0,0.99977,1,0.995,0.995,0.99977,1,0.995,0.99116,0.10003,0.0983,0.00534,0.03969,0.00328,0,0.0226938,0.0075646,0.0226938,0.0075646,0.0226938,0.0075646,0.0226938,0.0075646
248,8444.47,0.22713,0.31458,0.07354,0.10163,0.004,0,1,0.99989,0.995,0.995,1,0.99989,0.995,0.98858,0.11745,0.10204,0.0056,0.04388,0.00303,0,0.0226641,0.0075547,0.0226641,0.0075547,0.0226641,0.0075547,0.0226641,0.0075547
249,8477.6,0.23736,0.33577,0.07058,0.09941,0.00421,0,0.99972,1,0.995,0.995,0.99972,1,0.995,0.99122,0.0843,0.09485,0.00627,0.03524,0.00262,0,0.0226344,0.0075448,0.0226344,0.0075448,0.0226344,0.0075448,0.0226344,0.0075448
250,8511.24,0.23501,0.34568,0.06468,0.10025,0.00415,0,0.99423,1,0.995,0.995,0.99423,1,0.995,0.99,0.06575,0.1005,0.00555,0.04457,0.00191,0,0.0226047,0.0075349,0.0226047,0.0075349,0.0226047,0.0075349,0.0226047,0.0075349
251,8545.17,0.22925,0.37478,0.0675,0.10121,0.00384,0,0.99946,1,0.995,0.995,0.99946,1,0.995,0.99007,0.07329,0.09965,0.00534,0.03526,0.00232,0,0.022575,0.007525,0.022575,0.007525,0.022575,0.007525,0.022575,0.007525
252,8578.86,0.24163,0.34948,0.06537,0.10125,0.00433,0,0.99969,1,0.995,0.995,0.99969,1,0.995,0.99028,0.10876,0.0986,0.00546,0.04535,0.00293,0,0.0225453,0.0075151,0.0225453,0.0075151,0.0225453,0.0075151,0.0225453,0.0075151
253,8612.63,0.23102,0.33067,0.07116,0.09856,0.00423,0,0.99869,1,0.995,0.995,0.99869,1,0.995,0.99062,0.09627,0.11249,0.00578,0.04642,0.00288,0,0.0225156,0.0075052,0.0225156,0.0075052,0.0225156,0.0075052,0.0225156,0.0075052
254,8646.29,0.22827,0.37825,0.06332,0.09504,0.0041,0,1,0.99927,0.995,0.995,1,0.99927,0.995,0.99359,0.08917,0.08809,0.00589,0.04291,0.00236,0,0.0224859,0.0074953,0.0224859,0.0074953,0.0224859,0.0074953,0.0224859,0.0074953
255,8679.89,0.22306,0.3217,0.06562,0.09901,0.00374,0,1,0.9997,0.995,0.995,1,0.9997,0.995,0.99336,0.06847,0.08318,0.00625,0.03767,0.00211,0,0.0224562,0.0074854,0.0224562,0.0074854,0.0224562,0.0074854,0.0224562,0.0074854
256,8712.81,0.24577,0.32547,0.069,0.09843,0.00429,0,1,1,0.995,0.995,1,1,0.995,0.99157,0.04825,0.10342,0.0056,0.02465,0.00147,0,0.0224265,0.0074755,0.0224265,0.0074755,0.0224265,0.0074755,0.0224265,0.0074755
257,8746.34,0.22295,0.38703,0.07687,0.10203,0.00407,0,1,0.99495,0.995,0.995,1,0.99495,0.995,0.99327,0.06783,0.08983,0.00605,0.03819,0.00218,0,0.0223968,0.0074656,0.0223968,0.0074656,0.0223968,0.0074656,0.0223968,0.0074656
258,8780.35,0.23609,0.30466,0.07358,0.1012,0.00427,0,0.99974,1,0.995,0.995,0.99974,1,0.995,0.98486,0.08139,0.1013,0.00636,0.03362,0.00245,0,0.0223671,0.0074557,0.0223671,0.0074557,0.0223671,0.0074557,0.0223671,0.0074557
259,8814.08,0.22906,0.35256,0.06829,0.09423,0.00422,0,0.99968,1,0.995,0.995,0.99968,1,0.995,0.97905,0.05221,0.11723,0.00621,0.02888,0.0017,0,0.0223374,0.0074458,0.0223374,0.0074458,0.0223374,0.0074458,0.0223374,0.0074458
260,8847.72,0.22482,0.37527,0.06503,0.1004,0.004,0.2381,0.99959,1,0.995,0.995,0.99959,1,0.995,0.9823,0.15207,0.17912,0.0059,0.05369,0.004,0,0.0223077,0.0074359,0.0223077,0.0074359,0.0223077,0.0074359,0.0223077,0.0074359
261,8881.24,0.208,0.51718,0.07638,0.09668,0.00362,0.44996,0.99005,1,0.995,0.995,0.99005,1,0.995,0.98843,0.06924,0.10324,0.01048,0.04355,0.0021,0,0.022278,0.007426,0.022278,0.007426,0.022278,0.007426,0.022278,0.007426
262,8914.59,0.21334,0.39168,0.09276,0.09526,0.00378,0,0.99985,1,0.995,0.995,0.99985,1,0.995,0.98997,0.06146,0.10304,0.01884,0.02998,0.00191,0,0.0222483,0.0074161,0.0222483,0.0074161,0.0222483,0.0074161,0.0222483,0.0074161
263,8947.61,0.19471,0.3503,0.0843,0.09599,0.0034,0.0042,0.99974,1,0.995,0.995,0.99974,1,0.995,0.99343,0.09565,0.08701,0.02048,0.03582,0.00268,0,0.0222186,0.0074062,0.0222186,0.0074062,0.0222186,0.0074062,0.0222186,0.0074062
264,8980.81,0.23294,0.3236,0.086,0.0982,0.00407,0,0.99977,1,0.995,0.995,0.99977,1,0.995,0.99119,0.09756,0.09723,0.01531,0.03705,0.00321,0,0.0221889,0.0073963,0.0221889,0.0073963,0.0221889,0.0073963,0.0221889,0.0073963
265,9015.36,0.2378,0.31923,0.07641,0.09821,0.00405,0,0.99974,1,0.995,0.995,0.99974,1,0.995,0.99117,0.05044,0.08854,0.01221,0.023,0.0017,0,0.0221592,0.0073864,0.0221592,0.0073864,0.0221592,0.0073864,0.0221592,0.0073864
266,9050.3,0.21605,0.38781,0.07558,0.09245,0.00362,0.02704,1,1,0.995,0.995,1,1,0.995,0.99298,0.05417,0.0921,0.01024,0.02836,0.00185,0,0.0221295,0.0073765,0.0221295,0.0073765,0.0221295,0.0073765,0.0221295,0.0073765
267,9084.38,0.21292,0.34038,0.07895,0.09728,0.00385,0,1,1,0.995,0.995,1,1,0.995,0.99347,0.09668,0.08128,0.01001,0.03667,0.00239,0,0.0220998,0.0073666,0.0220998,0.0073666,0.0220998,0.0073666,0.0220998,0.0073666
268,9117.63,0.21841,0.30081,0.06972,0.10122,0.00366,0,0.99975,1,0.995,0.995,0.99975,1,0.995,0.99395,0.06368,0.08719,0.00827,0.02827,0.00178,0,0.0220701,0.0073567,0.0220701,0.0073567,0.0220701,0.0073567,0.0220701,0.0073567
269,9151.45,0.24663,0.31202,0.07313,0.09803,0.00435,0.00024,0.99822,1,0.995,0.995,0.99822,1,0.995,0.99335,0.07643,0.11557,0.00717,0.04781,0.00249,0,0.0220404,0.0073468,0.0220404,0.0073468,0.0220404,0.0073468,0.0220404,0.0073468
270,9184.75,0.23993,0.32532,0.06898,0.10538,0.00441,0,0.99974,1,0.995,0.995,0.99974,1,0.995,0.99116,0.09602,0.10359,0.01355,0.0376,0.00362,0,0.0220107,0.0073369,0.0220107,0.0073369,0.0220107,0.0073369,0.0220107,0.0073369
271,9217.86,0.24298,0.27513,0.06813,0.10079,0.00413,0,0.99961,1,0.995,0.995,0.99961,1,0.995,0.99107,0.1224,0.09486,0.01056,0.05098,0.00381,0,0.021981,0.007327,0.021981,0.007327,0.021981,0.007327,0.021981,0.007327
272,9251.76,0.21762,0.31276,0.06848,0.09772,0.00381,0,0.99974,1,0.995,0.995,0.99974,1,0.995,0.99317,0.08892,0.0962,0.00939,0.03516,0.00301,0,0.0219513,0.0073171,0.0219513,0.0073171,0.0219513,0.0073171,0.0219513,0.0073171
273,9285.73,0.22311,0.33802,0.06692,0.10647,0.0039,0,0.99502,0.99889,0.995,0.995,0.99502,0.99889,0.995,0.9917,0.11962,0.09241,0.0084,0.06021,0.00317,0,0.0219216,0.0073072,0.0219216,0.0073072,0.0219216,0.0073072,0.0219216,0.0073072
274,9319.57,0.23548,0.30901,0.06648,0.10795,0.00415,0,0.99898,0.995,0.995,0.995,0.99898,0.995,0.995,0.99136,0.07113,0.08398,0.00545,0.04417,0.00219,0,0.0218919,0.0072973,0.0218919,0.0072973,0.0218919,0.0072973,0.0218919,0.0072973
275,9353.05,0.22886,0.32275,0.07231,0.11335,0.00385,0,0.99975,1,0.995,0.995,0.99975,1,0.995,0.99156,0.0678,0.09037,0.00519,0.03021,0.00244,0,0.0218622,0.0072874,0.0218622,0.0072874,0.0218622,0.0072874,0.0218622,0.0072874
276,9386.55,0.2293,0.3012,0.06988,0.10936,0.0038,0,1,1,0.995,0.995,1,1,0.995,0.99322,0.03913,0.08494,0.00544,0.02239,0.00117,0,0.0218325,0.0072775,0.0218325,0.0072775,0.0218325,0.0072775,0.0218325,0.0072775
277,9419.87,0.22582,0.26913,0.06748,0.10044,0.00398,0,0.99787,1,0.995,0.995,0.99787,1,0.995,0.99191,0.06178,0.09347,0.00524,0.03103,0.00188,0,0.0218028,0.0072676,0.0218028,0.0072676,0.0218028,0.0072676,0.0218028,0.0072676
278,9453.2,0.22993,0.305,0.06734,0.10438,0.00404,0,0.99972,1,0.995,0.995,0.99972,1,0.995,0.99152,0.08218,0.08797,0.00487,0.03757,0.00232,0,0.0217731,0.0072577,0.0217731,0.0072577,0.0217731,0.0072577,0.0217731,0.0072577
279,9487.28,0.22791,0.32805,0.06662,0.1085,0.00407,0,0.99971,1,0.995,0.995,0.99971,1,0.995,0.99178,0.08114,0.08589,0.00515,0.0351,0.00198,0,0.0217434,0.0072478,0.0217434,0.0072478,0.0217434,0.0072478,0.0217434,0.0072478
280,9521.59,0.22968,0.3141,0.06338,0.10652,0.00403,0,0.99974,1,0.995,0.995,0.99974,1,0.995,0.9936,0.08313,0.08293,0.00523,0.03348,0.00247,0,0.0217137,0.0072379,0.0217137,0.0072379,0.0217137,0.0072379,0.0217137,0.0072379
281,9555.49,0.22782,0.29441,0.07024,0.10422,0.00418,0,0.99997,1,0.995,0.995,0.99997,1,0.995,0.99381,0.10582,0.08565,0.00557,0.04356,0.00286,0,0.021684,0.007228,0.021684,0.007228,0.021684,0.007228,0.021684,0.007228
282,9589.16,0.23594,0.31141,0.0645,0.10518,0.00431,0,0.99973,1,0.995,0.995,0.99973,1,0.995,0.99316,0.0798,0.08609,0.00572,0.03195,0.00211,0,0.0216543,0.0072181,0.0216543,0.0072181,0.0216543,0.0072181,0.0216543,0.0072181
283,9622.58,0.22112,0.29736,0.06381,0.09638,0.00404,0,0.99983,1,0.995,0.995,0.99983,1,0.995,0.995,0.07034,0.08161,0.00549,0.03149,0.00206,0,0.0216246,0.0072082,0.0216246,0.0072082,0.0216246,0.0072082,0.0216246,0.0072082
284,9656.04,0.23793,0.3545,0.06804,0.10816,0.00423,0.14354,1,0.99449,0.995,0.995,1,0.99449,0.995,0.99479,0.12403,0.093,0.00525,0.0605,0.00474,0,0.0215949,0.0071983,0.0215949,0.0071983,0.0215949,0.0071983,0.0215949,0.0071983
285,9689.36,0.21276,0.35455,0.06884,0.09446,0.0038,0,0.99961,1,0.995,0.995,0.99961,1,0.995,0.9925,0.116,0.0913,0.00719,0.04376,0.00436,0,0.0215652,0.0071884,0.0215652,0.0071884,0.0215652,0.0071884,0.0215652,0.0071884
286,9723.25,0.2208,0.3332,0.06996,0.09638,0.00389,0.0013,0.99975,1,0.995,0.995,0.99975,1,0.995,0.99482,0.20082,0.08004,0.00811,0.06614,0.00584,0,0.0215355,0.0071785,0.0215355,0.0071785,0.0215355,0.0071785,0.0215355,0.0071785
287,9757.63,0.23195,0.34275,0.06268,0.09516,0.00419,0.00457,0.99967,1,0.995,0.995,0.99967,1,0.995,0.995,0.07769,0.07939,0.00763,0.03464,0.00293,0,0.0215058,0.0071686,0.0215058,0.0071686,0.0215058,0.0071686,0.0215058,0.0071686
288,9791.8,0.21212,0.31192,0.06746,0.09078,0.00392,0,1,0.99918,0.995,0.995,1,0.99918,0.995,0.99488,0.06159,0.08,0.00642,0.03227,0.00177,0,0.0214761,0.0071587,0.0214761,0.0071587,0.0214761,0.0071587,0.0214761,0.0071587
289,9825.67,0.22258,0.29208,0.06672,0.09677,0.00407,0,0.99927,1,0.995,0.995,0.99927,1,0.995,0.9932,0.12262,0.08208,0.0056,0.0521,0.0033,0,0.0214464,0.0071488,0.0214464,0.0071488,0.0214464,0.0071488,0.0214464,0.0071488
290,9859.35,0.22971,0.28525,0.06334,0.10605,0.00408,0,0.99483,1,0.995,0.995,0.99483,1,0.995,0.99158,0.07673,0.09486,0.00619,0.05961,0.0025,0,0.0214167,0.0071389,0.0214167,0.0071389,0.0214167,0.0071389,0.0214167,0.0071389
291,9892.87,0.22974,0.29136,0.06516,0.09562,0.00422,0,1,0.9991,0.995,0.995,1,0.9991,0.995,0.99105,0.12065,0.08487,0.00649,0.06634,0.00314,0,0.021387,0.007129,0.021387,0.007129,0.021387,0.007129,0.021387,0.007129
292,9925.88,0.22019,0.29618,0.06413,0.10082,0.00386,0,0.99955,0.99,0.99495,0.99495,0.99955,0.99,0.99495,0.99284,0.12553,0.07618,0.00595,0.05455,0.00346,0,0.0213573,0.0071191,0.0213573,0.0071191,0.0213573,0.0071191,0.0213573,0.0071191
293,9959.51,0.22136,0.29246,0.06837,0.10042,0.00386,0,1,0.99861,0.995,0.995,1,0.99861,0.995,0.99283,0.06897,0.0852,0.0061,0.03343,0.00208,0,0.0213276,0.0071092,0.0213276,0.0071092,0.0213276,0.0071092,0.0213276,0.0071092
294,9993.43,0.18119,0.29972,0.0661,0.07996,0.00332,0.00875,1,0.9996,0.995,0.995,1,0.9996,0.995,0.99286,0.05832,0.08239,0.00495,0.02917,0.00168,0,0.0212979,0.0070993,0.0212979,0.0070993,0.0212979,0.0070993,0.0212979,0.0070993
295,10027.7,0.20981,0.30882,0.06831,0.08226,0.00373,0,0.99961,1,0.995,0.995,0.99961,1,0.995,0.9923,0.07224,0.08069,0.00473,0.03286,0.00221,0,0.0212682,0.0070894,0.0212682,0.0070894,0.0212682,0.0070894,0.0212682,0.0070894
296,10061.7,0.24309,0.29185,0.06424,0.10392,0.00416,0,0.99973,1,0.995,0.995,0.99973,1,0.995,0.99495,0.05447,0.07936,0.00413,0.02852,0.00166,0,0.0212385,0.0070795,0.0212385,0.0070795,0.0212385,0.0070795,0.0212385,0.0070795
297,10095.7,0.22781,0.30923,0.06253,0.0914,0.00382,0,0.99973,1,0.995,0.995,0.99973,1,0.995,0.99491,0.06872,0.07465,0.00404,0.03128,0.00196,0,0.0212088,0.0070696,0.0212088,0.0070696,0.0212088,0.0070696,0.0212088,0.0070696
298,10129.3,0.22013,0.2925,0.06242,0.09361,0.00397,0,0.99948,1,0.995,0.995,0.99948,1,0.995,0.99302,0.06427,0.07978,0.00379,0.03422,0.00193,0,0.0211791,0.0070597,0.0211791,0.0070597,0.0211791,0.0070597,0.0211791,0.0070597
299,10162.3,0.21785,0.27289,0.06454,0.08859,0.00406,0,1,0.99933,0.995,0.995,1,0.99933,0.995,0.99351,0.0485,0.08002,0.00409,0.02878,0.00173,0,0.0211494,0.0070498,0.0211494,0.0070498,0.0211494,0.0070498,0.0211494,0.0070498
300,10196.1,0.20348,0.29166,0.06296,0.09149,0.0037,0,0.99973,1,0.995,0.995,0.99973,1,0.995,0.99454,0.06495,0.07454,0.00443,0.02789,0.00193,0,0.0211197,0.0070399,0.0211197,0.0070399,0.0211197,0.0070399,0.0211197,0.0070399
301,10230.6,0.2089,0.27496,0.06656,0.08997,0.00384,0,1,0.99981,0.995,0.995,1,0.99981,0.995,0.99336,0.08031,0.07327,0.00453,0.03681,0.0023,0,0.02109,0.00703,0.02109,0.00703,0.02109,0.00703,0.02109,0.00703
302,10264.4,0.20573,0.32362,0.06252,0.08434,0.00354,0,1,0.9997,0.995,0.995,1,0.9997,0.995,0.99317,0.07595,0.07845,0.00465,0.0381,0.00209,0,0.0210603,0.0070201,0.0210603,0.0070201,0.0210603,0.0070201,0.0210603,0.0070201
303,10298.1,0.22027,0.27179,0.06113,0.08987,0.00379,0,1,0.99988,0.995,0.995,1,0.99988,0.995,0.995,0.06166,0.07394,0.00422,0.03305,0.00199,0,0.0210306,0.0070102,0.0210306,0.0070102,0.0210306,0.0070102,0.0210306,0.0070102
304,10331.4,0.20676,0.27148,0.06304,0.09214,0.00356,0,0.99971,1,0.995,0.995,0.99971,1,0.995,0.99496,0.06179,0.07407,0.00427,0.0264,0.00181,0,0.0210009,0.0070003,0.0210009,0.0070003,0.0210009,0.0070003,0.0210009,0.0070003
305,10365.1,0.23427,0.23785,0.05893,0.09892,0.00397,0,0.99954,1,0.995,0.995,0.99954,1,0.995,0.995,0.04899,0.06995,0.00385,0.02881,0.00147,0,0.0209712,0.0069904,0.0209712,0.0069904,0.0209712,0.0069904,0.0209712,0.0069904
306,10398.3,0.19682,0.27319,0.05475,0.08603,0.00347,0.11844,0.99998,1,0.995,0.995,0.99998,1,0.995,0.995,0.07666,0.07667,0.00333,0.0336,0.00218,0,0.0209415,0.0069805,0.0209415,0.0069805,0.0209415,0.0069805,0.0209415,0.0069805
307,10431.8,0.19118,0.31608,0.06589,0.08806,0.00329,0.00838,1,1,0.995,0.995,1,1,0.995,0.995,0.06605,0.09349,0.00512,0.02789,0.00196,0,0.0209118,0.0069706,0.0209118,0.0069706,0.0209118,0.0069706,0.0209118,0.0069706
308,10466.3,0.21643,0.28985,0.07014,0.09208,0.00381,0,0.99977,1,0.995,0.995,0.99977,1,0.995,0.99466,0.07791,0.07854,0.0082,0.03281,0.00235,0,0.0208821,0.0069607,0.0208821,0.0069607,0.0208821,0.0069607,0.0208821,0.0069607
309,10500.5,0.2167,0.29003,0.06656,0.09042,0.00377,0,0.99978,1,0.995,0.995,0.99978,1,0.995,0.99132,0.14583,0.07546,0.00782,0.04954,0.00386,0,0.0208524,0.0069508,0.0208524,0.0069508,0.0208524,0.0069508,0.0208524,0.0069508
310,10534.4,0.18486,0.2751,0.0631,0.0837,0.00336,0,0.99976,1,0.995,0.995,0.99976,1,0.995,0.99325,0.08549,0.07754,0.00588,0.0335,0.00233,0,0.0208227,0.0069409,0.0208227,0.0069409,0.0208227,0.0069409,0.0208227,0.0069409
311,10567.8,0.20674,0.26827,0.06253,0.08849,0.00372,0,0.99963,1,0.995,0.995,0.99963,1,0.995,0.99395,0.08209,0.08051,0.005,0.03643,0.00228,0,0.020793,0.006931,0.020793,0.006931,0.020793,0.006931,0.020793,0.006931
312,10601.4,0.2192,0.28383,0.05873,0.09834,0.00379,0.00181,0.99965,1,0.995,0.995,0.99965,1,0.995,0.99288,0.07651,0.07797,0.00437,0.03627,0.00254,0,0.0207633,0.0069211,0.0207633,0.0069211,0.0207633,0.0069211,0.0207633,0.0069211
313,10634.4,0.21861,0.26856,0.06341,0.09242,0.00379,0,0.99961,1,0.995,0.995,0.99961,1,0.995,0.99088,0.04589,0.07693,0.00417,0.02761,0.00132,0,0.0207336,0.0069112,0.0207336,0.0069112,0.0207336,0.0069112,0.0207336,0.0069112
314,10667.9,0.22399,0.2803,0.06413,0.09996,0.00373,4e-05,0.99917,1,0.995,0.995,0.99917,1,0.995,0.99319,0.0738,0.08205,0.0043,0.03434,0.00191,0,0.0207039,0.0069013,0.0207039,0.0069013,0.0207039,0.0069013,0.0207039,0.0069013
315,10701.8,0.19567,0.30514,0.06518,0.08185,0.00344,0,0.99972,1,0.995,0.995,0.99972,1,0.995,0.9924,0.08508,0.07291,0.00431,0.03488,0.00256,0,0.0206742,0.0068914,0.0206742,0.0068914,0.0206742,0.0068914,0.0206742,0.0068914
316,10735.7,0.21379,0.28156,0.0656,0.09178,0.00388,0,0.99971,1,0.995,0.995,0.99971,1,0.995,0.99108,0.07391,0.07623,0.00399,0.03232,0.0022,0,0.0206445,0.0068815,0.0206445,0.0068815,0.0206445,0.0068815,0.0206445,0.0068815
317,10769.5,0.1952,0.26503,0.05549,0.08672,0.00329,0,0.99974,1,0.995,0.995,0.99974,1,0.995,0.99229,0.04781,0.07321,0.0042,0.02356,0.00139,0,0.0206148,0.0068716,0.0206148,0.0068716,0.0206148,0.0068716,0.0206148,0.0068716
318,10803.3,0.21617,0.28663,0.06063,0.092,0.00363,0,0.99959,1,0.995,0.995,0.99959,1,0.995,0.99223,0.05844,0.07299,0.00444,0.03127,0.00167,0,0.0205851,0.0068617,0.0205851,0.0068617,0.0205851,0.0068617,0.0205851,0.0068617
319,10836.6,0.19412,0.3041,0.06638,0.09164,0.00339,0.00852,0.99971,1,0.995,0.995,0.99971,1,0.995,0.99483,0.06554,0.07656,0.00421,0.02817,0.00182,0,0.0205554,0.0068518,0.0205554,0.0068518,0.0205554,0.0068518,0.0205554,0.0068518
320,10869.7,0.21302,0.27987,0.06614,0.09105,0.00376,0,0.99974,1,0.995,0.995,0.99974,1,0.995,0.99491,0.04946,0.06983,0.00394,0.0244,0.00164,0,0.0205257,0.0068419,0.0205257,0.0068419,0.0205257,0.0068419,0.0205257,0.0068419
321,10903.2,0.2113,0.28106,0.06516,0.09411,0.0037,0,0.99973,1,0.995,0.995,0.99973,1,0.995,0.995,0.04552,0.07056,0.0039,0.02275,0.00149,0,0.020496,0.006832,0.020496,0.006832,0.020496,0.006832,0.020496,0.006832
322,10937.1,0.20833,0.26938,0.06498,0.09642,0.00372,0,0.99943,1,0.995,0.995,0.99943,1,0.995,0.99495,0.07956,0.07009,0.00405,0.03494,0.00258,0,0.0204663,0.0068221,0.0204663,0.0068221,0.0204663,0.0068221,0.0204663,0.0068221
323,10971,0.19464,0.27059,0.05856,0.08544,0.00338,0.00161,0.99972,1,0.995,0.995,0.99972,1,0.995,0.99493,0.06869,0.06433,0.00384,0.02882,0.0023,0,0.0204366,0.0068122,0.0204366,0.0068122,0.0204366,0.0068122,0.0204366,0.0068122
324,11004.9,0.20641,0.26729,0.05842,0.08805,0.00355,0,0.99928,1,0.995,0.995,0.99928,1,0.995,0.99388,0.04828,0.07366,0.00355,0.02728,0.00147,0,0.0204069,0.0068023,0.0204069,0.0068023,0.0204069,0.0068023,0.0204069,0.0068023
325,11038.4,0.19779,0.30881,0.06045,0.09756,0.00354,0,0.99974,1,0.995,0.995,0.99974,1,0.995,0.99393,0.06632,0.0657,0.00332,0.0283,0.00185,0,0.0203772,0.0067924,0.0203772,0.0067924,0.0203772,0.0067924,0.0203772,0.0067924
326,11071.9,0.21469,0.27166,0.06165,0.09672,0.0037,0,0.99976,1,0.995,0.995,0.99976,1,0.995,0.99498,0.11444,0.0677,0.00288,0.04215,0.00341,0,0.0203475,0.0067825,0.0203475,0.0067825,0.0203475,0.0067825,0.0203475,0.0067825
327,11105.6,0.212,0.25237,0.06126,0.09347,0.00365,0,0.99963,1,0.995,0.995,0.99963,1,0.995,0.9937,0.05988,0.06957,0.00306,0.02881,0.00155,0,0.0203178,0.0067726,0.0203178,0.0067726,0.0203178,0.0067726,0.0203178,0.0067726
328,11138.7,0.20831,0.29576,0.06074,0.09035,0.00373,0,1,0.99967,0.995,0.995,1,0.99967,0.995,0.99253,0.06379,0.07483,0.00307,0.03057,0.00183,0,0.0202881,0.0067627,0.0202881,0.0067627,0.0202881,0.0067627,0.0202881,0.0067627
329,11173.1,0.206,0.26061,0.06044,0.09182,0.00369,0,1,0.99931,0.995,0.995,1,0.99931,0.995,0.99335,0.07861,0.07372,0.00325,0.03722,0.00236,0,0.0202584,0.0067528,0.0202584,0.0067528,0.0202584,0.0067528,0.0202584,0.0067528
330,11207.1,0.21093,0.26891,0.06349,0.09204,0.00375,0,0.99923,1,0.995,0.995,0.99923,1,0.995,0.995,0.08017,0.07385,0.00331,0.03489,0.00261,0,0.0202287,0.0067429,0.0202287,0.0067429,0.0202287,0.0067429,0.0202287,0.0067429
331,11241.5,0.19452,0.26373,0.05807,0.08708,0.00351,0.20866,1,0.99966,0.995,0.995,1,0.99966,0.995,0.99287,0.06394,0.07352,0.00349,0.03003,0.00236,0,0.020199,0.006733,0.020199,0.006733,0.020199,0.006733,0.020199,0.006733
332,11274.8,0.21253,0.25894,0.06128,0.0892,0.00382,0,0.99794,0.995,0.995,0.995,0.99794,0.995,0.995,0.99248,0.10788,0.09048,0.00617,0.06861,0.00345,0,0.0201693,0.0067231,0.0201693,0.0067231,0.0201693,0.0067231,0.0201693,0.0067231
333,11308.8,0.22779,0.26455,0.06432,0.09855,0.00398,0,1,0.99967,0.995,0.995,1,0.99967,0.995,0.995,0.14833,0.08784,0.00636,0.0608,0.00428,0,0.0201396,0.0067132,0.0201396,0.0067132,0.0201396,0.0067132,0.0201396,0.0067132
334,11342.1,0.20778,0.28555,0.06163,0.09123,0.00374,8e-05,1,0.99474,0.995,0.995,1,0.99474,0.995,0.99371,0.07306,0.07415,0.00493,0.04573,0.00248,0,0.0201099,0.0067033,0.0201099,0.0067033,0.0201099,0.0067033,0.0201099,0.0067033
335,11375.3,0.20001,0.28388,0.06092,0.08981,0.00349,0,0.99388,1,0.995,0.995,0.99388,1,0.995,0.99107,0.119,0.07326,0.0045,0.06253,0.0034,0,0.0200802,0.0066934,0.0200802,0.0066934,0.0200802,0.0066934,0.0200802,0.0066934
336,11409.4,0.20936,0.23869,0.05844,0.09358,0.00358,0,0.99999,1,0.995,0.995,0.99999,1,0.995,0.99242,0.11718,0.07408,0.00395,0.05772,0.00334,0,0.0200505,0.0066835,0.0200505,0.0066835,0.0200505,0.0066835,0.0200505,0.0066835
337,11443.2,0.20093,0.27431,0.06043,0.08759,0.0035,0,0.99915,0.995,0.995,0.995,0.99915,0.995,0.995,0.99458,0.08201,0.0697,0.00402,0.04302,0.00219,0,0.0200208,0.0066736,0.0200208,0.0066736,0.0200208,0.0066736,0.0200208,0.0066736
338,11477.4,0.21455,0.25603,0.0594,0.09085,0.00364,0,0.9999,1,0.995,0.995,0.9999,1,0.995,0.99361,0.07741,0.06814,0.00356,0.03544,0.00196,0,0.0199911,0.0066637,0.0199911,0.0066637,0.0199911,0.0066637,0.0199911,0.0066637
339,11511,0.19861,0.23175,0.06203,0.09162,0.00344,0,0.99457,1,0.99495,0.99495,0.99457,1,0.99495,0.99333,0.08733,0.06595,0.00407,0.04828,0.00248,0,0.0199614,0.0066538,0.0199614,0.0066538,0.0199614,0.0066538,0.0199614,0.0066538
340,11544.6,0.18945,0.26347,0.05317,0.08824,0.00342,0,0.98966,1,0.9949,0.9949,0.98966,1,0.9949,0.99167,0.10148,0.07405,0.00445,0.04808,0.00298,0,0.0199317,0.0066439,0.0199317,0.0066439,0.0199317,0.0066439,0.0199317,0.0066439
341,11578.1,0.20166,0.26654,0.05829,0.09658,0.00341,0.00048,1,0.99982,0.995,0.995,1,0.99982,0.995,0.99328,0.08866,0.07368,0.00417,0.04147,0.00288,0,0.019902,0.006634,0.019902,0.006634,0.019902,0.006634,0.019902,0.006634
342,11611.5,0.18811,0.27517,0.05846,0.08841,0.00321,1e-05,0.99987,1,0.995,0.995,0.99987,1,0.995,0.99149,0.0897,0.07839,0.00405,0.03687,0.00257,0,0.0198723,0.0066241,0.0198723,0.0066241,0.0198723,0.0066241,0.0198723,0.0066241
343,11645.4,0.18862,0.23612,0.05316,0.08413,0.00338,0,0.99989,0.995,0.995,0.995,0.99989,0.995,0.995,0.99286,0.09244,0.07413,0.00415,0.05054,0.00235,0,0.0198426,0.0066142,0.0198426,0.0066142,0.0198426,0.0066142,0.0198426,0.0066142
344,11679.5,0.21043,0.2416,0.05789,0.10227,0.00366,0,0.99815,0.995,0.995,0.995,0.99815,0.995,0.995,0.99404,0.06005,0.06719,0.00358,0.04972,0.00213,0,0.0198129,0.0066043,0.0198129,0.0066043,0.0198129,0.0066043,0.0198129,0.0066043
345,11713.3,0.19252,0.23251,0.05787,0.08487,0.00342,0,0.99974,1,0.995,0.995,0.99974,1,0.995,0.99481,0.0655,0.06278,0.00368,0.02813,0.00217,0,0.0197832,0.0065944,0.0197832,0.0065944,0.0197832,0.0065944,0.0197832,0.0065944
346,11747.1,0.20114,0.27562,0.06254,0.09858,0.0034,0,0.99974,1,0.995,0.995,0.99974,1,0.995,0.9949,0.06098,0.0663,0.00374,0.02763,0.00189,0,0.0197535,0.0065845,0.0197535,0.0065845,0.0197535,0.0065845,0.0197535,0.0065845
347,11780.3,0.20159,0.25733,0.058,0.0943,0.00347,0,0.98038,0.99911,0.9947,0.9947,0.98038,0.99911,0.9947,0.99425,0.09351,0.07722,0.00436,0.06232,0.00297,0,0.0197238,0.0065746,0.0197238,0.0065746,0.0197238,0.0065746,0.0197238,0.0065746
348,11813.7,0.19727,0.2705,0.05789,0.08619,0.00338,0,0.99948,1,0.995,0.995,0.99948,1,0.995,0.99356,0.07252,0.07499,0.0042,0.03688,0.00255,0,0.0196941,0.0065647,0.0196941,0.0065647,0.0196941,0.0065647,0.0196941,0.0065647
349,11846.9,0.21182,0.23992,0.05542,0.09023,0.00384,0,0.9934,1,0.99495,0.99495,0.9934,1,0.99495,0.99236,0.06056,0.08049,0.00446,0.04144,0.00202,0,0.0196644,0.0065548,0.0196644,0.0065548,0.0196644,0.0065548,0.0196644,0.0065548
350,11880.8,0.21248,0.24027,0.05482,0.09795,0.00385,0,0.9995,0.995,0.995,0.995,0.9995,0.995,0.995,0.99248,0.07202,0.06669,0.00312,0.03922,0.00221,0,0.0196347,0.0065449,0.0196347,0.0065449,0.0196347,0.0065449,0.0196347,0.0065449
351,11915.3,0.21461,0.25542,0.05994,0.09395,0.00387,0,0.99972,1,0.995,0.995,0.99972,1,0.995,0.99499,0.06075,0.06331,0.00328,0.02885,0.00222,0,0.019605,0.006535,0.019605,0.006535,0.019605,0.006535,0.019605,0.006535
352,11949.4,0.22613,0.23888,0.05994,0.10423,0.00398,0,0.9997,1,0.995,0.995,0.9997,1,0.995,0.99499,0.08498,0.06496,0.00331,0.03807,0.0026,0,0.0195753,0.0065251,0.0195753,0.0065251,0.0195753,0.0065251,0.0195753,0.0065251
353,11983.3,0.21447,0.23779,0.0553,0.0964,0.00369,0,0.99997,1,0.995,0.995,0.99997,1,0.995,0.9934,0.07644,0.06328,0.00335,0.0418,0.00219,0,0.0195456,0.0065152,0.0195456,0.0065152,0.0195456,0.0065152,0.0195456,0.0065152
354,12017,0.21842,0.2097,0.05861,0.09809,0.00367,0,0.99498,0.99175,0.99495,0.99495,0.99498,0.99175,0.99495,0.99495,0.07666,0.06082,0.00326,0.05495,0.0022,0,0.0195159,0.0065053,0.0195159,0.0065053,0.0195159,0.0065053,0.0195159,0.0065053
355,12050,0.20941,0.25562,0.0588,0.0969,0.00343,0,0.99979,1,0.995,0.995,0.99979,1,0.995,0.9949,0.06066,0.05949,0.00308,0.03736,0.00181,0,0.0194862,0.0064954,0.0194862,0.0064954,0.0194862,0.0064954,0.0194862,0.0064954
356,12083.3,0.2037,0.25634,0.05511,0.09469,0.00356,0.028,0.99823,1,0.995,0.995,0.99823,1,0.995,0.995,0.08299,0.06139,0.00343,0.04356,0.0027,0,0.0194565,0.0064855,0.0194565,0.0064855,0.0194565,0.0064855,0.0194565,0.0064855
357,12117.1,0.16429,0.3442,0.05882,0.08485,0.00294,0.07967,1,0.99147,0.995,0.995,1,0.99147,0.995,0.99478,0.10683,0.09057,0.00681,0.05007,0.00364,0,0.0194268,0.0064756,0.0194268,0.0064756,0.0194268,0.0064756,0.0194268,0.0064756
358,12151.2,0.20196,0.27927,0.06418,0.0875,0.00355,0,0.99501,0.99787,0.99495,0.99495,0.99501,0.99787,0.99495,0.99495,0.0832,0.07621,0.0114,0.05509,0.00287,0,0.0193971,0.0064657,0.0193971,0.0064657,0.0193971,0.0064657,0.0193971,0.0064657
359,12185.3,0.20741,0.26033,0.0614,0.0965,0.00374,0,0.995,0.99532,0.995,0.995,0.995,0.99532,0.995,0.99379,0.09981,0.0622,0.0085,0.05106,0.00293,0,0.0193674,0.0064558,0.0193674,0.0064558,0.0193674,0.0064558,0.0193674,0.0064558
360,12218.9,0.2107,0.25668,0.05787,0.09344,0.00363,0,1,0.99957,0.995,0.995,1,0.99957,0.995,0.99339,0.07125,0.06426,0.006,0.0401,0.00203,0,0.0193377,0.0064459,0.0193377,0.0064459,0.0193377,0.0064459,0.0193377,0.0064459
361,12252.5,0.21571,0.22845,0.0545,0.09916,0.00381,0,0.99943,0.995,0.995,0.995,0.99943,0.995,0.995,0.99313,0.0882,0.06866,0.00441,0.04772,0.00271,0,0.019308,0.006436,0.019308,0.006436,0.019308,0.006436,0.019308,0.006436
362,12286.1,0.19956,0.25467,0.05606,0.09305,0.0036,0,0.99929,1,0.995,0.995,0.99929,1,0.995,0.99494,0.0797,0.06777,0.00368,0.03699,0.00234,0,0.0192783,0.0064261,0.0192783,0.0064261,0.0192783,0.0064261,0.0192783,0.0064261
363,12319.4,0.19654,0.23568,0.05289,0.08765,0.00343,0,0.99905,1,0.995,0.995,0.99905,1,0.995,0.99495,0.06967,0.06044,0.00355,0.03979,0.00213,0,0.0192486,0.0064162,0.0192486,0.0064162,0.0192486,0.0064162,0.0192486,0.0064162
364,12353.2,0.20332,0.22162,0.05521,0.09209,0.00355,0,0.99375,1,0.99495,0.99495,0.99375,1,0.99495,0.99492,0.06597,0.05707,0.00516,0.03687,0.00217,0,0.0192189,0.0064063,0.0192189,0.0064063,0.0192189,0.0064063,0.0192189,0.0064063
365,12387.6,0.19818,0.24213,0.05612,0.09025,0.00349,0,0.99502,0.99943,0.995,0.995,0.99502,0.99943,0.995,0.99397,0.04008,0.06091,0.00483,0.02953,0.00127,0,0.0191892,0.0063964,0.0191892,0.0063964,0.0191892,0.0063964,0.0191892,0.0063964
366,12421.4,0.20755,0.24356,0.05556,0.0874,0.00367,0,1,0.99918,0.995,0.995,1,0.99918,0.995,0.99499,0.09321,0.07025,0.00438,0.04156,0.00317,0,0.0191595,0.0063865,0.0191595,0.0063865,0.0191595,0.0063865,0.0191595,0.0063865
367,12455.1,0.17912,0.27489,0.06394,0.08042,0.00325,0.01162,1,1,0.995,0.995,1,1,0.995,0.99499,0.07503,0.06726,0.0043,0.03037,0.00221,0,0.0191298,0.0063766,0.0191298,0.0063766,0.0191298,0.0063766,0.0191298,0.0063766
368,12488.3,0.19801,0.24794,0.05778,0.08205,0.00346,0,0.98986,0.995,0.99485,0.99485,0.98986,0.995,0.99485,0.99473,0.03877,0.06152,0.00468,0.04801,0.00125,0,0.0191001,0.0063667,0.0191001,0.0063667,0.0191001,0.0063667,0.0191001,0.0063667
369,12522,0.20465,0.2329,0.05619,0.08805,0.0035,0,0.99974,1,0.995,0.995,0.99974,1,0.995,0.99388,0.09668,0.06085,0.00314,0.03723,0.00316,0,0.0190704,0.0063568,0.0190704,0.0063568,0.0190704,0.0063568,0.0190704,0.0063568
370,12554.8,0.18914,0.23745,0.05881,0.08175,0.00327,0.00075,0.99991,1,0.995,0.995,0.99991,1,0.995,0.99392,0.06213,0.06899,0.00251,0.02911,0.00212,0,0.0190407,0.0063469,0.0190407,0.0063469,0.0190407,0.0063469,0.0190407,0.0063469
371,12588.3,0.19933,0.21434,0.05306,0.08218,0.00361,0,1,0.99976,0.995,0.995,1,0.99976,0.995,0.99394,0.05559,0.06652,0.00229,0.02914,0.00174,0,0.019011,0.006337,0.019011,0.006337,0.019011,0.006337,0.019011,0.006337
372,12622.5,0.19523,0.22904,0.05148,0.08435,0.00348,0,1,0.9939,0.995,0.995,1,0.9939,0.995,0.9938,0.03918,0.06482,0.0028,0.05862,0.00121,0,0.0189813,0.0063271,0.0189813,0.0063271,0.0189813,0.0063271,0.0189813,0.0063271
373,12656.5,0.18854,0.25069,0.05614,0.08845,0.00351,0,0.99905,1,0.995,0.995,0.99905,1,0.995,0.99342,0.05293,0.07911,0.00387,0.03465,0.00161,0,0.0189516,0.0063172,0.0189516,0.0063172,0.0189516,0.0063172,0.0189516,0.0063172
374,12690.5,0.20673,0.22269,0.05599,0.09402,0.00341,0,0.99465,1,0.995,0.995,0.99465,1,0.995,0.99236,0.06465,0.06986,0.00342,0.0373,0.00192,0,0.0189219,0.0063073,0.0189219,0.0063073,0.0189219,0.0063073,0.0189219,0.0063073
375,12723.9,0.19895,0.23425,0.0519,0.08886,0.00356,0,0.9997,1,0.995,0.995,0.9997,1,0.995,0.99115,0.0594,0.07192,0.0031,0.02884,0.00183,0,0.0188922,0.0062974,0.0188922,0.0062974,0.0188922,0.0062974,0.0188922,0.0062974
376,12757.6,0.20988,0.22083,0.0501,0.0894,0.00359,0,0.99922,1,0.995,0.995,0.99922,1,0.995,0.99369,0.09429,0.06318,0.00287,0.04407,0.00249,0,0.0188625,0.0062875,0.0188625,0.0062875,0.0188625,0.0062875,0.0188625,0.0062875
377,12790.9,0.20342,0.21897,0.05716,0.0878,0.0036,0,0.99448,1,0.99495,0.99495,0.99448,1,0.99495,0.99375,0.04561,0.05896,0.00289,0.0296,0.0016,0,0.0188328,0.0062776,0.0188328,0.0062776,0.0188328,0.0062776,0.0188328,0.0062776
378,12824.4,0.18101,0.21673,0.05061,0.08673,0.00325,0,0.99974,1,0.995,0.995,0.99974,1,0.995,0.99495,0.07379,0.06108,0.00307,0.03051,0.00275,0,0.0188031,0.0062677,0.0188031,0.0062677,0.0188031,0.0062677,0.0188031,0.0062677
379,12858.3,0.16941,0.24813,0.0535,0.07847,0.00295,0,0.99974,1,0.995,0.995,0.99974,1,0.995,0.99488,0.05002,0.05863,0.00302,0.02438,0.00175,0,0.0187734,0.0062578,0.0187734,0.0062578,0.0187734,0.0062578,0.0187734,0.0062578
380,12892.2,0.18777,0.20816,0.05657,0.08146,0.0033,0,0.98946,1,0.99495,0.99495,0.98946,1,0.99495,0.99485,0.04318,0.06281,0.00291,0.03283,0.00124,0,0.0187437,0.0062479,0.0187437,0.0062479,0.0187437,0.0062479,0.0187437,0.0062479
381,12926.2,0.19816,0.2327,0.0528,0.08785,0.00349,0,1,0.99695,0.995,0.995,1,0.99695,0.995,0.995,0.07851,0.06833,0.00305,0.04271,0.00235,0,0.018714,0.006238,0.018714,0.006238,0.018714,0.006238,0.018714,0.006238
382,12959.8,0.19454,0.24324,0.05509,0.09194,0.00333,0,0.99502,0.99883,0.995,0.995,0.99502,0.99883,0.995,0.995,0.08022,0.05895,0.00296,0.05114,0.00238,0,0.0186843,0.0062281,0.0186843,0.0062281,0.0186843,0.0062281,0.0186843,0.0062281
383,12993.6,0.20149,0.23883,0.05421,0.09524,0.00353,0,0.99855,1,0.995,0.995,0.99855,1,0.995,0.99463,0.08931,0.05826,0.003,0.04914,0.00266,0,0.0186546,0.0062182,0.0186546,0.0062182,0.0186546,0.0062182,0.0186546,0.0062182
384,13026.9,0.20162,0.23684,0.05396,0.09299,0.00346,0,0.99502,0.99977,0.995,0.995,0.99502,0.99977,0.995,0.99331,0.07065,0.05548,0.00285,0.03989,0.00199,0,0.0186249,0.0062083,0.0186249,0.0062083,0.0186249,0.0062083,0.0186249,0.0062083
385,13060.3,0.20123,0.2189,0.0523,0.0942,0.00362,0,0.99813,1,0.995,0.995,0.99813,1,0.995,0.995,0.07589,0.06535,0.0028,0.04723,0.00206,0,0.0185952,0.0061984,0.0185952,0.0061984,0.0185952,0.0061984,0.0185952,0.0061984
386,13094.7,0.19607,0.23925,0.0544,0.0882,0.00346,0,0.99502,0.99941,0.99495,0.99495,0.99502,0.99941,0.99495,0.99318,0.0699,0.06294,0.00317,0.04053,0.00186,0,0.0185655,0.0061885,0.0185655,0.0061885,0.0185655,0.0061885,0.0185655,0.0061885
387,13128.4,0.18206,0.23598,0.05077,0.08641,0.00313,0,1,0.98992,0.995,0.995,1,0.98992,0.995,0.995,0.06067,0.06007,0.00285,0.04697,0.00183,0,0.0185358,0.0061786,0.0185358,0.0061786,0.0185358,0.0061786,0.0185358,0.0061786
388,13162.5,0.17039,0.26297,0.05686,0.08896,0.00298,0,1,0.99468,0.995,0.995,1,0.99468,0.995,0.9945,0.0458,0.05995,0.00257,0.03877,0.00155,0,0.0185061,0.0061687,0.0185061,0.0061687,0.0185061,0.0061687,0.0185061,0.0061687
389,13196.1,0.18863,0.21568,0.05522,0.08335,0.00324,0,0.99391,1,0.9949,0.9949,0.99391,1,0.9949,0.9949,0.04537,0.05762,0.00284,0.03959,0.00137,0,0.0184764,0.0061588,0.0184764,0.0061588,0.0184764,0.0061588,0.0184764,0.0061588
390,13229.5,0.20042,0.22234,0.06188,0.09679,0.00342,0,0.99346,0.995,0.99495,0.99495,0.99346,0.995,0.99495,0.99495,0.08265,0.06229,0.00285,0.07254,0.00211,0,0.0184467,0.0061489,0.0184467,0.0061489,0.0184467,0.0061489,0.0184467,0.0061489
391,13262.7,0.20726,0.20945,0.0523,0.09579,0.00366,0,0.99973,1,0.995,0.995,0.99973,1,0.995,0.995,0.05253,0.05869,0.00239,0.02674,0.00161,0,0.018417,0.006139,0.018417,0.006139,0.018417,0.006139,0.018417,0.006139
392,13295.8,0.19414,0.23533,0.0536,0.1144,0.00337,0,0.99927,1,0.995,0.995,0.99927,1,0.995,0.9932,0.04577,0.05897,0.00211,0.02794,0.00156,0,0.0183873,0.0061291,0.0183873,0.0061291,0.0183873,0.0061291,0.0183873,0.0061291
393,13330.1,0.20624,0.22573,0.05861,0.09746,0.00364,0,1,0.9998,0.995,0.995,1,0.9998,0.995,0.99499,0.0464,0.05668,0.00222,0.02675,0.00159,0,0.0183576,0.0061192,0.0183576,0.0061192,0.0183576,0.0061192,0.0183576,0.0061192
394,13364.2,0.19768,0.21137,0.0573,0.09732,0.00336,0,1,0.99955,0.995,0.995,1,0.99955,0.995,0.99469,0.07106,0.05481,0.00233,0.03399,0.00195,0,0.0183279,0.0061093,0.0183279,0.0061093,0.0183279,0.0061093,0.0183279,0.0061093
395,13398.6,0.18776,0.2424,0.0571,0.09559,0.00328,0,0.99502,0.99974,0.99495,0.99495,0.99502,0.99974,0.99495,0.99479,0.0549,0.06188,0.00259,0.03946,0.00167,0,0.0182982,0.0060994,0.0182982,0.0060994,0.0182982,0.0060994,0.0182982,0.0060994
396,13432.3,0.1951,0.24428,0.05595,0.09621,0.00337,0,0.9995,1,0.995,0.995,0.9995,1,0.995,0.99338,0.0505,0.05679,0.00289,0.03382,0.00178,0,0.0182685,0.0060895,0.0182685,0.0060895,0.0182685,0.0060895,0.0182685,0.0060895
397,13466.2,0.19661,0.20827,0.05064,0.09384,0.00356,0,1,0.99403,0.995,0.995,1,0.99403,0.995,0.995,0.07371,0.0545,0.00324,0.04307,0.0021,0,0.0182388,0.0060796,0.0182388,0.0060796,0.0182388,0.0060796,0.0182388,0.0060796
398,13499.4,0.19527,0.20715,0.04785,0.09162,0.00356,0,1,0.99991,0.995,0.995,1,0.99991,0.995,0.995,0.07286,0.05703,0.00336,0.0336,0.00221,0,0.0182091,0.0060697,0.0182091,0.0060697,0.0182091,0.0060697,0.0182091,0.0060697
399,13532.7,0.19608,0.20629,0.05394,0.0947,0.00329,0,0.99373,1,0.995,0.995,0.99373,1,0.995,0.99463,0.05244,0.05897,0.00281,0.03657,0.00144,0,0.0181794,0.0060598,0.0181794,0.0060598,0.0181794,0.0060598,0.0181794,0.0060598
400,13566.5,0.19745,0.2202,0.05183,0.09016,0.00331,0,0.99967,1,0.995,0.995,0.99967,1,0.995,0.99314,0.05226,0.05711,0.0024,0.03546,0.00144,0,0.0181497,0.0060499,0.0181497,0.0060499,0.0181497,0.0060499,0.0181497,0.0060499
401,13600.4,0.20328,0.20589,0.05147,0.09248,0.00354,0,0.99499,0.99302,0.9949,0.9949,0.99499,0.99302,0.9949,0.99436,0.05294,0.05651,0.00224,0.05438,0.00155,0,0.01812,0.00604,0.01812,0.00604,0.01812,0.00604,0.01812,0.00604
402,13634.7,0.19485,0.21368,0.04808,0.09702,0.00331,0,0.98799,1,0.99485,0.99485,0.98799,1,0.99485,0.99485,0.0441,0.056,0.00231,0.04161,0.00132,0,0.0180903,0.0060301,0.0180903,0.0060301,0.0180903,0.0060301,0.0180903,0.0060301
403,13668.5,0.19129,0.24819,0.0536,0.09236,0.00326,0,0.99418,1,0.995,0.995,0.99418,1,0.995,0.995,0.04896,0.05345,0.00259,0.038,0.0017,0,0.0180606,0.0060202,0.0180606,0.0060202,0.0180606,0.0060202,0.0180606,0.0060202
404,13702.9,0.19419,0.1924,0.04918,0.08716,0.0033,0,0.99803,0.985,0.99485,0.99485,0.99803,0.985,0.99485,0.99479,0.06204,0.05178,0.00298,0.06429,0.0018,0,0.0180309,0.0060103,0.0180309,0.0060103,0.0180309,0.0060103,0.0180309,0.0060103
405,13736.4,0.17833,0.23151,0.04947,0.08475,0.00305,0,0.9917,1,0.9949,0.9949,0.9917,1,0.9949,0.99488,0.06385,0.05515,0.00287,0.07607,0.00177,0,0.0180012,0.0060004,0.0180012,0.0060004,0.0180012,0.0060004,0.0180012,0.0060004
406,13769.5,0.18477,0.21137,0.04489,0.08557,0.0031,0,0.99368,0.995,0.99495,0.99495,0.99368,0.995,0.99495,0.99456,0.0869,0.05582,0.00272,0.07578,0.00236,0,0.0179715,0.0059905,0.0179715,0.0059905,0.0179715,0.0059905,0.0179715,0.0059905
407,13803.1,0.18744,0.19289,0.05205,0.08721,0.00327,0.01413,0.98954,0.995,0.9949,0.9949,0.98954,0.995,0.9949,0.9949,0.09302,0.06036,0.0027,0.06883,0.00267,0,0.0179418,0.0059806,0.0179418,0.0059806,0.0179418,0.0059806,0.0179418,0.0059806
408,13837.2,0.16813,0.28296,0.05317,0.08738,0.0029,0.14974,0.99223,0.99,0.9949,0.9949,0.99223,0.99,0.9949,0.9949,0.0699,0.07622,0.00441,0.06077,0.00207,0,0.0179121,0.0059707,0.0179121,0.0059707,0.0179121,0.0059707,0.0179121,0.0059707
409,13870.9,0.18834,0.25787,0.06175,0.08218,0.00324,0.00588,0.99899,1,0.995,0.995,0.99899,1,0.995,0.995,0.07569,0.0572,0.0079,0.04044,0.00245,0,0.0178824,0.0059608,0.0178824,0.0059608,0.0178824,0.0059608,0.0178824,0.0059608
410,13904.6,0.19054,0.20722,0.05557,0.08981,0.00323,0,0.99933,1,0.995,0.995,0.99933,1,0.995,0.995,0.07395,0.05718,0.00713,0.03442,0.00232,0,0.0178527,0.0059509,0.0178527,0.0059509,0.0178527,0.0059509,0.0178527,0.0059509
411,13938.2,0.19776,0.21412,0.05851,0.08769,0.00329,0,0.99418,1,0.99495,0.99495,0.99418,1,0.99495,0.99495,0.06406,0.06332,0.00505,0.04176,0.00176,0,0.017823,0.005941,0.017823,0.005941,0.017823,0.005941,0.017823,0.005941
412,13971.9,0.18268,0.21582,0.05599,0.07854,0.00325,0,1,0.99938,0.995,0.995,1,0.99938,0.995,0.995,0.08652,0.05828,0.00351,0.04112,0.00244,0,0.0177933,0.0059311,0.0177933,0.0059311,0.0177933,0.0059311,0.0177933,0.0059311
413,14005.2,0.19054,0.20985,0.05021,0.08192,0.0033,0,0.99421,1,0.995,0.995,0.99421,1,0.995,0.995,0.07328,0.05705,0.00306,0.04523,0.00202,0,0.0177636,0.0059212,0.0177636,0.0059212,0.0177636,0.0059212,0.0177636,0.0059212
414,14039.1,0.18598,0.20444,0.05508,0.08191,0.0033,0,0.9898,0.995,0.99495,0.99495,0.9898,0.995,0.99495,0.99495,0.06753,0.05065,0.00283,0.06366,0.00218,0,0.0177339,0.0059113,0.0177339,0.0059113,0.0177339,0.0059113,0.0177339,0.0059113
415,14073.6,0.19308,0.19014,0.05329,0.08431,0.00327,0,1,0.98322,0.99485,0.99485,1,0.98322,0.99485,0.99485,0.07659,0.05151,0.0028,0.065,0.00225,0,0.0177042,0.0059014,0.0177042,0.0059014,0.0177042,0.0059014,0.0177042,0.0059014
416,14107.8,0.18858,0.20891,0.05342,0.09093,0.00328,0,0.99002,0.99183,0.9949,0.9949,0.99002,0.99183,0.9949,0.9949,0.07051,0.05686,0.00264,0.06366,0.00218,0,0.0176745,0.0058915,0.0176745,0.0058915,0.0176745,0.0058915,0.0176745,0.0058915
417,14141.7,0.19524,0.18489,0.05457,0.08706,0.00335,0,0.99877,1,0.995,0.995,0.99877,1,0.995,0.9946,0.05982,0.06316,0.00274,0.05109,0.00184,0,0.0176448,0.0058816,0.0176448,0.0058816,0.0176448,0.0058816,0.0176448,0.0058816
418,14175,0.19736,0.18344,0.05031,0.08956,0.00347,0,0.99769,1,0.995,0.995,0.99769,1,0.995,0.99372,0.06847,0.05919,0.00289,0.04334,0.00228,0,0.0176151,0.0058717,0.0176151,0.0058717,0.0176151,0.0058717,0.0176151,0.0058717
419,14208.4,0.19222,0.19425,0.05,0.09014,0.00332,0,0.99443,1,0.995,0.995,0.99443,1,0.995,0.99389,0.06871,0.05563,0.00271,0.03666,0.00203,0,0.0175854,0.0058618,0.0175854,0.0058618,0.0175854,0.0058618,0.0175854,0.0058618
420,14241.3,0.18021,0.20207,0.05048,0.08509,0.00316,0,0.99944,0.99,0.9949,0.9949,0.99944,0.99,0.9949,0.99484,0.06711,0.05682,0.00259,0.04676,0.00246,0,0.0175557,0.0058519,0.0175557,0.0058519,0.0175557,0.0058519,0.0175557,0.0058519
421,14275.1,0.18122,0.20517,0.05549,0.0896,0.00318,0,1,0.99484,0.995,0.995,1,0.99484,0.995,0.99495,0.09463,0.05601,0.00236,0.04356,0.00284,0,0.017526,0.005842,0.017526,0.005842,0.017526,0.005842,0.017526,0.005842
422,14309.3,0.19334,0.20101,0.05064,0.0964,0.00333,0,0.99972,1,0.995,0.995,0.99972,1,0.995,0.99352,0.07604,0.05707,0.00223,0.03113,0.00211,0,0.0174963,0.0058321,0.0174963,0.0058321,0.0174963,0.0058321,0.0174963,0.0058321
423,14343.1,0.18915,0.19609,0.05421,0.08657,0.00332,0,0.99974,1,0.995,0.995,0.99974,1,0.995,0.99352,0.0572,0.05614,0.00226,0.02538,0.00181,0,0.0174666,0.0058222,0.0174666,0.0058222,0.0174666,0.0058222,0.0174666,0.0058222
424,14377,0.18913,0.19366,0.05308,0.0908,0.00346,0,1,0.99957,0.995,0.995,1,0.99957,0.995,0.995,0.06044,0.06094,0.00214,0.03003,0.00204,0,0.0174369,0.0058123,0.0174369,0.0058123,0.0174369,0.0058123,0.0174369,0.0058123
425,14411.1,0.17904,0.19843,0.04856,0.08369,0.00318,0,1,0.99979,0.995,0.995,1,0.99979,0.995,0.995,0.04546,0.05332,0.00204,0.02677,0.0014,0,0.0174072,0.0058024,0.0174072,0.0058024,0.0174072,0.0058024,0.0174072,0.0058024
426,14444.5,0.17737,0.19751,0.04931,0.08372,0.00327,0,0.99973,1,0.995,0.995,0.99973,1,0.995,0.99303,0.0455,0.05427,0.00206,0.02356,0.00146,0,0.0173775,0.0057925,0.0173775,0.0057925,0.0173775,0.0057925,0.0173775,0.0057925
427,14477.4,0.18981,0.21582,0.04978,0.10051,0.00328,0,0.99975,1,0.995,0.995,0.99975,1,0.995,0.99253,0.05059,0.05507,0.00204,0.02305,0.00174,0,0.0173478,0.0057826,0.0173478,0.0057826,0.0173478,0.0057826,0.0173478,0.0057826
428,14511.1,0.15669,0.27168,0.0533,0.08774,0.00293,0.05511,0.9995,0.995,0.995,0.995,0.9995,0.995,0.995,0.99337,0.05728,0.05758,0.00222,0.03616,0.00166,0,0.0173181,0.0057727,0.0173181,0.0057727,0.0173181,0.0057727,0.0173181,0.0057727
429,14545.4,0.17166,0.24706,0.04975,0.09891,0.003,0.00326,0.99974,1,0.995,0.995,0.99974,1,0.995,0.99297,0.06156,0.06418,0.00276,0.02709,0.00239,0,0.0172884,0.0057628,0.0172884,0.0057628,0.0172884,0.0057628,0.0172884,0.0057628
430,14579.2,0.1788,0.23689,0.05649,0.09341,0.0031,0,0.99986,1,0.995,0.995,0.99986,1,0.995,0.99289,0.05691,0.06174,0.0035,0.02775,0.0021,0,0.0172587,0.0057529,0.0172587,0.0057529,0.0172587,0.0057529,0.0172587,0.0057529
431,14613.1,0.18024,0.21098,0.0592,0.09271,0.00319,0,1,0.99986,0.995,0.995,1,0.99986,0.995,0.99355,0.09416,0.06067,0.00382,0.03701,0.00331,0,0.017229,0.005743,0.017229,0.005743,0.017229,0.005743,0.017229,0.005743
432,14647.1,0.18993,0.20615,0.05511,0.08545,0.00325,0,1,0.99971,0.995,0.995,1,0.99971,0.995,0.99382,0.05771,0.05675,0.00399,0.02944,0.00184,0,0.0171993,0.0057331,0.0171993,0.0057331,0.0171993,0.0057331,0.0171993,0.0057331
433,14681,0.18475,0.20183,0.05609,0.08547,0.00329,0,0.99476,0.995,0.99495,0.99495,0.99476,0.995,0.99495,0.9948,0.05641,0.05726,0.00461,0.06273,0.00187,0,0.0171696,0.0057232,0.0171696,0.0057232,0.0171696,0.0057232,0.0171696,0.0057232
434,14714.4,0.19234,0.17193,0.05239,0.09097,0.00337,0,0.9895,1,0.99475,0.99475,0.9895,1,0.99475,0.99338,0.09834,0.06389,0.00615,0.05646,0.00367,0,0.0171399,0.0057133,0.0171399,0.0057133,0.0171399,0.0057133,0.0171399,0.0057133
435,14747.9,0.187,0.20112,0.05122,0.08946,0.00333,0,1,0.99442,0.995,0.995,1,0.99442,0.995,0.9934,0.06477,0.05893,0.0049,0.03891,0.00245,0,0.0171102,0.0057034,0.0171102,0.0057034,0.0171102,0.0057034,0.0171102,0.0057034
436,14782.2,0.18236,0.20123,0.05343,0.08632,0.00318,0,0.99989,1,0.995,0.995,0.99989,1,0.995,0.9934,0.05985,0.05664,0.00414,0.02954,0.00226,0,0.0170805,0.0056935,0.0170805,0.0056935,0.0170805,0.0056935,0.0170805,0.0056935
437,14816.5,0.17528,0.19784,0.0548,0.08468,0.0031,0,0.99974,1,0.995,0.995,0.99974,1,0.995,0.99464,0.09423,0.0554,0.00361,0.03613,0.00313,0,0.0170508,0.0056836,0.0170508,0.0056836,0.0170508,0.0056836,0.0170508,0.0056836
438,14850.5,0.18343,0.17498,0.05385,0.09604,0.00333,0,1,0.99757,0.995,0.995,1,0.99757,0.995,0.995,0.05469,0.05045,0.00349,0.03752,0.0019,0,0.0170211,0.0056737,0.0170211,0.0056737,0.0170211,0.0056737,0.0170211,0.0056737
439,14884,0.17702,0.20418,0.05591,0.08754,0.00325,0,0.99009,0.99901,0.9949,0.9949,0.99009,0.99901,0.9949,0.9949,0.05901,0.05483,0.00392,0.04109,0.00203,0,0.0169914,0.0056638,0.0169914,0.0056638,0.0169914,0.0056638,0.0169914,0.0056638
440,14917.7,0.18492,0.20826,0.04928,0.09286,0.00318,0,0.99233,0.995,0.99495,0.99495,0.99233,0.995,0.99495,0.99495,0.05641,0.05851,0.00538,0.06134,0.00177,0,0.0169617,0.0056539,0.0169617,0.0056539,0.0169617,0.0056539,0.0169617,0.0056539
441,14950.8,0.18158,0.23146,0.05676,0.09245,0.00317,0.00514,0.99914,1,0.995,0.995,0.99914,1,0.995,0.995,0.03687,0.06375,0.00683,0.03248,0.00119,0,0.016932,0.005644,0.016932,0.005644,0.016932,0.005644,0.016932,0.005644
442,14984.4,0.1758,0.20425,0.05178,0.09368,0.00305,0,0.99117,1,0.9949,0.9949,0.99117,1,0.9949,0.9949,0.05111,0.06762,0.00761,0.05345,0.00153,0,0.0169023,0.0056341,0.0169023,0.0056341,0.0169023,0.0056341,0.0169023,0.0056341
443,15018.5,0.18994,0.20325,0.05048,0.09051,0.00321,0,0.99833,1,0.995,0.995,0.99833,1,0.995,0.99491,0.05854,0.06813,0.00642,0.04518,0.00191,0,0.0168726,0.0056242,0.0168726,0.0056242,0.0168726,0.0056242,0.0168726,0.0056242
444,15052.5,0.18918,0.20018,0.05009,0.08761,0.00319,0,0.99917,1,0.995,0.995,0.99917,1,0.995,0.99486,0.07538,0.06184,0.00545,0.03758,0.002,0,0.0168429,0.0056143,0.0168429,0.0056143,0.0168429,0.0056143,0.0168429,0.0056143
445,15086.7,0.19013,0.20882,0.05378,0.08736,0.00326,0,1,0.99977,0.995,0.995,1,0.99977,0.995,0.995,0.08718,0.058,0.00484,0.0392,0.00216,0,0.0168132,0.0056044,0.0168132,0.0056044,0.0168132,0.0056044,0.0168132,0.0056044
446,15120.2,0.1866,0.19737,0.0542,0.08739,0.00336,0,0.99961,1,0.995,0.995,0.99961,1,0.995,0.995,0.06386,0.05615,0.00411,0.03135,0.00185,0,0.0167835,0.0055945,0.0167835,0.0055945,0.0167835,0.0055945,0.0167835,0.0055945
447,15153.9,0.17892,0.19593,0.04703,0.08398,0.00314,0,0.99502,0.99937,0.99495,0.99495,0.99502,0.99937,0.99495,0.9949,0.07327,0.05678,0.00344,0.04158,0.00219,0,0.0167538,0.0055846,0.0167538,0.0055846,0.0167538,0.0055846,0.0167538,0.0055846
448,15187.4,0.18793,0.18426,0.05608,0.08683,0.00318,0,1,0.99967,0.995,0.995,1,0.99967,0.995,0.99389,0.06397,0.05138,0.00265,0.03461,0.00217,0,0.0167241,0.0055747,0.0167241,0.0055747,0.0167241,0.0055747,0.0167241,0.0055747
449,15221.1,0.17534,0.19175,0.05034,0.07742,0.00309,0,0.99416,1,0.99495,0.99495,0.99416,1,0.99495,0.99376,0.05802,0.05224,0.00256,0.05266,0.00199,0,0.0166944,0.0055648,0.0166944,0.0055648,0.0166944,0.0055648,0.0166944,0.0055648
450,15254.9,0.17871,0.18179,0.05327,0.07716,0.00308,0,0.97869,0.995,0.9941,0.9941,0.97869,0.995,0.9941,0.99398,0.04891,0.05375,0.00271,0.06241,0.00156,0,0.0166647,0.0055549,0.0166647,0.0055549,0.0166647,0.0055549,0.0166647,0.0055549
451,15288.8,0.1791,0.17339,0.04841,0.07909,0.00302,0,0.98517,0.99639,0.9948,0.9948,0.98517,0.99639,0.9948,0.9948,0.05509,0.05383,0.0028,0.04899,0.00165,0,0.016635,0.005545,0.016635,0.005545,0.016635,0.005545,0.016635,0.005545
452,15322.7,0.17668,0.18561,0.04454,0.07824,0.00301,0,0.9993,1,0.995,0.995,0.9993,1,0.995,0.99493,0.06344,0.05102,0.00274,0.03621,0.00185,0,0.0166053,0.0055351,0.0166053,0.0055351,0.0166053,0.0055351,0.0166053,0.0055351
453,15356.3,0.17938,0.17447,0.04721,0.08036,0.00325,0,1,0.99989,0.995,0.995,1,0.99989,0.995,0.99489,0.04498,0.05155,0.0026,0.02586,0.00134,0,0.0165756,0.0055252,0.0165756,0.0055252,0.0165756,0.0055252,0.0165756,0.0055252
454,15390.2,0.18926,0.17165,0.04617,0.08401,0.00326,0,1,0.99483,0.995,0.995,1,0.99483,0.995,0.99495,0.0456,0.05159,0.00266,0.03548,0.00151,0,0.0165459,0.0055153,0.0165459,0.0055153,0.0165459,0.0055153,0.0165459,0.0055153
455,15423.5,0.16475,0.19089,0.047,0.07768,0.00299,0,1,0.99835,0.995,0.995,1,0.99835,0.995,0.99343,0.0884,0.05164,0.00269,0.04162,0.00289,0,0.0165162,0.0055054,0.0165162,0.0055054,0.0165162,0.0055054,0.0165162,0.0055054
456,15457,0.17981,0.17488,0.04847,0.08064,0.00312,0,0.99802,1,0.995,0.995,0.99802,1,0.995,0.995,0.06333,0.05139,0.00237,0.04049,0.00196,0,0.0164865,0.0054955,0.0164865,0.0054955,0.0164865,0.0054955,0.0164865,0.0054955
457,15491.3,0.17666,0.1912,0.0485,0.07964,0.00312,0,0.99973,1,0.995,0.995,0.99973,1,0.995,0.99468,0.08109,0.04893,0.00246,0.03258,0.00242,0,0.0164568,0.0054856,0.0164568,0.0054856,0.0164568,0.0054856,0.0164568,0.0054856
458,15525.2,0.19096,0.16983,0.04417,0.08,0.00333,0,0.99423,1,0.995,0.995,0.99423,1,0.995,0.99465,0.05276,0.04571,0.00228,0.03176,0.00159,0,0.0164271,0.0054757,0.0164271,0.0054757,0.0164271,0.0054757,0.0164271,0.0054757
459,15559.2,0.16412,0.23312,0.05366,0.07662,0.00294,0.11376,0.99502,1,0.995,0.995,0.99502,1,0.995,0.9948,0.06323,0.04889,0.00212,0.03513,0.00184,0,0.0163974,0.0054658,0.0163974,0.0054658,0.0163974,0.0054658,0.0163974,0.0054658
460,15592.9,0.17139,0.18537,0.04838,0.081,0.00296,0,0.99963,1,0.995,0.995,0.99963,1,0.995,0.99366,0.051,0.04842,0.0025,0.02648,0.00141,0,0.0163677,0.0054559,0.0163677,0.0054559,0.0163677,0.0054559,0.0163677,0.0054559
461,15626.6,0.17582,0.17008,0.05303,0.07825,0.00316,0,0.99919,1,0.995,0.995,0.99919,1,0.995,0.99366,0.06122,0.04944,0.00268,0.03085,0.00165,0,0.016338,0.005446,0.016338,0.005446,0.016338,0.005446,0.016338,0.005446
462,15659.6,0.18294,0.19095,0.05105,0.08379,0.00319,0,0.99974,1,0.995,0.995,0.99974,1,0.995,0.995,0.05227,0.04794,0.00256,0.02502,0.00163,0,0.0163083,0.0054361,0.0163083,0.0054361,0.0163083,0.0054361,0.0163083,0.0054361
463,15692.9,0.18827,0.17686,0.05052,0.08905,0.0032,0,1,0.99954,0.995,0.995,1,0.99954,0.995,0.995,0.0376,0.04861,0.00231,0.03081,0.00129,0,0.0162786,0.0054262,0.0162786,0.0054262,0.0162786,0.0054262,0.0162786,0.0054262
464,15727.1,0.18236,0.1649,0.04853,0.07937,0.00289,0,0.99949,1,0.995,0.995,0.99949,1,0.995,0.99381,0.03984,0.04893,0.00219,0.02451,0.00115,0,0.0162489,0.0054163,0.0162489,0.0054163,0.0162489,0.0054163,0.0162489,0.0054163
465,15761.1,0.17803,0.18396,0.04433,0.0912,0.00312,0,0.99428,1,0.99495,0.99495,0.99428,1,0.99495,0.99385,0.05015,0.05069,0.00211,0.033,0.00149,0,0.0162192,0.0054064,0.0162192,0.0054064,0.0162192,0.0054064,0.0162192,0.0054064
466,15795.5,0.18548,0.17567,0.05327,0.08793,0.00323,0,0.99962,1,0.995,0.995,0.99962,1,0.995,0.99391,0.0568,0.04906,0.0021,0.02825,0.00159,0,0.0161895,0.0053965,0.0161895,0.0053965,0.0161895,0.0053965,0.0161895,0.0053965
467,15829.2,0.1776,0.15341,0.0462,0.08234,0.00305,0,0.99483,0.995,0.9949,0.9949,0.99483,0.995,0.9949,0.9949,0.04251,0.04722,0.00217,0.04403,0.00128,0,0.0161598,0.0053866,0.0161598,0.0053866,0.0161598,0.0053866,0.0161598,0.0053866
468,15863,0.17836,0.17326,0.05001,0.08389,0.00319,0,0.98257,0.985,0.99411,0.99411,0.98257,0.985,0.99411,0.99411,0.04203,0.04995,0.00211,0.06701,0.00132,0,0.0161301,0.0053767,0.0161301,0.0053767,0.0161301,0.0053767,0.0161301,0.0053767
469,15896.6,0.1872,0.17942,0.04495,0.08566,0.00326,0,0.98521,0.99914,0.99485,0.99485,0.98521,0.99914,0.99485,0.99485,0.045,0.04896,0.00207,0.04662,0.00154,0,0.0161004,0.0053668,0.0161004,0.0053668,0.0161004,0.0053668,0.0161004,0.0053668
470,15929.8,0.1769,0.20883,0.04605,0.08056,0.00306,0,0.98907,0.99,0.99465,0.99465,0.98907,0.99,0.99465,0.99465,0.05173,0.04978,0.00227,0.05933,0.00175,0,0.0160707,0.0053569,0.0160707,0.0053569,0.0160707,0.0053569,0.0160707,0.0053569
471,15963.7,0.17896,0.20563,0.05094,0.09024,0.00312,0,0.99454,0.995,0.99485,0.99485,0.99454,0.995,0.99485,0.99485,0.05591,0.05295,0.00275,0.04653,0.00175,0,0.016041,0.005347,0.016041,0.005347,0.016041,0.005347,0.016041,0.005347
472,15997.5,0.16378,0.18846,0.04386,0.085,0.00285,0,0.9938,1,0.9949,0.9949,0.9938,1,0.9949,0.99369,0.04973,0.05412,0.00333,0.03684,0.00143,0,0.0160113,0.0053371,0.0160113,0.0053371,0.0160113,0.0053371,0.0160113,0.0053371
473,16031.9,0.16783,0.20327,0.05048,0.08365,0.00285,0,0.99968,1,0.995,0.995,0.99968,1,0.995,0.99319,0.04585,0.05751,0.00348,0.02499,0.00133,0,0.0159816,0.0053272,0.0159816,0.0053272,0.0159816,0.0053272,0.0159816,0.0053272
474,16065.5,0.18,0.1853,0.04787,0.08654,0.00303,0,0.99964,1,0.995,0.995,0.99964,1,0.995,0.99302,0.05776,0.05567,0.00324,0.03271,0.0017,0,0.0159519,0.0053173,0.0159519,0.0053173,0.0159519,0.0053173,0.0159519,0.0053173
475,16099.1,0.17988,0.15235,0.04378,0.08944,0.00314,0,0.99903,1,0.995,0.995,0.99903,1,0.995,0.99302,0.05071,0.05242,0.00322,0.02722,0.00155,0,0.0159222,0.0053074,0.0159222,0.0053074,0.0159222,0.0053074,0.0159222,0.0053074
476,16132.4,0.18047,0.17373,0.04669,0.08172,0.00315,0,1,0.99912,0.995,0.995,1,0.99912,0.995,0.99297,0.05836,0.05299,0.0031,0.0348,0.00148,0,0.0158925,0.0052975,0.0158925,0.0052975,0.0158925,0.0052975,0.0158925,0.0052975
477,16165.8,0.17913,0.17168,0.04563,0.08545,0.003,0,0.99502,0.99909,0.995,0.995,0.99502,0.99909,0.995,0.99255,0.06281,0.04998,0.00263,0.03727,0.00167,0,0.0158628,0.0052876,0.0158628,0.0052876,0.0158628,0.0052876,0.0158628,0.0052876
478,16199.6,0.17507,0.1722,0.04603,0.0847,0.00312,0,0.99009,0.99861,0.99485,0.99485,0.99009,0.99861,0.99485,0.99485,0.0556,0.04737,0.00236,0.04984,0.0016,0,0.0158331,0.0052777,0.0158331,0.0052777,0.0158331,0.0052777,0.0158331,0.0052777
479,16233.9,0.17683,0.17684,0.04574,0.0875,0.0029,0,1,0.99465,0.995,0.995,1,0.99465,0.995,0.9948,0.05777,0.04666,0.00264,0.04138,0.00169,0,0.0158034,0.0052678,0.0158034,0.0052678,0.0158034,0.0052678,0.0158034,0.0052678
480,16268.3,0.17295,0.18987,0.04723,0.08689,0.003,0,1,0.99441,0.995,0.995,1,0.99441,0.995,0.995,0.05265,0.04805,0.003,0.03775,0.00155,0,0.0157737,0.0052579,0.0157737,0.0052579,0.0157737,0.0052579,0.0157737,0.0052579
481,16302.2,0.17861,0.17359,0.04432,0.08666,0.00304,0,0.99948,1,0.995,0.995,0.99948,1,0.995,0.995,0.04393,0.04806,0.00322,0.0265,0.00133,0,0.015744,0.005248,0.015744,0.005248,0.015744,0.005248,0.015744,0.005248
482,16340.1,0.17079,0.17006,0.04967,0.08035,0.00296,0,0.99477,1,0.9949,0.9949,0.99477,1,0.9949,0.9949,0.05441,0.04759,0.00309,0.04287,0.00172,0,0.0157143,0.0052381,0.0157143,0.0052381,0.0157143,0.0052381,0.0157143,0.0052381
483,16375.2,0.17621,0.16887,0.04533,0.08525,0.00293,0,0.99835,1,0.995,0.995,0.99835,1,0.995,0.995,0.05601,0.04565,0.00266,0.04428,0.00181,0,0.0156846,0.0052282,0.0156846,0.0052282,0.0156846,0.0052282,0.0156846,0.0052282
484,16409.1,0.17262,0.18063,0.04991,0.08879,0.00295,0,0.99922,1,0.995,0.995,0.99922,1,0.995,0.995,0.05026,0.04851,0.00243,0.03216,0.00163,0,0.0156549,0.0052183,0.0156549,0.0052183,0.0156549,0.0052183,0.0156549,0.0052183
485,16443.6,0.17203,0.16615,0.044,0.0802,0.00299,0,1,0.99979,0.995,0.995,1,0.99979,0.995,0.99456,0.05784,0.04849,0.00233,0.03438,0.00194,0,0.0156252,0.0052084,0.0156252,0.0052084,0.0156252,0.0052084,0.0156252,0.0052084
486,16478.2,0.16187,0.1555,0.04496,0.07067,0.00298,0,0.99993,0.995,0.995,0.995,0.99993,0.995,0.995,0.99451,0.05013,0.04755,0.00218,0.03565,0.00156,0,0.0155955,0.0051985,0.0155955,0.0051985,0.0155955,0.0051985,0.0155955,0.0051985
487,16512.1,0.16744,0.1714,0.049,0.0738,0.00299,0,0.99986,1,0.995,0.995,0.99986,1,0.995,0.995,0.04144,0.04622,0.00197,0.02436,0.00137,0,0.0155658,0.0051886,0.0155658,0.0051886,0.0155658,0.0051886,0.0155658,0.0051886
488,16545.9,0.16303,0.16828,0.04487,0.07247,0.00287,0,0.99912,1,0.995,0.995,0.99912,1,0.995,0.995,0.03092,0.04754,0.00189,0.02418,0.00103,0,0.0155361,0.0051787,0.0155361,0.0051787,0.0155361,0.0051787,0.0155361,0.0051787
489,16579.5,0.15718,0.19534,0.04873,0.0802,0.00279,0,0.99961,1,0.995,0.995,0.99961,1,0.995,0.995,0.03926,0.04545,0.00186,0.02314,0.00143,0,0.0155064,0.0051688,0.0155064,0.0051688,0.0155064,0.0051688,0.0155064,0.0051688
490,16613.4,0.17323,0.17942,0.04789,0.07756,0.00301,0,0.99974,1,0.995,0.995,0.99974,1,0.995,0.995,0.03882,0.04376,0.002,0.02269,0.00142,0,0.0154767,0.0051589,0.0154767,0.0051589,0.0154767,0.0051589,0.0154767,0.0051589
491,16646.7,0.17555,0.16415,0.04436,0.08369,0.00296,0,0.99968,1,0.995,0.995,0.99968,1,0.995,0.995,0.05303,0.04424,0.00205,0.02606,0.00153,0,0.015447,0.005149,0.015447,0.005149,0.015447,0.005149,0.015447,0.005149
492,16680.5,0.175,0.16616,0.04653,0.07873,0.00304,0,0.99978,1,0.995,0.995,0.99978,1,0.995,0.995,0.06198,0.0459,0.00198,0.0268,0.00215,0,0.0154173,0.0051391,0.0154173,0.0051391,0.0154173,0.0051391,0.0154173,0.0051391
493,16714.6,0.17384,0.14759,0.0424,0.07414,0.00297,0,0.99946,1,0.995,0.995,0.99946,1,0.995,0.995,0.05847,0.0467,0.00201,0.03011,0.00216,0,0.0153876,0.0051292,0.0153876,0.0051292,0.0153876,0.0051292,0.0153876,0.0051292
494,16748.3,0.16523,0.15311,0.04873,0.07317,0.00294,0,1,0.99981,0.995,0.995,1,0.99981,0.995,0.995,0.04932,0.04389,0.00212,0.02677,0.0017,0,0.0153579,0.0051193,0.0153579,0.0051193,0.0153579,0.0051193,0.0153579,0.0051193
495,16782,0.16443,0.17287,0.04505,0.07502,0.0029,0,1,0.99972,0.995,0.995,1,0.99972,0.995,0.995,0.04161,0.04454,0.00202,0.02343,0.00141,0,0.0153282,0.0051094,0.0153282,0.0051094,0.0153282,0.0051094,0.0153282,0.0051094
496,16815.5,0.14682,0.15962,0.04479,0.07149,0.0026,0,0.99458,1,0.995,0.995,0.99458,1,0.995,0.995,0.03303,0.04608,0.00188,0.02226,0.00118,0,0.0152985,0.0050995,0.0152985,0.0050995,0.0152985,0.0050995,0.0152985,0.0050995
497,16849.2,0.16553,0.17841,0.04582,0.07837,0.00294,0,0.99907,1,0.995,0.995,0.99907,1,0.995,0.995,0.04308,0.04486,0.00158,0.02517,0.00124,0,0.0152688,0.0050896,0.0152688,0.0050896,0.0152688,0.0050896,0.0152688,0.0050896
498,16882.2,0.17031,0.16464,0.04751,0.08282,0.00293,0,0.99971,1,0.995,0.995,0.99971,1,0.995,0.995,0.03974,0.04428,0.00147,0.0207,0.00112,0,0.0152391,0.0050797,0.0152391,0.0050797,0.0152391,0.0050797,0.0152391,0.0050797
499,16915.7,0.16548,0.16122,0.04321,0.08128,0.0029,0,0.99973,1,0.995,0.995,0.99973,1,0.995,0.995,0.0393,0.04347,0.00144,0.02016,0.00111,0,0.0152094,0.0050698,0.0152094,0.0050698,0.0152094,0.0050698,0.0152094,0.0050698
500,16950,0.16423,0.17203,0.04326,0.07753,0.00285,0,1,0.99983,0.995,0.995,1,0.99983,0.995,0.995,0.0413,0.04336,0.00148,0.0236,0.00124,0,0.0151797,0.0050599,0.0151797,0.0050599,0.0151797,0.0050599,0.0151797,0.0050599
501,16984,0.16241,0.16007,0.04578,0.07193,0.00266,0,0.99009,0.99907,0.99485,0.99485,0.99009,0.99907,0.99485,0.99485,0.04538,0.04338,0.00137,0.04968,0.00149,0,0.01515,0.00505,0.01515,0.00505,0.01515,0.00505,0.01515,0.00505
502,17017.8,0.16594,0.1565,0.04358,0.07615,0.00276,0,0.99984,1,0.995,0.995,0.99984,1,0.995,0.995,0.03686,0.04362,0.00127,0.0213,0.00116,0,0.0151203,0.0050401,0.0151203,0.0050401,0.0151203,0.0050401,0.0151203,0.0050401
503,17051.2,0.17049,0.16005,0.04355,0.07501,0.00282,0,0.99502,0.99972,0.995,0.995,0.99502,0.99972,0.995,0.995,0.02624,0.0446,0.00123,0.02381,0.00092,0,0.0150906,0.0050302,0.0150906,0.0050302,0.0150906,0.0050302,0.0150906,0.0050302
504,17084.7,0.15823,0.17106,0.04643,0.07118,0.00273,0,0.99973,1,0.995,0.995,0.99973,1,0.995,0.995,0.02723,0.04592,0.00129,0.01659,0.00092,0,0.0150609,0.0050203,0.0150609,0.0050203,0.0150609,0.0050203,0.0150609,0.0050203
505,17117.9,0.15676,0.17984,0.04363,0.0761,0.00262,0,0.99973,1,0.995,0.995,0.99973,1,0.995,0.995,0.0408,0.04537,0.00138,0.02244,0.0013,0,0.0150312,0.0050104,0.0150312,0.0050104,0.0150312,0.0050104,0.0150312,0.0050104
506,17151.6,0.16359,0.16814,0.04346,0.07711,0.00301,0,0.99974,1,0.995,0.995,0.99974,1,0.995,0.995,0.05984,0.04461,0.00148,0.02609,0.00151,0,0.0150015,0.0050005,0.0150015,0.0050005,0.0150015,0.0050005,0.0150015,0.0050005
507,17185.8,0.16217,0.16405,0.04662,0.07547,0.00283,0,0.99972,1,0.995,0.995,0.99972,1,0.995,0.995,0.05562,0.04385,0.00164,0.02439,0.00147,0,0.0149718,0.0049906,0.0149718,0.0049906,0.0149718,0.0049906,0.0149718,0.0049906
508,17219.7,0.16264,0.14301,0.04568,0.07553,0.00265,0,0.99973,1,0.995,0.995,0.99973,1,0.995,0.99499,0.04396,0.04548,0.00162,0.02063,0.00134,0,0.0149421,0.0049807,0.0149421,0.0049807,0.0149421,0.0049807,0.0149421,0.0049807
509,17253.7,0.16597,0.1602,0.04539,0.07927,0.00287,0,0.9996,1,0.995,0.995,0.9996,1,0.995,0.99499,0.02364,0.04579,0.00152,0.01813,0.00081,0,0.0149124,0.0049708,0.0149124,0.0049708,0.0149124,0.0049708,0.0149124,0.0049708
510,17287.3,0.16608,0.14756,0.04392,0.07947,0.00282,0,0.99974,1,0.995,0.995,0.99974,1,0.995,0.99499,0.03043,0.04746,0.00148,0.01764,0.00097,0,0.0148827,0.0049609,0.0148827,0.0049609,0.0148827,0.0049609,0.0148827,0.0049609
511,17321.3,0.16973,0.15669,0.04628,0.07728,0.00289,0,0.9998,1,0.995,0.995,0.9998,1,0.995,0.995,0.04258,0.04481,0.00149,0.02237,0.00139,0,0.014853,0.004951,0.014853,0.004951,0.014853,0.004951,0.014853,0.004951
512,17354.2,0.16238,0.14654,0.04466,0.07603,0.00292,0,0.99969,1,0.995,0.995,0.99969,1,0.995,0.995,0.04026,0.04549,0.00146,0.02341,0.00139,0,0.0148233,0.0049411,0.0148233,0.0049411,0.0148233,0.0049411,0.0148233,0.0049411
513,17387.8,0.16215,0.15686,0.04495,0.08123,0.00278,0,1,0.99944,0.995,0.995,1,0.99944,0.995,0.995,0.05695,0.04333,0.00141,0.0307,0.00191,0,0.0147936,0.0049312,0.0147936,0.0049312,0.0147936,0.0049312,0.0147936,0.0049312
514,17421.9,0.15647,0.15295,0.04423,0.07223,0.00281,0,1,0.99942,0.995,0.995,1,0.99942,0.995,0.995,0.04693,0.04231,0.00139,0.02782,0.00155,0,0.0147639,0.0049213,0.0147639,0.0049213,0.0147639,0.0049213,0.0147639,0.0049213
515,17455.9,0.16316,0.15378,0.04817,0.07605,0.00281,0,0.99981,1,0.995,0.995,0.99981,1,0.995,0.995,0.0361,0.04297,0.00136,0.02237,0.00105,0,0.0147342,0.0049114,0.0147342,0.0049114,0.0147342,0.0049114,0.0147342,0.0049114
516,17489.9,0.16573,0.16522,0.04518,0.07932,0.00274,0,0.99911,1,0.995,0.995,0.99911,1,0.995,0.9948,0.03885,0.04247,0.00133,0.0297,0.00114,0,0.0147045,0.0049015,0.0147045,0.0049015,0.0147045,0.0049015,0.0147045,0.0049015
517,17523.6,0.16109,0.13306,0.04285,0.07504,0.00281,0,0.98456,1,0.9949,0.9949,0.98456,1,0.9949,0.9949,0.0552,0.04033,0.00143,0.04573,0.00157,0,0.0146748,0.0048916,0.0146748,0.0048916,0.0146748,0.0048916,0.0146748,0.0048916
518,17557.3,0.15554,0.15901,0.04172,0.07808,0.00278,0,1,0.9981,0.995,0.995,1,0.9981,0.995,0.995,0.02504,0.04001,0.00142,0.02703,0.00086,0,0.0146451,0.0048817,0.0146451,0.0048817,0.0146451,0.0048817,0.0146451,0.0048817
519,17590.5,0.16266,0.14848,0.04497,0.06973,0.00296,0,0.99731,1,0.995,0.995,0.99731,1,0.995,0.995,0.04846,0.04091,0.00135,0.03192,0.00149,0,0.0146154,0.0048718,0.0146154,0.0048718,0.0146154,0.0048718,0.0146154,0.0048718
520,17624,0.17051,0.1685,0.04357,0.0725,0.00273,0,1,0.99919,0.995,0.995,1,0.99919,0.995,0.995,0.04619,0.04145,0.00135,0.02608,0.00139,0,0.0145857,0.0048619,0.0145857,0.0048619,0.0145857,0.0048619,0.0145857,0.0048619
521,17658.3,0.15715,0.15788,0.0472,0.07071,0.00271,0,0.9994,1,0.995,0.995,0.9994,1,0.995,0.995,0.05538,0.04119,0.00134,0.02653,0.00157,0,0.014556,0.004852,0.014556,0.004852,0.014556,0.004852,0.014556,0.004852
522,17693.1,0.15318,0.16274,0.04471,0.07575,0.00263,0,1,0.99892,0.995,0.995,1,0.99892,0.995,0.995,0.04867,0.04061,0.00136,0.0271,0.00147,0,0.0145263,0.0048421,0.0145263,0.0048421,0.0145263,0.0048421,0.0145263,0.0048421
523,17727.4,0.15355,0.16562,0.04292,0.06852,0.00271,0,1,0.99972,0.995,0.995,1,0.99972,0.995,0.995,0.04858,0.03854,0.00137,0.02762,0.00158,0,0.0144966,0.0048322,0.0144966,0.0048322,0.0144966,0.0048322,0.0144966,0.0048322
524,17760.8,0.15883,0.1603,0.04095,0.06956,0.00266,0,1,0.99436,0.995,0.995,1,0.99436,0.995,0.995,0.05623,0.0399,0.00151,0.03875,0.00178,0,0.0144669,0.0048223,0.0144669,0.0048223,0.0144669,0.0048223,0.0144669,0.0048223
525,17794.6,0.15639,0.16453,0.04357,0.06565,0.00278,0,1,0.9992,0.995,0.995,1,0.9992,0.995,0.995,0.07161,0.04188,0.00162,0.03374,0.00204,0,0.0144372,0.0048124,0.0144372,0.0048124,0.0144372,0.0048124,0.0144372,0.0048124
526,17827.7,0.15936,0.1489,0.04402,0.0703,0.00268,0,0.99959,1,0.995,0.995,0.99959,1,0.995,0.995,0.06592,0.04069,0.00162,0.03488,0.00189,0,0.0144075,0.0048025,0.0144075,0.0048025,0.0144075,0.0048025,0.0144075,0.0048025
527,17861,0.15919,0.15506,0.0411,0.07042,0.00273,0,0.99793,1,0.995,0.995,0.99793,1,0.995,0.995,0.06116,0.04154,0.00149,0.03906,0.00167,0,0.0143778,0.0047926,0.0143778,0.0047926,0.0143778,0.0047926,0.0143778,0.0047926
528,17895.1,0.15951,0.14161,0.04169,0.07099,0.00269,0,0.99445,1,0.99495,0.99495,0.99445,1,0.99495,0.99492,0.059,0.04244,0.00138,0.04003,0.00159,0,0.0143481,0.0047827,0.0143481,0.0047827,0.0143481,0.0047827,0.0143481,0.0047827
529,17929,0.15217,0.16286,0.046,0.07159,0.00248,0,0.99911,1,0.995,0.995,0.99911,1,0.995,0.99496,0.06202,0.04481,0.00132,0.03504,0.00159,0,0.0143184,0.0047728,0.0143184,0.0047728,0.0143184,0.0047728,0.0143184,0.0047728
530,17963.4,0.16323,0.15705,0.0418,0.07407,0.00281,0,0.99852,1,0.995,0.995,0.99852,1,0.995,0.99252,0.0458,0.04568,0.00132,0.03298,0.0014,0,0.0142887,0.0047629,0.0142887,0.0047629,0.0142887,0.0047629,0.0142887,0.0047629
531,17996.9,0.16849,0.14847,0.04067,0.07345,0.00273,0,0.99421,0.995,0.99495,0.99495,0.99421,0.995,0.99495,0.99252,0.0413,0.04486,0.00135,0.04537,0.00129,0,0.014259,0.004753,0.014259,0.004753,0.014259,0.004753,0.014259,0.004753
532,18030.7,0.15692,0.15195,0.04518,0.075,0.00267,0,0.99949,1,0.995,0.995,0.99949,1,0.995,0.99253,0.03728,0.04213,0.00142,0.05063,0.0012,0,0.0142293,0.0047431,0.0142293,0.0047431,0.0142293,0.0047431,0.0142293,0.0047431
533,18064.3,0.16432,0.1432,0.04179,0.07437,0.00277,0,0.99842,0.995,0.995,0.995,0.99842,0.995,0.995,0.99455,0.04471,0.04124,0.00138,0.04843,0.00126,0,0.0141996,0.0047332,0.0141996,0.0047332,0.0141996,0.0047332,0.0141996,0.0047332
534,18098,0.16067,0.15078,0.042,0.07794,0.00283,0,0.99911,0.995,0.995,0.995,0.99911,0.995,0.995,0.99456,0.0545,0.04145,0.00127,0.04067,0.00146,0,0.0141699,0.0047233,0.0141699,0.0047233,0.0141699,0.0047233,0.0141699,0.0047233
535,18131.7,0.16444,0.14315,0.04078,0.07869,0.0027,0,0.98961,1,0.9944,0.9944,0.98961,1,0.9944,0.99432,0.03983,0.04146,0.00128,0.04387,0.00119,0,0.0141402,0.0047134,0.0141402,0.0047134,0.0141402,0.0047134,0.0141402,0.0047134
536,18165.8,0.15977,0.14267,0.04021,0.07031,0.00262,0,0.99791,0.995,0.995,0.995,0.99791,0.995,0.995,0.99494,0.02929,0.03905,0.00121,0.03193,0.00107,0,0.0141105,0.0047035,0.0141105,0.0047035,0.0141105,0.0047035,0.0141105,0.0047035
537,18199.8,0.16237,0.15295,0.046,0.07575,0.00267,0,0.99956,0.995,0.995,0.995,0.99956,0.995,0.995,0.99496,0.03679,0.03798,0.00117,0.03101,0.0011,0,0.0140808,0.0046936,0.0140808,0.0046936,0.0140808,0.0046936,0.0140808,0.0046936
538,18233.3,0.15407,0.13414,0.04422,0.07068,0.00264,0,0.99954,1,0.995,0.995,0.99954,1,0.995,0.99499,0.03959,0.03908,0.00116,0.02183,0.00105,0,0.0140511,0.0046837,0.0140511,0.0046837,0.0140511,0.0046837,0.0140511,0.0046837
539,18266.9,0.14053,0.17435,0.04396,0.06736,0.00237,0,0.9997,1,0.995,0.995,0.9997,1,0.995,0.99499,0.04052,0.03915,0.00109,0.0229,0.00107,0,0.0140214,0.0046738,0.0140214,0.0046738,0.0140214,0.0046738,0.0140214,0.0046738
540,18301.7,0.15557,0.13613,0.0395,0.07426,0.0026,0,1,0.99992,0.995,0.995,1,0.99992,0.995,0.9945,0.04248,0.0388,0.00107,0.02243,0.00113,0,0.0139917,0.0046639,0.0139917,0.0046639,0.0139917,0.0046639,0.0139917,0.0046639
541,18343.5,0.15193,0.14617,0.04322,0.0763,0.00255,0,0.99974,1,0.995,0.995,0.99974,1,0.995,0.99452,0.03969,0.0415,0.00113,0.01933,0.00108,0,0.013962,0.004654,0.013962,0.004654,0.013962,0.004654,0.013962,0.004654
542,18386.4,0.15505,0.14543,0.03994,0.0712,0.00265,0,1,0.99797,0.995,0.995,1,0.99797,0.995,0.99454,0.05268,0.0421,0.00117,0.02831,0.0015,0,0.0139323,0.0046441,0.0139323,0.0046441,0.0139323,0.0046441,0.0139323,0.0046441
543,18420.3,0.15532,0.12811,0.04041,0.07086,0.00292,0,0.99974,1,0.995,0.995,0.99974,1,0.995,0.99452,0.06035,0.04252,0.00114,0.02672,0.00179,0,0.0139026,0.0046342,0.0139026,0.0046342,0.0139026,0.0046342,0.0139026,0.0046342
544,18454,0.16115,0.14436,0.04288,0.07416,0.00275,0,0.99975,1,0.995,0.995,0.99975,1,0.995,0.99304,0.05198,0.04147,0.00111,0.02322,0.00165,0,0.0138729,0.0046243,0.0138729,0.0046243,0.0138729,0.0046243,0.0138729,0.0046243
545,18487.7,0.15071,0.14254,0.03994,0.06963,0.00261,0,0.99995,1,0.995,0.995,0.99995,1,0.995,0.99263,0.0444,0.04299,0.00103,0.0219,0.00141,0,0.0138432,0.0046144,0.0138432,0.0046144,0.0138432,0.0046144,0.0138432,0.0046144
546,18521.7,0.15207,0.15228,0.03454,0.07427,0.00256,0,1,1,0.995,0.995,1,1,0.995,0.99264,0.05211,0.04245,0.00099,0.02331,0.00167,0,0.0138135,0.0046045,0.0138135,0.0046045,0.0138135,0.0046045,0.0138135,0.0046045
547,18554.6,0.13784,0.14774,0.04082,0.07029,0.00241,0,0.99975,1,0.995,0.995,0.99975,1,0.995,0.99416,0.05125,0.04047,0.00105,0.02351,0.00157,0,0.0137838,0.0045946,0.0137838,0.0045946,0.0137838,0.0045946,0.0137838,0.0045946
548,18588.4,0.14765,0.14428,0.04005,0.07042,0.00265,0,1,0.99995,0.995,0.995,1,0.99995,0.995,0.99451,0.06364,0.04119,0.0011,0.02799,0.0021,0,0.0137541,0.0045847,0.0137541,0.0045847,0.0137541,0.0045847,0.0137541,0.0045847
549,18623,0.1464,0.14119,0.03984,0.0653,0.00263,0,1,0.99909,0.995,0.995,1,0.99909,0.995,0.99451,0.04954,0.04162,0.00108,0.03031,0.0016,0,0.0137244,0.0045748,0.0137244,0.0045748,0.0137244,0.0045748,0.0137244,0.0045748
550,18657,0.15571,0.14775,0.04369,0.07702,0.00267,0,0.99937,0.995,0.995,0.995,0.99937,0.995,0.995,0.9945,0.05023,0.04218,0.00106,0.02908,0.00161,0,0.0136947,0.0045649,0.0136947,0.0045649,0.0136947,0.0045649,0.0136947,0.0045649
551,18691,0.1629,0.13074,0.04309,0.07285,0.0026,0,0.99481,1,0.995,0.995,0.99481,1,0.995,0.99471,0.04233,0.04083,0.00112,0.02884,0.00135,0,0.013665,0.004555,0.013665,0.004555,0.013665,0.004555,0.013665,0.004555
552,18724.5,0.14762,0.13956,0.04081,0.06778,0.00265,0,0.99491,1,0.995,0.995,0.99491,1,0.995,0.99329,0.03291,0.04164,0.00119,0.02833,0.00103,0,0.0136353,0.0045451,0.0136353,0.0045451,0.0136353,0.0045451,0.0136353,0.0045451
553,18758.1,0.14284,0.14714,0.04163,0.06438,0.00238,0,0.99824,1,0.995,0.995,0.99824,1,0.995,0.99465,0.0468,0.04025,0.00118,0.03422,0.00143,0,0.0136056,0.0045352,0.0136056,0.0045352,0.0136056,0.0045352,0.0136056,0.0045352
554,18791.2,0.15647,0.14128,0.0413,0.0674,0.00259,0,0.99944,1,0.995,0.995,0.99944,1,0.995,0.995,0.04113,0.0388,0.00127,0.02808,0.00122,0,0.0135759,0.0045253,0.0135759,0.0045253,0.0135759,0.0045253,0.0135759,0.0045253
555,18824.7,0.1546,0.14051,0.04328,0.07194,0.00267,0,0.99867,1,0.995,0.995,0.99867,1,0.995,0.995,0.04035,0.03896,0.00139,0.03914,0.00117,0,0.0135462,0.0045154,0.0135462,0.0045154,0.0135462,0.0045154,0.0135462,0.0045154
556,18858.9,0.14982,0.13928,0.03886,0.07252,0.00264,0,0.99885,0.99,0.9949,0.9949,0.99885,0.99,0.9949,0.9949,0.03614,0.03951,0.00138,0.03707,0.00111,0,0.0135165,0.0045055,0.0135165,0.0045055,0.0135165,0.0045055,0.0135165,0.0045055
557,18892.9,0.15718,0.14361,0.04094,0.07352,0.00253,0,0.9989,0.995,0.995,0.995,0.9989,0.995,0.995,0.99453,0.03351,0.04178,0.00132,0.02843,0.00106,0,0.0134868,0.0044956,0.0134868,0.0044956,0.0134868,0.0044956,0.0134868,0.0044956
558,18927,0.15873,0.14938,0.04029,0.07282,0.00268,0,0.99879,1,0.995,0.995,0.99879,1,0.995,0.99457,0.03984,0.04187,0.00129,0.04028,0.00133,0,0.0134571,0.0044857,0.0134571,0.0044857,0.0134571,0.0044857,0.0134571,0.0044857
559,18960.7,0.15135,0.13965,0.04279,0.06692,0.00249,0,1,0.9993,0.995,0.995,1,0.9993,0.995,0.99461,0.03098,0.04129,0.00132,0.02159,0.00107,0,0.0134274,0.0044758,0.0134274,0.0044758,0.0134274,0.0044758,0.0134274,0.0044758
560,18994.3,0.1507,0.13713,0.04008,0.06395,0.00255,0,0.99934,1,0.995,0.995,0.99934,1,0.995,0.99456,0.0299,0.04012,0.00137,0.02236,0.00102,0,0.0133977,0.0044659,0.0133977,0.0044659,0.0133977,0.0044659,0.0133977,0.0044659
561,19027.6,0.1638,0.13433,0.0363,0.08016,0.00282,0,0.99427,1,0.99495,0.99495,0.99427,1,0.99495,0.99492,0.02541,0.03997,0.00139,0.03113,0.00092,0,0.013368,0.004456,0.013368,0.004456,0.013368,0.004456,0.013368,0.004456
562,19061.1,0.1513,0.14416,0.03937,0.06876,0.00251,0,0.99974,1,0.995,0.995,0.99974,1,0.995,0.99481,0.03061,0.0392,0.00131,0.02903,0.00112,0,0.0133383,0.0044461,0.0133383,0.0044461,0.0133383,0.0044461,0.0133383,0.0044461
563,19095.1,0.1569,0.14076,0.04168,0.07026,0.00268,0,0.99848,1,0.995,0.995,0.99848,1,0.995,0.99457,0.03271,0.03786,0.00126,0.03442,0.00114,0,0.0133086,0.0044362,0.0133086,0.0044362,0.0133086,0.0044362,0.0133086,0.0044362
564,19129.3,0.13873,0.13082,0.04003,0.06126,0.00261,0,0.99974,1,0.995,0.995,0.99974,1,0.995,0.99499,0.02385,0.03777,0.00129,0.01525,0.0008,0,0.0132789,0.0044263,0.0132789,0.0044263,0.0132789,0.0044263,0.0132789,0.0044263
565,19163.2,0.15096,0.12681,0.03739,0.06944,0.00258,0,0.99949,1,0.995,0.995,0.99949,1,0.995,0.99499,0.02399,0.03911,0.00125,0.01736,0.0008,0,0.0132492,0.0044164,0.0132492,0.0044164,0.0132492,0.0044164,0.0132492,0.0044164
566,19196.8,0.13798,0.1265,0.03731,0.07122,0.00249,0,0.99957,1,0.995,0.995,0.99957,1,0.995,0.99497,0.02557,0.03833,0.0012,0.018,0.00093,0,0.0132195,0.0044065,0.0132195,0.0044065,0.0132195,0.0044065,0.0132195,0.0044065
567,19230.2,0.14615,0.13021,0.04212,0.07664,0.00248,0,0.99975,1,0.995,0.995,0.99975,1,0.995,0.99499,0.0287,0.03661,0.00113,0.01648,0.00111,0,0.0131898,0.0043966,0.0131898,0.0043966,0.0131898,0.0043966,0.0131898,0.0043966
568,19263.4,0.14295,0.14738,0.03925,0.06873,0.00253,0,1,1,0.995,0.995,1,1,0.995,0.99499,0.03849,0.03734,0.00115,0.01871,0.00126,0,0.0131601,0.0043867,0.0131601,0.0043867,0.0131601,0.0043867,0.0131601,0.0043867
569,19296.8,0.1496,0.13008,0.04351,0.07393,0.00261,0,1,1,0.995,0.995,1,1,0.995,0.99499,0.03991,0.03597,0.00116,0.02005,0.00119,0,0.0131304,0.0043768,0.0131304,0.0043768,0.0131304,0.0043768,0.0131304,0.0043768
570,19331,0.15238,0.10918,0.04065,0.07443,0.00264,0,1,1,0.995,0.995,1,1,0.995,0.995,0.03888,0.03576,0.00121,0.01954,0.00106,0,0.0131007,0.0043669,0.0131007,0.0043669,0.0131007,0.0043669,0.0131007,0.0043669
571,19365.3,0.14959,0.13196,0.03802,0.07361,0.00259,0,0.99984,1,0.995,0.995,0.99984,1,0.995,0.995,0.04684,0.03663,0.00126,0.02434,0.00125,0,0.013071,0.004357,0.013071,0.004357,0.013071,0.004357,0.013071,0.004357
572,19399.6,0.15318,0.11789,0.03841,0.06589,0.00262,0,1,0.99999,0.995,0.995,1,0.99999,0.995,0.995,0.0412,0.03598,0.0015,0.0298,0.00119,0,0.0130413,0.0043471,0.0130413,0.0043471,0.0130413,0.0043471,0.0130413,0.0043471
573,19433.6,0.14263,0.14046,0.0392,0.06446,0.00245,0,0.99985,1,0.995,0.995,0.99985,1,0.995,0.995,0.05238,0.0361,0.00156,0.02478,0.00145,0,0.0130116,0.0043372,0.0130116,0.0043372,0.0130116,0.0043372,0.0130116,0.0043372
574,19467.2,0.14023,0.12809,0.03635,0.06185,0.0024,0,1,1,0.995,0.995,1,1,0.995,0.995,0.05678,0.03683,0.00141,0.02432,0.00165,0,0.0129819,0.0043273,0.0129819,0.0043273,0.0129819,0.0043273,0.0129819,0.0043273
575,19500.5,0.1408,0.13103,0.04261,0.06654,0.00235,0,1,1,0.995,0.995,1,1,0.995,0.995,0.04869,0.03762,0.00133,0.02163,0.00152,0,0.0129522,0.0043174,0.0129522,0.0043174,0.0129522,0.0043174,0.0129522,0.0043174
576,19534,0.14582,0.11912,0.04234,0.06775,0.00239,0,1,1,0.995,0.995,1,1,0.995,0.99451,0.04749,0.03815,0.0013,0.02174,0.00151,0,0.0129225,0.0043075,0.0129225,0.0043075,0.0129225,0.0043075,0.0129225,0.0043075
577,19568.1,0.14416,0.13678,0.0415,0.06307,0.00244,0,0.99971,1,0.995,0.995,0.99971,1,0.995,0.99451,0.05922,0.03779,0.00129,0.02481,0.00161,0,0.0128928,0.0042976,0.0128928,0.0042976,0.0128928,0.0042976,0.0128928,0.0042976
578,19601.8,0.14213,0.127,0.04144,0.06545,0.00255,0,0.99974,1,0.995,0.995,0.99974,1,0.995,0.99454,0.06191,0.03817,0.00132,0.02487,0.00163,0,0.0128631,0.0042877,0.0128631,0.0042877,0.0128631,0.0042877,0.0128631,0.0042877
579,19636.3,0.14471,0.12587,0.0399,0.07219,0.00253,0,0.99955,1,0.995,0.995,0.99955,1,0.995,0.99481,0.05149,0.03805,0.00126,0.02475,0.00155,0,0.0128334,0.0042778,0.0128334,0.0042778,0.0128334,0.0042778,0.0128334,0.0042778
580,19670.1,0.14819,0.12556,0.04299,0.0672,0.00254,0,1,1,0.995,0.995,1,1,0.995,0.99465,0.0394,0.03783,0.00118,0.01956,0.00116,0,0.0128037,0.0042679,0.0128037,0.0042679,0.0128037,0.0042679,0.0128037,0.0042679
581,19703.9,0.15009,0.12314,0.0384,0.06606,0.00263,0,1,1,0.995,0.995,1,1,0.995,0.99495,0.04042,0.03778,0.00114,0.01988,0.00113,0,0.012774,0.004258,0.012774,0.004258,0.012774,0.004258,0.012774,0.004258
582,19737.2,0.14039,0.12149,0.03621,0.06293,0.00243,0,1,1,0.995,0.995,1,1,0.995,0.99499,0.04298,0.0371,0.00118,0.01997,0.00131,0,0.0127443,0.0042481,0.0127443,0.0042481,0.0127443,0.0042481,0.0127443,0.0042481
583,19770.4,0.14573,0.11807,0.03596,0.06891,0.00266,0,1,1,0.995,0.995,1,1,0.995,0.99499,0.03697,0.03657,0.00124,0.01849,0.00112,0,0.0127146,0.0042382,0.0127146,0.0042382,0.0127146,0.0042382,0.0127146,0.0042382
584,19804.2,0.13917,0.13764,0.03472,0.06594,0.0023,0,0.99974,1,0.995,0.995,0.99974,1,0.995,0.99499,0.03508,0.03632,0.00128,0.018,0.00114,0,0.0126849,0.0042283,0.0126849,0.0042283,0.0126849,0.0042283,0.0126849,0.0042283
585,19838.4,0.13769,0.11534,0.03639,0.06788,0.00238,0,0.99976,1,0.995,0.995,0.99976,1,0.995,0.99499,0.04257,0.03521,0.00129,0.0202,0.00137,0,0.0126552,0.0042184,0.0126552,0.0042184,0.0126552,0.0042184,0.0126552,0.0042184
586,19872.3,0.1419,0.13368,0.04029,0.06828,0.00231,0,0.99994,1,0.995,0.995,0.99994,1,0.995,0.995,0.05015,0.03522,0.00129,0.0261,0.00143,0,0.0126255,0.0042085,0.0126255,0.0042085,0.0126255,0.0042085,0.0126255,0.0042085
587,19906,0.13985,0.13137,0.04311,0.06933,0.00237,0,0.99975,1,0.995,0.995,0.99975,1,0.995,0.995,0.03983,0.03543,0.00125,0.01856,0.00118,0,0.0125958,0.0041986,0.0125958,0.0041986,0.0125958,0.0041986,0.0125958,0.0041986
588,19939.2,0.14677,0.12794,0.04088,0.06966,0.00252,0,1,1,0.995,0.995,1,1,0.995,0.995,0.0354,0.03514,0.00122,0.0183,0.001,0,0.0125661,0.0041887,0.0125661,0.0041887,0.0125661,0.0041887,0.0125661,0.0041887
589,19973.4,0.15707,0.13939,0.0439,0.07268,0.00237,0,0.99972,1,0.995,0.995,0.99972,1,0.995,0.995,0.03012,0.03495,0.00117,0.01595,0.00084,0,0.0125364,0.0041788,0.0125364,0.0041788,0.0125364,0.0041788,0.0125364,0.0041788
590,20006.5,0.15281,0.11496,0.03725,0.06639,0.00255,0,0.99969,1,0.995,0.995,0.99969,1,0.995,0.995,0.0276,0.03474,0.00116,0.01631,0.00079,0,0.0125067,0.0041689,0.0125067,0.0041689,0.0125067,0.0041689,0.0125067,0.0041689
591,20040.3,0.14636,0.12088,0.04128,0.07012,0.00255,0,0.99973,1,0.995,0.995,0.99973,1,0.995,0.995,0.02633,0.03344,0.00117,0.01572,0.00086,0,0.012477,0.004159,0.012477,0.004159,0.012477,0.004159,0.012477,0.004159
592,20074.9,0.15004,0.12171,0.03619,0.07169,0.00255,0,1,1,0.995,0.995,1,1,0.995,0.995,0.01982,0.03382,0.00111,0.01446,0.00076,0,0.0124473,0.0041491,0.0124473,0.0041491,0.0124473,0.0041491,0.0124473,0.0041491
593,20109.2,0.14275,0.12921,0.04255,0.06525,0.00248,0,0.99975,1,0.995,0.995,0.99975,1,0.995,0.99499,0.03144,0.03479,0.00104,0.01809,0.00103,0,0.0124176,0.0041392,0.0124176,0.0041392,0.0124176,0.0041392,0.0124176,0.0041392
594,20143.7,0.14737,0.11901,0.04007,0.06663,0.00253,0,0.99964,1,0.995,0.995,0.99964,1,0.995,0.99499,0.03072,0.03579,0.00104,0.01886,0.001,0,0.0123879,0.0041293,0.0123879,0.0041293,0.0123879,0.0041293,0.0123879,0.0041293
595,20177.1,0.14516,0.10689,0.03607,0.07009,0.00259,0,0.99968,1,0.995,0.995,0.99968,1,0.995,0.99498,0.02637,0.03559,0.00104,0.01676,0.0009,0,0.0123582,0.0041194,0.0123582,0.0041194,0.0123582,0.0041194,0.0123582,0.0041194
596,20210.8,0.13832,0.12342,0.03786,0.06529,0.00233,0,0.99975,1,0.995,0.995,0.99975,1,0.995,0.99498,0.02786,0.03452,0.00099,0.01634,0.00092,0,0.0123285,0.0041095,0.0123285,0.0041095,0.0123285,0.0041095,0.0123285,0.0041095
597,20243.6,0.14041,0.13449,0.03542,0.06883,0.00236,0,0.99966,1,0.995,0.995,0.99966,1,0.995,0.99494,0.02654,0.03429,0.00092,0.01724,0.00086,0,0.0122988,0.0040996,0.0122988,0.0040996,0.0122988,0.0040996,0.0122988,0.0040996
598,20277.4,0.14587,0.11635,0.03359,0.06873,0.00229,0,0.99972,1,0.995,0.995,0.99972,1,0.995,0.995,0.0204,0.03421,0.00091,0.01403,0.00072,0,0.0122691,0.0040897,0.0122691,0.0040897,0.0122691,0.0040897,0.0122691,0.0040897
599,20311.5,0.14151,0.11257,0.03648,0.06748,0.00241,0,1,1,0.995,0.995,1,1,0.995,0.995,0.02271,0.03477,0.00094,0.01367,0.00083,0,0.0122394,0.0040798,0.0122394,0.0040798,0.0122394,0.0040798,0.0122394,0.0040798
600,20345.5,0.13799,0.11437,0.03748,0.06364,0.00235,0,0.99974,1,0.995,0.995,0.99974,1,0.995,0.995,0.04336,0.03491,0.00097,0.01938,0.00141,0,0.0122097,0.0040699,0.0122097,0.0040699,0.0122097,0.0040699,0.0122097,0.0040699
601,20379.3,0.14422,0.12565,0.03788,0.06435,0.00244,0,0.99975,1,0.995,0.995,0.99975,1,0.995,0.995,0.03449,0.03486,0.00099,0.01707,0.00117,0,0.01218,0.00406,0.01218,0.00406,0.01218,0.00406,0.01218,0.00406
602,20413.1,0.13662,0.12109,0.03886,0.06538,0.0023,0,1,0.99974,0.995,0.995,1,0.99974,0.995,0.99496,0.03539,0.03607,0.001,0.02041,0.00123,0,0.0121503,0.0040501,0.0121503,0.0040501,0.0121503,0.0040501,0.0121503,0.0040501
603,20447.2,0.14098,0.11064,0.03632,0.06333,0.0025,0,1,0.99979,0.995,0.995,1,0.99979,0.995,0.99491,0.03498,0.03698,0.00102,0.02052,0.0012,0,0.0121206,0.0040402,0.0121206,0.0040402,0.0121206,0.0040402,0.0121206,0.0040402
604,20480.3,0.14013,0.11929,0.04104,0.06572,0.00242,0,0.99474,1,0.99495,0.99495,0.99474,1,0.99495,0.9949,0.04709,0.03679,0.00101,0.0304,0.00152,0,0.0120909,0.0040303,0.0120909,0.0040303,0.0120909,0.0040303,0.0120909,0.0040303
605,20513.9,0.14228,0.11995,0.03806,0.06881,0.00257,0,0.99227,0.995,0.995,0.995,0.99227,0.995,0.995,0.99491,0.04585,0.03644,0.00102,0.04474,0.0014,0,0.0120612,0.0040204,0.0120612,0.0040204,0.0120612,0.0040204,0.0120612,0.0040204
606,20548.1,0.12749,0.11137,0.0369,0.0585,0.00228,0,1,0.99895,0.995,0.995,1,0.99895,0.995,0.99376,0.04478,0.03768,0.00105,0.03066,0.00137,0,0.0120315,0.0040105,0.0120315,0.0040105,0.0120315,0.0040105,0.0120315,0.0040105
607,20581.7,0.13033,0.12152,0.03481,0.05998,0.00226,0,0.99964,1,0.995,0.995,0.99964,1,0.995,0.99389,0.04626,0.03863,0.00104,0.0285,0.00142,0,0.0120018,0.0040006,0.0120018,0.0040006,0.0120018,0.0040006,0.0120018,0.0040006
608,20615.4,0.13544,0.11535,0.03927,0.06359,0.00231,0,0.98954,1,0.9949,0.9949,0.98954,1,0.9949,0.9938,0.05739,0.03843,0.00102,0.04374,0.0017,0,0.0119721,0.0039907,0.0119721,0.0039907,0.0119721,0.0039907,0.0119721,0.0039907
609,20648.9,0.13674,0.10996,0.03475,0.06492,0.00237,0,0.99382,1,0.9948,0.9948,0.99382,1,0.9948,0.99355,0.06588,0.03722,0.00099,0.04605,0.00204,0,0.0119424,0.0039808,0.0119424,0.0039808,0.0119424,0.0039808,0.0119424,0.0039808
610,20682.3,0.13966,0.11492,0.03746,0.06087,0.00238,0,0.99501,0.99792,0.99445,0.99445,0.99501,0.99792,0.99445,0.99425,0.06286,0.03647,0.00097,0.04245,0.00188,0,0.0119127,0.0039709,0.0119127,0.0039709,0.0119127,0.0039709,0.0119127,0.0039709
611,20715.2,0.12957,0.13743,0.03882,0.05953,0.00213,0,0.99469,1,0.9949,0.9949,0.99469,1,0.9949,0.9948,0.0562,0.03607,0.001,0.03412,0.00179,0,0.011883,0.003961,0.011883,0.003961,0.011883,0.003961,0.011883,0.003961
612,20748.7,0.14397,0.11465,0.03559,0.06455,0.00245,0,0.99986,1,0.995,0.995,0.99986,1,0.995,0.99481,0.04938,0.0353,0.00106,0.02255,0.00162,0,0.0118533,0.0039511,0.0118533,0.0039511,0.0118533,0.0039511,0.0118533,0.0039511
613,20783.2,0.14265,0.11099,0.03936,0.06331,0.00235,0,0.99973,1,0.995,0.995,0.99973,1,0.995,0.99484,0.05395,0.0354,0.00108,0.02358,0.00174,0,0.0118236,0.0039412,0.0118236,0.0039412,0.0118236,0.0039412,0.0118236,0.0039412
614,20817.4,0.13703,0.11767,0.03776,0.06977,0.0023,0,0.99475,1,0.995,0.995,0.99475,1,0.995,0.99494,0.04862,0.03546,0.00107,0.02729,0.00159,0,0.0117939,0.0039313,0.0117939,0.0039313,0.0117939,0.0039313,0.0117939,0.0039313
615,20851.8,0.1344,0.11523,0.03677,0.06212,0.0024,0,0.99485,1,0.995,0.995,0.99485,1,0.995,0.99485,0.05053,0.0366,0.00106,0.03013,0.00177,0,0.0117642,0.0039214,0.0117642,0.0039214,0.0117642,0.0039214,0.0117642,0.0039214
616,20885.4,0.13349,0.13202,0.03889,0.06243,0.0022,0,0.9896,1,0.9949,0.9949,0.9896,1,0.9949,0.99475,0.05422,0.03794,0.00111,0.04158,0.00177,0,0.0117345,0.0039115,0.0117345,0.0039115,0.0117345,0.0039115,0.0117345,0.0039115
617,20919.1,0.12307,0.11286,0.03707,0.06363,0.00214,0,0.99468,1,0.995,0.995,0.99468,1,0.995,0.99488,0.05055,0.03649,0.00115,0.02772,0.0017,0,0.0117048,0.0039016,0.0117048,0.0039016,0.0117048,0.0039016,0.0117048,0.0039016
618,20952.3,0.14203,0.11917,0.03354,0.06652,0.00235,0,0.99955,1,0.995,0.995,0.99955,1,0.995,0.99494,0.05168,0.03552,0.0012,0.02451,0.00166,0,0.0116751,0.0038917,0.0116751,0.0038917,0.0116751,0.0038917,0.0116751,0.0038917
619,20985.7,0.1392,0.10771,0.03479,0.07024,0.00239,0,0.99083,1,0.99485,0.99485,0.99083,1,0.99485,0.99478,0.04712,0.03482,0.00128,0.04023,0.00147,0,0.0116454,0.0038818,0.0116454,0.0038818,0.0116454,0.0038818,0.0116454,0.0038818
620,21019.6,0.14693,0.10684,0.03572,0.06706,0.00246,0,0.99973,1,0.995,0.995,0.99973,1,0.995,0.99482,0.04357,0.03538,0.00128,0.01983,0.00137,0,0.0116157,0.0038719,0.0116157,0.0038719,0.0116157,0.0038719,0.0116157,0.0038719
621,21053.9,0.13517,0.12048,0.03494,0.06029,0.0023,0,1,0.9995,0.995,0.995,1,0.9995,0.995,0.99488,0.0394,0.03583,0.00124,0.022,0.00132,0,0.011586,0.003862,0.011586,0.003862,0.011586,0.003862,0.011586,0.003862
622,21088,0.133,0.11987,0.03773,0.06476,0.00221,0,0.9996,1,0.995,0.995,0.9996,1,0.995,0.99491,0.03479,0.0367,0.00124,0.0218,0.00114,0,0.0115563,0.0038521,0.0115563,0.0038521,0.0115563,0.0038521,0.0115563,0.0038521
623,21121.7,0.13375,0.11584,0.03447,0.06267,0.00226,0,0.99008,0.99793,0.99465,0.99465,0.99008,0.99793,0.99465,0.99459,0.0342,0.03612,0.0011,0.04073,0.00102,0,0.0115266,0.0038422,0.0115266,0.0038422,0.0115266,0.0038422,0.0115266,0.0038422
624,21155.2,0.13129,0.11488,0.03624,0.06785,0.00227,0,0.99007,0.995,0.9948,0.9948,0.99007,0.995,0.9948,0.99471,0.02458,0.03499,0.0009,0.0339,0.00079,0,0.0114969,0.0038323,0.0114969,0.0038323,0.0114969,0.0038323,0.0114969,0.0038323
625,21188.5,0.12892,0.10758,0.03701,0.06217,0.00212,0,1,0.99997,0.995,0.995,1,0.99997,0.995,0.99481,0.02264,0.03435,0.00084,0.01641,0.00075,0,0.0114672,0.0038224,0.0114672,0.0038224,0.0114672,0.0038224,0.0114672,0.0038224
626,21221.9,0.12279,0.1258,0.03567,0.06166,0.00198,0,0.99987,1,0.995,0.995,0.99987,1,0.995,0.995,0.02656,0.03414,0.00084,0.01638,0.0009,0,0.0114375,0.0038125,0.0114375,0.0038125,0.0114375,0.0038125,0.0114375,0.0038125
627,21255.8,0.12563,0.09688,0.03506,0.0606,0.00211,0,1,1,0.995,0.995,1,1,0.995,0.995,0.02292,0.03374,0.0008,0.01349,0.00073,0,0.0114078,0.0038026,0.0114078,0.0038026,0.0114078,0.0038026,0.0114078,0.0038026
628,21289.6,0.13428,0.11434,0.03698,0.06655,0.00235,0,1,1,0.995,0.995,1,1,0.995,0.995,0.02397,0.03509,0.00075,0.01368,0.00086,0,0.0113781,0.0037927,0.0113781,0.0037927,0.0113781,0.0037927,0.0113781,0.0037927
629,21323.6,0.13171,0.10699,0.03783,0.0624,0.00218,0,1,1,0.995,0.995,1,1,0.995,0.995,0.02726,0.03462,0.00073,0.01463,0.00104,0,0.0113484,0.0037828,0.0113484,0.0037828,0.0113484,0.0037828,0.0113484,0.0037828
630,21357.5,0.12816,0.10367,0.03841,0.06169,0.00217,0,1,1,0.995,0.995,1,1,0.995,0.9945,0.02777,0.03447,0.00076,0.01552,0.00108,0,0.0113187,0.0037729,0.0113187,0.0037729,0.0113187,0.0037729,0.0113187,0.0037729
631,21391.2,0.12952,0.09892,0.03435,0.06581,0.00222,0,1,1,0.995,0.995,1,1,0.995,0.9945,0.03429,0.03423,0.00078,0.01668,0.00131,0,0.011289,0.003763,0.011289,0.003763,0.011289,0.003763,0.011289,0.003763
632,21424.3,0.13105,0.11398,0.03192,0.06365,0.00213,0,1,1,0.995,0.995,1,1,0.995,0.99301,0.02547,0.03452,0.0008,0.01473,0.00105,0,0.0112593,0.0037531,0.0112593,0.0037531,0.0112593,0.0037531,0.0112593,0.0037531
633,21457.7,0.12209,0.11524,0.03999,0.05955,0.00218,0,1,1,0.995,0.995,1,1,0.995,0.9945,0.01964,0.03435,0.00081,0.01302,0.00078,0,0.0112296,0.0037432,0.0112296,0.0037432,0.0112296,0.0037432,0.0112296,0.0037432
634,21493.1,0.13564,0.10213,0.03757,0.06465,0.00234,0,0.99974,1,0.995,0.995,0.99974,1,0.995,0.9945,0.0268,0.03472,0.00078,0.01583,0.00109,0,0.0111999,0.0037333,0.0111999,0.0037333,0.0111999,0.0037333,0.0111999,0.0037333
635,21526.9,0.12748,0.11587,0.03587,0.05871,0.00223,0,0.99974,1,0.995,0.995,0.99974,1,0.995,0.9945,0.02824,0.03411,0.00074,0.01559,0.00106,0,0.0111702,0.0037234,0.0111702,0.0037234,0.0111702,0.0037234,0.0111702,0.0037234
636,21560.8,0.13341,0.09839,0.03045,0.06208,0.00229,0,1,1,0.995,0.995,1,1,0.995,0.9945,0.03092,0.03384,0.00073,0.01592,0.00109,0,0.0111405,0.0037135,0.0111405,0.0037135,0.0111405,0.0037135,0.0111405,0.0037135
637,21594.4,0.13015,0.11089,0.03866,0.0645,0.0022,0,1,1,0.995,0.995,1,1,0.995,0.9945,0.04139,0.03398,0.00075,0.01847,0.00141,0,0.0111108,0.0037036,0.0111108,0.0037036,0.0111108,0.0037036,0.0111108,0.0037036
638,21627.8,0.12462,0.1017,0.03815,0.05723,0.00218,0,1,1,0.995,0.995,1,1,0.995,0.995,0.03343,0.03354,0.00073,0.01622,0.00108,0,0.0110811,0.0036937,0.0110811,0.0036937,0.0110811,0.0036937,0.0110811,0.0036937
639,21660.9,0.1298,0.13015,0.03828,0.06546,0.00223,0,1,1,0.995,0.995,1,1,0.995,0.995,0.03089,0.0346,0.00072,0.01568,0.00101,0,0.0110514,0.0036838,0.0110514,0.0036838,0.0110514,0.0036838,0.0110514,0.0036838
640,21694.2,0.13371,0.10869,0.0337,0.06444,0.00211,0,1,1,0.995,0.995,1,1,0.995,0.995,0.03426,0.03426,0.00072,0.01627,0.00111,0,0.0110217,0.0036739,0.0110217,0.0036739,0.0110217,0.0036739,0.0110217,0.0036739
641,21728.1,0.12998,0.10642,0.03626,0.06228,0.00226,0,1,1,0.995,0.995,1,1,0.995,0.995,0.03165,0.03372,0.00072,0.0158,0.00115,0,0.010992,0.003664,0.010992,0.003664,0.010992,0.003664,0.010992,0.003664
642,21762.3,0.13472,0.09457,0.03285,0.06696,0.00222,0,1,1,0.995,0.995,1,1,0.995,0.99454,0.03072,0.0339,0.00074,0.01625,0.00112,0,0.0109623,0.0036541,0.0109623,0.0036541,0.0109623,0.0036541,0.0109623,0.0036541
643,21796.4,0.13031,0.09371,0.03073,0.06169,0.00203,0,1,1,0.995,0.995,1,1,0.995,0.99465,0.02936,0.0345,0.00076,0.01582,0.00107,0,0.0109326,0.0036442,0.0109326,0.0036442,0.0109326,0.0036442,0.0109326,0.0036442
644,21830.1,0.12457,0.10212,0.03143,0.05703,0.00217,0,1,0.99994,0.995,0.995,1,0.99994,0.995,0.99457,0.03164,0.03371,0.00072,0.01819,0.00115,0,0.0109029,0.0036343,0.0109029,0.0036343,0.0109029,0.0036343,0.0109029,0.0036343
645,21863.7,0.1195,0.12451,0.0379,0.05962,0.00214,0,1,1,0.995,0.995,1,1,0.995,0.99457,0.03297,0.03354,0.00066,0.01581,0.00111,0,0.0108732,0.0036244,0.0108732,0.0036244,0.0108732,0.0036244,0.0108732,0.0036244
646,21897.3,0.12669,0.0993,0.0329,0.05664,0.00221,0,1,1,0.995,0.995,1,1,0.995,0.99458,0.02753,0.03301,0.00064,0.01446,0.00086,0,0.0108435,0.0036145,0.0108435,0.0036145,0.0108435,0.0036145,0.0108435,0.0036145
647,21930.4,0.12153,0.11664,0.03805,0.05828,0.00204,0,0.99974,1,0.995,0.995,0.99974,1,0.995,0.99452,0.02429,0.03333,0.00063,0.01386,0.00082,0,0.0108138,0.0036046,0.0108138,0.0036046,0.0108138,0.0036046,0.0108138,0.0036046
648,21964.3,0.11949,0.09443,0.03125,0.06164,0.00199,0,0.99987,1,0.995,0.995,0.99987,1,0.995,0.99452,0.02592,0.03353,0.00063,0.01605,0.00083,0,0.0107841,0.0035947,0.0107841,0.0035947,0.0107841,0.0035947,0.0107841,0.0035947
649,21998.4,0.12688,0.1024,0.03237,0.06289,0.00212,0,0.99983,1,0.995,0.995,0.99983,1,0.995,0.99452,0.02666,0.03274,0.00065,0.01532,0.00079,0,0.0107544,0.0035848,0.0107544,0.0035848,0.0107544,0.0035848,0.0107544,0.0035848
650,22032.3,0.12838,0.11108,0.03579,0.05776,0.00221,0,1,1,0.995,0.995,1,1,0.995,0.99452,0.02761,0.0323,0.00068,0.01512,0.00082,0,0.0107247,0.0035749,0.0107247,0.0035749,0.0107247,0.0035749,0.0107247,0.0035749
651,22065.8,0.12586,0.10853,0.03501,0.06151,0.00209,0,1,1,0.995,0.995,1,1,0.995,0.995,0.02558,0.03245,0.0007,0.01426,0.00086,0,0.010695,0.003565,0.010695,0.003565,0.010695,0.003565,0.010695,0.003565
652,22099.7,0.12428,0.1172,0.03482,0.0551,0.00204,0,0.99975,1,0.995,0.995,0.99975,1,0.995,0.995,0.02602,0.03256,0.00069,0.01434,0.00093,0,0.0106653,0.0035551,0.0106653,0.0035551,0.0106653,0.0035551,0.0106653,0.0035551
653,22133.5,0.12097,0.10264,0.03415,0.05596,0.00215,0,1,1,0.995,0.995,1,1,0.995,0.99482,0.01784,0.0325,0.00069,0.0125,0.00068,0,0.0106356,0.0035452,0.0106356,0.0035452,0.0106356,0.0035452,0.0106356,0.0035452
654,22166.6,0.12178,0.10099,0.03609,0.05871,0.00205,0,1,1,0.995,0.995,1,1,0.995,0.99482,0.02327,0.0321,0.0007,0.01352,0.00078,0,0.0106059,0.0035353,0.0106059,0.0035353,0.0106059,0.0035353,0.0106059,0.0035353
655,22200.4,0.11635,0.09833,0.03327,0.05698,0.00192,0,0.99974,1,0.995,0.995,0.99974,1,0.995,0.99476,0.02642,0.03169,0.00073,0.01443,0.00093,0,0.0105762,0.0035254,0.0105762,0.0035254,0.0105762,0.0035254,0.0105762,0.0035254
656,22234.5,0.12633,0.10814,0.03505,0.06457,0.00209,0,0.99975,1,0.995,0.995,0.99975,1,0.995,0.99486,0.02476,0.03169,0.00073,0.01472,0.00096,0,0.0105465,0.0035155,0.0105465,0.0035155,0.0105465,0.0035155,0.0105465,0.0035155
657,22268.5,0.12851,0.10841,0.0343,0.06173,0.00214,0,0.99976,1,0.995,0.995,0.99976,1,0.995,0.99481,0.02911,0.03166,0.00074,0.01573,0.00104,0,0.0105168,0.0035056,0.0105168,0.0035056,0.0105168,0.0035056,0.0105168,0.0035056
658,22302.2,0.11839,0.11214,0.03402,0.0586,0.00201,0,1,0.99881,0.995,0.995,1,0.99881,0.995,0.99481,0.02788,0.03155,0.00076,0.01899,0.00101,0,0.0104871,0.0034957,0.0104871,0.0034957,0.0104871,0.0034957,0.0104871,0.0034957
659,22335.4,0.12126,0.12194,0.03882,0.05848,0.00208,0,1,0.99483,0.995,0.995,1,0.99483,0.995,0.995,0.03184,0.03097,0.00077,0.02732,0.00125,0,0.0104574,0.0034858,0.0104574,0.0034858,0.0104574,0.0034858,0.0104574,0.0034858
660,22369.1,0.11416,0.10843,0.03402,0.05875,0.00201,0,0.99475,1,0.9949,0.9949,0.99475,1,0.9949,0.9949,0.03815,0.0309,0.00079,0.03003,0.00149,0,0.0104277,0.0034759,0.0104277,0.0034759,0.0104277,0.0034759,0.0104277,0.0034759
661,22402.1,0.12468,0.09631,0.032,0.05563,0.0021,0,0.99799,1,0.995,0.995,0.99799,1,0.995,0.995,0.04059,0.03103,0.00082,0.0277,0.00159,0,0.010398,0.003466,0.010398,0.003466,0.010398,0.003466,0.010398,0.003466
662,22436.4,0.12234,0.09842,0.03442,0.06167,0.00214,0,0.99954,1,0.995,0.995,0.99954,1,0.995,0.99498,0.04666,0.03239,0.00091,0.02734,0.0016,0,0.0103683,0.0034561,0.0103683,0.0034561,0.0103683,0.0034561,0.0103683,0.0034561
663,22470.6,0.11946,0.0948,0.03122,0.06388,0.0021,0,0.99497,0.98908,0.9948,0.9948,0.99497,0.98908,0.9948,0.99457,0.05184,0.03347,0.00104,0.0414,0.00176,0,0.0103386,0.0034462,0.0103386,0.0034462,0.0103386,0.0034462,0.0103386,0.0034462
664,22504.8,0.12329,0.10142,0.03299,0.06001,0.00214,0,1,1,0.995,0.995,1,1,0.995,0.99349,0.05375,0.03368,0.00104,0.02263,0.0019,0,0.0103089,0.0034363,0.0103089,0.0034363,0.0103089,0.0034363,0.0103089,0.0034363
665,22538.8,0.12234,0.09819,0.03427,0.06018,0.00215,0,1,1,0.995,0.995,1,1,0.995,0.99359,0.05284,0.03342,0.00096,0.02234,0.00194,0,0.0102792,0.0034264,0.0102792,0.0034264,0.0102792,0.0034264,0.0102792,0.0034264
666,22572.2,0.12018,0.09765,0.03639,0.05585,0.00204,0,0.99978,1,0.995,0.995,0.99978,1,0.995,0.99357,0.04712,0.03364,0.00094,0.0209,0.00167,0,0.0102495,0.0034165,0.0102495,0.0034165,0.0102495,0.0034165,0.0102495,0.0034165
667,22605.9,0.12012,0.10012,0.03571,0.05812,0.00209,0,1,0.99992,0.995,0.995,1,0.99992,0.995,0.9935,0.04685,0.03352,0.00099,0.02234,0.00157,0,0.0102198,0.0034066,0.0102198,0.0034066,0.0102198,0.0034066,0.0102198,0.0034066
668,22638.9,0.12146,0.09478,0.03253,0.05414,0.00205,0,0.9998,0.995,0.995,0.995,0.9998,0.995,0.995,0.99331,0.05178,0.03379,0.00107,0.02985,0.00168,0,0.0101901,0.0033967,0.0101901,0.0033967,0.0101901,0.0033967,0.0101901,0.0033967
669,22672.8,0.12495,0.08755,0.03478,0.05673,0.00211,0,0.99887,1,0.995,0.995,0.99887,1,0.995,0.99358,0.04678,0.03419,0.0011,0.03741,0.00143,0,0.0101604,0.0033868,0.0101604,0.0033868,0.0101604,0.0033868,0.0101604,0.0033868
670,22706.7,0.1162,0.10464,0.03806,0.05605,0.00195,0,0.98975,1,0.9948,0.9948,0.98975,1,0.9948,0.99293,0.03984,0.03393,0.00113,0.05014,0.00124,0,0.0101307,0.0033769,0.0101307,0.0033769,0.0101307,0.0033769,0.0101307,0.0033769
671,22740.8,0.12549,0.09725,0.03405,0.06061,0.00201,0,0.97486,1,0.99388,0.99388,0.97486,1,0.99388,0.99194,0.03717,0.03343,0.0011,0.05772,0.0012,0,0.010101,0.003367,0.010101,0.003367,0.010101,0.003367,0.010101,0.003367
672,22774.6,0.12725,0.08848,0.03205,0.06125,0.00197,0,0.99492,1,0.99485,0.99485,0.99492,1,0.99485,0.99355,0.03635,0.03281,0.00101,0.03372,0.0012,0,0.0100713,0.0033571,0.0100713,0.0033571,0.0100713,0.0033571,0.0100713,0.0033571
673,22808.4,0.11619,0.09417,0.03282,0.05458,0.00193,0,0.98522,0.99982,0.99485,0.99485,0.98522,0.99982,0.99485,0.99356,0.02874,0.03213,0.0009,0.04206,0.00102,0,0.0100416,0.0033472,0.0100416,0.0033472,0.0100416,0.0033472,0.0100416,0.0033472
674,22842.2,0.11185,0.10761,0.03555,0.05825,0.00192,0,0.99447,1,0.99485,0.99485,0.99447,1,0.99485,0.99351,0.02501,0.03247,0.0008,0.02712,0.00087,0,0.0100119,0.0033373,0.0100119,0.0033373,0.0100119,0.0033373,0.0100119,0.0033373
675,22876.6,0.10631,0.11833,0.03351,0.05777,0.00182,0,0.99968,0.995,0.995,0.995,0.99968,0.995,0.995,0.99347,0.02504,0.03314,0.00075,0.0206,0.00079,0,0.0099822,0.0033274,0.0099822,0.0033274,0.0099822,0.0033274,0.0099822,0.0033274
676,22910.3,0.11914,0.0982,0.03219,0.06122,0.00194,0,0.99973,1,0.995,0.995,0.99973,1,0.995,0.99309,0.02403,0.03324,0.00073,0.01673,0.00073,0,0.0099525,0.0033175,0.0099525,0.0033175,0.0099525,0.0033175,0.0099525,0.0033175
677,22945.5,0.11935,0.10412,0.03373,0.05584,0.002,0,1,0.99975,0.995,0.995,1,0.99975,0.995,0.99277,0.03229,0.03386,0.00069,0.02083,0.00093,0,0.0099228,0.0033076,0.0099228,0.0033076,0.0099228,0.0033076,0.0099228,0.0033076
678,22981.3,0.11326,0.0946,0.03519,0.05148,0.00192,0,0.99974,1,0.995,0.995,0.99974,1,0.995,0.99291,0.02735,0.03382,0.00066,0.01416,0.00084,0,0.0098931,0.0032977,0.0098931,0.0032977,0.0098931,0.0032977,0.0098931,0.0032977
679,23015.5,0.1168,0.09597,0.03242,0.05293,0.00195,0,0.99974,1,0.995,0.995,0.99974,1,0.995,0.99256,0.02669,0.03382,0.00066,0.01438,0.00086,0,0.0098634,0.0032878,0.0098634,0.0032878,0.0098634,0.0032878,0.0098634,0.0032878
680,23049.1,0.11926,0.09733,0.03207,0.06349,0.00196,0,0.99974,1,0.995,0.995,0.99974,1,0.995,0.99416,0.03334,0.03321,0.00068,0.01601,0.00105,0,0.0098337,0.0032779,0.0098337,0.0032779,0.0098337,0.0032779,0.0098337,0.0032779
681,23083,0.12277,0.1004,0.0374,0.06224,0.00202,0,0.99961,1,0.995,0.995,0.99961,1,0.995,0.99415,0.03249,0.03312,0.00069,0.01886,0.00098,0,0.009804,0.003268,0.009804,0.003268,0.009804,0.003268,0.009804,0.003268
682,23116.1,0.11999,0.09325,0.03079,0.05993,0.00201,0,0.99974,1,0.995,0.995,0.99974,1,0.995,0.99298,0.0366,0.03323,0.00069,0.01866,0.0011,0,0.0097743,0.0032581,0.0097743,0.0032581,0.0097743,0.0032581,0.0097743,0.0032581
683,23149.6,0.11804,0.09053,0.02913,0.05714,0.0021,0,0.99975,1,0.995,0.995,0.99975,1,0.995,0.99429,0.03869,0.03251,0.00071,0.01787,0.00124,0,0.0097446,0.0032482,0.0097446,0.0032482,0.0097446,0.0032482,0.0097446,0.0032482
684,23183.8,0.11951,0.08643,0.03076,0.05732,0.00209,0,0.99982,1,0.995,0.995,0.99982,1,0.995,0.99424,0.03782,0.03226,0.00072,0.01834,0.00119,0,0.0097149,0.0032383,0.0097149,0.0032383,0.0097149,0.0032383,0.0097149,0.0032383
685,23218,0.11168,0.08884,0.03499,0.05553,0.00192,0,0.99969,1,0.995,0.995,0.99969,1,0.995,0.99421,0.03991,0.03209,0.00072,0.01829,0.00125,0,0.0096852,0.0032284,0.0096852,0.0032284,0.0096852,0.0032284,0.0096852,0.0032284
686,23251.9,0.11569,0.09594,0.03389,0.05915,0.00195,0,0.99952,1,0.995,0.995,0.99952,1,0.995,0.99415,0.04088,0.03172,0.00071,0.02139,0.00126,0,0.0096555,0.0032185,0.0096555,0.0032185,0.0096555,0.0032185,0.0096555,0.0032185
687,23285.4,0.11924,0.08783,0.0331,0.05929,0.00196,0,0.99763,1,0.995,0.995,0.99763,1,0.995,0.99466,0.04671,0.03155,0.00071,0.02573,0.00148,0,0.0096258,0.0032086,0.0096258,0.0032086,0.0096258,0.0032086,0.0096258,0.0032086
688,23319.2,0.11254,0.08373,0.0327,0.05311,0.00184,0,1,0.99989,0.995,0.995,1,0.99989,0.995,0.99457,0.04461,0.03121,0.00068,0.02155,0.00136,0,0.0095961,0.0031987,0.0095961,0.0031987,0.0095961,0.0031987,0.0095961,0.0031987
689,23352.2,0.11665,0.09152,0.03274,0.05555,0.00186,0,0.99979,1,0.995,0.995,0.99979,1,0.995,0.99454,0.04165,0.03146,0.00063,0.0216,0.0013,0,0.0095664,0.0031888,0.0095664,0.0031888,0.0095664,0.0031888,0.0095664,0.0031888
690,23385.7,0.11297,0.0945,0.03442,0.05049,0.00188,0,0.99991,1,0.995,0.995,0.99991,1,0.995,0.99457,0.04172,0.03141,0.0006,0.0196,0.00132,0,0.0095367,0.0031789,0.0095367,0.0031789,0.0095367,0.0031789,0.0095367,0.0031789
691,23420.1,0.11583,0.09748,0.03351,0.05664,0.00193,0,1,1,0.995,0.995,1,1,0.995,0.99453,0.0355,0.03149,0.00059,0.01668,0.00117,0,0.009507,0.003169,0.009507,0.003169,0.009507,0.003169,0.009507,0.003169
692,23453.8,0.12151,0.08998,0.03045,0.0608,0.00193,0,0.99973,1,0.995,0.995,0.99973,1,0.995,0.99458,0.03417,0.03066,0.00058,0.01623,0.00104,0,0.0094773,0.0031591,0.0094773,0.0031591,0.0094773,0.0031591,0.0094773,0.0031591
693,23487.9,0.10731,0.09932,0.03472,0.05332,0.00198,0,1,1,0.995,0.995,1,1,0.995,0.9945,0.03347,0.0307,0.00058,0.01581,0.00102,0,0.0094476,0.0031492,0.0094476,0.0031492,0.0094476,0.0031492,0.0094476,0.0031492
694,23521.4,0.11729,0.09135,0.03487,0.05714,0.00192,0,0.99975,1,0.995,0.995,0.99975,1,0.995,0.9945,0.03128,0.03114,0.00059,0.01489,0.00092,0,0.0094179,0.0031393,0.0094179,0.0031393,0.0094179,0.0031393,0.0094179,0.0031393
695,23555.2,0.11416,0.09583,0.03297,0.05316,0.00188,0,1,0.99999,0.995,0.995,1,0.99999,0.995,0.9945,0.02849,0.03086,0.0006,0.01626,0.0009,0,0.0093882,0.0031294,0.0093882,0.0031294,0.0093882,0.0031294,0.0093882,0.0031294
696,23588.3,0.10882,0.10079,0.03153,0.0554,0.00194,0,1,0.99991,0.995,0.995,1,0.99991,0.995,0.9945,0.02911,0.03036,0.00062,0.01704,0.00102,0,0.0093585,0.0031195,0.0093585,0.0031195,0.0093585,0.0031195,0.0093585,0.0031195
697,23621.6,0.11372,0.09629,0.03222,0.05836,0.00198,0,1,1,0.995,0.995,1,1,0.995,0.9945,0.02886,0.03007,0.00065,0.01481,0.00104,0,0.0093288,0.0031096,0.0093288,0.0031096,0.0093288,0.0031096,0.0093288,0.0031096
698,23655.6,0.10574,0.09484,0.03468,0.05044,0.00189,0,0.99977,1,0.995,0.995,0.99977,1,0.995,0.99451,0.02517,0.03005,0.00067,0.0145,0.00093,0,0.0092991,0.0030997,0.0092991,0.0030997,0.0092991,0.0030997,0.0092991,0.0030997
699,23689.7,0.11505,0.0907,0.03639,0.05631,0.00193,0,0.99977,1,0.995,0.995,0.99977,1,0.995,0.99454,0.0213,0.02939,0.00067,0.01325,0.00078,0,0.0092694,0.0030898,0.0092694,0.0030898,0.0092694,0.0030898,0.0092694,0.0030898
700,23723.6,0.1121,0.08895,0.03406,0.05834,0.00195,0,1,0.99935,0.995,0.995,1,0.99935,0.995,0.99451,0.02109,0.02896,0.00066,0.01617,0.00076,0,0.0092397,0.0030799,0.0092397,0.0030799,0.0092397,0.0030799,0.0092397,0.0030799
701,23757.8,0.11024,0.10495,0.03299,0.05816,0.00184,0,0.99971,1,0.995,0.995,0.99971,1,0.995,0.9945,0.02637,0.02973,0.00066,0.01585,0.00085,0,0.00921,0.00307,0.00921,0.00307,0.00921,0.00307,0.00921,0.00307
702,23791.3,0.11305,0.08202,0.03133,0.06101,0.00188,0,1,1,0.995,0.995,1,1,0.995,0.99458,0.02493,0.02998,0.00066,0.01341,0.00078,0,0.0091803,0.0030601,0.0091803,0.0030601,0.0091803,0.0030601,0.0091803,0.0030601
703,23824.6,0.11119,0.08402,0.03134,0.05542,0.00181,0,0.99974,1,0.995,0.995,0.99974,1,0.995,0.99482,0.02071,0.02966,0.00065,0.01212,0.00066,0,0.0091506,0.0030502,0.0091506,0.0030502,0.0091506,0.0030502,0.0091506,0.0030502
704,23857.7,0.11354,0.09337,0.03418,0.05625,0.00195,0,0.99993,1,0.995,0.995,0.99993,1,0.995,0.9949,0.02423,0.02913,0.00061,0.01623,0.00073,0,0.0091209,0.0030403,0.0091209,0.0030403,0.0091209,0.0030403,0.0091209,0.0030403
705,23891.8,0.11633,0.09672,0.03374,0.05345,0.00193,0,1,1,0.995,0.995,1,1,0.995,0.99482,0.02376,0.02867,0.00059,0.01322,0.00071,0,0.0090912,0.0030304,0.0090912,0.0030304,0.0090912,0.0030304,0.0090912,0.0030304
706,23926,0.1109,0.07747,0.03323,0.05852,0.00191,0,0.99981,1,0.995,0.995,0.99981,1,0.995,0.99494,0.02478,0.02839,0.00059,0.01474,0.0007,0,0.0090615,0.0030205,0.0090615,0.0030205,0.0090615,0.0030205,0.0090615,0.0030205
707,23960.2,0.10398,0.09221,0.03404,0.05177,0.00173,0,0.99974,1,0.995,0.995,0.99974,1,0.995,0.99466,0.02192,0.02835,0.0006,0.01237,0.00068,0,0.0090318,0.0030106,0.0090318,0.0030106,0.0090318,0.0030106,0.0090318,0.0030106
708,23994.7,0.10756,0.08885,0.03193,0.0536,0.00175,0,0.99974,1,0.995,0.995,0.99974,1,0.995,0.9948,0.02293,0.02857,0.00061,0.01329,0.0007,0,0.0090021,0.0030007,0.0090021,0.0030007,0.0090021,0.0030007,0.0090021,0.0030007
709,24028.6,0.1119,0.09053,0.0284,0.05483,0.00184,0,0.99974,1,0.995,0.995,0.99974,1,0.995,0.99465,0.01817,0.02874,0.0006,0.01179,0.00059,0,0.0089724,0.0029908,0.0089724,0.0029908,0.0089724,0.0029908,0.0089724,0.0029908
710,24062.3,0.10887,0.08966,0.03355,0.0527,0.00191,0,0.99975,1,0.995,0.995,0.99975,1,0.995,0.99478,0.0171,0.02847,0.00058,0.01126,0.00059,0,0.0089427,0.0029809,0.0089427,0.0029809,0.0089427,0.0029809,0.0089427,0.0029809
711,24095.5,0.11651,0.07875,0.02883,0.05666,0.00188,0,0.99975,1,0.995,0.995,0.99975,1,0.995,0.99478,0.01666,0.02875,0.00055,0.01119,0.00057,0,0.008913,0.002971,0.008913,0.002971,0.008913,0.002971,0.008913,0.002971
712,24129.3,0.10414,0.08301,0.03215,0.05422,0.00179,0,1,0.99994,0.995,0.995,1,0.99994,0.995,0.99465,0.0197,0.02873,0.00053,0.01442,0.00063,0,0.0088833,0.0029611,0.0088833,0.0029611,0.0088833,0.0029611,0.0088833,0.0029611
713,24163.3,0.10602,0.07981,0.03141,0.05649,0.00174,0,1,0.99981,0.995,0.995,1,0.99981,0.995,0.9948,0.02134,0.02862,0.00051,0.01576,0.00063,0,0.0088536,0.0029512,0.0088536,0.0029512,0.0088536,0.0029512,0.0088536,0.0029512
714,24197.4,0.11068,0.08165,0.03168,0.05423,0.00175,0,0.99975,1,0.995,0.995,0.99975,1,0.995,0.99466,0.02025,0.02803,0.00049,0.01193,0.00062,0,0.0088239,0.0029413,0.0088239,0.0029413,0.0088239,0.0029413,0.0088239,0.0029413
715,24231,0.10919,0.07634,0.03502,0.0528,0.00178,0,0.99975,1,0.995,0.995,0.99975,1,0.995,0.99482,0.01652,0.02786,0.00049,0.0111,0.00056,0,0.0087942,0.0029314,0.0087942,0.0029314,0.0087942,0.0029314,0.0087942,0.0029314
716,24264.6,0.10836,0.07757,0.03023,0.05693,0.00191,0,0.99975,1,0.995,0.995,0.99975,1,0.995,0.9945,0.01575,0.02797,0.00049,0.01116,0.00056,0,0.0087645,0.0029215,0.0087645,0.0029215,0.0087645,0.0029215,0.0087645,0.0029215
717,24298.4,0.10843,0.08977,0.03436,0.0579,0.00177,0,1,1,0.995,0.995,1,1,0.995,0.9945,0.01807,0.02823,0.00048,0.01142,0.00058,0,0.0087348,0.0029116,0.0087348,0.0029116,0.0087348,0.0029116,0.0087348,0.0029116
718,24331.5,0.10408,0.0764,0.03104,0.05392,0.00173,0,1,1,0.995,0.995,1,1,0.995,0.99454,0.01872,0.02859,0.00048,0.01163,0.00062,0,0.0087051,0.0029017,0.0087051,0.0029017,0.0087051,0.0029017,0.0087051,0.0029017
719,24365.1,0.10675,0.08601,0.03206,0.05326,0.00181,0,1,1,0.995,0.995,1,1,0.995,0.99451,0.02061,0.02866,0.00048,0.01215,0.00065,0,0.0086754,0.0028918,0.0086754,0.0028918,0.0086754,0.0028918,0.0086754,0.0028918
720,24399.3,0.09888,0.10003,0.03217,0.05588,0.00162,0,1,1,0.995,0.995,1,1,0.995,0.99482,0.02126,0.02872,0.00047,0.0126,0.00073,0,0.0086457,0.0028819,0.0086457,0.0028819,0.0086457,0.0028819,0.0086457,0.0028819
721,24433.2,0.1041,0.09029,0.03345,0.05297,0.00167,0,1,1,0.995,0.995,1,1,0.995,0.99482,0.02132,0.02903,0.00046,0.01233,0.00074,0,0.008616,0.002872,0.008616,0.002872,0.008616,0.002872,0.008616,0.002872
722,24466.9,0.10821,0.08604,0.03441,0.0629,0.00181,0,1,1,0.995,0.995,1,1,0.995,0.99454,0.02069,0.02951,0.00046,0.01221,0.00073,0,0.0085863,0.0028621,0.0085863,0.0028621,0.0085863,0.0028621,0.0085863,0.0028621
723,24500.5,0.10549,0.08394,0.03315,0.05109,0.0017,0,1,1,0.995,0.995,1,1,0.995,0.99454,0.01884,0.02958,0.00047,0.01166,0.00069,0,0.0085566,0.0028522,0.0085566,0.0028522,0.0085566,0.0028522,0.0085566,0.0028522
724,24534,0.10183,0.07873,0.03137,0.05278,0.00177,0,1,1,0.995,0.995,1,1,0.995,0.99482,0.0202,0.03008,0.00049,0.01226,0.0008,0,0.0085269,0.0028423,0.0085269,0.0028423,0.0085269,0.0028423,0.0085269,0.0028423
725,24567.2,0.09992,0.08598,0.0316,0.05324,0.00177,0,1,1,0.995,0.995,1,1,0.995,0.99486,0.0185,0.03007,0.00051,0.01181,0.00075,0,0.0084972,0.0028324,0.0084972,0.0028324,0.0084972,0.0028324,0.0084972,0.0028324
726,24601,0.10387,0.09191,0.03583,0.05633,0.00179,0,1,1,0.995,0.995,1,1,0.995,0.99486,0.0174,0.0302,0.00052,0.01137,0.00071,0,0.0084675,0.0028225,0.0084675,0.0028225,0.0084675,0.0028225,0.0084675,0.0028225
727,24635.4,0.10135,0.08669,0.03163,0.05322,0.00166,0,1,1,0.995,0.995,1,1,0.995,0.9949,0.01923,0.03023,0.00052,0.01174,0.00077,0,0.0084378,0.0028126,0.0084378,0.0028126,0.0084378,0.0028126,0.0084378,0.0028126
728,24669.5,0.10174,0.08357,0.03479,0.05637,0.00178,0,1,1,0.995,0.995,1,1,0.995,0.99495,0.02123,0.03019,0.00051,0.01285,0.00086,0,0.0084081,0.0028027,0.0084081,0.0028027,0.0084081,0.0028027,0.0084081,0.0028027
729,24703.2,0.10386,0.07592,0.03069,0.05764,0.00178,0,1,1,0.995,0.995,1,1,0.995,0.99494,0.02132,0.02972,0.0005,0.0128,0.00083,0,0.0083784,0.0027928,0.0083784,0.0027928,0.0083784,0.0027928,0.0083784,0.0027928
730,24736.4,0.10088,0.08067,0.02655,0.05105,0.00171,0,1,1,0.995,0.995,1,1,0.995,0.9949,0.02037,0.02974,0.00049,0.01241,0.00077,0,0.0083487,0.0027829,0.0083487,0.0027829,0.0083487,0.0027829,0.0083487,0.0027829
731,24770.9,0.10067,0.08724,0.035,0.05092,0.00178,0,1,1,0.995,0.995,1,1,0.995,0.99495,0.02001,0.0293,0.00048,0.01235,0.00078,0,0.008319,0.002773,0.008319,0.002773,0.008319,0.002773,0.008319,0.002773
732,24803.9,0.09925,0.08285,0.03025,0.05429,0.00167,0,1,1,0.995,0.995,1,1,0.995,0.99494,0.02014,0.02925,0.00048,0.01227,0.00079,0,0.0082893,0.0027631,0.0082893,0.0027631,0.0082893,0.0027631,0.0082893,0.0027631
733,24837.9,0.10106,0.07053,0.02916,0.0507,0.00173,0,1,1,0.995,0.995,1,1,0.995,0.99494,0.02296,0.02925,0.00047,0.01311,0.00083,0,0.0082596,0.0027532,0.0082596,0.0027532,0.0082596,0.0027532,0.0082596,0.0027532
734,24871.8,0.09681,0.07273,0.03312,0.05279,0.00164,0,1,1,0.995,0.995,1,1,0.995,0.99496,0.0205,0.02923,0.00045,0.01273,0.00084,0,0.0082299,0.0027433,0.0082299,0.0027433,0.0082299,0.0027433,0.0082299,0.0027433
735,24906,0.09867,0.07049,0.03187,0.04917,0.00167,0,1,1,0.995,0.995,1,1,0.995,0.99497,0.01933,0.02914,0.00043,0.01178,0.0008,0,0.0082002,0.0027334,0.0082002,0.0027334,0.0082002,0.0027334,0.0082002,0.0027334
736,24940,0.09769,0.08126,0.03151,0.04935,0.00168,0,1,1,0.995,0.995,1,1,0.995,0.99499,0.02119,0.02881,0.00042,0.01259,0.00087,0,0.0081705,0.0027235,0.0081705,0.0027235,0.0081705,0.0027235,0.0081705,0.0027235
737,24973.8,0.09577,0.08871,0.0314,0.05111,0.00154,0,1,1,0.995,0.995,1,1,0.995,0.99499,0.02182,0.02858,0.00042,0.01262,0.00086,0,0.0081408,0.0027136,0.0081408,0.0027136,0.0081408,0.0027136,0.0081408,0.0027136
738,25007.6,0.10326,0.07705,0.03092,0.05645,0.00175,0,1,1,0.995,0.995,1,1,0.995,0.995,0.01932,0.02835,0.00042,0.0121,0.00083,0,0.0081111,0.0027037,0.0081111,0.0027037,0.0081111,0.0027037,0.0081111,0.0027037
739,25040.6,0.10465,0.07623,0.02931,0.0559,0.00168,0,1,1,0.995,0.995,1,1,0.995,0.995,0.01767,0.02843,0.00041,0.01161,0.00076,0,0.0080814,0.0026938,0.0080814,0.0026938,0.0080814,0.0026938,0.0080814,0.0026938
740,25074.4,0.09479,0.08266,0.03201,0.05216,0.00164,0,1,1,0.995,0.995,1,1,0.995,0.995,0.0222,0.02854,0.00042,0.01265,0.00092,0,0.0080517,0.0026839,0.0080517,0.0026839,0.0080517,0.0026839,0.0080517,0.0026839
741,25108.2,0.09874,0.07417,0.02939,0.05371,0.00163,0,1,1,0.995,0.995,1,1,0.995,0.99499,0.0224,0.02839,0.00043,0.01268,0.00094,0,0.008022,0.002674,0.008022,0.002674,0.008022,0.002674,0.008022,0.002674
742,25142.2,0.09498,0.09766,0.0352,0.04964,0.0017,0,0.99975,1,0.995,0.995,0.99975,1,0.995,0.99499,0.02286,0.02844,0.00043,0.01285,0.00094,0,0.0079923,0.0026641,0.0079923,0.0026641,0.0079923,0.0026641,0.0079923,0.0026641
743,25175.7,0.09789,0.08825,0.0287,0.05621,0.00171,0,0.99952,1,0.995,0.995,0.99952,1,0.995,0.99498,0.02053,0.0286,0.00044,0.01399,0.00084,0,0.0079626,0.0026542,0.0079626,0.0026542,0.0079626,0.0026542,0.0079626,0.0026542
744,25209.4,0.09566,0.0842,0.03087,0.05308,0.00165,0,0.99974,1,0.995,0.995,0.99974,1,0.995,0.99498,0.01977,0.02867,0.00044,0.01199,0.00084,0,0.0079329,0.0026443,0.0079329,0.0026443,0.0079329,0.0026443,0.0079329,0.0026443
745,25243.1,0.09911,0.09106,0.02978,0.05113,0.00172,0,0.99975,1,0.995,0.995,0.99975,1,0.995,0.99498,0.02273,0.02845,0.00043,0.01275,0.00093,0,0.0079032,0.0026344,0.0079032,0.0026344,0.0079032,0.0026344,0.0079032,0.0026344
746,25276.2,0.09638,0.08569,0.02916,0.05301,0.00166,0,0.99957,1,0.995,0.995,0.99957,1,0.995,0.99499,0.02089,0.02838,0.00043,0.01417,0.00088,0,0.0078735,0.0026245,0.0078735,0.0026245,0.0078735,0.0026245,0.0078735,0.0026245
747,25309.7,0.10034,0.07413,0.03099,0.05353,0.00159,0,0.99975,1,0.995,0.995,0.99975,1,0.995,0.99499,0.02062,0.0286,0.00044,0.01247,0.0009,0,0.0078438,0.0026146,0.0078438,0.0026146,0.0078438,0.0026146,0.0078438,0.0026146
748,25344.3,0.09453,0.07999,0.03065,0.04932,0.00165,0,1,1,0.995,0.995,1,1,0.995,0.99499,0.01893,0.02868,0.00044,0.01188,0.00083,0,0.0078141,0.0026047,0.0078141,0.0026047,0.0078141,0.0026047,0.0078141,0.0026047
749,25378.5,0.09398,0.07593,0.02982,0.05276,0.00161,0,1,1,0.995,0.995,1,1,0.995,0.99499,0.01819,0.0287,0.00043,0.01175,0.00082,0,0.0077844,0.0025948,0.0077844,0.0025948,0.0077844,0.0025948,0.0077844,0.0025948
750,25412.3,0.09537,0.07119,0.02733,0.04683,0.0016,0,0.99972,1,0.995,0.995,0.99972,1,0.995,0.99495,0.0185,0.02893,0.00043,0.0121,0.00082,0,0.0077547,0.0025849,0.0077547,0.0025849,0.0077547,0.0025849,0.0077547,0.0025849
751,25445.9,0.09729,0.07457,0.03364,0.05426,0.00161,0,1,1,0.995,0.995,1,1,0.995,0.99495,0.01966,0.02903,0.00043,0.01168,0.00086,0,0.007725,0.002575,0.007725,0.002575,0.007725,0.002575,0.007725,0.002575
752,25479.3,0.09753,0.08083,0.03136,0.05099,0.00156,0,1,1,0.995,0.995,1,1,0.995,0.99499,0.02206,0.02879,0.00043,0.01225,0.00087,0,0.0076953,0.0025651,0.0076953,0.0025651,0.0076953,0.0025651,0.0076953,0.0025651
753,25512.6,0.09356,0.08438,0.03095,0.05274,0.00164,0,0.99972,1,0.995,0.995,0.99972,1,0.995,0.99499,0.0222,0.02833,0.00043,0.01303,0.00092,0,0.0076656,0.0025552,0.0076656,0.0025552,0.0076656,0.0025552,0.0076656,0.0025552
754,25546,0.09631,0.07431,0.02896,0.05501,0.00158,0,0.99974,1,0.995,0.995,0.99974,1,0.995,0.99498,0.02456,0.02794,0.00043,0.01317,0.00091,0,0.0076359,0.0025453,0.0076359,0.0025453,0.0076359,0.0025453,0.0076359,0.0025453
755,25579.7,0.09283,0.08096,0.02933,0.05051,0.00153,0,0.99973,1,0.995,0.995,0.99973,1,0.995,0.99499,0.02595,0.02793,0.00043,0.01543,0.00096,0,0.0076062,0.0025354,0.0076062,0.0025354,0.0076062,0.0025354,0.0076062,0.0025354
756,25613.8,0.09891,0.08772,0.03113,0.05259,0.00163,0,0.99975,1,0.995,0.995,0.99975,1,0.995,0.99497,0.02801,0.02774,0.00044,0.01358,0.00101,0,0.0075765,0.0025255,0.0075765,0.0025255,0.0075765,0.0025255,0.0075765,0.0025255
757,25648,0.09887,0.08087,0.03045,0.05351,0.00165,0,1,1,0.995,0.995,1,1,0.995,0.99499,0.0272,0.02785,0.00044,0.01348,0.00099,0,0.0075468,0.0025156,0.0075468,0.0025156,0.0075468,0.0025156,0.0075468,0.0025156
758,25681.4,0.09565,0.08117,0.03149,0.04586,0.00157,0,0.99975,1,0.995,0.995,0.99975,1,0.995,0.99499,0.02728,0.02788,0.00044,0.0134,0.00096,0,0.0075171,0.0025057,0.0075171,0.0025057,0.0075171,0.0025057,0.0075171,0.0025057
759,25715.1,0.09232,0.07523,0.02718,0.04732,0.00155,0,0.99951,1,0.995,0.995,0.99951,1,0.995,0.99499,0.02266,0.02846,0.00044,0.01456,0.00084,0,0.0074874,0.0024958,0.0074874,0.0024958,0.0074874,0.0024958,0.0074874,0.0024958
760,25748.1,0.09378,0.08863,0.03356,0.05271,0.00153,0,0.99974,1,0.995,0.995,0.99974,1,0.995,0.99499,0.01922,0.02887,0.00044,0.0112,0.00073,0,0.0074577,0.0024859,0.0074577,0.0024859,0.0074577,0.0024859,0.0074577,0.0024859
761,25781.6,0.09698,0.07624,0.03105,0.05727,0.00158,0,1,1,0.995,0.995,1,1,0.995,0.99457,0.0169,0.02894,0.00043,0.01041,0.00063,0,0.007428,0.002476,0.007428,0.002476,0.007428,0.002476,0.007428,0.002476
762,25815.6,0.09112,0.08194,0.03321,0.06081,0.00157,0,1,1,0.995,0.995,1,1,0.995,0.9945,0.01761,0.02899,0.00041,0.01069,0.00068,0,0.0073983,0.0024661,0.0073983,0.0024661,0.0073983,0.0024661,0.0073983,0.0024661
763,25849.4,0.09074,0.07544,0.03128,0.05663,0.00162,0,0.99928,1,0.995,0.995,0.99928,1,0.995,0.99454,0.02122,0.02877,0.00039,0.01605,0.00084,0,0.0073686,0.0024562,0.0073686,0.0024562,0.0073686,0.0024562,0.0073686,0.0024562
764,25883.3,0.08667,0.08545,0.03489,0.04931,0.00146,0,0.99977,1,0.995,0.995,0.99977,1,0.995,0.99452,0.02486,0.02856,0.00038,0.01357,0.00086,0,0.0073389,0.0024463,0.0073389,0.0024463,0.0073389,0.0024463,0.0073389,0.0024463
765,25916.9,0.09107,0.07343,0.02895,0.05179,0.00154,0,0.99973,1,0.995,0.995,0.99973,1,0.995,0.99452,0.02115,0.02807,0.00037,0.013,0.00073,0,0.0073092,0.0024364,0.0073092,0.0024364,0.0073092,0.0024364,0.0073092,0.0024364
766,25950.2,0.09302,0.07309,0.03355,0.0525,0.00156,0,1,1,0.995,0.995,1,1,0.995,0.9945,0.01682,0.02759,0.00037,0.0103,0.00062,0,0.0072795,0.0024265,0.0072795,0.0024265,0.0072795,0.0024265,0.0072795,0.0024265
767,25983.6,0.09566,0.07277,0.03011,0.05352,0.00162,0,0.99975,1,0.995,0.995,0.99975,1,0.995,0.9945,0.01852,0.02711,0.00037,0.01194,0.00067,0,0.0072498,0.0024166,0.0072498,0.0024166,0.0072498,0.0024166,0.0072498,0.0024166
768,26016.9,0.08961,0.0824,0.02846,0.05228,0.00157,0,1,1,0.995,0.995,1,1,0.995,0.99499,0.01506,0.02679,0.00038,0.00985,0.00056,0,0.0072201,0.0024067,0.0072201,0.0024067,0.0072201,0.0024067,0.0072201,0.0024067
769,26051.2,0.08624,0.07817,0.03128,0.047,0.00146,0,0.99974,1,0.995,0.995,0.99974,1,0.995,0.995,0.01324,0.0267,0.00038,0.00935,0.00052,0,0.0071904,0.0023968,0.0071904,0.0023968,0.0071904,0.0023968,0.0071904,0.0023968
770,26084.7,0.08739,0.06906,0.02626,0.04754,0.00147,0,0.9995,1,0.995,0.995,0.9995,1,0.995,0.995,0.01233,0.027,0.00038,0.01119,0.0005,0,0.0071607,0.0023869,0.0071607,0.0023869,0.0071607,0.0023869,0.0071607,0.0023869
771,26119.5,0.08543,0.06951,0.02875,0.04821,0.00145,0,0.99951,1,0.995,0.995,0.99951,1,0.995,0.995,0.01267,0.02672,0.00037,0.01071,0.00053,0,0.007131,0.002377,0.007131,0.002377,0.007131,0.002377,0.007131,0.002377
772,26153.1,0.08782,0.07304,0.02875,0.05171,0.00145,0,0.9995,1,0.995,0.995,0.9995,1,0.995,0.995,0.01193,0.02678,0.00037,0.01112,0.00053,0,0.0071013,0.0023671,0.0071013,0.0023671,0.0071013,0.0023671,0.0071013,0.0023671
773,26186.9,0.08804,0.076,0.02827,0.05149,0.00152,0,0.99974,1,0.995,0.995,0.99974,1,0.995,0.995,0.01379,0.02684,0.00037,0.00935,0.00058,0,0.0070716,0.0023572,0.0070716,0.0023572,0.0070716,0.0023572,0.0070716,0.0023572
774,26220.2,0.08485,0.07153,0.02931,0.05014,0.00152,0,0.99975,1,0.995,0.995,0.99975,1,0.995,0.99499,0.01323,0.02658,0.00037,0.00923,0.00058,0,0.0070419,0.0023473,0.0070419,0.0023473,0.0070419,0.0023473,0.0070419,0.0023473
775,26253.5,0.08698,0.0921,0.02862,0.04864,0.00146,0,0.9996,1,0.995,0.995,0.9996,1,0.995,0.99499,0.01471,0.02654,0.00036,0.01098,0.0006,0,0.0070122,0.0023374,0.0070122,0.0023374,0.0070122,0.0023374,0.0070122,0.0023374
776,26287.5,0.08684,0.07491,0.03238,0.05055,0.00146,0,0.99946,1,0.995,0.995,0.99946,1,0.995,0.99499,0.01255,0.0261,0.00037,0.01156,0.00055,0,0.0069825,0.0023275,0.0069825,0.0023275,0.0069825,0.0023275,0.0069825,0.0023275
777,26321.9,0.08854,0.07258,0.0288,0.05309,0.0015,0,0.99874,1,0.995,0.995,0.99874,1,0.995,0.995,0.01171,0.02635,0.00036,0.01322,0.00054,0,0.0069528,0.0023176,0.0069528,0.0023176,0.0069528,0.0023176,0.0069528,0.0023176
778,26356.2,0.08309,0.06919,0.03221,0.0527,0.00141,0,0.99974,1,0.995,0.995,0.99974,1,0.995,0.99497,0.01281,0.02611,0.00036,0.00918,0.00058,0,0.0069231,0.0023077,0.0069231,0.0023077,0.0069231,0.0023077,0.0069231,0.0023077
779,26389.9,0.0856,0.06458,0.02675,0.05029,0.00148,0,1,1,0.995,0.995,1,1,0.995,0.9945,0.0117,0.02618,0.00036,0.0086,0.00053,0,0.0068934,0.0022978,0.0068934,0.0022978,0.0068934,0.0022978,0.0068934,0.0022978
780,26423.5,0.08568,0.06442,0.02683,0.04754,0.00142,0,1,1,0.995,0.995,1,1,0.995,0.99466,0.01344,0.02626,0.00037,0.00913,0.00062,0,0.0068637,0.0022879,0.0068637,0.0022879,0.0068637,0.0022879,0.0068637,0.0022879
781,26457.4,0.08542,0.07137,0.03198,0.0484,0.00147,0,1,1,0.995,0.995,1,1,0.995,0.99458,0.013,0.02649,0.00037,0.00906,0.00059,0,0.006834,0.002278,0.006834,0.002278,0.006834,0.002278,0.006834,0.002278
782,26490.3,0.07962,0.07058,0.02972,0.04773,0.00133,0,1,1,0.995,0.995,1,1,0.995,0.99482,0.01361,0.0264,0.00037,0.00919,0.0006,0,0.0068043,0.0022681,0.0068043,0.0022681,0.0068043,0.0022681,0.0068043,0.0022681
783,26524,0.08694,0.06428,0.02856,0.05009,0.00143,0,1,1,0.995,0.995,1,1,0.995,0.9948,0.01621,0.02633,0.00037,0.00975,0.00065,0,0.0067746,0.0022582,0.0067746,0.0022582,0.0067746,0.0022582,0.0067746,0.0022582
784,26557.8,0.081,0.06813,0.03245,0.04882,0.00136,0,1,0.99994,0.995,0.995,1,0.99994,0.995,0.99479,0.01402,0.02632,0.00036,0.01134,0.00056,0,0.0067449,0.0022483,0.0067449,0.0022483,0.0067449,0.0022483,0.0067449,0.0022483
785,26591.7,0.08344,0.07297,0.02813,0.0505,0.00139,0,1,1,0.995,0.995,1,1,0.995,0.99489,0.01388,0.02598,0.00035,0.00905,0.00053,0,0.0067152,0.0022384,0.0067152,0.0022384,0.0067152,0.0022384,0.0067152,0.0022384
786,26625.6,0.08233,0.0654,0.02907,0.04801,0.0014,0,1,1,0.995,0.995,1,1,0.995,0.99489,0.01197,0.026,0.00035,0.00859,0.00049,0,0.0066855,0.0022285,0.0066855,0.0022285,0.0066855,0.0022285,0.0066855,0.0022285
787,26659.1,0.08376,0.06832,0.02938,0.05246,0.00138,0,1,1,0.995,0.995,1,1,0.995,0.99495,0.01284,0.026,0.00035,0.00875,0.00052,0,0.0066558,0.0022186,0.0066558,0.0022186,0.0066558,0.0022186,0.0066558,0.0022186
788,26692.9,0.08092,0.0573,0.02893,0.05382,0.00137,0,1,1,0.995,0.995,1,1,0.995,0.99496,0.01533,0.02591,0.00035,0.00947,0.0006,0,0.0066261,0.0022087,0.0066261,0.0022087,0.0066261,0.0022087,0.0066261,0.0022087
789,26726.5,0.08427,0.05662,0.02742,0.04826,0.00146,0,1,1,0.995,0.995,1,1,0.995,0.99497,0.0185,0.02602,0.00035,0.01074,0.00076,0,0.0065964,0.0021988,0.0065964,0.0021988,0.0065964,0.0021988,0.0065964,0.0021988
790,26760.3,0.08238,0.06989,0.03041,0.05108,0.00133,0,1,1,0.995,0.995,1,1,0.995,0.99495,0.01675,0.02607,0.00036,0.0101,0.0007,0,0.0065667,0.0021889,0.0065667,0.0021889,0.0065667,0.0021889,0.0065667,0.0021889
791,26794.3,0.08203,0.06791,0.0311,0.04922,0.00134,0,1,1,0.995,0.995,1,1,0.995,0.99497,0.01747,0.02605,0.00036,0.01049,0.00072,0,0.006537,0.002179,0.006537,0.002179,0.006537,0.002179,0.006537,0.002179
792,26828.2,0.07873,0.0741,0.02819,0.05005,0.00135,0,1,1,0.995,0.995,1,1,0.995,0.99495,0.01683,0.02607,0.00036,0.01019,0.0007,0,0.0065073,0.0021691,0.0065073,0.0021691,0.0065073,0.0021691,0.0065073,0.0021691
793,26862,0.08321,0.06629,0.02674,0.0537,0.00135,0,1,1,0.995,0.995,1,1,0.995,0.99494,0.01673,0.02605,0.00036,0.01022,0.00072,0,0.0064776,0.0021592,0.0064776,0.0021592,0.0064776,0.0021592,0.0064776,0.0021592
794,26895.3,0.08554,0.06605,0.02962,0.0453,0.00146,0,0.9998,1,0.995,0.995,0.9998,1,0.995,0.99496,0.01493,0.02596,0.00037,0.0101,0.00067,0,0.0064479,0.0021493,0.0064479,0.0021493,0.0064479,0.0021493,0.0064479,0.0021493
795,26929.1,0.0818,0.06788,0.02637,0.0497,0.00137,0,1,1,0.995,0.995,1,1,0.995,0.99495,0.01534,0.02586,0.00037,0.00975,0.00068,0,0.0064182,0.0021394,0.0064182,0.0021394,0.0064182,0.0021394,0.0064182,0.0021394
796,26962.1,0.07897,0.07283,0.02965,0.04672,0.00133,0,1,1,0.995,0.995,1,1,0.995,0.99482,0.01673,0.02584,0.00037,0.01014,0.0007,0,0.0063885,0.0021295,0.0063885,0.0021295,0.0063885,0.0021295,0.0063885,0.0021295
797,26996.1,0.07662,0.06964,0.02412,0.04057,0.00131,0,1,1,0.995,0.995,1,1,0.995,0.99495,0.01771,0.02587,0.00037,0.01048,0.00075,0,0.0063588,0.0021196,0.0063588,0.0021196,0.0063588,0.0021196,0.0063588,0.0021196
798,27030.3,0.08165,0.06867,0.02663,0.0456,0.00133,0,1,1,0.995,0.995,1,1,0.995,0.9949,0.02196,0.02599,0.00036,0.01114,0.00078,0,0.0063291,0.0021097,0.0063291,0.0021097,0.0063291,0.0021097,0.0063291,0.0021097
799,27064.4,0.07878,0.07176,0.03212,0.04667,0.00125,0,1,1,0.995,0.995,1,1,0.995,0.9949,0.01711,0.02616,0.00037,0.00997,0.00069,0,0.0062994,0.0020998,0.0062994,0.0020998,0.0062994,0.0020998,0.0062994,0.0020998
800,27098.3,0.07731,0.06236,0.0264,0.04803,0.00135,0,1,1,0.995,0.995,1,1,0.995,0.9949,0.01769,0.02627,0.00036,0.01022,0.00073,0,0.0062697,0.0020899,0.0062697,0.0020899,0.0062697,0.0020899,0.0062697,0.0020899
801,27131.9,0.07966,0.06061,0.02883,0.04366,0.00134,0,1,1,0.995,0.995,1,1,0.995,0.99484,0.01913,0.02612,0.00036,0.01041,0.00073,0,0.00624,0.00208,0.00624,0.00208,0.00624,0.00208,0.00624,0.00208
802,27165.3,0.07651,0.07192,0.0278,0.04597,0.0013,0,1,1,0.995,0.995,1,1,0.995,0.99494,0.01967,0.02616,0.00035,0.01073,0.00076,0,0.0062103,0.0020701,0.0062103,0.0020701,0.0062103,0.0020701,0.0062103,0.0020701
803,27198.4,0.0789,0.06721,0.03123,0.04898,0.00134,0,1,1,0.995,0.995,1,1,0.995,0.9948,0.01741,0.02619,0.00035,0.01006,0.00069,0,0.0061806,0.0020602,0.0061806,0.0020602,0.0061806,0.0020602,0.0061806,0.0020602
804,27232,0.07865,0.06346,0.02448,0.04615,0.00133,0,1,1,0.995,0.995,1,1,0.995,0.99482,0.01744,0.02607,0.00034,0.00995,0.00067,0,0.0061509,0.0020503,0.0061509,0.0020503,0.0061509,0.0020503,0.0061509,0.0020503
805,27266.1,0.0783,0.056,0.02406,0.0478,0.00125,0,1,1,0.995,0.995,1,1,0.995,0.9949,0.01493,0.02589,0.00035,0.00938,0.00066,0,0.0061212,0.0020404,0.0061212,0.0020404,0.0061212,0.0020404,0.0061212,0.0020404
806,27300.1,0.07891,0.06236,0.02668,0.04752,0.00134,0,1,1,0.995,0.995,1,1,0.995,0.9949,0.01625,0.02575,0.00035,0.00992,0.00071,0,0.0060915,0.0020305,0.0060915,0.0020305,0.0060915,0.0020305,0.0060915,0.0020305
807,27334,0.07809,0.06973,0.02853,0.04552,0.00126,0,1,1,0.995,0.995,1,1,0.995,0.99482,0.01708,0.02572,0.00034,0.01034,0.00075,0,0.0060618,0.0020206,0.0060618,0.0020206,0.0060618,0.0020206,0.0060618,0.0020206
808,27367.5,0.07651,0.06823,0.02703,0.04806,0.00128,0,1,1,0.995,0.995,1,1,0.995,0.99457,0.0146,0.02571,0.00033,0.00958,0.00069,0,0.0060321,0.0020107,0.0060321,0.0020107,0.0060321,0.0020107,0.0060321,0.0020107
809,27401,0.08082,0.0615,0.02582,0.04474,0.00127,0,1,1,0.995,0.995,1,1,0.995,0.9948,0.01472,0.02572,0.00033,0.0094,0.00066,0,0.0060024,0.0020008,0.0060024,0.0020008,0.0060024,0.0020008,0.0060024,0.0020008
810,27434.4,0.07781,0.06126,0.02978,0.04732,0.00126,0,1,1,0.995,0.995,1,1,0.995,0.99465,0.01498,0.02565,0.00033,0.00957,0.00068,0,0.0059727,0.0019909,0.0059727,0.0019909,0.0059727,0.0019909,0.0059727,0.0019909
811,27467.9,0.07902,0.06387,0.02684,0.04568,0.0013,0,1,1,0.995,0.995,1,1,0.995,0.99457,0.01485,0.02542,0.00033,0.00961,0.00068,0,0.005943,0.001981,0.005943,0.001981,0.005943,0.001981,0.005943,0.001981
812,27501.9,0.07289,0.06575,0.02625,0.04388,0.00125,0,1,1,0.995,0.995,1,1,0.995,0.9945,0.01522,0.02522,0.00033,0.00969,0.00071,0,0.0059133,0.0019711,0.0059133,0.0019711,0.0059133,0.0019711,0.0059133,0.0019711
813,27535.8,0.08233,0.06113,0.02509,0.04983,0.00132,0,1,1,0.995,0.995,1,1,0.995,0.99453,0.01452,0.02516,0.00033,0.00936,0.00067,0,0.0058836,0.0019612,0.0058836,0.0019612,0.0058836,0.0019612,0.0058836,0.0019612
814,27569.6,0.07794,0.05738,0.03026,0.04543,0.00128,0,1,1,0.995,0.995,1,1,0.995,0.99451,0.01532,0.02506,0.00033,0.00953,0.00069,0,0.0058539,0.0019513,0.0058539,0.0019513,0.0058539,0.0019513,0.0058539,0.0019513
815,27603.3,0.07316,0.06504,0.02732,0.0453,0.00126,0,0.9997,1,0.995,0.995,0.9997,1,0.995,0.9945,0.01536,0.02498,0.00032,0.01006,0.00069,0,0.0058242,0.0019414,0.0058242,0.0019414,0.0058242,0.0019414,0.0058242,0.0019414
816,27637.3,0.07237,0.0631,0.02706,0.04646,0.00126,0,0.99976,1,0.995,0.995,0.99976,1,0.995,0.9945,0.0156,0.02502,0.00032,0.01054,0.0007,0,0.0057945,0.0019315,0.0057945,0.0019315,0.0057945,0.0019315,0.0057945,0.0019315
817,27670.7,0.07772,0.06065,0.02588,0.05684,0.00126,0,1,1,0.995,0.995,1,1,0.995,0.9945,0.01675,0.02506,0.00031,0.0098,0.00071,0,0.0057648,0.0019216,0.0057648,0.0019216,0.0057648,0.0019216,0.0057648,0.0019216
818,27704.1,0.07917,0.05534,0.02569,0.05552,0.00124,0,1,1,0.995,0.995,1,1,0.995,0.9945,0.01654,0.02494,0.00031,0.00981,0.0007,0,0.0057351,0.0019117,0.0057351,0.0019117,0.0057351,0.0019117,0.0057351,0.0019117
819,27738.6,0.07347,0.06379,0.02851,0.04624,0.0013,0,0.99974,1,0.995,0.995,0.99974,1,0.995,0.99495,0.01504,0.02482,0.00031,0.00946,0.00063,0,0.0057054,0.0019018,0.0057054,0.0019018,0.0057054,0.0019018,0.0057054,0.0019018
820,27772.5,0.07121,0.06271,0.02849,0.04575,0.00121,0,0.99975,1,0.995,0.995,0.99975,1,0.995,0.995,0.01622,0.02469,0.00031,0.00966,0.00064,0,0.0056757,0.0018919,0.0056757,0.0018919,0.0056757,0.0018919,0.0056757,0.0018919
821,27806.6,0.07521,0.06242,0.02626,0.05204,0.00129,0,0.99974,1,0.995,0.995,0.99974,1,0.995,0.995,0.01583,0.02499,0.00031,0.00946,0.00064,0,0.005646,0.001882,0.005646,0.001882,0.005646,0.001882,0.005646,0.001882
822,27840.2,0.07744,0.06826,0.0312,0.04816,0.00131,0,1,1,0.995,0.995,1,1,0.995,0.995,0.0155,0.02498,0.00031,0.00952,0.00067,0,0.0056163,0.0018721,0.0056163,0.0018721,0.0056163,0.0018721,0.0056163,0.0018721
823,27873.7,0.07589,0.05691,0.02817,0.0476,0.00131,0,1,1,0.995,0.995,1,1,0.995,0.99495,0.01493,0.02524,0.00031,0.00912,0.00064,0,0.0055866,0.0018622,0.0055866,0.0018622,0.0055866,0.0018622,0.0055866,0.0018622
824,27907,0.07925,0.06138,0.02966,0.04758,0.00124,0,1,1,0.995,0.995,1,1,0.995,0.995,0.01574,0.02515,0.00031,0.00915,0.00066,0,0.0055569,0.0018523,0.0055569,0.0018523,0.0055569,0.0018523,0.0055569,0.0018523
825,27940.4,0.07051,0.06026,0.0254,0.04966,0.00116,0,1,1,0.995,0.995,1,1,0.995,0.995,0.01447,0.0249,0.0003,0.00871,0.00061,0,0.0055272,0.0018424,0.0055272,0.0018424,0.0055272,0.0018424,0.0055272,0.0018424
826,27974.4,0.07163,0.06788,0.0271,0.04135,0.00119,0,0.99977,1,0.995,0.995,0.99977,1,0.995,0.995,0.01346,0.02471,0.0003,0.0088,0.00055,0,0.0054975,0.0018325,0.0054975,0.0018325,0.0054975,0.0018325,0.0054975,0.0018325
827,28008.6,0.07201,0.06712,0.02773,0.0432,0.00125,0,1,1,0.995,0.995,1,1,0.995,0.9945,0.01436,0.02439,0.0003,0.00851,0.00057,0,0.0054678,0.0018226,0.0054678,0.0018226,0.0054678,0.0018226,0.0054678,0.0018226
828,28042.8,0.07387,0.05511,0.0271,0.04258,0.00125,0,0.99975,1,0.995,0.995,0.99975,1,0.995,0.995,0.01373,0.02434,0.0003,0.0089,0.00057,0,0.0054381,0.0018127,0.0054381,0.0018127,0.0054381,0.0018127,0.0054381,0.0018127
829,28076.7,0.07213,0.06649,0.02497,0.04522,0.00118,0,1,1,0.995,0.995,1,1,0.995,0.9945,0.0146,0.02434,0.0003,0.00861,0.00058,0,0.0054084,0.0018028,0.0054084,0.0018028,0.0054084,0.0018028,0.0054084,0.0018028
830,28110.4,0.07471,0.05762,0.02626,0.0465,0.00123,0,1,1,0.995,0.995,1,1,0.995,0.995,0.0146,0.0242,0.0003,0.00874,0.00059,0,0.0053787,0.0017929,0.0053787,0.0017929,0.0053787,0.0017929,0.0053787,0.0017929
831,28143.8,0.07247,0.05308,0.02335,0.0412,0.00125,0,1,0.99996,0.995,0.995,1,0.99996,0.995,0.995,0.0156,0.02411,0.00029,0.0122,0.0006,0,0.005349,0.001783,0.005349,0.001783,0.005349,0.001783,0.005349,0.001783
832,28177.7,0.06796,0.05494,0.02602,0.03899,0.00114,0,0.99976,1,0.995,0.995,0.99976,1,0.995,0.995,0.01606,0.02418,0.00029,0.00917,0.00061,0,0.0053193,0.0017731,0.0053193,0.0017731,0.0053193,0.0017731,0.0053193,0.0017731
833,28211.8,0.07057,0.05877,0.02781,0.04496,0.00123,0,1,1,0.995,0.995,1,1,0.995,0.995,0.01408,0.02403,0.00029,0.00853,0.00057,0,0.0052896,0.0017632,0.0052896,0.0017632,0.0052896,0.0017632,0.0052896,0.0017632
834,28245.9,0.06807,0.05756,0.03068,0.0392,0.00111,0,1,1,0.995,0.995,1,1,0.995,0.995,0.01449,0.02385,0.00029,0.00876,0.00059,0,0.0052599,0.0017533,0.0052599,0.0017533,0.0052599,0.0017533,0.0052599,0.0017533
835,28279.9,0.06858,0.05501,0.02538,0.03784,0.00111,0,1,1,0.995,0.995,1,1,0.995,0.995,0.01356,0.02364,0.0003,0.00859,0.00059,0,0.0052302,0.0017434,0.0052302,0.0017434,0.0052302,0.0017434,0.0052302,0.0017434
836,28313.6,0.06748,0.05724,0.02853,0.04046,0.00109,0,1,1,0.995,0.995,1,1,0.995,0.995,0.01264,0.02361,0.0003,0.00809,0.00054,0,0.0052005,0.0017335,0.0052005,0.0017335,0.0052005,0.0017335,0.0052005,0.0017335
837,28347.4,0.07136,0.05549,0.02771,0.04238,0.00117,0,1,1,0.995,0.995,1,1,0.995,0.995,0.01374,0.02367,0.0003,0.0085,0.00058,0,0.0051708,0.0017236,0.0051708,0.0017236,0.0051708,0.0017236,0.0051708,0.0017236
838,28380.7,0.06855,0.06011,0.02848,0.03673,0.00118,0,1,1,0.995,0.995,1,1,0.995,0.995,0.01493,0.02369,0.00031,0.00896,0.00061,0,0.0051411,0.0017137,0.0051411,0.0017137,0.0051411,0.0017137,0.0051411,0.0017137
839,28414.2,0.07054,0.0507,0.02806,0.04374,0.00118,0,1,1,0.995,0.995,1,1,0.995,0.995,0.01745,0.02363,0.00031,0.0095,0.00064,0,0.0051114,0.0017038,0.0051114,0.0017038,0.0051114,0.0017038,0.0051114,0.0017038
840,28448.2,0.06786,0.06821,0.02606,0.04491,0.00111,0,1,1,0.995,0.995,1,1,0.995,0.995,0.01804,0.02363,0.00031,0.00973,0.00068,0,0.0050817,0.0016939,0.0050817,0.0016939,0.0050817,0.0016939,0.0050817,0.0016939
841,28482.5,0.06755,0.05851,0.02623,0.03624,0.00115,0,0.99975,1,0.995,0.995,0.99975,1,0.995,0.995,0.01881,0.02375,0.00031,0.00985,0.00067,0,0.005052,0.001684,0.005052,0.001684,0.005052,0.001684,0.005052,0.001684
842,28516.3,0.06821,0.05806,0.0261,0.05013,0.0012,0,0.99979,1,0.995,0.995,0.99979,1,0.995,0.995,0.01938,0.02371,0.00032,0.01082,0.0007,0,0.0050223,0.0016741,0.0050223,0.0016741,0.0050223,0.0016741,0.0050223,0.0016741
843,28550,0.06544,0.06168,0.02675,0.03927,0.00118,0,1,1,0.995,0.995,1,1,0.995,0.995,0.01587,0.02371,0.00032,0.00952,0.0007,0,0.0049926,0.0016642,0.0049926,0.0016642,0.0049926,0.0016642,0.0049926,0.0016642
844,28583.3,0.06543,0.0628,0.02551,0.04932,0.00114,0,0.99979,1,0.995,0.995,0.99979,1,0.995,0.995,0.01793,0.02386,0.00033,0.01166,0.00075,0,0.0049629,0.0016543,0.0049629,0.0016543,0.0049629,0.0016543,0.0049629,0.0016543
845,28616.6,0.06995,0.06043,0.02736,0.04239,0.00109,0,0.99975,1,0.995,0.995,0.99975,1,0.995,0.995,0.01935,0.02375,0.00033,0.01051,0.00081,0,0.0049332,0.0016444,0.0049332,0.0016444,0.0049332,0.0016444,0.0049332,0.0016444
846,28649.9,0.06464,0.06059,0.02774,0.04404,0.00109,0,1,1,0.995,0.995,1,1,0.995,0.995,0.02042,0.02385,0.00032,0.01058,0.00083,0,0.0049035,0.0016345,0.0049035,0.0016345,0.0049035,0.0016345,0.0049035,0.0016345
847,28683.9,0.06746,0.06314,0.02759,0.04507,0.00112,0,1,1,0.995,0.995,1,1,0.995,0.99457,0.01777,0.02372,0.00032,0.00977,0.00071,0,0.0048738,0.0016246,0.0048738,0.0016246,0.0048738,0.0016246,0.0048738,0.0016246
848,28718.3,0.06575,0.06052,0.02653,0.03924,0.00116,0,1,1,0.995,0.995,1,1,0.995,0.99458,0.01634,0.0238,0.00032,0.00945,0.0007,0,0.0048441,0.0016147,0.0048441,0.0016147,0.0048441,0.0016147,0.0048441,0.0016147
849,28752.5,0.06258,0.05969,0.02719,0.04306,0.00107,0,1,1,0.995,0.995,1,1,0.995,0.9945,0.01589,0.02376,0.00032,0.00926,0.00068,0,0.0048144,0.0016048,0.0048144,0.0016048,0.0048144,0.0016048,0.0048144,0.0016048
850,28786.6,0.06767,0.05137,0.02554,0.0443,0.00111,0,0.99974,1,0.995,0.995,0.99974,1,0.995,0.9945,0.01554,0.02381,0.00032,0.00958,0.00067,0,0.0047847,0.0015949,0.0047847,0.0015949,0.0047847,0.0015949,0.0047847,0.0015949
851,28820.3,0.06592,0.0549,0.02643,0.04652,0.00108,0,1,1,0.995,0.995,1,1,0.995,0.9945,0.0148,0.02383,0.00032,0.00908,0.00067,0,0.004755,0.001585,0.004755,0.001585,0.004755,0.001585,0.004755,0.001585
852,28853.8,0.0652,0.06101,0.02572,0.04093,0.00114,0,0.99991,1,0.995,0.995,0.99991,1,0.995,0.995,0.01449,0.02397,0.00032,0.01047,0.00067,0,0.0047253,0.0015751,0.0047253,0.0015751,0.0047253,0.0015751,0.0047253,0.0015751
853,28887.6,0.06512,0.05599,0.02501,0.04459,0.00114,0,1,1,0.995,0.995,1,1,0.995,0.995,0.01497,0.02391,0.00032,0.00919,0.00069,0,0.0046956,0.0015652,0.0046956,0.0015652,0.0046956,0.0015652,0.0046956,0.0015652
854,28921.3,0.06629,0.06,0.03062,0.04388,0.00111,0,1,1,0.995,0.995,1,1,0.995,0.99496,0.01746,0.0239,0.00031,0.00984,0.00078,0,0.0046659,0.0015553,0.0046659,0.0015553,0.0046659,0.0015553,0.0046659,0.0015553
855,28955.3,0.06631,0.05171,0.02444,0.03919,0.00114,0,0.99977,1,0.995,0.995,0.99977,1,0.995,0.99496,0.01796,0.02391,0.00031,0.01058,0.00079,0,0.0046362,0.0015454,0.0046362,0.0015454,0.0046362,0.0015454,0.0046362,0.0015454
856,28989.5,0.06161,0.05966,0.02587,0.03722,0.00113,0,0.9998,1,0.995,0.995,0.9998,1,0.995,0.99497,0.01808,0.02389,0.00032,0.01101,0.00079,0,0.0046065,0.0015355,0.0046065,0.0015355,0.0046065,0.0015355,0.0046065,0.0015355
857,29023.1,0.06329,0.05743,0.02625,0.04494,0.00107,0,0.99975,1,0.995,0.995,0.99975,1,0.995,0.99496,0.01878,0.02382,0.00031,0.01035,0.00081,0,0.0045768,0.0015256,0.0045768,0.0015256,0.0045768,0.0015256,0.0045768,0.0015256
858,29056.7,0.06126,0.06869,0.02667,0.03946,0.0011,0,0.99975,1,0.995,0.995,0.99975,1,0.995,0.99496,0.01825,0.02388,0.00031,0.01009,0.00079,0,0.0045471,0.0015157,0.0045471,0.0015157,0.0045471,0.0015157,0.0045471,0.0015157
859,29090.6,0.05943,0.05225,0.02694,0.0373,0.00107,0,1,1,0.995,0.995,1,1,0.995,0.99494,0.01732,0.0238,0.00031,0.00995,0.00076,0,0.0045174,0.0015058,0.0045174,0.0015058,0.0045174,0.0015058,0.0045174,0.0015058
860,29123.9,0.06065,0.0465,0.02623,0.03697,0.00106,0,0.99975,1,0.995,0.995,0.99975,1,0.995,0.99498,0.01664,0.02374,0.0003,0.0097,0.00075,0,0.0044877,0.0014959,0.0044877,0.0014959,0.0044877,0.0014959,0.0044877,0.0014959
861,29158,0.05955,0.05443,0.02753,0.04105,0.00103,0,0.99981,1,0.995,0.995,0.99981,1,0.995,0.995,0.01606,0.02354,0.0003,0.0105,0.00074,0,0.004458,0.001486,0.004458,0.001486,0.004458,0.001486,0.004458,0.001486
862,29192.1,0.06104,0.05152,0.02509,0.03842,0.00107,0,0.99975,1,0.995,0.995,0.99975,1,0.995,0.995,0.01615,0.02337,0.00029,0.00953,0.00074,0,0.0044283,0.0014761,0.0044283,0.0014761,0.0044283,0.0014761,0.0044283,0.0014761
863,29225.8,0.06058,0.05448,0.02634,0.03697,0.00106,0,1,1,0.995,0.995,1,1,0.995,0.995,0.01655,0.02331,0.00029,0.00953,0.00073,0,0.0043986,0.0014662,0.0043986,0.0014662,0.0043986,0.0014662,0.0043986,0.0014662
864,29259.6,0.06042,0.05424,0.02437,0.03667,0.00104,0,1,1,0.995,0.995,1,1,0.995,0.995,0.01707,0.02329,0.00028,0.00964,0.00075,0,0.0043689,0.0014563,0.0043689,0.0014563,0.0043689,0.0014563,0.0043689,0.0014563
865,29293.2,0.05731,0.05099,0.02754,0.03553,0.00102,0,1,1,0.995,0.995,1,1,0.995,0.995,0.01762,0.02318,0.00028,0.00982,0.00076,0,0.0043392,0.0014464,0.0043392,0.0014464,0.0043392,0.0014464,0.0043392,0.0014464
866,29327.3,0.06502,0.05263,0.02474,0.04203,0.00101,0,1,1,0.995,0.995,1,1,0.995,0.995,0.01891,0.02316,0.00028,0.0102,0.00079,0,0.0043095,0.0014365,0.0043095,0.0014365,0.0043095,0.0014365,0.0043095,0.0014365
867,29360.3,0.05945,0.05908,0.02284,0.03925,0.00104,0,1,1,0.995,0.995,1,1,0.995,0.995,0.01844,0.02308,0.00027,0.01012,0.00079,0,0.0042798,0.0014266,0.0042798,0.0014266,0.0042798,0.0014266,0.0042798,0.0014266
868,29394,0.05782,0.05516,0.02483,0.04012,0.00102,0,1,1,0.995,0.995,1,1,0.995,0.995,0.01763,0.02299,0.00028,0.00999,0.00079,0,0.0042501,0.0014167,0.0042501,0.0014167,0.0042501,0.0014167,0.0042501,0.0014167
869,29428.8,0.06122,0.05282,0.02209,0.03783,0.00101,0,1,0.99979,0.995,0.995,1,0.99979,0.995,0.995,0.01727,0.023,0.00028,0.01237,0.00077,0,0.0042204,0.0014068,0.0042204,0.0014068,0.0042204,0.0014068,0.0042204,0.0014068
870,29462.5,0.05774,0.05225,0.02741,0.03771,0.00097,0,0.99975,1,0.995,0.995,0.99975,1,0.995,0.995,0.01672,0.023,0.00027,0.00951,0.00073,0,0.0041907,0.0013969,0.0041907,0.0013969,0.0041907,0.0013969,0.0041907,0.0013969
871,29496.6,0.05863,0.05504,0.02951,0.03467,0.00106,0,1,1,0.995,0.995,1,1,0.995,0.995,0.01553,0.02296,0.00027,0.00911,0.00069,0,0.004161,0.001387,0.004161,0.001387,0.004161,0.001387,0.004161,0.001387
872,29530.2,0.05886,0.05072,0.02327,0.04123,0.00104,0,1,1,0.995,0.995,1,1,0.995,0.995,0.01607,0.02281,0.00027,0.00931,0.00071,0,0.0041313,0.0013771,0.0041313,0.0013771,0.0041313,0.0013771,0.0041313,0.0013771
873,29564,0.05863,0.05371,0.02712,0.03395,0.00097,0,1,1,0.995,0.995,1,1,0.995,0.995,0.0156,0.02278,0.00027,0.00919,0.00069,0,0.0041016,0.0013672,0.0041016,0.0013672,0.0041016,0.0013672,0.0041016,0.0013672
874,29597.1,0.05516,0.05422,0.02476,0.03629,0.00093,0,1,1,0.995,0.995,1,1,0.995,0.995,0.01537,0.02271,0.00026,0.0091,0.00071,0,0.0040719,0.0013573,0.0040719,0.0013573,0.0040719,0.0013573,0.0040719,0.0013573
875,29630.9,0.05571,0.05186,0.0227,0.03816,0.00098,0,1,1,0.995,0.995,1,1,0.995,0.995,0.01578,0.02266,0.00026,0.0092,0.00072,0,0.0040422,0.0013474,0.0040422,0.0013474,0.0040422,0.0013474,0.0040422,0.0013474
876,29665.4,0.05358,0.05653,0.02208,0.03622,0.00096,0,0.99976,1,0.995,0.995,0.99976,1,0.995,0.995,0.01667,0.02262,0.00026,0.00962,0.00074,0,0.0040125,0.0013375,0.0040125,0.0013375,0.0040125,0.0013375,0.0040125,0.0013375
877,29699.4,0.05778,0.056,0.02394,0.03546,0.00093,0,0.99969,1,0.995,0.995,0.99969,1,0.995,0.995,0.01601,0.02257,0.00026,0.00984,0.00071,0,0.0039828,0.0013276,0.0039828,0.0013276,0.0039828,0.0013276,0.0039828,0.0013276
878,29733.4,0.05625,0.05142,0.0249,0.03766,0.00095,0,0.99975,1,0.995,0.995,0.99975,1,0.995,0.995,0.01398,0.02243,0.00026,0.0085,0.00065,0,0.0039531,0.0013177,0.0039531,0.0013177,0.0039531,0.0013177,0.0039531,0.0013177
879,29767.1,0.05603,0.04995,0.02366,0.03538,0.00095,0,1,1,0.995,0.995,1,1,0.995,0.995,0.01455,0.02237,0.00026,0.00865,0.00066,0,0.0039234,0.0013078,0.0039234,0.0013078,0.0039234,0.0013078,0.0039234,0.0013078
880,29801.1,0.055,0.04768,0.02462,0.03678,0.00097,0,1,1,0.995,0.995,1,1,0.995,0.995,0.01463,0.0223,0.00026,0.00871,0.00067,0,0.0038937,0.0012979,0.0038937,0.0012979,0.0038937,0.0012979,0.0038937,0.0012979
881,29834.1,0.05583,0.04815,0.02835,0.03622,0.00094,0,1,1,0.995,0.995,1,1,0.995,0.995,0.01486,0.02221,0.00026,0.00875,0.00068,0,0.003864,0.001288,0.003864,0.001288,0.003864,0.001288,0.003864,0.001288
882,29868.1,0.05618,0.04842,0.02533,0.04003,0.001,0,1,1,0.995,0.995,1,1,0.995,0.995,0.01351,0.02216,0.00026,0.00848,0.00065,0,0.0038343,0.0012781,0.0038343,0.0012781,0.0038343,0.0012781,0.0038343,0.0012781
883,29902.2,0.05616,0.04535,0.02504,0.03314,0.00096,0,1,1,0.995,0.995,1,1,0.995,0.995,0.01317,0.02222,0.00026,0.00831,0.00064,0,0.0038046,0.0012682,0.0038046,0.0012682,0.0038046,0.0012682,0.0038046,0.0012682
884,29936.1,0.05462,0.05067,0.02403,0.03952,0.00093,0,1,1,0.995,0.995,1,1,0.995,0.995,0.01326,0.02211,0.00026,0.00839,0.00065,0,0.0037749,0.0012583,0.0037749,0.0012583,0.0037749,0.0012583,0.0037749,0.0012583
885,29970.2,0.05245,0.04989,0.02265,0.03222,0.00095,0,1,1,0.995,0.995,1,1,0.995,0.995,0.01368,0.02205,0.00026,0.00851,0.00066,0,0.0037452,0.0012484,0.0037452,0.0012484,0.0037452,0.0012484,0.0037452,0.0012484
886,30003.9,0.05239,0.0473,0.02488,0.03304,0.00091,0,1,1,0.995,0.995,1,1,0.995,0.995,0.01316,0.02198,0.00026,0.00832,0.00064,0,0.0037155,0.0012385,0.0037155,0.0012385,0.0037155,0.0012385,0.0037155,0.0012385
887,30038,0.0553,0.04664,0.02218,0.03865,0.00096,0,1,1,0.995,0.995,1,1,0.995,0.995,0.01347,0.02194,0.00026,0.00846,0.00065,0,0.0036858,0.0012286,0.0036858,0.0012286,0.0036858,0.0012286,0.0036858,0.0012286
888,30071.2,0.05161,0.05259,0.02523,0.03711,0.00092,0,1,1,0.995,0.995,1,1,0.995,0.995,0.01334,0.02189,0.00026,0.00834,0.00064,0,0.0036561,0.0012187,0.0036561,0.0012187,0.0036561,0.0012187,0.0036561,0.0012187
889,30105.1,0.05255,0.04691,0.02459,0.03612,0.00091,0,1,1,0.995,0.995,1,1,0.995,0.995,0.01204,0.02189,0.00026,0.00802,0.00061,0,0.0036264,0.0012088,0.0036264,0.0012088,0.0036264,0.0012088,0.0036264,0.0012088
890,30139.2,0.05481,0.04895,0.02153,0.03617,0.00088,0,1,1,0.995,0.995,1,1,0.995,0.995,0.01242,0.0219,0.00026,0.00814,0.00063,0,0.0035967,0.0011989,0.0035967,0.0011989,0.0035967,0.0011989,0.0035967,0.0011989
891,30173.3,0.04855,0.0577,0.028,0.03487,0.00083,0,1,1,0.995,0.995,1,1,0.995,0.995,0.01279,0.02206,0.00026,0.00825,0.00064,0,0.003567,0.001189,0.003567,0.001189,0.003567,0.001189,0.003567,0.001189
892,30207.1,0.05466,0.05605,0.02678,0.04277,0.0009,0,1,1,0.995,0.995,1,1,0.995,0.995,0.0145,0.02205,0.00025,0.00864,0.00067,0,0.0035373,0.0011791,0.0035373,0.0011791,0.0035373,0.0011791,0.0035373,0.0011791
893,30240.7,0.05089,0.04777,0.02612,0.03201,0.00086,0,1,1,0.995,0.995,1,1,0.995,0.995,0.01533,0.02215,0.00025,0.00881,0.00069,0,0.0035076,0.0011692,0.0035076,0.0011692,0.0035076,0.0011692,0.0035076,0.0011692
894,30274.1,0.05353,0.04857,0.02532,0.0357,0.00088,0,1,1,0.995,0.995,1,1,0.995,0.995,0.0167,0.0221,0.00025,0.00906,0.00071,0,0.0034779,0.0011593,0.0034779,0.0011593,0.0034779,0.0011593,0.0034779,0.0011593
895,30307.4,0.05002,0.04735,0.02685,0.03133,0.00088,0,1,1,0.995,0.995,1,1,0.995,0.995,0.01531,0.02209,0.00025,0.00873,0.00068,0,0.0034482,0.0011494,0.0034482,0.0011494,0.0034482,0.0011494,0.0034482,0.0011494
896,30340.9,0.0508,0.0563,0.02357,0.03438,0.0009,0,1,1,0.995,0.995,1,1,0.995,0.995,0.01479,0.02215,0.00025,0.00867,0.00067,0,0.0034185,0.0011395,0.0034185,0.0011395,0.0034185,0.0011395,0.0034185,0.0011395
897,30375.6,0.05089,0.04869,0.02507,0.03445,0.00089,0,1,1,0.995,0.995,1,1,0.995,0.995,0.01386,0.02212,0.00025,0.00839,0.00064,0,0.0033888,0.0011296,0.0033888,0.0011296,0.0033888,0.0011296,0.0033888,0.0011296
898,30409.9,0.05032,0.04818,0.02257,0.02856,0.00094,0,1,1,0.995,0.995,1,1,0.995,0.995,0.01342,0.02219,0.00025,0.0083,0.00064,0,0.0033591,0.0011197,0.0033591,0.0011197,0.0033591,0.0011197,0.0033591,0.0011197
899,30444.1,0.04996,0.05048,0.02435,0.02945,0.00087,0,1,1,0.995,0.995,1,1,0.995,0.995,0.01333,0.02206,0.00025,0.00828,0.00064,0,0.0033294,0.0011098,0.0033294,0.0011098,0.0033294,0.0011098,0.0033294,0.0011098
900,30477.6,0.0499,0.04735,0.02373,0.03137,0.00087,0,1,1,0.995,0.995,1,1,0.995,0.995,0.0141,0.02205,0.00025,0.00826,0.00063,0,0.0032997,0.0010999,0.0032997,0.0010999,0.0032997,0.0010999,0.0032997,0.0010999
901,30511.7,0.0501,0.05406,0.02601,0.02908,0.00087,0,1,1,0.995,0.995,1,1,0.995,0.995,0.01325,0.02193,0.00025,0.00805,0.00062,0,0.00327,0.00109,0.00327,0.00109,0.00327,0.00109,0.00327,0.00109
902,30545,0.05029,0.05035,0.02194,0.0353,0.00085,0,1,1,0.995,0.995,1,1,0.995,0.995,0.01309,0.0219,0.00025,0.008,0.00061,0,0.0032403,0.0010801,0.0032403,0.0010801,0.0032403,0.0010801,0.0032403,0.0010801
903,30578.5,0.04755,0.05154,0.02842,0.0316,0.00084,0,1,1,0.995,0.995,1,1,0.995,0.995,0.01221,0.02186,0.00025,0.00765,0.00057,0,0.0032106,0.0010702,0.0032106,0.0010702,0.0032106,0.0010702,0.0032106,0.0010702
904,30612.3,0.05043,0.05042,0.02594,0.03235,0.00085,0,1,1,0.995,0.995,1,1,0.995,0.995,0.01158,0.02189,0.00025,0.00739,0.00054,0,0.0031809,0.0010603,0.0031809,0.0010603,0.0031809,0.0010603,0.0031809,0.0010603
905,30646.2,0.04792,0.05002,0.0241,0.03303,0.0008,0,1,1,0.995,0.995,1,1,0.995,0.995,0.01127,0.0219,0.00024,0.00722,0.00053,0,0.0031512,0.0010504,0.0031512,0.0010504,0.0031512,0.0010504,0.0031512,0.0010504
906,30680.6,0.04903,0.04687,0.02473,0.03326,0.00086,0,1,1,0.995,0.995,1,1,0.995,0.995,0.01099,0.0219,0.00024,0.00714,0.00052,0,0.0031215,0.0010405,0.0031215,0.0010405,0.0031215,0.0010405,0.0031215,0.0010405
907,30714.3,0.04843,0.04497,0.02305,0.03345,0.00084,0,1,1,0.995,0.995,1,1,0.995,0.995,0.01217,0.02191,0.00024,0.00735,0.00053,0,0.0030918,0.0010306,0.0030918,0.0010306,0.0030918,0.0010306,0.0030918,0.0010306
908,30748.4,0.04738,0.04859,0.02241,0.03816,0.00085,0,1,1,0.995,0.995,1,1,0.995,0.995,0.01247,0.02189,0.00024,0.00745,0.00054,0,0.0030621,0.0010207,0.0030621,0.0010207,0.0030621,0.0010207,0.0030621,0.0010207
909,30781.9,0.04943,0.04787,0.0248,0.03656,0.00086,0,1,1,0.995,0.995,1,1,0.995,0.995,0.01193,0.02182,0.00024,0.00738,0.00053,0,0.0030324,0.0010108,0.0030324,0.0010108,0.0030324,0.0010108,0.0030324,0.0010108
910,30815.4,0.04708,0.05131,0.02539,0.03076,0.00085,0,1,1,0.995,0.995,1,1,0.995,0.995,0.01158,0.02179,0.00024,0.00721,0.00052,0,0.0030027,0.0010009,0.0030027,0.0010009,0.0030027,0.0010009,0.0030027,0.0010009
911,30849.3,0.04657,0.04756,0.02731,0.02784,0.00087,0,1,1,0.995,0.995,1,1,0.995,0.995,0.00973,0.02189,0.00023,0.00672,0.00048,0,0.002973,0.000991,0.002973,0.000991,0.002973,0.000991,0.002973,0.000991
912,30883.4,0.04811,0.04732,0.0251,0.03236,0.00082,0,1,1,0.995,0.995,1,1,0.995,0.995,0.01035,0.02191,0.00023,0.00698,0.0005,0,0.0029433,0.0009811,0.0029433,0.0009811,0.0029433,0.0009811,0.0029433,0.0009811
913,30917.2,0.04662,0.04918,0.02538,0.02839,0.00077,0,1,1,0.995,0.995,1,1,0.995,0.995,0.01105,0.02196,0.00023,0.00706,0.0005,0,0.0029136,0.0009712,0.0029136,0.0009712,0.0029136,0.0009712,0.0029136,0.0009712
914,30950.9,0.0466,0.04582,0.02027,0.03199,0.00079,0,1,1,0.995,0.995,1,1,0.995,0.995,0.01145,0.02198,0.00023,0.00721,0.00052,0,0.0028839,0.0009613,0.0028839,0.0009613,0.0028839,0.0009613,0.0028839,0.0009613
915,30984.4,0.04825,0.05608,0.0247,0.03351,0.00084,0,1,1,0.995,0.995,1,1,0.995,0.995,0.01173,0.02196,0.00023,0.00735,0.00054,0,0.0028542,0.0009514,0.0028542,0.0009514,0.0028542,0.0009514,0.0028542,0.0009514
916,31017.9,0.04818,0.04435,0.02231,0.03223,0.00081,0,1,1,0.995,0.995,1,1,0.995,0.995,0.01186,0.02196,0.00023,0.00735,0.00054,0,0.0028245,0.0009415,0.0028245,0.0009415,0.0028245,0.0009415,0.0028245,0.0009415
917,31051.2,0.04712,0.04489,0.02446,0.03249,0.00078,0,1,1,0.995,0.995,1,1,0.995,0.995,0.01239,0.02199,0.00023,0.00744,0.00055,0,0.0027948,0.0009316,0.0027948,0.0009316,0.0027948,0.0009316,0.0027948,0.0009316
918,31085.2,0.04663,0.04891,0.02453,0.0298,0.00082,0,1,1,0.995,0.995,1,1,0.995,0.995,0.01305,0.02198,0.00022,0.00766,0.00057,0,0.0027651,0.0009217,0.0027651,0.0009217,0.0027651,0.0009217,0.0027651,0.0009217
919,31120,0.04567,0.04929,0.02509,0.03164,0.0008,0,1,1,0.995,0.995,1,1,0.995,0.995,0.0136,0.02197,0.00022,0.00785,0.00059,0,0.0027354,0.0009118,0.0027354,0.0009118,0.0027354,0.0009118,0.0027354,0.0009118
920,31154.2,0.04466,0.04583,0.02731,0.02915,0.00076,0,1,1,0.995,0.995,1,1,0.995,0.995,0.01271,0.02197,0.00022,0.00769,0.00059,0,0.0027057,0.0009019,0.0027057,0.0009019,0.0027057,0.0009019,0.0027057,0.0009019
921,31188.2,0.04706,0.0431,0.02397,0.03249,0.00081,0,1,1,0.995,0.995,1,1,0.995,0.995,0.01299,0.02193,0.00022,0.0078,0.0006,0,0.002676,0.000892,0.002676,0.000892,0.002676,0.000892,0.002676,0.000892
922,31221.7,0.04461,0.04476,0.02375,0.02876,0.00082,0,1,1,0.995,0.995,1,1,0.995,0.995,0.01303,0.02189,0.00022,0.00779,0.00061,0,0.0026463,0.0008821,0.0026463,0.0008821,0.0026463,0.0008821,0.0026463,0.0008821
923,31255.4,0.04227,0.04325,0.02013,0.03049,0.00076,0,1,1,0.995,0.995,1,1,0.995,0.995,0.01353,0.02183,0.00022,0.00796,0.00062,0,0.0026166,0.0008722,0.0026166,0.0008722,0.0026166,0.0008722,0.0026166,0.0008722
924,31288.6,0.0445,0.04468,0.0258,0.02949,0.00079,0,1,1,0.995,0.995,1,1,0.995,0.995,0.01543,0.02179,0.00022,0.00844,0.00065,0,0.0025869,0.0008623,0.0025869,0.0008623,0.0025869,0.0008623,0.0025869,0.0008623
925,31322.6,0.04275,0.04434,0.02297,0.03281,0.00075,0,1,1,0.995,0.995,1,1,0.995,0.995,0.01348,0.02174,0.00022,0.00802,0.00063,0,0.0025572,0.0008524,0.0025572,0.0008524,0.0025572,0.0008524,0.0025572,0.0008524
926,31356.9,0.04421,0.04456,0.02342,0.03167,0.00073,0,1,1,0.995,0.995,1,1,0.995,0.995,0.01303,0.02167,0.00022,0.00789,0.00062,0,0.0025275,0.0008425,0.0025275,0.0008425,0.0025275,0.0008425,0.0025275,0.0008425
927,31390.9,0.04554,0.04644,0.02376,0.02949,0.00076,0,1,1,0.995,0.995,1,1,0.995,0.995,0.01332,0.02167,0.00022,0.00793,0.00063,0,0.0024978,0.0008326,0.0024978,0.0008326,0.0024978,0.0008326,0.0024978,0.0008326
928,31424.8,0.04325,0.04188,0.02279,0.03113,0.00074,0,1,1,0.995,0.995,1,1,0.995,0.995,0.01425,0.02162,0.00021,0.00815,0.00064,0,0.0024681,0.0008227,0.0024681,0.0008227,0.0024681,0.0008227,0.0024681,0.0008227
929,31458.8,0.0432,0.04706,0.02553,0.0269,0.00073,0,1,1,0.995,0.995,1,1,0.995,0.995,0.01388,0.02153,0.00021,0.00806,0.00064,0,0.0024384,0.0008128,0.0024384,0.0008128,0.0024384,0.0008128,0.0024384,0.0008128
930,31492.3,0.04223,0.04583,0.02693,0.03104,0.00075,0,1,1,0.995,0.995,1,1,0.995,0.995,0.01429,0.02149,0.00021,0.00812,0.00064,0,0.0024087,0.0008029,0.0024087,0.0008029,0.0024087,0.0008029,0.0024087,0.0008029
931,31525.4,0.04261,0.04754,0.02673,0.02825,0.00074,0,1,1,0.995,0.995,1,1,0.995,0.995,0.0145,0.02148,0.00021,0.00823,0.00065,0,0.002379,0.000793,0.002379,0.000793,0.002379,0.000793,0.002379,0.000793
932,31559.2,0.04309,0.04635,0.02463,0.03164,0.00078,0,1,1,0.995,0.995,1,1,0.995,0.995,0.01503,0.02145,0.00021,0.00827,0.00065,0,0.0023493,0.0007831,0.0023493,0.0007831,0.0023493,0.0007831,0.0023493,0.0007831
933,31593.6,0.04307,0.04363,0.02291,0.03308,0.00073,0,1,1,0.995,0.995,1,1,0.995,0.995,0.01392,0.02142,0.00021,0.00812,0.00064,0,0.0023196,0.0007732,0.0023196,0.0007732,0.0023196,0.0007732,0.0023196,0.0007732
934,31627.4,0.04101,0.04451,0.02359,0.02844,0.00073,0,1,1,0.995,0.995,1,1,0.995,0.995,0.01437,0.02141,0.00021,0.00818,0.00066,0,0.0022899,0.0007633,0.0022899,0.0007633,0.0022899,0.0007633,0.0022899,0.0007633
935,31661.5,0.0417,0.04622,0.02361,0.0292,0.00076,0,1,1,0.995,0.995,1,1,0.995,0.995,0.01456,0.02144,0.00021,0.00824,0.00067,0,0.0022602,0.0007534,0.0022602,0.0007534,0.0022602,0.0007534,0.0022602,0.0007534
936,31695.2,0.0426,0.04211,0.02443,0.02877,0.00077,0,1,1,0.995,0.995,1,1,0.995,0.995,0.01541,0.02148,0.00021,0.00841,0.00067,0,0.0022305,0.0007435,0.0022305,0.0007435,0.0022305,0.0007435,0.0022305,0.0007435
937,31729,0.04318,0.03943,0.02314,0.03113,0.00074,0,1,1,0.995,0.995,1,1,0.995,0.995,0.01607,0.02144,0.00021,0.00874,0.0007,0,0.0022008,0.0007336,0.0022008,0.0007336,0.0022008,0.0007336,0.0022008,0.0007336
938,31762.1,0.04175,0.053,0.02194,0.0284,0.00074,0,1,1,0.995,0.995,1,1,0.995,0.995,0.01637,0.02151,0.00021,0.00875,0.00071,0,0.0021711,0.0007237,0.0021711,0.0007237,0.0021711,0.0007237,0.0021711,0.0007237
939,31795.8,0.03825,0.04076,0.02607,0.02565,0.0007,0,1,1,0.995,0.995,1,1,0.995,0.995,0.01559,0.02152,0.00021,0.00857,0.0007,0,0.0021414,0.0007138,0.0021414,0.0007138,0.0021414,0.0007138,0.0021414,0.0007138
940,31830.4,0.04097,0.05138,0.02495,0.02913,0.00072,0,1,1,0.995,0.995,1,1,0.995,0.995,0.01579,0.02156,0.00021,0.00867,0.00071,0,0.0021117,0.0007039,0.0021117,0.0007039,0.0021117,0.0007039,0.0021117,0.0007039
941,31864.6,0.04103,0.04695,0.02237,0.02853,0.00071,0,1,1,0.995,0.995,1,1,0.995,0.995,0.01609,0.02152,0.00021,0.00868,0.00071,0,0.002082,0.000694,0.002082,0.000694,0.002082,0.000694,0.002082,0.000694
942,31898.5,0.04018,0.04192,0.0232,0.02865,0.00073,0,1,1,0.995,0.995,1,1,0.995,0.995,0.01569,0.0215,0.00021,0.00855,0.00069,0,0.0020523,0.0006841,0.0020523,0.0006841,0.0020523,0.0006841,0.0020523,0.0006841
943,31932,0.03898,0.04275,0.02491,0.0235,0.00069,0,1,1,0.995,0.995,1,1,0.995,0.995,0.01572,0.02154,0.00021,0.00861,0.00069,0,0.0020226,0.0006742,0.0020226,0.0006742,0.0020226,0.0006742,0.0020226,0.0006742
944,31965.4,0.03955,0.04029,0.02435,0.03052,0.0007,0,1,1,0.995,0.995,1,1,0.995,0.995,0.01482,0.02158,0.00021,0.00831,0.00068,0,0.0019929,0.0006643,0.0019929,0.0006643,0.0019929,0.0006643,0.0019929,0.0006643
945,31998.6,0.04024,0.04879,0.02366,0.02851,0.00072,0,1,1,0.995,0.995,1,1,0.995,0.995,0.01461,0.02161,0.00021,0.00821,0.00068,0,0.0019632,0.0006544,0.0019632,0.0006544,0.0019632,0.0006544,0.0019632,0.0006544
946,32032.1,0.03886,0.04765,0.02103,0.02668,0.00069,0,1,1,0.995,0.995,1,1,0.995,0.995,0.01528,0.02158,0.00021,0.00845,0.00069,0,0.0019335,0.0006445,0.0019335,0.0006445,0.0019335,0.0006445,0.0019335,0.0006445
947,32066.4,0.04,0.04352,0.02483,0.02947,0.00069,0,1,1,0.995,0.995,1,1,0.995,0.995,0.01446,0.02158,0.00021,0.00822,0.00067,0,0.0019038,0.0006346,0.0019038,0.0006346,0.0019038,0.0006346,0.0019038,0.0006346
948,32100.4,0.03821,0.03841,0.0222,0.03008,0.00066,0,1,1,0.995,0.995,1,1,0.995,0.995,0.01409,0.02159,0.00021,0.00815,0.00067,0,0.0018741,0.0006247,0.0018741,0.0006247,0.0018741,0.0006247,0.0018741,0.0006247
949,32134.4,0.04011,0.04262,0.02044,0.02933,0.00071,0,1,1,0.995,0.995,1,1,0.995,0.995,0.01286,0.02159,0.00021,0.00758,0.00062,0,0.0018444,0.0006148,0.0018444,0.0006148,0.0018444,0.0006148,0.0018444,0.0006148
950,32168.1,0.03978,0.04073,0.02095,0.02834,0.0007,0,1,1,0.995,0.995,1,1,0.995,0.995,0.01302,0.02155,0.00021,0.00764,0.00062,0,0.0018147,0.0006049,0.0018147,0.0006049,0.0018147,0.0006049,0.0018147,0.0006049
951,32201.8,0.03853,0.04851,0.02507,0.02996,0.00071,0,1,1,0.995,0.995,1,1,0.995,0.995,0.01341,0.02157,0.00021,0.00776,0.00063,0,0.001785,0.000595,0.001785,0.000595,0.001785,0.000595,0.001785,0.000595
952,32236.1,0.03744,0.04184,0.02234,0.02845,0.00069,0,1,1,0.995,0.995,1,1,0.995,0.995,0.01328,0.02154,0.00021,0.00772,0.00062,0,0.0017553,0.0005851,0.0017553,0.0005851,0.0017553,0.0005851,0.0017553,0.0005851
953,32269.8,0.0388,0.04337,0.02373,0.02854,0.00067,0,1,1,0.995,0.995,1,1,0.995,0.995,0.01333,0.02158,0.00021,0.0077,0.00062,0,0.0017256,0.0005752,0.0017256,0.0005752,0.0017256,0.0005752,0.0017256,0.0005752
954,32304,0.03814,0.04444,0.02681,0.03175,0.00066,0,1,1,0.995,0.995,1,1,0.995,0.995,0.0139,0.0216,0.00021,0.00798,0.00065,0,0.0016959,0.0005653,0.0016959,0.0005653,0.0016959,0.0005653,0.0016959,0.0005653
955,32337.9,0.03736,0.03654,0.02564,0.03208,0.00065,0,1,1,0.995,0.995,1,1,0.995,0.995,0.01414,0.02161,0.00021,0.00802,0.00065,0,0.0016662,0.0005554,0.0016662,0.0005554,0.0016662,0.0005554,0.0016662,0.0005554
956,32371.8,0.03815,0.04684,0.02193,0.02707,0.0007,0,1,1,0.995,0.995,1,1,0.995,0.995,0.01416,0.0216,0.00021,0.00803,0.00066,0,0.0016365,0.0005455,0.0016365,0.0005455,0.0016365,0.0005455,0.0016365,0.0005455
957,32406.1,0.03837,0.04176,0.02297,0.0277,0.00065,0,1,1,0.995,0.995,1,1,0.995,0.995,0.01545,0.02158,0.00021,0.00843,0.00069,0,0.0016068,0.0005356,0.0016068,0.0005356,0.0016068,0.0005356,0.0016068,0.0005356
958,32440.1,0.03693,0.04066,0.01977,0.02663,0.00066,0,1,1,0.995,0.995,1,1,0.995,0.995,0.01465,0.02154,0.00021,0.0082,0.00067,0,0.0015771,0.0005257,0.0015771,0.0005257,0.0015771,0.0005257,0.0015771,0.0005257
959,32473.3,0.03664,0.04019,0.02326,0.0311,0.00067,0,1,1,0.995,0.995,1,1,0.995,0.995,0.01456,0.02158,0.00021,0.00818,0.00067,0,0.0015474,0.0005158,0.0015474,0.0005158,0.0015474,0.0005158,0.0015474,0.0005158
960,32506.9,0.03819,0.03709,0.02099,0.03198,0.00067,0,1,1,0.995,0.995,1,1,0.995,0.995,0.01442,0.02155,0.00021,0.00808,0.00065,0,0.0015177,0.0005059,0.0015177,0.0005059,0.0015177,0.0005059,0.0015177,0.0005059
961,32541.4,0.0369,0.04048,0.02165,0.02389,0.00067,0,1,1,0.995,0.995,1,1,0.995,0.995,0.0142,0.02152,0.00021,0.00796,0.00065,0,0.001488,0.000496,0.001488,0.000496,0.001488,0.000496,0.001488,0.000496
962,32575.6,0.03556,0.03801,0.02108,0.02638,0.00064,0,1,1,0.995,0.995,1,1,0.995,0.995,0.01485,0.02154,0.00021,0.00814,0.00067,0,0.0014583,0.0004861,0.0014583,0.0004861,0.0014583,0.0004861,0.0014583,0.0004861
963,32609.3,0.03514,0.03717,0.02113,0.02806,0.00064,0,1,1,0.995,0.995,1,1,0.995,0.995,0.01381,0.0215,0.00021,0.00798,0.00066,0,0.0014286,0.0004762,0.0014286,0.0004762,0.0014286,0.0004762,0.0014286,0.0004762
964,32643,0.035,0.04113,0.02202,0.02762,0.00063,0,1,1,0.995,0.995,1,1,0.995,0.995,0.01361,0.02148,0.00021,0.00788,0.00065,0,0.0013989,0.0004663,0.0013989,0.0004663,0.0013989,0.0004663,0.0013989,0.0004663
965,32676.5,0.03519,0.03991,0.02144,0.02489,0.00063,0,1,1,0.995,0.995,1,1,0.995,0.995,0.01379,0.02145,0.00021,0.00792,0.00066,0,0.0013692,0.0004564,0.0013692,0.0004564,0.0013692,0.0004564,0.0013692,0.0004564
966,32709.9,0.03401,0.0388,0.026,0.02745,0.00061,0,1,1,0.995,0.995,1,1,0.995,0.995,0.01328,0.02147,0.00021,0.00776,0.00064,0,0.0013395,0.0004465,0.0013395,0.0004465,0.0013395,0.0004465,0.0013395,0.0004465
967,32743.5,0.03564,0.04321,0.02296,0.02471,0.00065,0,1,1,0.995,0.995,1,1,0.995,0.995,0.01285,0.02149,0.00021,0.00763,0.00063,0,0.0013098,0.0004366,0.0013098,0.0004366,0.0013098,0.0004366,0.0013098,0.0004366
968,32777.7,0.03387,0.04116,0.02117,0.02513,0.0006,0,1,1,0.995,0.995,1,1,0.995,0.995,0.01318,0.02146,0.00021,0.00768,0.00063,0,0.0012801,0.0004267,0.0012801,0.0004267,0.0012801,0.0004267,0.0012801,0.0004267
969,32811.7,0.03585,0.04003,0.02309,0.02429,0.00063,0,1,1,0.995,0.995,1,1,0.995,0.995,0.01335,0.02146,0.00021,0.00775,0.00064,0,0.0012504,0.0004168,0.0012504,0.0004168,0.0012504,0.0004168,0.0012504,0.0004168
970,32846.1,0.03469,0.03878,0.0234,0.02674,0.00062,0,1,1,0.995,0.995,1,1,0.995,0.995,0.01366,0.02144,0.00021,0.00798,0.00064,0,0.0012207,0.0004069,0.0012207,0.0004069,0.0012207,0.0004069,0.0012207,0.0004069
971,32879.7,0.03423,0.03774,0.02432,0.02925,0.00064,0,1,1,0.995,0.995,1,1,0.995,0.995,0.01448,0.02144,0.00021,0.00826,0.00067,0,0.001191,0.000397,0.001191,0.000397,0.001191,0.000397,0.001191,0.000397
972,32913.6,0.03376,0.03719,0.02036,0.02323,0.00062,0,1,1,0.995,0.995,1,1,0.995,0.995,0.01433,0.02142,0.00021,0.00826,0.00067,0,0.0011613,0.0003871,0.0011613,0.0003871,0.0011613,0.0003871,0.0011613,0.0003871
973,32946.8,0.03292,0.03692,0.0216,0.02617,0.00061,0,1,1,0.995,0.995,1,1,0.995,0.995,0.01434,0.02139,0.00022,0.00825,0.00067,0,0.0011316,0.0003772,0.0011316,0.0003772,0.0011316,0.0003772,0.0011316,0.0003772
974,32980.2,0.03405,0.04093,0.02176,0.02206,0.00063,0,1,1,0.995,0.995,1,1,0.995,0.995,0.01381,0.02138,0.00021,0.00806,0.00066,0,0.0011019,0.0003673,0.0011019,0.0003673,0.0011019,0.0003673,0.0011019,0.0003673
975,33014,0.03445,0.04436,0.02244,0.03061,0.00063,0,1,1,0.995,0.995,1,1,0.995,0.995,0.01333,0.02136,0.00021,0.00789,0.00065,0,0.0010722,0.0003574,0.0010722,0.0003574,0.0010722,0.0003574,0.0010722,0.0003574
976,33048.1,0.0344,0.03971,0.02236,0.02837,0.00061,0,1,1,0.995,0.995,1,1,0.995,0.995,0.01358,0.02132,0.00021,0.00799,0.00066,0,0.0010425,0.0003475,0.0010425,0.0003475,0.0010425,0.0003475,0.0010425,0.0003475
977,33082.3,0.03246,0.03543,0.02221,0.02762,0.00061,0,1,1,0.995,0.995,1,1,0.995,0.995,0.01345,0.0213,0.00021,0.00783,0.00064,0,0.0010128,0.0003376,0.0010128,0.0003376,0.0010128,0.0003376,0.0010128,0.0003376
978,33115.9,0.03524,0.03766,0.02578,0.02797,0.00065,0,1,1,0.995,0.995,1,1,0.995,0.995,0.01369,0.02125,0.00021,0.00782,0.00065,0,0.0009831,0.0003277,0.0009831,0.0003277,0.0009831,0.0003277,0.0009831,0.0003277
979,33149.6,0.03189,0.0382,0.02558,0.02532,0.00058,0,1,1,0.995,0.995,1,1,0.995,0.995,0.01332,0.02123,0.00021,0.00774,0.00063,0,0.0009534,0.0003178,0.0009534,0.0003178,0.0009534,0.0003178,0.0009534,0.0003178
980,33183.1,0.03268,0.03737,0.02439,0.02543,0.00061,0,1,1,0.995,0.995,1,1,0.995,0.995,0.01328,0.02123,0.00021,0.00768,0.00062,0,0.0009237,0.0003079,0.0009237,0.0003079,0.0009237,0.0003079,0.0009237,0.0003079
981,33216.5,0.03281,0.04014,0.01992,0.02653,0.00059,0,1,1,0.995,0.995,1,1,0.995,0.995,0.01306,0.02125,0.00021,0.00759,0.00062,0,0.000894,0.000298,0.000894,0.000298,0.000894,0.000298,0.000894,0.000298
982,33250.4,0.03406,0.03869,0.0207,0.02456,0.00061,0,1,1,0.995,0.995,1,1,0.995,0.995,0.01307,0.02122,0.0002,0.00753,0.00061,0,0.0008643,0.0002881,0.0008643,0.0002881,0.0008643,0.0002881,0.0008643,0.0002881
983,33284.7,0.03291,0.03729,0.01834,0.02578,0.00062,0,1,1,0.995,0.995,1,1,0.995,0.995,0.01299,0.0212,0.0002,0.00754,0.00061,0,0.0008346,0.0002782,0.0008346,0.0002782,0.0008346,0.0002782,0.0008346,0.0002782
984,33319.2,0.03351,0.03295,0.02326,0.02695,0.00061,0,1,1,0.995,0.995,1,1,0.995,0.995,0.01304,0.0212,0.0002,0.00759,0.00061,0,0.0008049,0.0002683,0.0008049,0.0002683,0.0008049,0.0002683,0.0008049,0.0002683
985,33353.5,0.03423,0.03579,0.02193,0.02418,0.0006,0,1,1,0.995,0.995,1,1,0.995,0.995,0.01301,0.02124,0.0002,0.0075,0.00059,0,0.0007752,0.0002584,0.0007752,0.0002584,0.0007752,0.0002584,0.0007752,0.0002584
986,33387.3,0.03236,0.0364,0.02402,0.02877,0.0006,0,1,1,0.995,0.995,1,1,0.995,0.995,0.01262,0.02123,0.0002,0.00741,0.0006,0,0.0007455,0.0002485,0.0007455,0.0002485,0.0007455,0.0002485,0.0007455,0.0002485
987,33421,0.03185,0.04205,0.02529,0.02594,0.00059,0,1,1,0.995,0.995,1,1,0.995,0.995,0.01222,0.02121,0.0002,0.00723,0.00058,0,0.0007158,0.0002386,0.0007158,0.0002386,0.0007158,0.0002386,0.0007158,0.0002386
988,33454.5,0.03284,0.03213,0.02402,0.02445,0.00061,0,1,1,0.995,0.995,1,1,0.995,0.995,0.01194,0.02121,0.0002,0.00708,0.00056,0,0.0006861,0.0002287,0.0006861,0.0002287,0.0006861,0.0002287,0.0006861,0.0002287
989,33488.6,0.03234,0.04065,0.02156,0.02786,0.00059,0,1,1,0.995,0.995,1,1,0.995,0.995,0.01186,0.02121,0.0002,0.00707,0.00056,0,0.0006564,0.0002188,0.0006564,0.0002188,0.0006564,0.0002188,0.0006564,0.0002188
990,33523.1,0.0324,0.03751,0.01925,0.02501,0.00057,0,1,1,0.995,0.995,1,1,0.995,0.995,0.01147,0.0212,0.0002,0.00701,0.00056,0,0.0006267,0.0002089,0.0006267,0.0002089,0.0006267,0.0002089,0.0006267,0.0002089
991,33555.7,0.03963,0.01838,0.00511,0.01838,0.00133,0,1,1,0.995,0.995,1,1,0.995,0.995,0.0123,0.02119,0.0002,0.00729,0.00058,0,0.000597,0.000199,0.000597,0.000199,0.000597,0.000199,0.000597,0.000199
992,33588.1,0.03321,0.01782,0.00416,0.01669,0.00108,0,1,1,0.995,0.995,1,1,0.995,0.995,0.01217,0.02122,0.00019,0.00722,0.00058,0,0.0005673,0.0001891,0.0005673,0.0001891,0.0005673,0.0001891,0.0005673,0.0001891
993,33620.6,0.03325,0.01781,0.00502,0.01452,0.00109,0,1,1,0.995,0.995,1,1,0.995,0.995,0.01266,0.02124,0.00019,0.0075,0.0006,0,0.0005376,0.0001792,0.0005376,0.0001792,0.0005376,0.0001792,0.0005376,0.0001792
994,33652.9,0.02823,0.0166,0.0045,0.01532,0.00092,0,1,1,0.995,0.995,1,1,0.995,0.995,0.01237,0.02126,0.00019,0.00745,0.00062,0,0.0005079,0.0001693,0.0005079,0.0001693,0.0005079,0.0001693,0.0005079,0.0001693
995,33684.6,0.02904,0.01707,0.00437,0.0155,0.00098,0,1,1,0.995,0.995,1,1,0.995,0.995,0.01247,0.02128,0.00018,0.00749,0.00062,0,0.0004782,0.0001594,0.0004782,0.0001594,0.0004782,0.0001594,0.0004782,0.0001594
996,33717.1,0.02739,0.01724,0.00468,0.01234,0.0009,0,1,1,0.995,0.995,1,1,0.995,0.995,0.01266,0.02126,0.00018,0.00765,0.00064,0,0.0004485,0.0001495,0.0004485,0.0001495,0.0004485,0.0001495,0.0004485,0.0001495
997,33749.7,0.02835,0.01713,0.005,0.01556,0.00093,0,1,1,0.995,0.995,1,1,0.995,0.995,0.01335,0.0213,0.00018,0.00786,0.00065,0,0.0004188,0.0001396,0.0004188,0.0001396,0.0004188,0.0001396,0.0004188,0.0001396
998,33782.6,0.02618,0.01617,0.00504,0.01224,0.00088,0,1,1,0.995,0.995,1,1,0.995,0.995,0.01393,0.02123,0.00017,0.00801,0.00066,0,0.0003891,0.0001297,0.0003891,0.0001297,0.0003891,0.0001297,0.0003891,0.0001297
999,33815,0.02557,0.01622,0.00442,0.01498,0.00084,0,1,1,0.995,0.995,1,1,0.995,0.995,0.01455,0.02126,0.00017,0.00826,0.00066,0,0.0003594,0.0001198,0.0003594,0.0001198,0.0003594,0.0001198,0.0003594,0.0001198
1000,33847.3,0.02664,0.01598,0.00481,0.01324,0.00085,0,1,1,0.995,0.995,1,1,0.995,0.995,0.01446,0.02129,0.00017,0.00812,0.00067,0,0.0003297,0.0001099,0.0003297,0.0001099,0.0003297,0.0001099,0.0003297,0.0001099
