epoch,time,train/box_loss,train/pose_loss,train/kobj_loss,train/cls_loss,train/dfl_loss,train/rle_loss,metrics/precision(B),metrics/recall(B),metrics/mAP50(B),metrics/mAP50-95(B),metrics/precision(P),metrics/recall(P),metrics/mAP50(P),metrics/mAP50-95(P),val/box_loss,val/pose_loss,val/kobj_loss,val/cls_loss,val/dfl_loss,val/rle_loss,lr/pg0,lr/pg1,lr/pg2,lr/pg3,lr/pg4,lr/pg5,lr/pg6,lr/pg7
1,34.6923,1.52567,10.3985,0.70907,1.70552,0.0363,26.8786,0.99971,1,0.995,0.8063,0,0,0,0,0.78739,9.94543,0.7862,0.20372,0.02354,0,0.00988636,0.00329545,0.00988636,0.00329545,0.00988636,0.00329545,0.00988636,0.00329545
2,67.2384,0.74823,7.58206,0.73174,0.2987,0.01739,11.2335,1,0.99826,0.995,0.78391,0,0,0,0,1.05488,9.30702,0.76916,0.24285,0.04355,0,0.0198667,0.00662223,0.0198667,0.00662223,0.0198667,0.00662223,0.0198667,0.00662223
3,99.4121,0.80201,6.47994,0.68838,0.37693,0.01857,8.4279,0.99924,1,0.995,0.89379,0.32472,0.325,0.12882,0.01487,0.55184,4.29153,0.67139,0.15815,0.02228,0,0.0298272,0.0099424,0.0298272,0.0099424,0.0298272,0.0099424,0.0298272,0.0099424
4,132.369,0.80681,6.43445,0.60529,0.37111,0.01893,7.47302,0.9998,0.995,0.995,0.8289,0.00565,0.005,0.00031,3e-05,0.77705,7.06775,0.43008,0.21349,0.02843,0,0.0299109,0.0099703,0.0299109,0.0099703,0.0299109,0.0099703,0.0299109,0.0099703
5,165.881,0.77169,5.00264,0.5531,0.39084,0.01813,6.07225,0.86584,0.885,0.93603,0.83559,0.52024,0.72,0.49632,0.16377,0.68236,5.3815,0.38887,0.52222,0.02255,0,0.0298812,0.0099604,0.0298812,0.0099604,0.0298812,0.0099604,0.0298812,0.0099604
6,198.947,0.68921,4.56479,0.51782,0.35184,0.01597,5.40151,0.99968,1,0.995,0.90056,0.99468,0.995,0.99275,0.30117,0.45406,2.64096,0.39184,0.19766,0.01087,0,0.0298515,0.0099505,0.0298515,0.0099505,0.0298515,0.0099505,0.0298515,0.0099505
7,232.384,0.60899,3.77509,0.48857,0.36324,0.01385,4.84483,0.99973,1,0.995,0.80589,0.88476,0.885,0.80161,0.15837,0.78804,3.21438,0.37164,0.24865,0.02848,0,0.0298218,0.0099406,0.0298218,0.0099406,0.0298218,0.0099406,0.0298218,0.0099406
8,265.519,0.58634,3.82376,0.47687,0.37229,0.01341,4.57113,0.99743,1,0.995,0.89024,0.95255,0.955,0.91202,0.24761,0.62732,2.78251,0.37729,0.68535,0.01549,0,0.0297921,0.0099307,0.0297921,0.0099307,0.0297921,0.0099307,0.0297921,0.0099307
9,298.087,0.54855,3.44248,0.46378,0.38747,0.01231,4.01857,0.99972,1,0.995,0.91892,0.99972,1,0.995,0.4514,0.39804,1.97098,0.37425,0.11829,0.01414,0,0.0297624,0.0099208,0.0297624,0.0099208,0.0297624,0.0099208,0.0297624,0.0099208
10,330.23,0.58068,3.20841,0.45658,0.33724,0.01299,3.5627,0.9949,0.9763,0.99485,0.92169,0.9949,0.9763,0.99485,0.47757,0.38428,1.82381,0.35605,0.48006,0.01145,0,0.0297327,0.0099109,0.0297327,0.0099109,0.0297327,0.0099109,0.0297327,0.0099109
11,363.459,0.55521,2.82633,0.44672,0.30822,0.01235,3.40296,0.99678,0.995,0.995,0.93705,0.99678,0.995,0.995,0.78905,0.38127,0.72917,0.36287,0.21815,0.01087,0,0.029703,0.009901,0.029703,0.009901,0.029703,0.009901,0.029703,0.009901
12,397.52,0.51945,2.82909,0.44346,0.31732,0.01139,3.09529,0.99913,1,0.995,0.89559,0.99913,1,0.995,0.81016,0.49718,0.73458,0.34841,0.19986,0.0166,0,0.0296733,0.0098911,0.0296733,0.0098911,0.0296733,0.0098911,0.0296733,0.0098911
13,431.62,0.50372,2.66633,0.42951,0.25069,0.01091,2.96509,0.99968,1,0.995,0.89894,0.99968,1,0.995,0.61133,0.4489,1.33522,0.34288,0.14115,0.01437,0,0.0296436,0.0098812,0.0296436,0.0098812,0.0296436,0.0098812,0.0296436,0.0098812
14,465.58,0.50921,2.62952,0.42404,0.25531,0.01093,3.06749,0.99865,0.995,0.995,0.89311,0.99865,0.995,0.995,0.72674,0.4717,1.00238,0.34835,0.1358,0.01594,0,0.0296139,0.0098713,0.0296139,0.0098713,0.0296139,0.0098713,0.0296139,0.0098713
15,499.07,0.49212,2.51452,0.41412,0.24946,0.01065,2.71709,0.99974,1,0.995,0.90623,0.99974,1,0.995,0.81955,0.408,0.64754,0.34912,0.11513,0.01316,0,0.0295842,0.0098614,0.0295842,0.0098614,0.0295842,0.0098614,0.0295842,0.0098614
16,532.493,0.45989,2.34034,0.41645,0.259,0.00982,2.5257,0.97561,1,0.995,0.91957,0.97561,1,0.995,0.77493,0.38041,0.89521,0.34093,0.53358,0.01445,0,0.0295545,0.0098515,0.0295545,0.0098515,0.0295545,0.0098515,0.0295545,0.0098515
17,565.423,0.45032,2.31796,0.41025,0.25373,0.0098,2.59427,0.98991,0.98154,0.9944,0.92035,0.98991,0.98154,0.9944,0.84825,0.38782,0.5426,0.35488,0.28479,0.0124,0,0.0295248,0.0098416,0.0295248,0.0098416,0.0295248,0.0098416,0.0295248,0.0098416
18,598.562,0.45319,2.30637,0.41032,0.23752,0.01006,2.34344,0.99999,1,0.995,0.89902,0.99999,1,0.995,0.52717,0.48001,1.65614,0.36324,0.14079,0.01526,0,0.0294951,0.0098317,0.0294951,0.0098317,0.0294951,0.0098317,0.0294951,0.0098317
19,632.816,0.40735,2.05504,0.40702,0.21192,0.00886,2.33843,0.94033,1,0.9942,0.90063,0.94033,1,0.9942,0.54431,0.44739,1.69983,0.40071,0.28119,0.01543,0,0.0294654,0.0098218,0.0294654,0.0098218,0.0294654,0.0098218,0.0294654,0.0098218
20,667.036,0.44718,2.18141,0.40363,0.23043,0.00995,2.35691,0.99973,1,0.995,0.995,0.99973,1,0.995,0.87835,0.24268,0.44905,0.3804,0.07677,0.00731,0,0.0294357,0.0098119,0.0294357,0.0098119,0.0294357,0.0098119,0.0294357,0.0098119
21,701.19,0.45828,2.00936,0.39739,0.23488,0.01005,1.97448,0.98226,1,0.99485,0.99134,0.98226,1,0.99485,0.7977,0.24944,0.73334,0.36589,0.14854,0.00788,0,0.029406,0.009802,0.029406,0.009802,0.029406,0.009802,0.029406,0.009802
22,734.447,0.40604,1.89754,0.39731,0.2323,0.00868,1.91978,0.99972,1,0.995,0.99108,0.99972,1,0.995,0.85265,0.19811,0.54929,0.41013,0.08996,0.00562,0,0.0293763,0.0097921,0.0293763,0.0097921,0.0293763,0.0097921,0.0293763,0.0097921
23,767.947,0.41641,1.95806,0.38916,0.22273,0.00905,1.91023,0.99943,1,0.995,0.98416,0.99943,1,0.995,0.89719,0.29163,0.39764,0.39257,0.36873,0.00801,0,0.0293466,0.0097822,0.0293466,0.0097822,0.0293466,0.0097822,0.0293466,0.0097822
24,800.811,0.41399,1.84084,0.38942,0.23265,0.00909,1.93475,0.98036,0.99857,0.99465,0.98461,0.98036,0.99857,0.99465,0.73329,0.30665,0.99494,0.38185,0.17162,0.01134,0,0.0293169,0.0097723,0.0293169,0.0097723,0.0293169,0.0097723,0.0293169,0.0097723
25,833.923,0.40442,1.83298,0.38497,0.23383,0.00862,1.95386,0.98504,0.9877,0.99485,0.89775,0.98504,0.9877,0.99485,0.60615,0.49009,1.30551,0.37108,0.27644,0.01714,0,0.0292872,0.0097624,0.0292872,0.0097624,0.0292872,0.0097624,0.0292872,0.0097624
26,868.016,0.38162,1.75508,0.38685,0.20178,0.008,1.6972,0.98037,0.99894,0.99455,0.99455,0.98037,0.99894,0.99455,0.85218,0.21614,0.60984,0.35282,0.22538,0.00563,0,0.0292575,0.0097525,0.0292575,0.0097525,0.0292575,0.0097525,0.0292575,0.0097525
27,901.916,0.38026,1.90288,0.38061,0.21379,0.00813,1.74883,0.99971,1,0.995,0.94444,0.99971,1,0.995,0.81229,0.3455,0.65682,0.34649,0.10055,0.01096,0,0.0292278,0.0097426,0.0292278,0.0097426,0.0292278,0.0097426,0.0292278,0.0097426
28,936.1,0.40017,1.59711,0.37925,0.21469,0.00817,1.15474,0.99973,1,0.995,0.99395,0.99973,1,0.995,0.89211,0.22778,0.41426,0.3516,0.07094,0.00818,0,0.0291981,0.0097327,0.0291981,0.0097327,0.0291981,0.0097327,0.0291981,0.0097327
29,969.899,0.36986,1.80988,0.37084,0.19601,0.00778,1.72312,1,1,0.995,0.9518,1,1,0.995,0.63836,0.33685,1.2911,0.35211,0.09824,0.01121,0,0.0291684,0.0097228,0.0291684,0.0097228,0.0291684,0.0097228,0.0291684,0.0097228
30,1003.8,0.39863,1.68414,0.37225,0.18423,0.00826,1.1758,0.99974,1,0.995,0.97786,0.99974,1,0.995,0.89855,0.2347,0.38787,0.34735,0.07363,0.00761,0,0.0291387,0.0097129,0.0291387,0.0097129,0.0291387,0.0097129,0.0291387,0.0097129
31,1036.82,0.36928,1.5358,0.37072,0.17306,0.00773,1.12923,0.99976,1,0.995,0.99399,0.99976,1,0.995,0.69574,0.21353,1.0659,0.34495,0.07263,0.00871,0,0.029109,0.009703,0.029109,0.009703,0.029109,0.009703,0.029109,0.009703
32,1069.68,0.35304,1.61653,0.36347,0.17804,0.00737,1.31518,0.99973,1,0.995,0.995,0.99973,1,0.995,0.85064,0.2346,0.57374,0.35609,0.07356,0.00767,0,0.0290793,0.0096931,0.0290793,0.0096931,0.0290793,0.0096931,0.0290793,0.0096931
33,1103.21,0.35523,1.4483,0.35586,0.19599,0.00751,1.0829,0.99973,1,0.995,0.98342,0.99973,1,0.995,0.84633,0.31112,0.60048,0.3431,0.09943,0.00745,0,0.0290496,0.0096832,0.0290496,0.0096832,0.0290496,0.0096832,0.0290496,0.0096832
34,1137.15,0.35216,1.55532,0.35302,0.18129,0.0072,1.19462,0.99973,1,0.995,0.995,0.99973,1,0.995,0.93999,0.16221,0.2819,0.35265,0.05894,0.00546,0,0.0290199,0.0096733,0.0290199,0.0096733,0.0290199,0.0096733,0.0290199,0.0096733
35,1170.77,0.38596,1.39568,0.35226,0.20108,0.008,0.77109,0.99972,1,0.995,0.9938,0.99972,1,0.995,0.73933,0.2386,0.97809,0.35288,0.081,0.00706,0,0.0289902,0.0096634,0.0289902,0.0096634,0.0289902,0.0096634,0.0289902,0.0096634
36,1204.24,0.37227,1.43711,0.35128,0.18513,0.00765,0.80888,0.99975,1,0.995,0.99493,0.99975,1,0.995,0.93796,0.17322,0.30926,0.35113,0.05971,0.00457,0,0.0289605,0.0096535,0.0289605,0.0096535,0.0289605,0.0096535,0.0289605,0.0096535
37,1237.64,0.34196,1.27951,0.34924,0.18969,0.00686,0.67737,0.9988,1,0.995,0.995,0.9988,1,0.995,0.93817,0.21258,0.3104,0.34477,0.11764,0.00788,0,0.0289308,0.0096436,0.0289308,0.0096436,0.0289308,0.0096436,0.0289308,0.0096436
38,1270.82,0.3622,1.31286,0.34105,0.18506,0.00746,0.69572,0.99648,0.995,0.995,0.995,0.99648,0.995,0.995,0.869,0.24146,0.56544,0.34264,0.10126,0.0076,0,0.0289011,0.0096337,0.0289011,0.0096337,0.0289011,0.0096337,0.0289011,0.0096337
39,1303.86,0.36657,1.39538,0.34121,0.18584,0.00753,0.77479,0.99498,0.99147,0.99495,0.99134,0.99498,0.99147,0.99495,0.83553,0.19043,0.62663,0.3466,0.13199,0.00599,0,0.0288714,0.0096238,0.0288714,0.0096238,0.0288714,0.0096238,0.0288714,0.0096238
40,1337.26,0.33517,1.26257,0.33285,0.18569,0.00694,0.62834,1,0.99947,0.995,0.99496,1,0.99947,0.995,0.8922,0.22074,0.42651,0.34173,0.08057,0.00628,0,0.0288417,0.0096139,0.0288417,0.0096139,0.0288417,0.0096139,0.0288417,0.0096139
41,1371.09,0.33773,1.2753,0.32489,0.17849,0.00682,0.63415,0.99974,1,0.995,0.99216,0.99974,1,0.995,0.90873,0.19104,0.38574,0.35598,0.0634,0.00537,0,0.028812,0.009604,0.028812,0.009604,0.028812,0.009604,0.028812,0.009604
42,1404.9,0.37348,1.16318,0.33135,0.18906,0.00745,0.1951,0.99736,1,0.995,0.995,0.99736,1,0.995,0.92386,0.17434,0.37073,0.34712,0.09285,0.00529,0,0.0287823,0.0095941,0.0287823,0.0095941,0.0287823,0.0095941,0.0287823,0.0095941
43,1438.52,0.34208,1.20863,0.32831,0.17871,0.00712,0.32733,0.99974,1,0.995,0.995,0.99974,1,0.995,0.95559,0.15296,0.26915,0.34169,0.05294,0.00425,0,0.0287526,0.0095842,0.0287526,0.0095842,0.0287526,0.0095842,0.0287526,0.0095842
44,1471.82,0.32785,1.32344,0.32448,0.16312,0.00653,0.87268,0.99974,1,0.995,0.995,0.99974,1,0.995,0.91598,0.19617,0.36113,0.36999,0.06277,0.00632,0,0.0287229,0.0095743,0.0287229,0.0095743,0.0287229,0.0095743,0.0287229,0.0095743
45,1504.67,0.35546,1.22063,0.31788,0.16959,0.00715,0.38768,0.99973,1,0.995,0.995,0.99973,1,0.995,0.917,0.13318,0.35934,0.37785,0.05343,0.00357,0,0.0286932,0.0095644,0.0286932,0.0095644,0.0286932,0.0095644,0.0286932,0.0095644
46,1537.4,0.36081,1.10884,0.31796,0.17228,0.00736,0.17992,0.99973,1,0.995,0.99499,0.99973,1,0.995,0.93419,0.13986,0.32834,0.36129,0.05971,0.0047,0,0.0286635,0.0095545,0.0286635,0.0095545,0.0286635,0.0095545,0.0286635,0.0095545
47,1570.56,0.33785,1.13293,0.31705,0.16157,0.00686,0.47916,0.99973,1,0.995,0.99265,0.99973,1,0.995,0.91462,0.24873,0.36109,0.35877,0.07629,0.00662,0,0.0286338,0.0095446,0.0286338,0.0095446,0.0286338,0.0095446,0.0286338,0.0095446
48,1604.74,0.34756,1.29022,0.31119,0.17148,0.00693,0.66473,0.9997,1,0.995,0.89689,0.9997,1,0.995,0.9585,0.45694,0.24032,0.36956,0.12355,0.01314,0,0.0286041,0.0095347,0.0286041,0.0095347,0.0286041,0.0095347,0.0286041,0.0095347
49,1638.18,0.36159,1.1955,0.31597,0.18636,0.00739,0.29394,1,0.99982,0.995,0.98553,1,0.99982,0.995,0.92152,0.23831,0.3553,0.35735,0.07764,0.00739,0,0.0285744,0.0095248,0.0285744,0.0095248,0.0285744,0.0095248,0.0285744,0.0095248
50,1672.03,0.34312,1.16001,0.30724,0.1849,0.007,0.39418,1,1,0.995,0.98562,1,1,0.995,0.88798,0.32226,0.44133,0.35014,0.09328,0.01171,0,0.0285447,0.0095149,0.0285447,0.0095149,0.0285447,0.0095149,0.0285447,0.0095149
51,1705.37,0.31142,0.99283,0.303,0.17196,0.00632,0.12567,0.99974,1,0.995,0.995,0.99974,1,0.995,0.93934,0.09699,0.28976,0.3376,0.03842,0.00276,0,0.028515,0.009505,0.028515,0.009505,0.028515,0.009505,0.028515,0.009505
52,1738.8,0.31774,1.01984,0.30001,0.16658,0.00625,0.44679,1,1,0.995,0.96838,1,1,0.995,0.92648,0.33999,0.33267,0.36625,0.09689,0.00908,0,0.0284853,0.0094951,0.0284853,0.0094951,0.0284853,0.0094951,0.0284853,0.0094951
53,1771.3,0.34848,1.16327,0.29699,0.1745,0.00699,0.50649,1,1,0.995,0.995,1,1,0.995,0.90882,0.08784,0.36981,0.33642,0.04114,0.0028,0,0.0284556,0.0094852,0.0284556,0.0094852,0.0284556,0.0094852,0.0284556,0.0094852
54,1804.4,0.35371,1.2789,0.30112,0.17285,0.00703,0.58252,0.99922,1,0.995,0.995,0.99922,1,0.995,0.92707,0.21724,0.35151,0.34962,0.083,0.00575,0,0.0284259,0.0094753,0.0284259,0.0094753,0.0284259,0.0094753,0.0284259,0.0094753
55,1837.98,0.35109,1.22526,0.30065,0.16697,0.00687,0.45553,0.99501,0.998,0.99495,0.99495,0.99501,0.998,0.99495,0.94086,0.20729,0.31223,0.32392,0.13487,0.00532,0,0.0283962,0.0094654,0.0283962,0.0094654,0.0283962,0.0094654,0.0283962,0.0094654
56,1871.58,0.33844,1.17844,0.29615,0.18537,0.00663,0.18437,1,0.97194,0.99485,0.99485,1,0.97194,0.99485,0.96693,0.14597,0.23632,0.32195,0.17324,0.00435,0,0.0283665,0.0094555,0.0283665,0.0094555,0.0283665,0.0094555,0.0283665,0.0094555
57,1905.17,0.34014,1.14051,0.29558,0.16958,0.00648,0.5279,0.99987,1,0.995,0.99238,0.99987,1,0.995,0.85821,0.14734,0.5357,0.32533,0.05539,0.00476,0,0.0283368,0.0094456,0.0283368,0.0094456,0.0283368,0.0094456,0.0283368,0.0094456
58,1938.59,0.34595,1.20979,0.28344,0.16981,0.00701,0.47345,1,1,0.995,0.995,1,1,0.995,0.96237,0.19662,0.24339,0.31446,0.0633,0.00702,0,0.0283071,0.0094357,0.0283071,0.0094357,0.0283071,0.0094357,0.0283071,0.0094357
59,1971.74,0.32589,1.13784,0.28029,0.15708,0.00663,0.31831,0.99973,1,0.995,0.995,0.99973,1,0.995,0.96599,0.21151,0.22682,0.302,0.07026,0.00729,0,0.0282774,0.0094258,0.0282774,0.0094258,0.0282774,0.0094258,0.0282774,0.0094258
60,2004.6,0.34968,1.04739,0.2764,0.17838,0.00675,0.20584,0.99973,1,0.995,0.97441,0.99973,1,0.995,0.94763,0.31752,0.3026,0.29937,0.09237,0.00926,0,0.0282477,0.0094159,0.0282477,0.0094159,0.0282477,0.0094159,0.0282477,0.0094159
61,2037.58,0.31648,0.93349,0.26837,0.15056,0.00618,0.12375,1,1,0.995,0.995,1,1,0.995,0.96059,0.20051,0.25277,0.30434,0.06402,0.00749,0,0.028218,0.009406,0.028218,0.009406,0.028218,0.009406,0.028218,0.009406
62,2071.39,0.38173,1.10113,0.2668,0.16821,0.00747,0.31222,1,0.99448,0.995,0.99499,1,0.99448,0.995,0.96285,0.15461,0.24995,0.28586,0.08262,0.0049,0,0.0281883,0.0093961,0.0281883,0.0093961,0.0281883,0.0093961,0.0281883,0.0093961
63,2104.95,0.34004,1.16849,0.26556,0.1742,0.00652,0.16019,0.99973,1,0.995,0.99276,0.99973,1,0.995,0.94639,0.21577,0.29284,0.26482,0.06906,0.0054,0,0.0281586,0.0093862,0.0281586,0.0093862,0.0281586,0.0093862,0.0281586,0.0093862
64,2138.62,0.36984,1.14042,0.2702,0.1815,0.00709,0.21459,0.99973,1,0.995,0.9907,0.99973,1,0.995,0.93898,0.24964,0.30051,0.25848,0.0767,0.00901,0,0.0281289,0.0093763,0.0281289,0.0093763,0.0281289,0.0093763,0.0281289,0.0093763
65,2172,0.31759,1.17552,0.26633,0.17594,0.00628,0.41211,0.99969,1,0.995,0.99269,0.99969,1,0.995,0.85902,0.27727,0.53702,0.24615,0.12834,0.00814,0,0.0280992,0.0093664,0.0280992,0.0093664,0.0280992,0.0093664,0.0280992,0.0093664
66,2204.95,0.30752,1.08977,0.26163,0.16878,0.00602,0.47377,0.99974,1,0.995,0.99187,0.99974,1,0.995,0.94852,0.26985,0.29713,0.24717,0.0866,0.00791,0,0.0280695,0.0093565,0.0280695,0.0093565,0.0280695,0.0093565,0.0280695,0.0093565
67,2237.96,0.36582,1.04311,0.26561,0.16793,0.00675,0.12055,1,1,0.995,0.995,1,1,0.995,0.95482,0.10894,0.2715,0.25633,0.04765,0.00368,0,0.0280398,0.0093466,0.0280398,0.0093466,0.0280398,0.0093466,0.0280398,0.0093466
68,2270.9,0.3083,0.94654,0.25264,0.17315,0.00616,0.06812,0.99974,1,0.995,0.99499,0.99974,1,0.995,0.96942,0.24245,0.20859,0.25473,0.07449,0.00916,0,0.0280101,0.0093367,0.0280101,0.0093367,0.0280101,0.0093367,0.0280101,0.0093367
69,2304.64,0.30921,1.0383,0.25244,0.16755,0.0061,0.31902,1,0.99373,0.995,0.98975,1,0.99373,0.995,0.95165,0.2755,0.28233,0.27196,0.09817,0.00923,0,0.0279804,0.0093268,0.0279804,0.0093268,0.0279804,0.0093268,0.0279804,0.0093268
70,2338.15,0.32645,1.14893,0.25055,0.17224,0.00619,0.57534,0.99971,1,0.995,0.99313,0.99971,1,0.995,0.97248,0.25856,0.21462,0.26402,0.07871,0.00652,0,0.0279507,0.0093169,0.0279507,0.0093169,0.0279507,0.0093169,0.0279507,0.0093169
71,2372.52,0.31775,1.15522,0.24514,0.15822,0.00621,0.57304,0.9965,0.995,0.995,0.99485,0.9965,0.995,0.995,0.94679,0.19224,0.28377,0.26264,0.11885,0.00719,0,0.027921,0.009307,0.027921,0.009307,0.027921,0.009307,0.027921,0.009307
72,2406.12,0.32438,1.1291,0.24464,0.16507,0.00613,0.26347,0.99699,1,0.995,0.995,0.99699,1,0.995,0.96167,0.23785,0.23782,0.23814,0.10508,0.00883,0,0.0278913,0.0092971,0.0278913,0.0092971,0.0278913,0.0092971,0.0278913,0.0092971
73,2439.46,0.29693,1.01167,0.24108,0.16601,0.00583,0.1254,0.99221,0.98,0.99465,0.99465,0.99221,0.98,0.99465,0.8869,0.19882,0.46022,0.2526,0.17958,0.00704,0,0.0278616,0.0092872,0.0278616,0.0092872,0.0278616,0.0092872,0.0278616,0.0092872
74,2472.6,0.35114,1.0872,0.24527,0.17322,0.00656,0.40706,0.99882,1,0.995,0.9926,0.99882,1,0.995,0.84352,0.26089,0.59782,0.2467,0.11508,0.00764,0,0.0278319,0.0092773,0.0278319,0.0092773,0.0278319,0.0092773,0.0278319,0.0092773
75,2505.31,0.3754,1.03408,0.23567,0.17494,0.00713,0.07447,0.99973,1,0.995,0.8959,0.99973,1,0.995,0.93583,0.49144,0.32645,0.2195,0.13169,0.01239,0,0.0278022,0.0092674,0.0278022,0.0092674,0.0278022,0.0092674,0.0278022,0.0092674
76,2538.83,0.38376,1.0462,0.23992,0.16053,0.00718,0.43406,0.99543,0.985,0.9949,0.9949,0.99543,0.985,0.9949,0.96434,0.17236,0.24205,0.22235,0.09741,0.00528,0,0.0277725,0.0092575,0.0277725,0.0092575,0.0277725,0.0092575,0.0277725,0.0092575
77,2572.63,0.3016,0.97698,0.23795,0.14745,0.00568,0.1652,0.98648,0.995,0.9949,0.9949,0.98648,0.995,0.9949,0.96596,0.19618,0.2265,0.26385,0.13666,0.00619,0,0.0277428,0.0092476,0.0277428,0.0092476,0.0277428,0.0092476,0.0277428,0.0092476
78,2606.38,0.33647,0.96676,0.2356,0.15637,0.00631,0.11158,0.99492,0.97868,0.9947,0.92221,0.99492,0.97868,0.9947,0.97418,0.38527,0.20247,0.22848,0.1609,0.01055,0,0.0277131,0.0092377,0.0277131,0.0092377,0.0277131,0.0092377,0.0277131,0.0092377
79,2639.81,0.36732,0.93415,0.22057,0.16328,0.00699,0.13196,0.99974,1,0.995,0.995,0.99974,1,0.995,0.95422,0.17109,0.2632,0.21065,0.05912,0.00603,0,0.0276834,0.0092278,0.0276834,0.0092278,0.0276834,0.0092278,0.0276834,0.0092278
80,2673.1,0.32589,1.1842,0.21938,0.15406,0.00634,0.86996,0.99973,1,0.995,0.995,0.99973,1,0.995,0.92786,0.17082,0.33817,0.21971,0.06113,0.00512,0,0.0276537,0.0092179,0.0276537,0.0092179,0.0276537,0.0092179,0.0276537,0.0092179
81,2706.19,0.32053,1.13233,0.21518,0.16142,0.00585,0.55284,0.99974,1,0.995,0.995,0.99974,1,0.995,0.94562,0.11632,0.28118,0.23076,0.04547,0.00335,0,0.027624,0.009208,0.027624,0.009208,0.027624,0.009208,0.027624,0.009208
82,2738.88,0.39764,1.01946,0.2199,0.17172,0.00749,0.22336,1,1,0.995,0.98918,1,1,0.995,0.94722,0.2911,0.28385,0.2186,0.08791,0.00872,0,0.0275943,0.0091981,0.0275943,0.0091981,0.0275943,0.0091981,0.0275943,0.0091981
83,2772.16,0.33945,1.08628,0.23111,0.15551,0.00641,0.34716,1,1,0.995,0.995,1,1,0.995,0.96311,0.20844,0.2245,0.20946,0.06572,0.00567,0,0.0275646,0.0091882,0.0275646,0.0091882,0.0275646,0.0091882,0.0275646,0.0091882
84,2806.32,0.34215,1.00705,0.23564,0.1573,0.00634,0.1381,1,1,0.995,0.995,1,1,0.995,0.94507,0.1734,0.25829,0.20222,0.07051,0.00519,0,0.0275349,0.0091783,0.0275349,0.0091783,0.0275349,0.0091783,0.0275349,0.0091783
85,2840.34,0.29264,0.91444,0.22061,0.15776,0.00569,0.17209,1,1,0.995,0.99301,1,1,0.995,0.959,0.16348,0.26491,0.20288,0.05449,0.00516,0,0.0275052,0.0091684,0.0275052,0.0091684,0.0275052,0.0091684,0.0275052,0.0091684
86,2874.2,0.32597,0.92136,0.21492,0.15986,0.00621,0.19727,1,1,0.995,0.97459,1,1,0.995,0.95599,0.32615,0.25543,0.21401,0.09395,0.00936,0,0.0274755,0.0091585,0.0274755,0.0091585,0.0274755,0.0091585,0.0274755,0.0091585
87,2907.35,0.33792,0.89998,0.20915,0.16237,0.00597,0.13868,0.98501,0.98597,0.99424,0.99424,0.98501,0.98597,0.99424,0.95803,0.24403,0.2411,0.23876,0.18553,0.00866,0,0.0274458,0.0091486,0.0274458,0.0091486,0.0274458,0.0091486,0.0274458,0.0091486
88,2940.49,0.33329,0.9585,0.20906,0.16135,0.00615,0.30151,0.99956,1,0.995,0.995,0.99956,1,0.995,0.97463,0.2537,0.22086,0.26685,0.08037,0.00852,0,0.0274161,0.0091387,0.0274161,0.0091387,0.0274161,0.0091387,0.0274161,0.0091387
89,2973.35,0.36465,0.92943,0.20742,0.16664,0.00668,0.0784,0.99959,1,0.995,0.99457,0.99959,1,0.995,0.9353,0.17836,0.31699,0.27685,0.06158,0.00529,0,0.0273864,0.0091288,0.0273864,0.0091288,0.0273864,0.0091288,0.0273864,0.0091288
90,3006.42,0.3224,0.94718,0.20607,0.1756,0.00597,0.07363,0.98025,0.99257,0.99455,0.99455,0.98025,0.99257,0.99455,0.90013,0.21828,0.39667,0.23421,0.1056,0.0053,0,0.0273567,0.0091189,0.0273567,0.0091189,0.0273567,0.0091189,0.0273567,0.0091189
91,3040.36,0.34978,0.83537,0.19481,0.15653,0.00645,0.02998,0.99498,0.9912,0.99495,0.99495,0.99498,0.9912,0.99495,0.96652,0.21758,0.23494,0.22235,0.12215,0.00666,0,0.027327,0.009109,0.027327,0.009109,0.027327,0.009109,0.027327,0.009109
92,3074,0.31675,1.03066,0.19195,0.15067,0.00606,0.40337,0.99494,0.98276,0.9945,0.9945,0.99494,0.98276,0.9945,0.93375,0.13271,0.32447,0.18481,0.10967,0.00393,0,0.0272973,0.0090991,0.0272973,0.0090991,0.0272973,0.0090991,0.0272973,0.0090991
93,3107.93,0.3337,1.00305,0.19636,0.16394,0.00617,0.29915,0.99968,1,0.995,0.995,0.99968,1,0.995,0.97804,0.17515,0.20619,0.16787,0.06192,0.00616,0,0.0272676,0.0090892,0.0272676,0.0090892,0.0272676,0.0090892,0.0272676,0.0090892
94,3141.67,0.29051,0.94014,0.19091,0.14688,0.00561,0.20167,0.99974,1,0.995,0.995,0.99974,1,0.995,0.92736,0.09076,0.32332,0.17609,0.03663,0.00262,0,0.0272379,0.0090793,0.0272379,0.0090793,0.0272379,0.0090793,0.0272379,0.0090793
95,3175.2,0.33224,0.904,0.18958,0.15313,0.00614,0.08354,0.99973,1,0.995,0.995,0.99973,1,0.995,0.96572,0.16936,0.21671,0.17198,0.059,0.00512,0,0.0272082,0.0090694,0.0272082,0.0090694,0.0272082,0.0090694,0.0272082,0.0090694
96,3208.04,0.33056,0.80658,0.18625,0.16114,0.00608,0.03734,0.98524,1,0.99495,0.99495,0.98524,1,0.99495,0.96611,0.18065,0.22814,0.17121,0.15728,0.00545,0,0.0271785,0.0090595,0.0271785,0.0090595,0.0271785,0.0090595,0.0271785,0.0090595
97,3241.1,0.32005,0.85456,0.1806,0.15727,0.00575,0.05637,0.99968,1,0.995,0.995,0.99968,1,0.995,0.95119,0.14506,0.29573,0.22325,0.05629,0.00446,0,0.0271488,0.0090496,0.0271488,0.0090496,0.0271488,0.0090496,0.0271488,0.0090496
98,3274.82,0.31544,0.92083,0.18181,0.16827,0.00599,0.15284,0.99975,1,0.995,0.995,0.99975,1,0.995,0.93462,0.14521,0.32243,0.21945,0.05549,0.00449,0,0.0271191,0.0090397,0.0271191,0.0090397,0.0271191,0.0090397,0.0271191,0.0090397
99,3308.42,0.29986,0.97226,0.18069,0.16519,0.00544,0.49775,0.99974,1,0.995,0.92709,0.99974,1,0.995,0.97097,0.3688,0.22983,0.22034,0.10515,0.01048,0,0.0270894,0.0090298,0.0270894,0.0090298,0.0270894,0.0090298,0.0270894,0.0090298
100,3341.92,0.3328,1.05241,0.18831,0.16205,0.00597,0.38004,1,1,0.995,0.97234,1,1,0.995,0.90504,0.32608,0.4027,0.19245,0.09458,0.01125,0,0.0270597,0.0090199,0.0270597,0.0090199,0.0270597,0.0090199,0.0270597,0.0090199
101,3375.17,0.28994,0.96987,0.18442,0.15484,0.0056,0.43049,1,1,0.995,0.995,1,1,0.995,0.97137,0.27894,0.20519,0.19744,0.08331,0.0087,0,0.02703,0.00901,0.02703,0.00901,0.02703,0.00901,0.02703,0.00901
102,3408.33,0.33591,0.947,0.1863,0.19062,0.00635,0.27003,0.99973,1,0.995,0.99492,0.99973,1,0.995,0.9513,0.12917,0.28865,0.18107,0.05096,0.00399,0,0.0270003,0.0090001,0.0270003,0.0090001,0.0270003,0.0090001,0.0270003,0.0090001
103,3441.52,0.33649,0.8678,0.19263,0.16602,0.0061,0.15254,0.99908,1,0.995,0.995,0.99908,1,0.995,0.97187,0.13488,0.23145,0.1786,0.06183,0.00424,0,0.0269706,0.0089902,0.0269706,0.0089902,0.0269706,0.0089902,0.0269706,0.0089902
104,3474.53,0.38283,0.83043,0.18478,0.17102,0.00673,0.02699,0.9991,1,0.995,0.99452,0.9991,1,0.995,0.962,0.17804,0.2373,0.19985,0.08527,0.00634,0,0.0269409,0.0089803,0.0269409,0.0089803,0.0269409,0.0089803,0.0269409,0.0089803
105,3508.23,0.32768,0.93629,0.17788,0.15517,0.00612,0.10796,0.99973,1,0.995,0.995,0.99973,1,0.995,0.94265,0.22333,0.30349,0.17008,0.07024,0.00678,0,0.0269112,0.0089704,0.0269112,0.0089704,0.0269112,0.0089704,0.0269112,0.0089704
106,3542.02,0.27966,0.93656,0.17153,0.15454,0.00558,0.25311,0.99973,1,0.995,0.98754,0.99973,1,0.995,0.97703,0.29059,0.2001,0.16993,0.08863,0.00854,0,0.0268815,0.0089605,0.0268815,0.0089605,0.0268815,0.0089605,0.0268815,0.0089605
107,3575.78,0.29408,0.81552,0.1722,0.13186,0.00555,0.06226,0.99943,1,0.995,0.995,0.99943,1,0.995,0.97619,0.13759,0.1875,0.16309,0.05645,0.00422,0,0.0268518,0.0089506,0.0268518,0.0089506,0.0268518,0.0089506,0.0268518,0.0089506
108,3609.32,0.31661,0.81452,0.17038,0.14343,0.00592,0.07082,0.99973,1,0.995,0.99385,0.99973,1,0.995,0.93155,0.22102,0.30567,0.14869,0.06899,0.00709,0,0.0268221,0.0089407,0.0268221,0.0089407,0.0268221,0.0089407,0.0268221,0.0089407
109,3643.73,0.26161,0.79162,0.16135,0.13356,0.00497,0.03548,0.99483,1,0.99495,0.99495,0.99483,1,0.99495,0.96994,0.10166,0.21478,0.14645,0.07555,0.00288,0,0.0267924,0.0089308,0.0267924,0.0089308,0.0267924,0.0089308,0.0267924,0.0089308
110,3678.57,0.29738,0.77325,0.15707,0.14422,0.00555,0.01517,0.99498,0.99048,0.99485,0.99357,0.99498,0.99048,0.99485,0.97237,0.24599,0.20021,0.1414,0.15072,0.00616,0,0.0267627,0.0089209,0.0267627,0.0089209,0.0267627,0.0089209,0.0267627,0.0089209
111,3712.94,0.34212,0.7663,0.15598,0.15394,0.00594,0,1,0.99866,0.995,0.99328,1,0.99866,0.995,0.96496,0.25952,0.2397,0.14527,0.11476,0.00716,0,0.026733,0.008911,0.026733,0.008911,0.026733,0.008911,0.026733,0.008911
112,3747.96,0.31967,0.73693,0.15779,0.15388,0.0059,0.03703,0.97925,1,0.99495,0.99495,0.97925,1,0.99495,0.93409,0.11048,0.31978,0.12149,0.15537,0.00316,0,0.0267033,0.0089011,0.0267033,0.0089011,0.0267033,0.0089011,0.0267033,0.0089011
113,3784.22,0.30303,0.781,0.15269,0.13187,0.00549,0.07777,1,1,0.995,0.995,1,1,0.995,0.97581,0.14612,0.18639,0.12479,0.05,0.00533,0,0.0266736,0.0088912,0.0266736,0.0088912,0.0266736,0.0088912,0.0266736,0.0088912
114,3820.12,0.27565,0.90872,0.1527,0.12731,0.00516,0.2599,1,1,0.995,0.995,1,1,0.995,0.97574,0.18231,0.18907,0.13381,0.05911,0.00622,0,0.0266439,0.0088813,0.0266439,0.0088813,0.0266439,0.0088813,0.0266439,0.0088813
115,3854.33,0.2989,0.81955,0.15238,0.142,0.00532,0.06581,1,1,0.995,0.995,1,1,0.995,0.97106,0.16183,0.22089,0.12982,0.05442,0.00579,0,0.0266142,0.0088714,0.0266142,0.0088714,0.0266142,0.0088714,0.0266142,0.0088714
116,3888.16,0.31009,0.72002,0.15091,0.15038,0.00574,0.00603,1,1,0.995,0.99252,1,1,0.995,0.96135,0.1875,0.25619,0.11908,0.06348,0.00624,0,0.0265845,0.0088615,0.0265845,0.0088615,0.0265845,0.0088615,0.0265845,0.0088615
117,3922.58,0.31525,0.91652,0.14817,0.14433,0.00549,0.12118,1,1,0.995,0.995,1,1,0.995,0.94994,0.2153,0.27905,0.12281,0.06744,0.00519,0,0.0265548,0.0088516,0.0265548,0.0088516,0.0265548,0.0088516,0.0265548,0.0088516
118,3956.48,0.3286,0.71898,0.15053,0.14371,0.00562,0.01879,1,1,0.995,0.995,1,1,0.995,0.96441,0.20196,0.24073,0.1147,0.06512,0.00522,0,0.0265251,0.0088417,0.0265251,0.0088417,0.0265251,0.0088417,0.0265251,0.0088417
119,3990.35,0.2865,0.80558,0.14648,0.14127,0.00513,0.05196,0.99973,1,0.995,0.995,0.99973,1,0.995,0.96568,0.18138,0.22689,0.12081,0.07675,0.00488,0,0.0264954,0.0088318,0.0264954,0.0088318,0.0264954,0.0088318,0.0264954,0.0088318
120,4024.09,0.33505,0.75086,0.13796,0.14286,0.0058,0.00538,1,1,0.995,0.995,1,1,0.995,0.97274,0.18121,0.20074,0.12329,0.06196,0.00522,0,0.0264657,0.0088219,0.0264657,0.0088219,0.0264657,0.0088219,0.0264657,0.0088219
121,4058.08,0.31088,0.77259,0.14168,0.14579,0.00563,0.00099,1,1,0.995,0.995,1,1,0.995,0.97823,0.20792,0.18157,0.11474,0.0656,0.00661,0,0.026436,0.008812,0.026436,0.008812,0.026436,0.008812,0.026436,0.008812
122,4091.61,0.34335,0.71354,0.13891,0.1531,0.006,0.00338,0.99956,1,0.995,0.995,0.99956,1,0.995,0.97915,0.13531,0.17384,0.10708,0.05586,0.00448,0,0.0264063,0.0088021,0.0264063,0.0088021,0.0264063,0.0088021,0.0264063,0.0088021
123,4125.14,0.30698,0.84633,0.1339,0.14136,0.00552,0.01742,1,0.99955,0.995,0.995,1,0.99955,0.995,0.93622,0.09543,0.30407,0.11478,0.07816,0.00278,0,0.0263766,0.0087922,0.0263766,0.0087922,0.0263766,0.0087922,0.0263766,0.0087922
124,4158.06,0.3197,0.89368,0.13846,0.14022,0.00572,0.04546,1,1,0.995,0.995,1,1,0.995,0.97078,0.09841,0.20373,0.11616,0.05051,0.00314,0,0.0263469,0.0087823,0.0263469,0.0087823,0.0263469,0.0087823,0.0263469,0.0087823
125,4191.29,0.28929,0.73785,0.13885,0.1453,0.00518,0.01028,1,1,0.995,0.995,1,1,0.995,0.97431,0.22497,0.19226,0.11577,0.07027,0.00543,0,0.0263172,0.0087724,0.0263172,0.0087724,0.0263172,0.0087724,0.0263172,0.0087724
126,4225.09,0.33873,0.70619,0.13426,0.14656,0.00592,0.01034,1,1,0.995,0.995,1,1,0.995,0.9766,0.15269,0.19795,0.10996,0.05719,0.005,0,0.0262875,0.0087625,0.0262875,0.0087625,0.0262875,0.0087625,0.0262875,0.0087625
127,4259.55,0.27679,0.73183,0.12228,0.14073,0.00503,0.01595,1,1,0.995,0.995,1,1,0.995,0.94823,0.16159,0.26995,0.11818,0.05367,0.00511,0,0.0262578,0.0087526,0.0262578,0.0087526,0.0262578,0.0087526,0.0262578,0.0087526
128,4293.92,0.30613,0.7412,0.12145,0.15358,0.00567,0.00092,1,1,0.995,0.995,1,1,0.995,0.9695,0.17441,0.19966,0.10944,0.05773,0.00481,0,0.0262281,0.0087427,0.0262281,0.0087427,0.0262281,0.0087427,0.0262281,0.0087427
129,4327.5,0.28939,0.6834,0.12608,0.14398,0.00523,0.00013,1,1,0.995,0.995,1,1,0.995,0.97765,0.16979,0.19037,0.10667,0.05593,0.00528,0,0.0261984,0.0087328,0.0261984,0.0087328,0.0261984,0.0087328,0.0261984,0.0087328
130,4360.85,0.29607,0.73165,0.11849,0.15069,0.00555,0.00661,1,1,0.995,0.995,1,1,0.995,0.96684,0.18007,0.22274,0.10045,0.05991,0.00457,0,0.0261687,0.0087229,0.0261687,0.0087229,0.0261687,0.0087229,0.0261687,0.0087229
131,4393.88,0.31811,0.79255,0.12104,0.15254,0.00577,0.01704,1,1,0.995,0.91318,1,1,0.995,0.9572,0.3853,0.26343,0.09787,0.1083,0.01129,0,0.026139,0.008713,0.026139,0.008713,0.026139,0.008713,0.026139,0.008713
132,4427.16,0.3581,0.66155,0.12268,0.16085,0.00622,0,1,1,0.995,0.995,1,1,0.995,0.97648,0.16984,0.18513,0.0981,0.05984,0.006,0,0.0261093,0.0087031,0.0261093,0.0087031,0.0261093,0.0087031,0.0261093,0.0087031
133,4460.69,0.32999,0.69711,0.11747,0.13678,0.00596,0,1,1,0.995,0.995,1,1,0.995,0.97705,0.12844,0.18431,0.09721,0.04489,0.00359,0,0.0260796,0.0086932,0.0260796,0.0086932,0.0260796,0.0086932,0.0260796,0.0086932
134,4494.66,0.34578,0.64201,0.11497,0.14556,0.00618,0,1,1,0.995,0.995,1,1,0.995,0.98008,0.12483,0.1702,0.09896,0.0463,0.00354,0,0.0260499,0.0086833,0.0260499,0.0086833,0.0260499,0.0086833,0.0260499,0.0086833
135,4528.59,0.31465,0.68959,0.11357,0.14732,0.00587,0,1,1,0.995,0.995,1,1,0.995,0.97762,0.09317,0.21938,0.09843,0.03804,0.00263,0,0.0260202,0.0086734,0.0260202,0.0086734,0.0260202,0.0086734,0.0260202,0.0086734
136,4562.27,0.3385,0.7267,0.11282,0.15493,0.00598,0,1,1,0.995,0.995,1,1,0.995,0.96848,0.18593,0.20894,0.0936,0.06398,0.00449,0,0.0259905,0.0086635,0.0259905,0.0086635,0.0259905,0.0086635,0.0259905,0.0086635
137,4595.91,0.31946,0.69315,0.11114,0.14212,0.00559,0,1,1,0.995,0.99133,1,1,0.995,0.97924,0.24384,0.19103,0.09279,0.07446,0.00641,0,0.0259608,0.0086536,0.0259608,0.0086536,0.0259608,0.0086536,0.0259608,0.0086536
138,4629.02,0.32574,0.73489,0.10762,0.14928,0.00592,0,1,1,0.995,0.995,1,1,0.995,0.97806,0.06562,0.17837,0.09187,0.03038,0.00211,0,0.0259311,0.0086437,0.0259311,0.0086437,0.0259311,0.0086437,0.0259311,0.0086437
139,4662.3,0.30752,0.73402,0.10985,0.14073,0.00542,0.0033,1,1,0.995,0.995,1,1,0.995,0.96628,0.16854,0.21803,0.09174,0.0561,0.00485,0,0.0259014,0.0086338,0.0259014,0.0086338,0.0259014,0.0086338,0.0259014,0.0086338
140,4695.98,0.32511,0.67074,0.1127,0.14426,0.00555,0.08652,1,1,0.995,0.995,1,1,0.995,0.96836,0.1441,0.23043,0.09056,0.05105,0.00445,0,0.0258717,0.0086239,0.0258717,0.0086239,0.0258717,0.0086239,0.0258717,0.0086239
141,4730.09,0.26703,0.78689,0.10921,0.1307,0.0047,0.45386,0.99974,1,0.995,0.995,0.99974,1,0.995,0.95153,0.15923,0.27581,0.11276,0.05274,0.00434,0,0.025842,0.008614,0.025842,0.008614,0.025842,0.008614,0.025842,0.008614
142,4763.8,0.29656,0.75384,0.11875,0.13141,0.00529,0.04368,0.99972,1,0.995,0.995,0.99972,1,0.995,0.97953,0.09319,0.18475,0.12708,0.03754,0.0025,0,0.0258123,0.0086041,0.0258123,0.0086041,0.0258123,0.0086041,0.0258123,0.0086041
143,4797.51,0.32185,0.73832,0.12444,0.13315,0.00545,0.00784,1,1,0.995,0.995,1,1,0.995,0.97591,0.08811,0.19345,0.12503,0.03669,0.00224,0,0.0257826,0.0085942,0.0257826,0.0085942,0.0257826,0.0085942,0.0257826,0.0085942
144,4830.82,0.29299,0.70919,0.12054,0.12658,0.00512,0.01428,1,1,0.995,0.995,1,1,0.995,0.97402,0.11551,0.18254,0.11498,0.04355,0.00324,0,0.0257529,0.0085843,0.0257529,0.0085843,0.0257529,0.0085843,0.0257529,0.0085843
145,4863.91,0.28816,0.66321,0.12135,0.13308,0.00508,0.00086,1,1,0.995,0.995,1,1,0.995,0.97536,0.10328,0.18929,0.1062,0.03922,0.00335,0,0.0257232,0.0085744,0.0257232,0.0085744,0.0257232,0.0085744,0.0257232,0.0085744
146,4896.87,0.28272,0.67566,0.11886,0.12534,0.00488,0.01544,0.99947,1,0.995,0.995,0.99947,1,0.995,0.97229,0.13794,0.21677,0.10833,0.05254,0.00462,0,0.0256935,0.0085645,0.0256935,0.0085645,0.0256935,0.0085645,0.0256935,0.0085645
147,4930.38,0.23087,0.66954,0.11207,0.11223,0.0043,0.0288,0.99752,0.985,0.9949,0.9949,0.99752,0.985,0.9949,0.97742,0.24978,0.21481,0.11101,0.10481,0.00683,0,0.0256638,0.0085546,0.0256638,0.0085546,0.0256638,0.0085546,0.0256638,0.0085546
148,4964.91,0.28403,0.69645,0.11129,0.13675,0.00506,0.04726,0.89145,1,0.98889,0.98889,0.89145,1,0.98889,0.96828,0.10979,0.20475,0.10765,0.64017,0.00286,0,0.0256341,0.0085447,0.0256341,0.0085447,0.0256341,0.0085447,0.0256341,0.0085447
149,4999.42,0.25617,0.72062,0.11366,0.13683,0.0047,0.05494,0.99974,1,0.995,0.995,0.99974,1,0.995,0.98295,0.08005,0.17375,0.10277,0.03468,0.00234,0,0.0256044,0.0085348,0.0256044,0.0085348,0.0256044,0.0085348,0.0256044,0.0085348
150,5033.55,0.26032,0.72387,0.10875,0.12396,0.00474,0.03739,0.96114,0.98921,0.99267,0.99267,0.96114,0.98921,0.99267,0.97914,0.12823,0.16346,0.09865,0.17886,0.00303,0,0.0255747,0.0085249,0.0255747,0.0085249,0.0255747,0.0085249,0.0255747,0.0085249
151,5066.97,0.32818,0.64107,0.10998,0.13257,0.00573,0,0.99545,1,0.995,0.99471,0.99545,1,0.995,0.96637,0.23452,0.22322,0.10715,0.09805,0.00619,0,0.025545,0.008515,0.025545,0.008515,0.025545,0.008515,0.025545,0.008515
152,5100.25,0.29884,0.72904,0.10625,0.1293,0.00532,0.1313,0.96563,0.98333,0.99315,0.99315,0.96563,0.98333,0.99315,0.97007,0.14817,0.19545,0.10503,0.14069,0.00434,0,0.0255153,0.0085051,0.0255153,0.0085051,0.0255153,0.0085051,0.0255153,0.0085051
153,5133.1,0.26427,0.72214,0.10325,0.13305,0.00475,0.06551,1,0.99466,0.995,0.995,1,0.99466,0.995,0.8804,0.11141,0.45856,0.10751,0.05004,0.00389,0,0.0254856,0.0084952,0.0254856,0.0084952,0.0254856,0.0084952,0.0254856,0.0084952
154,5166.38,0.29033,0.72815,0.10642,0.12875,0.00511,0.01955,1,1,0.995,0.995,1,1,0.995,0.98484,0.17933,0.18671,0.10884,0.05839,0.00541,0,0.0254559,0.0084853,0.0254559,0.0084853,0.0254559,0.0084853,0.0254559,0.0084853
155,5200.12,0.27333,0.74686,0.10567,0.12265,0.00496,0.05731,1,1,0.995,0.995,1,1,0.995,0.96667,0.10336,0.22955,0.09865,0.04103,0.00345,0,0.0254262,0.0084754,0.0254262,0.0084754,0.0254262,0.0084754,0.0254262,0.0084754
156,5233.7,0.2777,0.73712,0.10688,0.12571,0.00512,0.06814,1,1,0.995,0.995,1,1,0.995,0.96253,0.13582,0.24906,0.09684,0.04735,0.00382,0,0.0253965,0.0084655,0.0253965,0.0084655,0.0253965,0.0084655,0.0253965,0.0084655
157,5267.62,0.30161,0.64222,0.10827,0.13461,0.00527,0.0055,1,1,0.995,0.99174,1,1,0.995,0.97636,0.22914,0.18246,0.09545,0.0706,0.00631,0,0.0253668,0.0084556,0.0253668,0.0084556,0.0253668,0.0084556,0.0253668,0.0084556
158,5300.99,0.28533,0.68141,0.11002,0.1261,0.0052,0.02018,1,1,0.995,0.995,1,1,0.995,0.93704,0.12267,0.32483,0.09299,0.04481,0.00433,0,0.0253371,0.0084457,0.0253371,0.0084457,0.0253371,0.0084457,0.0253371,0.0084457
159,5334.11,0.26553,0.74905,0.10128,0.12556,0.0046,0.05731,1,1,0.995,0.995,1,1,0.995,0.98527,0.12236,0.16072,0.09625,0.04493,0.00346,0,0.0253074,0.0084358,0.0253074,0.0084358,0.0253074,0.0084358,0.0253074,0.0084358
160,5367.22,0.26572,0.66025,0.10063,0.12079,0.00459,0.02063,1,1,0.995,0.995,1,1,0.995,0.95396,0.25282,0.27505,0.09461,0.07738,0.00719,0,0.0252777,0.0084259,0.0252777,0.0084259,0.0252777,0.0084259,0.0252777,0.0084259
161,5400.39,0.29165,0.59592,0.09962,0.13221,0.00511,0,1,1,0.995,0.995,1,1,0.995,0.9807,0.17605,0.18198,0.0939,0.05803,0.00402,0,0.025248,0.008416,0.025248,0.008416,0.025248,0.008416,0.025248,0.008416
162,5434.11,0.31144,0.62148,0.09884,0.13771,0.00544,0.00596,1,1,0.995,0.995,1,1,0.995,0.97621,0.08851,0.19993,0.08834,0.03917,0.00318,0,0.0252183,0.0084061,0.0252183,0.0084061,0.0252183,0.0084061,0.0252183,0.0084061
163,5467.84,0.30443,0.55585,0.10003,0.13173,0.00539,0,1,0.99777,0.995,0.995,1,0.99777,0.995,0.98087,0.20583,0.17776,0.09037,0.08033,0.00594,0,0.0251886,0.0083962,0.0251886,0.0083962,0.0251886,0.0083962,0.0251886,0.0083962
164,5501.53,0.32619,0.5712,0.09877,0.14048,0.00565,0,0.99932,1,0.995,0.995,0.99932,1,0.995,0.98396,0.13643,0.15659,0.09717,0.0516,0.0037,0,0.0251589,0.0083863,0.0251589,0.0083863,0.0251589,0.0083863,0.0251589,0.0083863
165,5534.97,0.3059,0.58574,0.09332,0.1374,0.00554,6e-05,1,0.99995,0.995,0.995,1,0.99995,0.995,0.98284,0.09355,0.16104,0.09785,0.04349,0.00273,0,0.0251292,0.0083764,0.0251292,0.0083764,0.0251292,0.0083764,0.0251292,0.0083764
166,5568.22,0.29043,0.60696,0.09118,0.12661,0.00548,0.00563,0.99974,1,0.995,0.995,0.99974,1,0.995,0.97276,0.07517,0.20179,0.09542,0.03525,0.00217,0,0.0250995,0.0083665,0.0250995,0.0083665,0.0250995,0.0083665,0.0250995,0.0083665
167,5601.4,0.30518,0.63068,0.09408,0.13335,0.00515,0,1,1,0.995,0.995,1,1,0.995,0.98565,0.08143,0.162,0.08697,0.03341,0.00263,0,0.0250698,0.0083566,0.0250698,0.0083566,0.0250698,0.0083566,0.0250698,0.0083566
168,5634.44,0.29068,0.61867,0.09364,0.12399,0.00491,0,1,1,0.995,0.99499,1,1,0.995,0.98056,0.2365,0.17217,0.08689,0.07226,0.00564,0,0.0250401,0.0083467,0.0250401,0.0083467,0.0250401,0.0083467,0.0250401,0.0083467
169,5668.26,0.29265,0.58268,0.08867,0.12149,0.0052,0,1,1,0.995,0.995,1,1,0.995,0.98376,0.14699,0.15441,0.08106,0.0496,0.00438,0,0.0250104,0.0083368,0.0250104,0.0083368,0.0250104,0.0083368,0.0250104,0.0083368
170,5702.06,0.27753,0.57319,0.08408,0.11378,0.00487,0,1,1,0.995,0.995,1,1,0.995,0.98565,0.1046,0.14314,0.07964,0.04129,0.0033,0,0.0249807,0.0083269,0.0249807,0.0083269,0.0249807,0.0083269,0.0249807,0.0083269
171,5736.42,0.29599,0.61829,0.08471,0.12453,0.00494,0,1,1,0.995,0.995,1,1,0.995,0.98261,0.16497,0.17804,0.08021,0.05718,0.00496,0,0.024951,0.008317,0.024951,0.008317,0.024951,0.008317,0.024951,0.008317
172,5770,0.28851,0.57605,0.08793,0.11982,0.00509,0,0.99971,1,0.995,0.995,0.99971,1,0.995,0.98298,0.14229,0.14835,0.07964,0.05487,0.00389,0,0.0249213,0.0083071,0.0249213,0.0083071,0.0249213,0.0083071,0.0249213,0.0083071
173,5803.49,0.28533,0.60593,0.08854,0.12339,0.00517,0,0.99952,1,0.995,0.995,0.99952,1,0.995,0.97468,0.16066,0.17997,0.10474,0.06421,0.00409,0,0.0248916,0.0082972,0.0248916,0.0082972,0.0248916,0.0082972,0.0248916,0.0082972
174,5836.26,0.27911,0.61857,0.08445,0.11548,0.00497,0.00207,0.97333,0.99,0.99381,0.99381,0.97333,0.99,0.99381,0.98341,0.18258,0.18568,0.07882,0.10779,0.00541,0,0.0248619,0.0082873,0.0248619,0.0082873,0.0248619,0.0082873,0.0248619,0.0082873
175,5869.37,0.28897,0.62448,0.08798,0.11825,0.00516,0,1,1,0.995,0.995,1,1,0.995,0.98528,0.16072,0.17255,0.07341,0.05501,0.00444,0,0.0248322,0.0082774,0.0248322,0.0082774,0.0248322,0.0082774,0.0248322,0.0082774
176,5903.21,0.24625,0.61857,0.08494,0.12124,0.00459,0.01962,1,1,0.995,0.99483,1,1,0.995,0.96189,0.18433,0.278,0.07467,0.05977,0.00589,0,0.0248025,0.0082675,0.0248025,0.0082675,0.0248025,0.0082675,0.0248025,0.0082675
177,5936.8,0.26008,0.57602,0.0855,0.11827,0.00477,0.00454,0.98998,0.98752,0.99466,0.99466,0.98998,0.98752,0.99466,0.98322,0.07769,0.19178,0.08434,0.09287,0.00239,0,0.0247728,0.0082576,0.0247728,0.0082576,0.0247728,0.0082576,0.0247728,0.0082576
178,5970.54,0.27571,0.6359,0.08581,0.12503,0.00488,0.02436,0.99944,1,0.995,0.995,0.99944,1,0.995,0.96048,0.10368,0.26998,0.09721,0.04429,0.00261,0,0.0247431,0.0082477,0.0247431,0.0082477,0.0247431,0.0082477,0.0247431,0.0082477
179,6003.99,0.22738,0.69451,0.08946,0.10685,0.00417,0.18391,0.99974,1,0.995,0.995,0.99974,1,0.995,0.9766,0.05863,0.21531,0.11202,0.02878,0.00186,0,0.0247134,0.0082378,0.0247134,0.0082378,0.0247134,0.0082378,0.0247134,0.0082378
180,6037.56,0.2988,0.5625,0.08707,0.12024,0.00524,0,0.99346,0.99,0.9949,0.9949,0.99346,0.99,0.9949,0.98152,0.16725,0.17123,0.10735,0.12131,0.00427,0,0.0246837,0.0082279,0.0246837,0.0082279,0.0246837,0.0082279,0.0246837,0.0082279
181,6070.77,0.29007,0.57213,0.08837,0.1167,0.00523,0,0.99,0.99032,0.9949,0.9949,0.99,0.99032,0.9949,0.9802,0.2103,0.18147,0.09109,0.14744,0.00684,0,0.024654,0.008218,0.024654,0.008218,0.024654,0.008218,0.024654,0.008218
182,6103.46,0.28281,0.61813,0.0846,0.12447,0.00508,0.02132,1,1,0.995,0.995,1,1,0.995,0.98427,0.09436,0.14801,0.07589,0.04048,0.00275,0,0.0246243,0.0082081,0.0246243,0.0082081,0.0246243,0.0082081,0.0246243,0.0082081
183,6137.02,0.21406,0.68905,0.08445,0.09297,0.00382,0.18976,0.99974,1,0.995,0.995,0.99974,1,0.995,0.97748,0.09128,0.16882,0.08023,0.03749,0.00274,0,0.0245946,0.0081982,0.0245946,0.0081982,0.0245946,0.0081982,0.0245946,0.0081982
184,6171.53,0.25526,0.65612,0.09043,0.11537,0.0046,0.01496,1,1,0.995,0.995,1,1,0.995,0.97468,0.09735,0.1863,0.08324,0.0411,0.00319,0,0.0245649,0.0081883,0.0245649,0.0081883,0.0245649,0.0081883,0.0245649,0.0081883
185,6205.5,0.27872,0.61078,0.09051,0.11796,0.00497,0.03308,1,1,0.995,0.995,1,1,0.995,0.97881,0.07044,0.18659,0.08112,0.03242,0.00203,0,0.0245352,0.0081784,0.0245352,0.0081784,0.0245352,0.0081784,0.0245352,0.0081784
186,6239.21,0.25275,0.60751,0.09084,0.11505,0.00439,0.0058,1,1,0.995,0.995,1,1,0.995,0.97884,0.11836,0.18903,0.07886,0.04638,0.00412,0,0.0245055,0.0081685,0.0245055,0.0081685,0.0245055,0.0081685,0.0245055,0.0081685
187,6272.4,0.25925,0.59456,0.08418,0.11437,0.00448,0.00409,1,1,0.995,0.995,1,1,0.995,0.97821,0.08841,0.17371,0.07351,0.0348,0.00241,0,0.0244758,0.0081586,0.0244758,0.0081586,0.0244758,0.0081586,0.0244758,0.0081586
188,6305.76,0.28485,0.58386,0.08201,0.12378,0.00494,0.00144,0.99984,1,0.995,0.995,0.99984,1,0.995,0.97749,0.21722,0.15543,0.07624,0.06996,0.00524,0,0.0244461,0.0081487,0.0244461,0.0081487,0.0244461,0.0081487,0.0244461,0.0081487
189,6338.64,0.27238,0.65238,0.08026,0.13213,0.00472,0.00415,0.99972,1,0.995,0.995,0.99972,1,0.995,0.98308,0.11985,0.16407,0.06888,0.04621,0.00306,0,0.0244164,0.0081388,0.0244164,0.0081388,0.0244164,0.0081388,0.0244164,0.0081388
190,6372.25,0.2397,0.73834,0.08833,0.12255,0.00437,0.05761,0.99965,1,0.995,0.995,0.99965,1,0.995,0.98856,0.08671,0.16357,0.0651,0.05099,0.00244,0,0.0243867,0.0081289,0.0243867,0.0081289,0.0243867,0.0081289,0.0243867,0.0081289
191,6406.56,0.2633,0.71668,0.09246,0.14468,0.00459,0.10696,0.9997,1,0.995,0.995,0.9997,1,0.995,0.98049,0.08929,0.17976,0.06567,0.04188,0.00304,0,0.024357,0.008119,0.024357,0.008119,0.024357,0.008119,0.024357,0.008119
192,6440.72,0.25641,0.76696,0.10091,0.13812,0.00464,0.09918,0.99897,0.995,0.995,0.995,0.99897,0.995,0.995,0.97253,0.10191,0.18408,0.09225,0.05471,0.00291,0,0.0243273,0.0081091,0.0243273,0.0081091,0.0243273,0.0081091,0.0243273,0.0081091
193,6474.59,0.29654,0.84066,0.10704,0.15878,0.00523,0.23343,0.99971,1,0.995,0.995,0.99971,1,0.995,0.963,0.16296,0.22822,0.08356,0.05422,0.00401,0,0.0242976,0.0080992,0.0242976,0.0080992,0.0242976,0.0080992,0.0242976,0.0080992
194,6508.2,0.25973,0.78484,0.10098,0.12981,0.00472,0.14802,0.97405,0.93846,0.98553,0.98553,0.97405,0.93846,0.98553,0.97421,0.09262,0.16603,0.08432,0.22786,0.00322,0,0.0242679,0.0080893,0.0242679,0.0080893,0.0242679,0.0080893,0.0242679,0.0080893
195,6541.6,0.28886,0.69175,0.10262,0.13939,0.00523,0.0288,0.98998,0.98799,0.99471,0.99471,0.98998,0.98799,0.99471,0.98491,0.10382,0.1866,0.08134,0.10537,0.00341,0,0.0242382,0.0080794,0.0242382,0.0080794,0.0242382,0.0080794,0.0242382,0.0080794
196,6574.54,0.27878,0.60812,0.10011,0.14868,0.00487,0.01893,1,1,0.995,0.995,1,1,0.995,0.9761,0.0769,0.18515,0.07985,0.03229,0.00232,0,0.0242085,0.0080695,0.0242085,0.0080695,0.0242085,0.0080695,0.0242085,0.0080695
197,6607.92,0.30645,0.62742,0.09215,0.14763,0.00536,0,0.99973,1,0.995,0.995,0.99973,1,0.995,0.98349,0.08827,0.20342,0.07543,0.04023,0.00257,0,0.0241788,0.0080596,0.0241788,0.0080596,0.0241788,0.0080596,0.0241788,0.0080596
198,6641.98,0.30747,0.55538,0.0929,0.146,0.00549,0.00613,1,0.99985,0.995,0.995,1,0.99985,0.995,0.98767,0.11022,0.15185,0.07464,0.05651,0.00281,0,0.0241491,0.0080497,0.0241491,0.0080497,0.0241491,0.0080497,0.0241491,0.0080497
199,6675.62,0.29498,0.59273,0.08768,0.1526,0.00521,0,0.99973,1,0.995,0.995,0.99973,1,0.995,0.98685,0.07447,0.15861,0.0684,0.03637,0.00197,0,0.0241194,0.0080398,0.0241194,0.0080398,0.0241194,0.0080398,0.0241194,0.0080398
200,6709.71,0.27919,0.56326,0.08775,0.1448,0.00509,0.01742,0.99972,1,0.995,0.995,0.99972,1,0.995,0.98776,0.11829,0.15492,0.06787,0.0438,0.00321,0,0.0240897,0.0080299,0.0240897,0.0080299,0.0240897,0.0080299,0.0240897,0.0080299
201,6743.15,0.24027,0.62795,0.09326,0.14989,0.00425,0.00516,0.99974,1,0.995,0.995,0.99974,1,0.995,0.98891,0.13549,0.14729,0.07398,0.04874,0.00485,0,0.02406,0.00802,0.02406,0.00802,0.02406,0.00802,0.02406,0.00802
202,6777,0.25041,0.63464,0.08637,0.13932,0.0046,0.01221,0.99974,1,0.995,0.995,0.99974,1,0.995,0.98767,0.11985,0.15233,0.07148,0.04385,0.00307,0,0.0240303,0.0080101,0.0240303,0.0080101,0.0240303,0.0080101,0.0240303,0.0080101
203,6809.99,0.27874,0.53356,0.08681,0.14257,0.00479,0.00247,0.99974,1,0.995,0.995,0.99974,1,0.995,0.98672,0.06394,0.16096,0.06568,0.03472,0.00219,0,0.0240006,0.0080002,0.0240006,0.0080002,0.0240006,0.0080002,0.0240006,0.0080002
204,6843.43,0.26087,0.58505,0.08384,0.13811,0.0045,0.01139,0.99973,1,0.995,0.995,0.99973,1,0.995,0.98675,0.09576,0.16399,0.06471,0.04131,0.00309,0,0.0239709,0.0079903,0.0239709,0.0079903,0.0239709,0.0079903,0.0239709,0.0079903
205,6877.6,0.28652,0.54292,0.08258,0.132,0.0051,0,0.99973,1,0.995,0.995,0.99973,1,0.995,0.98892,0.12168,0.13939,0.06963,0.04785,0.00372,0,0.0239412,0.0079804,0.0239412,0.0079804,0.0239412,0.0079804,0.0239412,0.0079804
206,6911.3,0.2965,0.50755,0.08237,0.12997,0.0052,0,0.99974,1,0.995,0.995,0.99974,1,0.995,0.98197,0.15071,0.18228,0.06801,0.05094,0.00526,0,0.0239115,0.0079705,0.0239115,0.0079705,0.0239115,0.0079705,0.0239115,0.0079705
207,6945.03,0.25997,0.59058,0.08209,0.11662,0.00472,0.00245,1,0.9996,0.995,0.995,1,0.9996,0.995,0.98763,0.11112,0.15041,0.06474,0.04442,0.00394,0,0.0238818,0.0079606,0.0238818,0.0079606,0.0238818,0.0079606,0.0238818,0.0079606
208,6978.45,0.29954,0.51348,0.08071,0.1289,0.00533,0.00391,0.99974,1,0.995,0.995,0.99974,1,0.995,0.98297,0.11557,0.21271,0.0601,0.04187,0.00332,0,0.0238521,0.0079507,0.0238521,0.0079507,0.0238521,0.0079507,0.0238521,0.0079507
209,7011.54,0.27474,0.53814,0.07483,0.11364,0.00492,0,0.99973,1,0.995,0.99399,0.99973,1,0.995,0.98701,0.17385,0.13676,0.06568,0.05817,0.00487,0,0.0238224,0.0079408,0.0238224,0.0079408,0.0238224,0.0079408,0.0238224,0.0079408
210,7044.5,0.25848,0.57019,0.07598,0.11425,0.00469,0.00446,0.99974,1,0.995,0.995,0.99974,1,0.995,0.97659,0.11358,0.20815,0.06492,0.04331,0.00313,0,0.0237927,0.0079309,0.0237927,0.0079309,0.0237927,0.0079309,0.0237927,0.0079309
211,7077.58,0.26421,0.5618,0.07435,0.11075,0.00456,0.00199,1,1,0.995,0.995,1,1,0.995,0.98763,0.12957,0.1438,0.06243,0.04607,0.00469,0,0.023763,0.007921,0.023763,0.007921,0.023763,0.007921,0.023763,0.007921
212,7111.41,0.25046,0.56488,0.07414,0.10914,0.00446,0.00335,1,1,0.995,0.995,1,1,0.995,0.98555,0.14997,0.14372,0.06466,0.0515,0.00462,0,0.0237333,0.0079111,0.0237333,0.0079111,0.0237333,0.0079111,0.0237333,0.0079111
213,7145.35,0.25,0.52134,0.07371,0.11139,0.00426,0.01959,1,1,0.995,0.995,1,1,0.995,0.98249,0.1217,0.18999,0.0649,0.04564,0.0035,0,0.0237036,0.0079012,0.0237036,0.0079012,0.0237036,0.0079012,0.0237036,0.0079012
214,7179.57,0.2745,0.50701,0.0755,0.11506,0.00504,0,1,1,0.995,0.995,1,1,0.995,0.98608,0.14499,0.13342,0.06187,0.04987,0.00428,0,0.0236739,0.0078913,0.0236739,0.0078913,0.0236739,0.0078913,0.0236739,0.0078913
215,7213.31,0.23717,0.56445,0.07132,0.10973,0.00427,0,1,1,0.995,0.995,1,1,0.995,0.9823,0.11299,0.14717,0.05986,0.04386,0.0028,0,0.0236442,0.0078814,0.0236442,0.0078814,0.0236442,0.0078814,0.0236442,0.0078814
216,7246.96,0.26018,0.56213,0.07655,0.11345,0.00454,0,1,1,0.995,0.995,1,1,0.995,0.98195,0.11738,0.14614,0.05761,0.04167,0.00341,0,0.0236145,0.0078715,0.0236145,0.0078715,0.0236145,0.0078715,0.0236145,0.0078715
217,7279.99,0.24624,0.51024,0.0768,0.10758,0.00436,0.00241,1,1,0.995,0.995,1,1,0.995,0.98532,0.07576,0.13229,0.05943,0.03403,0.00252,0,0.0235848,0.0078616,0.0235848,0.0078616,0.0235848,0.0078616,0.0235848,0.0078616
218,7312.98,0.24943,0.51164,0.07814,0.10795,0.00439,0,0.99974,1,0.995,0.995,0.99974,1,0.995,0.98691,0.16869,0.14615,0.06131,0.05568,0.00455,0,0.0235551,0.0078517,0.0235551,0.0078517,0.0235551,0.0078517,0.0235551,0.0078517
219,7346.93,0.26364,0.48667,0.06902,0.10963,0.00465,0.00314,1,1,0.995,0.995,1,1,0.995,0.98748,0.17231,0.13129,0.06125,0.05675,0.00515,0,0.0235254,0.0078418,0.0235254,0.0078418,0.0235254,0.0078418,0.0235254,0.0078418
220,7380.6,0.29639,0.47447,0.07036,0.12048,0.00518,0,1,1,0.995,0.995,1,1,0.995,0.98706,0.08988,0.1354,0.06209,0.03598,0.00269,0,0.0234957,0.0078319,0.0234957,0.0078319,0.0234957,0.0078319,0.0234957,0.0078319
221,7414.94,0.26076,0.52506,0.06769,0.11811,0.00459,0,0.99974,1,0.995,0.995,0.99974,1,0.995,0.98402,0.08087,0.13125,0.05666,0.03576,0.0025,0,0.023466,0.007822,0.023466,0.007822,0.023466,0.007822,0.023466,0.007822
222,7448.42,0.2187,0.56625,0.07093,0.10495,0.00418,0.01028,0.99974,1,0.995,0.995,0.99974,1,0.995,0.98383,0.11123,0.13825,0.05337,0.03964,0.00322,0,0.0234363,0.0078121,0.0234363,0.0078121,0.0234363,0.0078121,0.0234363,0.0078121
223,7481.64,0.25738,0.53805,0.07375,0.1109,0.00443,0,0.99974,1,0.995,0.995,0.99974,1,0.995,0.97741,0.06797,0.17155,0.05778,0.03151,0.00198,0,0.0234066,0.0078022,0.0234066,0.0078022,0.0234066,0.0078022,0.0234066,0.0078022
224,7516.3,0.23794,0.54599,0.07645,0.10588,0.00428,0.01951,0.99974,1,0.995,0.995,0.99974,1,0.995,0.98394,0.11389,0.15106,0.06182,0.04246,0.00375,0,0.0233769,0.0077923,0.0233769,0.0077923,0.0233769,0.0077923,0.0233769,0.0077923
225,7549.91,0.25893,0.50984,0.0733,0.11496,0.00445,0.00026,1,0.99981,0.995,0.995,1,0.99981,0.995,0.98445,0.15147,0.13929,0.05745,0.05589,0.00418,0,0.0233472,0.0077824,0.0233472,0.0077824,0.0233472,0.0077824,0.0233472,0.0077824
226,7585.68,0.2448,0.50349,0.07199,0.11208,0.00423,0,0.97535,0.98938,0.99394,0.99394,0.97535,0.98938,0.99394,0.98495,0.13316,0.13514,0.05922,0.13736,0.00383,0,0.0233175,0.0077725,0.0233175,0.0077725,0.0233175,0.0077725,0.0233175,0.0077725
227,7623.21,0.25134,0.52663,0.07139,0.11262,0.00452,0.00046,0.9993,1,0.995,0.995,0.9993,1,0.995,0.98015,0.05503,0.15357,0.05365,0.04457,0.00174,0,0.0232878,0.0077626,0.0232878,0.0077626,0.0232878,0.0077626,0.0232878,0.0077626
228,7657.7,0.23681,0.54416,0.06941,0.1169,0.0043,0.00283,0.99976,1,0.995,0.995,0.99976,1,0.995,0.98526,0.22058,0.1453,0.05341,0.06959,0.00643,0,0.0232581,0.0077527,0.0232581,0.0077527,0.0232581,0.0077527,0.0232581,0.0077527
229,7691.56,0.26716,0.53316,0.07213,0.11731,0.00472,0,1,1,0.995,0.995,1,1,0.995,0.98317,0.07645,0.15533,0.0582,0.03571,0.00262,0,0.0232284,0.0077428,0.0232284,0.0077428,0.0232284,0.0077428,0.0232284,0.0077428
230,7724.9,0.23909,0.51934,0.07128,0.1237,0.00407,0.00225,0.99883,0.99,0.9949,0.9949,0.99883,0.99,0.9949,0.97686,0.096,0.19427,0.0778,0.06471,0.00306,0,0.0231987,0.0077329,0.0231987,0.0077329,0.0231987,0.0077329,0.0231987,0.0077329
231,7758.5,0.25614,0.5148,0.07049,0.12138,0.00443,0,0.98636,1,0.9949,0.9949,0.98636,1,0.9949,0.98443,0.07866,0.16667,0.04564,0.10296,0.00219,0,0.023169,0.007723,0.023169,0.007723,0.023169,0.007723,0.023169,0.007723
232,7791.55,0.23146,0.54066,0.07009,0.1081,0.00413,0.01865,0.99974,1,0.995,0.995,0.99974,1,0.995,0.98517,0.11838,0.15405,0.04544,0.04585,0.00279,0,0.0231393,0.0077131,0.0231393,0.0077131,0.0231393,0.0077131,0.0231393,0.0077131
233,7825.77,0.26178,0.5236,0.06972,0.12338,0.00448,0,0.99973,1,0.995,0.995,0.99973,1,0.995,0.98539,0.13294,0.13637,0.04998,0.04843,0.00405,0,0.0231096,0.0077032,0.0231096,0.0077032,0.0231096,0.0077032,0.0231096,0.0077032
234,7859.98,0.25094,0.48773,0.06758,0.11651,0.00439,0,0.99974,1,0.995,0.995,0.99974,1,0.995,0.98612,0.06896,0.14293,0.05202,0.03077,0.00216,0,0.0230799,0.0076933,0.0230799,0.0076933,0.0230799,0.0076933,0.0230799,0.0076933
235,7894.38,0.23368,0.47302,0.06602,0.11098,0.0042,0.0139,1,1,0.995,0.995,1,1,0.995,0.97904,0.10928,0.17584,0.0524,0.03933,0.00375,0,0.0230502,0.0076834,0.0230502,0.0076834,0.0230502,0.0076834,0.0230502,0.0076834
236,7928.45,0.26577,0.48986,0.06787,0.10842,0.0046,0,0.99974,1,0.995,0.995,0.99974,1,0.995,0.99069,0.1095,0.13765,0.05398,0.04279,0.00272,0,0.0230205,0.0076735,0.0230205,0.0076735,0.0230205,0.0076735,0.0230205,0.0076735
237,7962.56,0.23298,0.49183,0.0628,0.1088,0.00411,0,0.99974,1,0.995,0.995,0.99974,1,0.995,0.98656,0.10168,0.11713,0.05348,0.03888,0.00277,0,0.0229908,0.0076636,0.0229908,0.0076636,0.0229908,0.0076636,0.0229908,0.0076636
238,7995.64,0.23275,0.54197,0.06431,0.10512,0.00403,0.0757,0.99974,1,0.995,0.995,0.99974,1,0.995,0.98973,0.10705,0.12979,0.05275,0.03939,0.00416,0,0.0229611,0.0076537,0.0229611,0.0076537,0.0229611,0.0076537,0.0229611,0.0076537
239,8029.38,0.24428,0.47667,0.06672,0.1072,0.00411,0.00383,1,1,0.995,0.995,1,1,0.995,0.98373,0.08024,0.14959,0.05747,0.03221,0.00284,0,0.0229314,0.0076438,0.0229314,0.0076438,0.0229314,0.0076438,0.0229314,0.0076438
240,8063.18,0.22721,0.52428,0.06727,0.10875,0.00411,0.03306,1,1,0.995,0.995,1,1,0.995,0.98214,0.0722,0.14189,0.064,0.03047,0.00218,0,0.0229017,0.0076339,0.0229017,0.0076339,0.0229017,0.0076339,0.0229017,0.0076339
241,8097.39,0.21336,0.56984,0.06536,0.09335,0.00386,0.00726,1,1,0.995,0.995,1,1,0.995,0.9817,0.0931,0.14153,0.05462,0.03465,0.00265,0,0.022872,0.007624,0.022872,0.007624,0.022872,0.007624,0.022872,0.007624
242,8131.9,0.23176,0.48465,0.06648,0.10731,0.00424,0,1,1,0.995,0.995,1,1,0.995,0.98883,0.13497,0.1292,0.05123,0.04687,0.00344,0,0.0228423,0.0076141,0.0228423,0.0076141,0.0228423,0.0076141,0.0228423,0.0076141
243,8166.23,0.23542,0.46705,0.06802,0.10623,0.00409,0,1,1,0.995,0.995,1,1,0.995,0.98492,0.04845,0.12929,0.04911,0.02428,0.00141,0,0.0228126,0.0076042,0.0228126,0.0076042,0.0228126,0.0076042,0.0228126,0.0076042
244,8199.83,0.24025,0.4723,0.0641,0.10939,0.00406,0,1,1,0.995,0.995,1,1,0.995,0.98596,0.0636,0.12738,0.0456,0.03402,0.00201,0,0.0227829,0.0075943,0.0227829,0.0075943,0.0227829,0.0075943,0.0227829,0.0075943
245,8233,0.23787,0.47654,0.06075,0.10586,0.00407,0,0.99974,1,0.995,0.995,0.99974,1,0.995,0.98687,0.04804,0.12894,0.046,0.02652,0.00163,0,0.0227532,0.0075844,0.0227532,0.0075844,0.0227532,0.0075844,0.0227532,0.0075844
246,8266,0.23906,0.47225,0.06047,0.10879,0.00405,0,0.99974,1,0.995,0.995,0.99974,1,0.995,0.98794,0.09423,0.12939,0.04736,0.03643,0.00251,0,0.0227235,0.0075745,0.0227235,0.0075745,0.0227235,0.0075745,0.0227235,0.0075745
247,8299.98,0.22091,0.45529,0.06627,0.10628,0.00396,0,0.94441,0.97,0.98913,0.98913,0.94441,0.97,0.98913,0.98414,0.08678,0.12947,0.05944,0.21925,0.00249,0,0.0226938,0.0075646,0.0226938,0.0075646,0.0226938,0.0075646,0.0226938,0.0075646
248,8334.61,0.25155,0.45692,0.06106,0.11423,0.00443,2e-05,0.99974,1,0.995,0.995,0.99974,1,0.995,0.99025,0.16504,0.13713,0.06839,0.05419,0.00494,0,0.0226641,0.0075547,0.0226641,0.0075547,0.0226641,0.0075547,0.0226641,0.0075547
249,8369.08,0.24107,0.462,0.06266,0.10492,0.00446,0,1,1,0.995,0.995,1,1,0.995,0.98895,0.09623,0.12828,0.05917,0.03621,0.00257,0,0.0226344,0.0075448,0.0226344,0.0075448,0.0226344,0.0075448,0.0226344,0.0075448
250,8402.98,0.23334,0.49738,0.06049,0.10453,0.00409,0.00054,1,1,0.995,0.995,1,1,0.995,0.98852,0.11507,0.1275,0.05781,0.04127,0.00352,0,0.0226047,0.0075349,0.0226047,0.0075349,0.0226047,0.0075349,0.0226047,0.0075349
251,8436.33,0.20601,0.50121,0.063,0.11135,0.00361,0,1,1,0.995,0.995,1,1,0.995,0.9879,0.0554,0.13268,0.04782,0.02506,0.00157,0,0.022575,0.007525,0.022575,0.007525,0.022575,0.007525,0.022575,0.007525
252,8469.61,0.24678,0.46861,0.06426,0.1052,0.00434,0,1,1,0.995,0.995,1,1,0.995,0.98877,0.08778,0.1202,0.04915,0.03659,0.00275,0,0.0225453,0.0075151,0.0225453,0.0075151,0.0225453,0.0075151,0.0225453,0.0075151
253,8502.38,0.25097,0.47099,0.06184,0.11087,0.00445,0,1,1,0.995,0.995,1,1,0.995,0.9904,0.08513,0.11848,0.04867,0.03428,0.00283,0,0.0225156,0.0075052,0.0225156,0.0075052,0.0225156,0.0075052,0.0225156,0.0075052
254,8536.13,0.25894,0.43667,0.06282,0.10934,0.00481,0,1,1,0.995,0.995,1,1,0.995,0.98958,0.07962,0.12279,0.04765,0.03443,0.00207,0,0.0224859,0.0074953,0.0224859,0.0074953,0.0224859,0.0074953,0.0224859,0.0074953
255,8570.45,0.24321,0.40652,0.06076,0.1078,0.0041,0,1,1,0.995,0.995,1,1,0.995,0.98902,0.04786,0.11695,0.04317,0.02519,0.00133,0,0.0224562,0.0074854,0.0224562,0.0074854,0.0224562,0.0074854,0.0224562,0.0074854
256,8604.47,0.2281,0.47442,0.06063,0.09967,0.00403,0,1,1,0.995,0.995,1,1,0.995,0.98789,0.13946,0.12291,0.046,0.04715,0.00468,0,0.0224265,0.0074755,0.0224265,0.0074755,0.0224265,0.0074755,0.0224265,0.0074755
257,8638.48,0.20956,0.5138,0.06462,0.10228,0.00373,0,1,1,0.995,0.995,1,1,0.995,0.9886,0.09573,0.1192,0.04528,0.03797,0.00249,0,0.0223968,0.0074656,0.0223968,0.0074656,0.0223968,0.0074656,0.0223968,0.0074656
258,8672.21,0.22318,0.44542,0.06127,0.09058,0.00407,0,1,1,0.995,0.995,1,1,0.995,0.98988,0.05587,0.12399,0.04479,0.02478,0.00181,0,0.0223671,0.0074557,0.0223671,0.0074557,0.0223671,0.0074557,0.0223671,0.0074557
259,8706.11,0.20184,0.52394,0.06295,0.09538,0.00352,0.16709,1,1,0.995,0.995,1,1,0.995,0.9888,0.1152,0.15196,0.05329,0.04549,0.00355,0,0.0223374,0.0074458,0.0223374,0.0074458,0.0223374,0.0074458,0.0223374,0.0074458
260,8739.07,0.24268,0.47728,0.0679,0.10502,0.00431,0.0028,1,1,0.995,0.995,1,1,0.995,0.98915,0.04893,0.12829,0.09175,0.02543,0.00145,0,0.0223077,0.0074359,0.0223077,0.0074359,0.0223077,0.0074359,0.0223077,0.0074359
261,8772.66,0.23401,0.42106,0.0661,0.10106,0.00407,0,1,1,0.995,0.995,1,1,0.995,0.98589,0.08553,0.12902,0.08414,0.03618,0.0027,0,0.022278,0.007426,0.022278,0.007426,0.022278,0.007426,0.022278,0.007426
262,8806.68,0.23212,0.47638,0.06527,0.1099,0.00396,0,1,1,0.995,0.995,1,1,0.995,0.98453,0.08109,0.13354,0.06579,0.03798,0.00215,0,0.0222483,0.0074161,0.0222483,0.0074161,0.0222483,0.0074161,0.0222483,0.0074161
263,8840.65,0.24305,0.44921,0.06539,0.11238,0.00412,0.00277,1,1,0.995,0.995,1,1,0.995,0.9882,0.16913,0.13073,0.06085,0.05733,0.0042,0,0.0222186,0.0074062,0.0222186,0.0074062,0.0222186,0.0074062,0.0222186,0.0074062
264,8874.41,0.22907,0.45832,0.06294,0.10123,0.00387,0,1,1,0.995,0.995,1,1,0.995,0.98947,0.07935,0.12237,0.05253,0.0316,0.00194,0,0.0221889,0.0073963,0.0221889,0.0073963,0.0221889,0.0073963,0.0221889,0.0073963
265,8908.14,0.2467,0.46421,0.0608,0.10555,0.00426,0,0.99974,1,0.995,0.995,0.99974,1,0.995,0.98973,0.0552,0.11751,0.04498,0.02666,0.00177,0,0.0221592,0.0073864,0.0221592,0.0073864,0.0221592,0.0073864,0.0221592,0.0073864
266,8941.51,0.23436,0.43178,0.0589,0.10178,0.00396,0.01097,1,1,0.995,0.995,1,1,0.995,0.98975,0.08521,0.11753,0.04502,0.03524,0.00238,0,0.0221295,0.0073765,0.0221295,0.0073765,0.0221295,0.0073765,0.0221295,0.0073765
267,8974.45,0.21371,0.47896,0.0617,0.1048,0.00366,0.00525,1,1,0.995,0.995,1,1,0.995,0.9854,0.11382,0.14122,0.04705,0.04064,0.00338,0,0.0220998,0.0073666,0.0220998,0.0073666,0.0220998,0.0073666,0.0220998,0.0073666
268,9007.72,0.22895,0.44547,0.06152,0.09981,0.00407,0,1,1,0.995,0.995,1,1,0.995,0.98742,0.09462,0.13233,0.04576,0.03609,0.00308,0,0.0220701,0.0073567,0.0220701,0.0073567,0.0220701,0.0073567,0.0220701,0.0073567
269,9042.08,0.23203,0.42452,0.06143,0.09694,0.0041,0,1,1,0.995,0.995,1,1,0.995,0.99105,0.07969,0.11361,0.0452,0.0326,0.00235,0,0.0220404,0.0073468,0.0220404,0.0073468,0.0220404,0.0073468,0.0220404,0.0073468
270,9076.24,0.24206,0.4719,0.06079,0.10598,0.0044,0,1,1,0.995,0.995,1,1,0.995,0.98903,0.08222,0.12222,0.04524,0.03476,0.00223,0,0.0220107,0.0073369,0.0220107,0.0073369,0.0220107,0.0073369,0.0220107,0.0073369
271,9110.17,0.24689,0.43248,0.05922,0.1031,0.00421,0,1,1,0.995,0.995,1,1,0.995,0.9894,0.0694,0.11495,0.05381,0.03165,0.00201,0,0.021981,0.007327,0.021981,0.007327,0.021981,0.007327,0.021981,0.007327
272,9143.54,0.23799,0.42111,0.05617,0.10617,0.00415,0.00118,1,1,0.995,0.995,1,1,0.995,0.98882,0.08358,0.12244,0.05878,0.03388,0.00288,0,0.0219513,0.0073171,0.0219513,0.0073171,0.0219513,0.0073171,0.0219513,0.0073171
273,9176.87,0.20885,0.49676,0.05826,0.09584,0.00368,0.0029,1,1,0.995,0.995,1,1,0.995,0.98825,0.12582,0.13525,0.056,0.0435,0.00379,0,0.0219216,0.0073072,0.0219216,0.0073072,0.0219216,0.0073072,0.0219216,0.0073072
274,9209.75,0.21569,0.46784,0.05836,0.10101,0.00384,0,1,1,0.995,0.995,1,1,0.995,0.98837,0.10595,0.11471,0.05388,0.03858,0.00321,0,0.0218919,0.0072973,0.0218919,0.0072973,0.0218919,0.0072973,0.0218919,0.0072973
275,9243.03,0.23852,0.42274,0.05833,0.10716,0.00395,0,1,1,0.995,0.995,1,1,0.995,0.99176,0.10148,0.11501,0.04394,0.03806,0.00303,0,0.0218622,0.0072874,0.0218622,0.0072874,0.0218622,0.0072874,0.0218622,0.0072874
276,9277.11,0.2255,0.42062,0.0588,0.10278,0.00373,0,1,1,0.995,0.995,1,1,0.995,0.99051,0.07555,0.12195,0.03848,0.0323,0.00249,0,0.0218325,0.0072775,0.0218325,0.0072775,0.0218325,0.0072775,0.0218325,0.0072775
277,9310.97,0.2158,0.43955,0.05994,0.09967,0.00402,0.00393,1,1,0.995,0.995,1,1,0.995,0.98231,0.18698,0.16801,0.04107,0.06021,0.00518,0,0.0218028,0.0072676,0.0218028,0.0072676,0.0218028,0.0072676,0.0218028,0.0072676
278,9345.18,0.21782,0.46859,0.06375,0.0906,0.00385,0,1,1,0.995,0.995,1,1,0.995,0.98943,0.09293,0.12802,0.04432,0.03521,0.00277,0,0.0217731,0.0072577,0.0217731,0.0072577,0.0217731,0.0072577,0.0217731,0.0072577
279,9378.74,0.24114,0.44308,0.06506,0.10983,0.00425,0,1,1,0.995,0.995,1,1,0.995,0.98956,0.06053,0.122,0.04303,0.02971,0.00175,0,0.0217434,0.0072478,0.0217434,0.0072478,0.0217434,0.0072478,0.0217434,0.0072478
280,9412.7,0.2271,0.43542,0.05877,0.10013,0.00395,0,1,1,0.995,0.995,1,1,0.995,0.9904,0.05637,0.10683,0.0427,0.02603,0.0019,0,0.0217137,0.0072379,0.0217137,0.0072379,0.0217137,0.0072379,0.0217137,0.0072379
281,9445.62,0.21988,0.43522,0.05678,0.09806,0.00387,0.00205,0.99974,1,0.995,0.995,0.99974,1,0.995,0.99103,0.10353,0.11726,0.0396,0.03965,0.00281,0,0.021684,0.007228,0.021684,0.007228,0.021684,0.007228,0.021684,0.007228
282,9479.99,0.24646,0.39975,0.05792,0.10194,0.00432,0,1,1,0.995,0.995,1,1,0.995,0.99005,0.05301,0.13032,0.03893,0.02677,0.00154,0,0.0216543,0.0072181,0.0216543,0.0072181,0.0216543,0.0072181,0.0216543,0.0072181
283,9513.75,0.2277,0.43073,0.05464,0.09531,0.00401,0,0.99973,1,0.995,0.995,0.99973,1,0.995,0.98971,0.14774,0.1065,0.03795,0.0498,0.00386,0,0.0216246,0.0072082,0.0216246,0.0072082,0.0216246,0.0072082,0.0216246,0.0072082
284,9547.83,0.21118,0.43538,0.05605,0.09137,0.00366,0,0.99974,1,0.995,0.995,0.99974,1,0.995,0.98868,0.10205,0.12524,0.03345,0.03716,0.00305,0,0.0215949,0.0071983,0.0215949,0.0071983,0.0215949,0.0071983,0.0215949,0.0071983
285,9581.34,0.22412,0.42815,0.05829,0.094,0.0039,0.00056,0.99974,1,0.995,0.995,0.99974,1,0.995,0.98651,0.10484,0.15447,0.0306,0.03795,0.00311,0,0.0215652,0.0071884,0.0215652,0.0071884,0.0215652,0.0071884,0.0215652,0.0071884
286,9614.94,0.22088,0.40773,0.06024,0.09852,0.00389,0,1,1,0.995,0.995,1,1,0.995,0.99046,0.09262,0.10541,0.0337,0.03611,0.003,0,0.0215355,0.0071785,0.0215355,0.0071785,0.0215355,0.0071785,0.0215355,0.0071785
287,9648.41,0.20117,0.45047,0.05483,0.0953,0.00375,0,1,1,0.995,0.995,1,1,0.995,0.98947,0.11053,0.09692,0.03916,0.04046,0.00389,0,0.0215058,0.0071686,0.0215058,0.0071686,0.0215058,0.0071686,0.0215058,0.0071686
288,9681.52,0.22154,0.41372,0.05385,0.09096,0.00386,0,1,1,0.995,0.995,1,1,0.995,0.98843,0.07797,0.11314,0.04285,0.03476,0.00296,0,0.0214761,0.0071587,0.0214761,0.0071587,0.0214761,0.0071587,0.0214761,0.0071587
289,9714.67,0.22028,0.41054,0.05603,0.09566,0.00387,0,1,1,0.995,0.995,1,1,0.995,0.98985,0.08545,0.1127,0.03866,0.03533,0.0023,0,0.0214464,0.0071488,0.0214464,0.0071488,0.0214464,0.0071488,0.0214464,0.0071488
290,9748.99,0.22193,0.42631,0.05507,0.10104,0.0039,0,1,1,0.995,0.995,1,1,0.995,0.98948,0.05186,0.11159,0.03555,0.02541,0.00158,0,0.0214167,0.0071389,0.0214167,0.0071389,0.0214167,0.0071389,0.0214167,0.0071389
291,9782.98,0.22664,0.39148,0.05422,0.09672,0.0041,0,1,1,0.995,0.995,1,1,0.995,0.99038,0.09802,0.12134,0.03323,0.03684,0.0027,0,0.021387,0.007129,0.021387,0.007129,0.021387,0.007129,0.021387,0.007129
292,9817.58,0.21484,0.39368,0.0556,0.10575,0.00376,0,1,1,0.995,0.995,1,1,0.995,0.98993,0.10967,0.11802,0.036,0.04004,0.00378,0,0.0213573,0.0071191,0.0213573,0.0071191,0.0213573,0.0071191,0.0213573,0.0071191
293,9851.18,0.20699,0.38837,0.05523,0.10482,0.00363,0,1,1,0.995,0.995,1,1,0.995,0.99152,0.09794,0.10979,0.03362,0.03627,0.00314,0,0.0213276,0.0071092,0.0213276,0.0071092,0.0213276,0.0071092,0.0213276,0.0071092
294,9884.58,0.22367,0.40993,0.0557,0.09957,0.00392,0.01012,1,1,0.995,0.995,1,1,0.995,0.99101,0.09501,0.10152,0.03512,0.03594,0.00248,0,0.0212979,0.0070993,0.0212979,0.0070993,0.0212979,0.0070993,0.0212979,0.0070993
295,9917.68,0.20397,0.4601,0.05634,0.09094,0.00346,0.0353,1,1,0.995,0.995,1,1,0.995,0.99187,0.12454,0.11423,0.0362,0.04338,0.00389,0,0.0212682,0.0070894,0.0212682,0.0070894,0.0212682,0.0070894,0.0212682,0.0070894
296,9950.66,0.21645,0.40122,0.05398,0.09634,0.00378,0,1,1,0.995,0.995,1,1,0.995,0.99104,0.04684,0.10436,0.03575,0.02353,0.00137,0,0.0212385,0.0070795,0.0212385,0.0070795,0.0212385,0.0070795,0.0212385,0.0070795
297,9984.54,0.22908,0.39018,0.05764,0.09927,0.00385,0,1,1,0.995,0.995,1,1,0.995,0.99058,0.13013,0.12155,0.03334,0.04581,0.00395,0,0.0212088,0.0070696,0.0212088,0.0070696,0.0212088,0.0070696,0.0212088,0.0070696
298,10018.7,0.21245,0.41379,0.05721,0.09008,0.00386,0,1,1,0.995,0.995,1,1,0.995,0.99053,0.07173,0.10597,0.03294,0.03162,0.00232,0,0.0211791,0.0070597,0.0211791,0.0070597,0.0211791,0.0070597,0.0211791,0.0070597
299,10053,0.22704,0.39105,0.05504,0.09802,0.00412,0,1,1,0.995,0.995,1,1,0.995,0.98915,0.07217,0.11377,0.03338,0.03005,0.00262,0,0.0211494,0.0070498,0.0211494,0.0070498,0.0211494,0.0070498,0.0211494,0.0070498
300,10086.8,0.20955,0.35808,0.0543,0.0948,0.00359,0,1,1,0.995,0.995,1,1,0.995,0.99067,0.11173,0.1277,0.03384,0.03985,0.00336,0,0.0211197,0.0070399,0.0211197,0.0070399,0.0211197,0.0070399,0.0211197,0.0070399
301,10121,0.20855,0.40762,0.05362,0.09212,0.00379,0.00262,1,1,0.995,0.995,1,1,0.995,0.98956,0.08574,0.12536,0.03396,0.03481,0.00237,0,0.02109,0.00703,0.02109,0.00703,0.02109,0.00703,0.02109,0.00703
302,10154.4,0.19133,0.45117,0.05446,0.08432,0.00338,0,1,1,0.995,0.995,1,1,0.995,0.99186,0.10195,0.11003,0.03376,0.03803,0.00338,0,0.0210603,0.0070201,0.0210603,0.0070201,0.0210603,0.0070201,0.0210603,0.0070201
303,10187.2,0.22151,0.38071,0.05484,0.09711,0.0037,0,1,1,0.995,0.995,1,1,0.995,0.9896,0.07727,0.11432,0.03633,0.03445,0.00262,0,0.0210306,0.0070102,0.0210306,0.0070102,0.0210306,0.0070102,0.0210306,0.0070102
304,10220.7,0.2164,0.40467,0.05298,0.09604,0.00368,0,1,1,0.995,0.995,1,1,0.995,0.99169,0.0651,0.10062,0.03345,0.02885,0.00198,0,0.0210009,0.0070003,0.0210009,0.0070003,0.0210009,0.0070003,0.0210009,0.0070003
305,10255,0.2352,0.43512,0.05269,0.09462,0.00395,0.00764,1,1,0.995,0.995,1,1,0.995,0.99064,0.08266,0.11321,0.03086,0.03251,0.00325,0,0.0209712,0.0069904,0.0209712,0.0069904,0.0209712,0.0069904,0.0209712,0.0069904
306,10288.8,0.21148,0.40049,0.04916,0.0911,0.00384,0,0.99971,1,0.995,0.995,0.99971,1,0.995,0.98926,0.09222,0.14214,0.03352,0.03674,0.00291,0,0.0209415,0.0069805,0.0209415,0.0069805,0.0209415,0.0069805,0.0209415,0.0069805
307,10322.6,0.21082,0.4008,0.05406,0.08823,0.00364,0,1,1,0.995,0.995,1,1,0.995,0.98779,0.05671,0.11894,0.0388,0.02549,0.00171,0,0.0209118,0.0069706,0.0209118,0.0069706,0.0209118,0.0069706,0.0209118,0.0069706
308,10356.4,0.20956,0.36903,0.05447,0.09219,0.00369,0,1,1,0.995,0.995,1,1,0.995,0.98894,0.06446,0.10377,0.03925,0.03015,0.00172,0,0.0208821,0.0069607,0.0208821,0.0069607,0.0208821,0.0069607,0.0208821,0.0069607
309,10389.8,0.21541,0.39895,0.0534,0.09372,0.00373,0,1,1,0.995,0.995,1,1,0.995,0.98951,0.10998,0.10452,0.0391,0.03961,0.00378,0,0.0208524,0.0069508,0.0208524,0.0069508,0.0208524,0.0069508,0.0208524,0.0069508
310,10422.8,0.20294,0.35868,0.05079,0.08486,0.00353,0,1,1,0.995,0.995,1,1,0.995,0.99053,0.05927,0.09931,0.04293,0.02678,0.00197,0,0.0208227,0.0069409,0.0208227,0.0069409,0.0208227,0.0069409,0.0208227,0.0069409
311,10456.3,0.21533,0.38044,0.05207,0.08819,0.00392,0,1,1,0.995,0.995,1,1,0.995,0.99099,0.11354,0.09513,0.03754,0.04187,0.00303,0,0.020793,0.006931,0.020793,0.006931,0.020793,0.006931,0.020793,0.006931
312,10491,0.21009,0.36984,0.04894,0.08922,0.00376,0.0155,1,1,0.995,0.995,1,1,0.995,0.99095,0.12398,0.11323,0.02987,0.04396,0.00281,0,0.0207633,0.0069211,0.0207633,0.0069211,0.0207633,0.0069211,0.0207633,0.0069211
313,10525.2,0.20761,0.40625,0.05273,0.08623,0.0036,0.05128,1,0.99975,0.995,0.995,1,0.99975,0.995,0.99182,0.05674,0.10248,0.02782,0.03539,0.00188,0,0.0207336,0.0069112,0.0207336,0.0069112,0.0207336,0.0069112,0.0207336,0.0069112
314,10559,0.21658,0.38029,0.05468,0.09168,0.00369,0,0.99883,1,0.995,0.995,0.99883,1,0.995,0.98987,0.0928,0.1069,0.03176,0.0426,0.00238,0,0.0207039,0.0069013,0.0207039,0.0069013,0.0207039,0.0069013,0.0207039,0.0069013
315,10592.3,0.20629,0.3902,0.05221,0.08642,0.00351,0,0.9978,1,0.995,0.995,0.9978,1,0.995,0.99117,0.12017,0.12306,0.02954,0.07911,0.00359,0,0.0206742,0.0068914,0.0206742,0.0068914,0.0206742,0.0068914,0.0206742,0.0068914
316,10625.5,0.21276,0.38706,0.05316,0.0908,0.0038,0,0.99946,1,0.995,0.995,0.99946,1,0.995,0.99204,0.11373,0.11354,0.0273,0.04537,0.00333,0,0.0206445,0.0068815,0.0206445,0.0068815,0.0206445,0.0068815,0.0206445,0.0068815
317,10658.7,0.21261,0.4213,0.05294,0.09105,0.00355,0,0.99966,1,0.995,0.995,0.99966,1,0.995,0.98984,0.06283,0.10509,0.02907,0.02947,0.00203,0,0.0206148,0.0068716,0.0206148,0.0068716,0.0206148,0.0068716,0.0206148,0.0068716
318,10692.4,0.22059,0.39805,0.05,0.09827,0.00379,0,0.99945,1,0.995,0.995,0.99945,1,0.995,0.99024,0.07507,0.10121,0.02894,0.03583,0.00197,0,0.0205851,0.0068617,0.0205851,0.0068617,0.0205851,0.0068617,0.0205851,0.0068617
319,10726.5,0.20356,0.39156,0.05253,0.09776,0.00353,0,1,1,0.995,0.995,1,1,0.995,0.99057,0.05805,0.10208,0.0286,0.02662,0.00179,0,0.0205554,0.0068518,0.0205554,0.0068518,0.0205554,0.0068518,0.0205554,0.0068518
320,10760.6,0.19037,0.37799,0.04864,0.08779,0.00336,0,0.99974,1,0.995,0.995,0.99974,1,0.995,0.9921,0.07319,0.10087,0.0281,0.02949,0.00188,0,0.0205257,0.0068419,0.0205257,0.0068419,0.0205257,0.0068419,0.0205257,0.0068419
321,10794.5,0.19902,0.35366,0.05192,0.084,0.00356,0,0.99974,1,0.995,0.995,0.99974,1,0.995,0.99103,0.0867,0.09419,0.02694,0.03451,0.0023,0,0.020496,0.006832,0.020496,0.006832,0.020496,0.006832,0.020496,0.006832
322,10827.9,0.20368,0.34925,0.05003,0.08429,0.00355,0,1,1,0.995,0.995,1,1,0.995,0.98969,0.08358,0.09582,0.02509,0.03367,0.00231,0,0.0204663,0.0068221,0.0204663,0.0068221,0.0204663,0.0068221,0.0204663,0.0068221
323,10861.6,0.19596,0.37829,0.04911,0.09017,0.0034,0,1,1,0.995,0.995,1,1,0.995,0.99263,0.06328,0.09019,0.02805,0.03045,0.00163,0,0.0204366,0.0068122,0.0204366,0.0068122,0.0204366,0.0068122,0.0204366,0.0068122
324,10894.7,0.18549,0.39392,0.0512,0.09461,0.00319,0,1,1,0.995,0.995,1,1,0.995,0.99326,0.05104,0.08782,0.02884,0.02576,0.00154,0,0.0204069,0.0068023,0.0204069,0.0068023,0.0204069,0.0068023,0.0204069,0.0068023
325,10928.3,0.20076,0.40563,0.05454,0.12888,0.00343,0,0.99973,1,0.995,0.995,0.99973,1,0.995,0.9932,0.08758,0.09949,0.02905,0.03548,0.00278,0,0.0203772,0.0067924,0.0203772,0.0067924,0.0203772,0.0067924,0.0203772,0.0067924
326,10962.4,0.2316,0.44778,0.058,0.13802,0.00407,0.02485,1,1,0.995,0.995,1,1,0.995,0.98813,0.06628,0.16463,0.03671,0.03278,0.00196,0,0.0203475,0.0067825,0.0203475,0.0067825,0.0203475,0.0067825,0.0203475,0.0067825
327,10996.4,0.20287,0.53215,0.06117,0.12989,0.00365,0.03089,1,0.99969,0.995,0.995,1,0.99969,0.995,0.98994,0.06174,0.11965,0.04238,0.04056,0.00168,0,0.0203178,0.0067726,0.0203178,0.0067726,0.0203178,0.0067726,0.0203178,0.0067726
328,11030.5,0.23074,0.4354,0.06378,0.11657,0.00387,0,0.9997,1,0.995,0.995,0.9997,1,0.995,0.98713,0.08628,0.12531,0.05297,0.03755,0.00284,0,0.0202881,0.0067627,0.0202881,0.0067627,0.0202881,0.0067627,0.0202881,0.0067627
329,11064.7,0.19887,0.45365,0.05647,0.1043,0.00349,0.0134,0.99964,1,0.995,0.995,0.99964,1,0.995,0.98609,0.06037,0.14881,0.04579,0.03011,0.00154,0,0.0202584,0.0067528,0.0202584,0.0067528,0.0202584,0.0067528,0.0202584,0.0067528
330,11098,0.21171,0.40655,0.05907,0.10534,0.00379,0,0.99961,0.995,0.995,0.995,0.99961,0.995,0.995,0.99103,0.04256,0.11732,0.0459,0.03018,0.00137,0,0.0202287,0.0067429,0.0202287,0.0067429,0.0202287,0.0067429,0.0202287,0.0067429
331,11131.3,0.22683,0.37867,0.05864,0.11986,0.00384,0,1,0.99877,0.995,0.995,1,0.99877,0.995,0.99063,0.05338,0.11717,0.03867,0.03709,0.0016,0,0.020199,0.006733,0.020199,0.006733,0.020199,0.006733,0.020199,0.006733
332,11164.6,0.21611,0.39759,0.05491,0.11071,0.00378,0,0.99954,1,0.995,0.995,0.99954,1,0.995,0.98998,0.11999,0.1187,0.02848,0.04911,0.00279,0,0.0201693,0.0067231,0.0201693,0.0067231,0.0201693,0.0067231,0.0201693,0.0067231
333,11199.2,0.23562,0.34591,0.05134,0.11543,0.00414,0,0.98521,0.99889,0.9949,0.9949,0.98521,0.99889,0.9949,0.99094,0.11569,0.11331,0.02685,0.06747,0.00274,0,0.0201396,0.0067132,0.0201396,0.0067132,0.0201396,0.0067132,0.0201396,0.0067132
334,11233.2,0.21759,0.37137,0.05146,0.12127,0.00385,0,0.99254,0.995,0.99495,0.99495,0.99254,0.995,0.99495,0.99109,0.08296,0.11543,0.028,0.07396,0.00213,0,0.0201099,0.0067033,0.0201099,0.0067033,0.0201099,0.0067033,0.0201099,0.0067033
335,11267.4,0.19876,0.37061,0.05067,0.13381,0.00355,0,0.9997,1,0.995,0.995,0.9997,1,0.995,0.99065,0.07063,0.10596,0.02704,0.03375,0.00272,0,0.0200802,0.0066934,0.0200802,0.0066934,0.0200802,0.0066934,0.0200802,0.0066934
336,11301.6,0.2065,0.33251,0.05093,0.11594,0.00346,0,1,1,0.995,0.995,1,1,0.995,0.99014,0.08657,0.10272,0.02922,0.03275,0.00249,0,0.0200505,0.0066835,0.0200505,0.0066835,0.0200505,0.0066835,0.0200505,0.0066835
337,11334.8,0.2016,0.35354,0.04708,0.09366,0.0036,0,1,1,0.995,0.995,1,1,0.995,0.99125,0.06033,0.09597,0.0328,0.02662,0.00229,0,0.0200208,0.0066736,0.0200208,0.0066736,0.0200208,0.0066736,0.0200208,0.0066736
338,11367.9,0.20822,0.35006,0.04766,0.09881,0.00362,0,0.99974,1,0.995,0.995,0.99974,1,0.995,0.99005,0.05492,0.11153,0.03113,0.02541,0.00163,0,0.0199911,0.0066637,0.0199911,0.0066637,0.0199911,0.0066637,0.0199911,0.0066637
339,11401.1,0.2059,0.36637,0.05261,0.09929,0.00359,0,0.99974,1,0.995,0.995,0.99974,1,0.995,0.99161,0.04145,0.10167,0.02657,0.02372,0.00141,0,0.0199614,0.0066538,0.0199614,0.0066538,0.0199614,0.0066538,0.0199614,0.0066538
340,11435.2,0.18452,0.38253,0.05103,0.08578,0.00309,0.00196,1,1,0.995,0.995,1,1,0.995,0.99112,0.05271,0.09953,0.03045,0.02352,0.00147,0,0.0199317,0.0066439,0.0199317,0.0066439,0.0199317,0.0066439,0.0199317,0.0066439
341,11469.1,0.21013,0.35444,0.0519,0.09908,0.00369,0,1,1,0.995,0.995,1,1,0.995,0.99092,0.07034,0.11431,0.02935,0.02969,0.00239,0,0.019902,0.006634,0.019902,0.006634,0.019902,0.006634,0.019902,0.006634
342,11503.3,0.20326,0.39215,0.04943,0.09339,0.00359,0,1,1,0.995,0.995,1,1,0.995,0.99123,0.08103,0.10535,0.02422,0.03253,0.00251,0,0.0198723,0.0066241,0.0198723,0.0066241,0.0198723,0.0066241,0.0198723,0.0066241
343,11537,0.19176,0.40056,0.04565,0.08829,0.00342,0,0.99974,1,0.995,0.995,0.99974,1,0.995,0.99166,0.08752,0.08988,0.02332,0.03518,0.00272,0,0.0198426,0.0066142,0.0198426,0.0066142,0.0198426,0.0066142,0.0198426,0.0066142
344,11570.6,0.21231,0.35692,0.04965,0.09866,0.00375,0,0.99974,1,0.995,0.995,0.99974,1,0.995,0.99173,0.07492,0.09328,0.02455,0.03199,0.00226,0,0.0198129,0.0066043,0.0198129,0.0066043,0.0198129,0.0066043,0.0198129,0.0066043
345,11603.8,0.20395,0.33577,0.04823,0.08657,0.00368,0,1,1,0.995,0.995,1,1,0.995,0.99096,0.11454,0.09149,0.02886,0.04149,0.00399,0,0.0197832,0.0065944,0.0197832,0.0065944,0.0197832,0.0065944,0.0197832,0.0065944
346,11637,0.20471,0.42502,0.05277,0.09183,0.00353,0,1,1,0.995,0.995,1,1,0.995,0.99091,0.0844,0.10026,0.02754,0.03206,0.00272,0,0.0197535,0.0065845,0.0197535,0.0065845,0.0197535,0.0065845,0.0197535,0.0065845
347,11670.8,0.20859,0.38111,0.04793,0.09636,0.00355,0,1,1,0.995,0.995,1,1,0.995,0.99125,0.10901,0.10792,0.02483,0.04047,0.00363,0,0.0197238,0.0065746,0.0197238,0.0065746,0.0197238,0.0065746,0.0197238,0.0065746
348,11704.8,0.19781,0.36464,0.04991,0.08685,0.00345,0,0.99502,0.99958,0.995,0.995,0.99502,0.99958,0.995,0.99178,0.12295,0.09774,0.0277,0.05031,0.00378,0,0.0196941,0.0065647,0.0196941,0.0065647,0.0196941,0.0065647,0.0196941,0.0065647
349,11738.8,0.20203,0.3644,0.04716,0.09029,0.00356,0,0.99947,1,0.995,0.995,0.99947,1,0.995,0.99175,0.07167,0.10171,0.03147,0.03529,0.00271,0,0.0196644,0.0065548,0.0196644,0.0065548,0.0196644,0.0065548,0.0196644,0.0065548
350,11773.1,0.20959,0.33533,0.04718,0.10123,0.00367,0,0.98696,0.99,0.9948,0.9948,0.98696,0.99,0.9948,0.99111,0.06578,0.11194,0.03138,0.06332,0.00204,0,0.0196347,0.0065449,0.0196347,0.0065449,0.0196347,0.0065449,0.0196347,0.0065449
351,11806.5,0.17982,0.35327,0.04958,0.09295,0.0031,0,0.95138,0.99,0.99098,0.99098,0.95138,0.99,0.99098,0.98502,0.12322,0.13829,0.03601,0.13504,0.00328,0,0.019605,0.006535,0.019605,0.006535,0.019605,0.006535,0.019605,0.006535
352,11839.5,0.19128,0.35094,0.04813,0.08985,0.00339,0.00096,0.98217,0.985,0.99415,0.99415,0.98217,0.985,0.99415,0.99087,0.0701,0.10673,0.03521,0.07685,0.00188,0,0.0195753,0.0065251,0.0195753,0.0065251,0.0195753,0.0065251,0.0195753,0.0065251
353,11872.8,0.18375,0.37872,0.04915,0.08444,0.00307,0.00124,0.99974,1,0.995,0.995,0.99974,1,0.995,0.99094,0.0932,0.10274,0.03595,0.03564,0.00259,0,0.0195456,0.0065152,0.0195456,0.0065152,0.0195456,0.0065152,0.0195456,0.0065152
354,11906.7,0.20277,0.36116,0.04952,0.09117,0.00351,0,1,1,0.995,0.995,1,1,0.995,0.99133,0.08693,0.1131,0.0344,0.0339,0.00265,0,0.0195159,0.0065053,0.0195159,0.0065053,0.0195159,0.0065053,0.0195159,0.0065053
355,11940.6,0.19682,0.3295,0.05031,0.1017,0.00348,0,1,1,0.995,0.995,1,1,0.995,0.99115,0.08259,0.10374,0.03267,0.03301,0.00242,0,0.0194862,0.0064954,0.0194862,0.0064954,0.0194862,0.0064954,0.0194862,0.0064954
356,11974.9,0.19928,0.33459,0.04856,0.0887,0.00339,0,0.984,1,0.99434,0.99434,0.984,1,0.99434,0.99058,0.06083,0.09761,0.02138,0.07477,0.00168,0,0.0194565,0.0064855,0.0194565,0.0064855,0.0194565,0.0064855,0.0194565,0.0064855
357,12008.7,0.19667,0.33697,0.04944,0.09892,0.00339,0,0.99965,1,0.995,0.995,0.99965,1,0.995,0.99098,0.05001,0.09394,0.02115,0.02657,0.00167,0,0.0194268,0.0064756,0.0194268,0.0064756,0.0194268,0.0064756,0.0194268,0.0064756
358,12042.3,0.20641,0.30992,0.04508,0.08891,0.00352,0,0.99973,1,0.995,0.995,0.99973,1,0.995,0.98748,0.04851,0.09799,0.02029,0.02732,0.00139,0,0.0193971,0.0064657,0.0193971,0.0064657,0.0193971,0.0064657,0.0193971,0.0064657
359,12075.7,0.19221,0.34752,0.0487,0.09094,0.00335,0,1,0.99962,0.995,0.995,1,0.99962,0.995,0.99072,0.06652,0.09861,0.03045,0.03214,0.00194,0,0.0193674,0.0064558,0.0193674,0.0064558,0.0193674,0.0064558,0.0193674,0.0064558
360,12108.7,0.20254,0.37838,0.04637,0.09215,0.00351,0,0.99974,1,0.995,0.995,0.99974,1,0.995,0.98911,0.06721,0.09677,0.02885,0.02843,0.00197,0,0.0193377,0.0064459,0.0193377,0.0064459,0.0193377,0.0064459,0.0193377,0.0064459
361,12142.7,0.20991,0.31473,0.04607,0.10936,0.00361,0,0.99975,1,0.995,0.995,0.99975,1,0.995,0.9921,0.05861,0.09345,0.02704,0.02939,0.00207,0,0.019308,0.006436,0.019308,0.006436,0.019308,0.006436,0.019308,0.006436
362,12177.2,0.19338,0.35172,0.04737,0.09726,0.00351,0,1,1,0.995,0.995,1,1,0.995,0.99065,0.05107,0.09759,0.02227,0.02386,0.00185,0,0.0192783,0.0064261,0.0192783,0.0064261,0.0192783,0.0064261,0.0192783,0.0064261
363,12211.4,0.18637,0.33921,0.04313,0.09022,0.00329,0,1,1,0.995,0.995,1,1,0.995,0.99073,0.05968,0.10303,0.02261,0.02622,0.00168,0,0.0192486,0.0064162,0.0192486,0.0064162,0.0192486,0.0064162,0.0192486,0.0064162
364,12245.1,0.21267,0.30596,0.04415,0.0945,0.00366,0.0079,1,1,0.995,0.995,1,1,0.995,0.99098,0.04113,0.09591,0.02187,0.01995,0.00144,0,0.0192189,0.0064063,0.0192189,0.0064063,0.0192189,0.0064063,0.0192189,0.0064063
365,12278.9,0.1717,0.36321,0.04521,0.08431,0.00307,0.00613,0.99988,1,0.995,0.995,0.99988,1,0.995,0.99075,0.05646,0.08719,0.01907,0.02641,0.0017,0,0.0191892,0.0063964,0.0191892,0.0063964,0.0191892,0.0063964,0.0191892,0.0063964
366,12312.5,0.20101,0.3642,0.04676,0.08929,0.00336,0.00198,1,1,0.995,0.995,1,1,0.995,0.9907,0.11858,0.09223,0.01873,0.04193,0.0039,0,0.0191595,0.0063865,0.0191595,0.0063865,0.0191595,0.0063865,0.0191595,0.0063865
367,12345.5,0.18428,0.38832,0.04725,0.08518,0.00326,0.06065,1,1,0.995,0.995,1,1,0.995,0.99069,0.0377,0.09948,0.03006,0.02137,0.00116,0,0.0191298,0.0063766,0.0191298,0.0063766,0.0191298,0.0063766,0.0191298,0.0063766
368,12379,0.18979,0.34601,0.04949,0.08077,0.0034,0,1,1,0.995,0.995,1,1,0.995,0.99093,0.02813,0.09367,0.04288,0.01879,0.00092,0,0.0191001,0.0063667,0.0191001,0.0063667,0.0191001,0.0063667,0.0191001,0.0063667
369,12413.1,0.20762,0.33925,0.04837,0.09363,0.00359,0,1,1,0.995,0.995,1,1,0.995,0.98908,0.04599,0.09952,0.03254,0.02576,0.00162,0,0.0190704,0.0063568,0.0190704,0.0063568,0.0190704,0.0063568,0.0190704,0.0063568
370,12447,0.2065,0.30675,0.04855,0.0868,0.00365,0,1,0.99974,0.995,0.995,1,0.99974,0.995,0.99053,0.10296,0.09862,0.02506,0.04508,0.00247,0,0.0190407,0.0063469,0.0190407,0.0063469,0.0190407,0.0063469,0.0190407,0.0063469
371,12480.7,0.18388,0.33315,0.0457,0.07751,0.00331,0,0.99979,1,0.995,0.995,0.99979,1,0.995,0.99057,0.05692,0.08982,0.02535,0.02829,0.00182,0,0.019011,0.006337,0.019011,0.006337,0.019011,0.006337,0.019011,0.006337
372,12514.4,0.19968,0.29727,0.04323,0.08847,0.00349,0,1,1,0.995,0.995,1,1,0.995,0.99056,0.07204,0.09332,0.02296,0.0304,0.00219,0,0.0189813,0.0063271,0.0189813,0.0063271,0.0189813,0.0063271,0.0189813,0.0063271
373,12547.5,0.18777,0.33383,0.04615,0.08919,0.0033,0,0.99975,1,0.995,0.995,0.99975,1,0.995,0.99057,0.06638,0.0936,0.01876,0.02714,0.00224,0,0.0189516,0.0063172,0.0189516,0.0063172,0.0189516,0.0063172,0.0189516,0.0063172
374,12580.5,0.2094,0.33178,0.04471,0.08996,0.00343,0,1,1,0.995,0.995,1,1,0.995,0.99057,0.071,0.09472,0.01595,0.02874,0.00189,0,0.0189219,0.0063073,0.0189219,0.0063073,0.0189219,0.0063073,0.0189219,0.0063073
375,12614,0.18574,0.34467,0.0441,0.08725,0.00334,0,1,1,0.995,0.995,1,1,0.995,0.99216,0.0461,0.0926,0.01545,0.02443,0.00147,0,0.0188922,0.0062974,0.0188922,0.0062974,0.0188922,0.0062974,0.0188922,0.0062974
376,12648.6,0.1712,0.36399,0.04471,0.07818,0.00286,0.01526,1,1,0.995,0.995,1,1,0.995,0.99206,0.05041,0.09431,0.0161,0.02287,0.00134,0,0.0188625,0.0062875,0.0188625,0.0062875,0.0188625,0.0062875,0.0188625,0.0062875
377,12682.9,0.20158,0.32661,0.04901,0.09697,0.00343,0,1,1,0.995,0.995,1,1,0.995,0.98911,0.08042,0.09329,0.01686,0.03234,0.0022,0,0.0188328,0.0062776,0.0188328,0.0062776,0.0188328,0.0062776,0.0188328,0.0062776
378,12717,0.20033,0.34033,0.04352,0.08899,0.00338,0,1,1,0.995,0.995,1,1,0.995,0.99063,0.0579,0.09284,0.01819,0.027,0.00184,0,0.0188031,0.0062677,0.0188031,0.0062677,0.0188031,0.0062677,0.0188031,0.0062677
379,12750.6,0.18959,0.32352,0.04432,0.08159,0.00311,0,1,1,0.995,0.995,1,1,0.995,0.99058,0.07926,0.09981,0.01796,0.03133,0.00283,0,0.0187734,0.0062578,0.0187734,0.0062578,0.0187734,0.0062578,0.0187734,0.0062578
380,12783.9,0.19385,0.34285,0.04386,0.0863,0.00343,0.0011,1,1,0.995,0.995,1,1,0.995,0.99206,0.05782,0.08946,0.01719,0.02646,0.00154,0,0.0187437,0.0062479,0.0187437,0.0062479,0.0187437,0.0062479,0.0187437,0.0062479
381,12816.8,0.1998,0.33325,0.04638,0.09261,0.00353,0,1,1,0.995,0.995,1,1,0.995,0.99064,0.05978,0.09431,0.01582,0.02786,0.00159,0,0.018714,0.006238,0.018714,0.006238,0.018714,0.006238,0.018714,0.006238
382,12850.3,0.19963,0.3298,0.04676,0.08436,0.00354,0,1,1,0.995,0.995,1,1,0.995,0.99081,0.05952,0.09619,0.01581,0.02748,0.00198,0,0.0186843,0.0062281,0.0186843,0.0062281,0.0186843,0.0062281,0.0186843,0.0062281
383,12884.4,0.19786,0.3266,0.04487,0.09377,0.00345,0,1,1,0.995,0.995,1,1,0.995,0.99066,0.0443,0.09367,0.01571,0.02328,0.00132,0,0.0186546,0.0062182,0.0186546,0.0062182,0.0186546,0.0062182,0.0186546,0.0062182
384,12918.6,0.18937,0.33121,0.04311,0.09268,0.00322,0,1,1,0.995,0.995,1,1,0.995,0.99014,0.0442,0.09036,0.01629,0.02404,0.00141,0,0.0186249,0.0062083,0.0186249,0.0062083,0.0186249,0.0062083,0.0186249,0.0062083
385,12952.4,0.19431,0.28787,0.04261,0.09238,0.00339,0,1,1,0.995,0.995,1,1,0.995,0.99228,0.03647,0.09143,0.01548,0.02137,0.00109,0,0.0185952,0.0061984,0.0185952,0.0061984,0.0185952,0.0061984,0.0185952,0.0061984
386,12986.1,0.19447,0.31162,0.04284,0.09983,0.00352,0,1,1,0.995,0.995,1,1,0.995,0.99286,0.03856,0.09134,0.0154,0.02139,0.00122,0,0.0185655,0.0061885,0.0185655,0.0061885,0.0185655,0.0061885,0.0185655,0.0061885
387,13019.8,0.19229,0.34027,0.043,0.09111,0.00322,0,1,1,0.995,0.995,1,1,0.995,0.99293,0.09038,0.08952,0.01556,0.03531,0.0026,0,0.0185358,0.0061786,0.0185358,0.0061786,0.0185358,0.0061786,0.0185358,0.0061786
388,13052.8,0.18695,0.31809,0.04312,0.09223,0.00325,0,1,1,0.995,0.995,1,1,0.995,0.99368,0.06482,0.0824,0.01541,0.02804,0.00167,0,0.0185061,0.0061687,0.0185061,0.0061687,0.0185061,0.0061687,0.0185061,0.0061687
389,13086.4,0.19494,0.31907,0.0435,0.09458,0.0034,0,1,1,0.995,0.995,1,1,0.995,0.99321,0.038,0.09409,0.01503,0.01926,0.00128,0,0.0184764,0.0061588,0.0184764,0.0061588,0.0184764,0.0061588,0.0184764,0.0061588
390,13120.4,0.18979,0.33561,0.04486,0.09894,0.00339,0,1,1,0.995,0.995,1,1,0.995,0.99262,0.04465,0.09242,0.01519,0.02296,0.00147,0,0.0184467,0.0061489,0.0184467,0.0061489,0.0184467,0.0061489,0.0184467,0.0061489
391,13154.2,0.1827,0.30899,0.04281,0.10059,0.0032,0,1,1,0.995,0.995,1,1,0.995,0.99208,0.07196,0.09315,0.01643,0.02859,0.00204,0,0.018417,0.006139,0.018417,0.006139,0.018417,0.006139,0.018417,0.006139
392,13187.9,0.19391,0.30806,0.04408,0.10215,0.00346,0.00808,0.9999,1,0.995,0.995,0.9999,1,0.995,0.99219,0.06629,0.09105,0.01634,0.02978,0.00185,0,0.0183873,0.0061291,0.0183873,0.0061291,0.0183873,0.0061291,0.0183873,0.0061291
393,13221.4,0.18227,0.39572,0.04558,0.13137,0.00316,0.04603,0.99968,1,0.995,0.995,0.99968,1,0.995,0.99171,0.097,0.09823,0.01747,0.04005,0.00281,0,0.0183576,0.0061192,0.0183576,0.0061192,0.0183576,0.0061192,0.0183576,0.0061192
394,13254.6,0.20087,0.35418,0.04339,0.12186,0.00345,0,0.96713,0.94,0.98667,0.98667,0.96713,0.94,0.98667,0.98458,0.0702,0.11093,0.02252,0.20319,0.00212,0,0.0183279,0.0061093,0.0183279,0.0061093,0.0183279,0.0061093,0.0183279,0.0061093
395,13287.8,0.17163,0.35036,0.0438,0.10564,0.00293,0,1,0.99868,0.995,0.995,1,0.99868,0.995,0.99239,0.05385,0.09993,0.02896,0.03644,0.00166,0,0.0182982,0.0060994,0.0182982,0.0060994,0.0182982,0.0060994,0.0182982,0.0060994
396,13321,0.17073,0.31627,0.04617,0.09674,0.00288,0,1,1,0.995,0.995,1,1,0.995,0.99069,0.07703,0.0963,0.02958,0.0305,0.00214,0,0.0182685,0.0060895,0.0182685,0.0060895,0.0182685,0.0060895,0.0182685,0.0060895
397,13354.8,0.18916,0.32103,0.04188,0.11169,0.00326,0.00159,1,1,0.995,0.995,1,1,0.995,0.9903,0.09076,0.09894,0.02414,0.03501,0.00285,0,0.0182388,0.0060796,0.0182388,0.0060796,0.0182388,0.0060796,0.0182388,0.0060796
398,13388.6,0.2004,0.29344,0.04167,0.09579,0.00339,0,0.99007,0.99689,0.9947,0.9947,0.99007,0.99689,0.9947,0.99204,0.06318,0.09228,0.02054,0.07536,0.00185,0,0.0182091,0.0060697,0.0182091,0.0060697,0.0182091,0.0060697,0.0182091,0.0060697
399,13422.6,0.18393,0.30485,0.04217,0.08977,0.00307,0,0.99849,1,0.995,0.995,0.99849,1,0.995,0.99298,0.09595,0.08481,0.01252,0.04989,0.00251,0,0.0181794,0.0060598,0.0181794,0.0060598,0.0181794,0.0060598,0.0181794,0.0060598
400,13456.7,0.17676,0.32,0.04323,0.08731,0.00298,0,0.9998,1,0.995,0.995,0.9998,1,0.995,0.99305,0.04824,0.09194,0.01152,0.02506,0.00159,0,0.0181497,0.0060499,0.0181497,0.0060499,0.0181497,0.0060499,0.0181497,0.0060499
401,13490.1,0.18285,0.31961,0.04363,0.09866,0.00318,0.00131,0.99991,1,0.995,0.995,0.99991,1,0.995,0.99245,0.06583,0.1029,0.01238,0.03065,0.00183,0,0.01812,0.00604,0.01812,0.00604,0.01812,0.00604,0.01812,0.00604
402,13523.8,0.19059,0.29714,0.04249,0.09317,0.00314,0,0.99983,1,0.995,0.995,0.99983,1,0.995,0.99231,0.04141,0.08837,0.01386,0.02594,0.00115,0,0.0180903,0.0060301,0.0180903,0.0060301,0.0180903,0.0060301,0.0180903,0.0060301
403,13557.1,0.18712,0.30943,0.04429,0.09135,0.00326,0,0.99969,1,0.995,0.995,0.99969,1,0.995,0.99266,0.08344,0.08302,0.01353,0.0521,0.00226,0,0.0180606,0.0060202,0.0180606,0.0060202,0.0180606,0.0060202,0.0180606,0.0060202
404,13590.9,0.18129,0.32648,0.04363,0.08655,0.0031,0,0.99964,1,0.995,0.995,0.99964,1,0.995,0.99272,0.06338,0.08401,0.01381,0.04063,0.00177,0,0.0180309,0.0060103,0.0180309,0.0060103,0.0180309,0.0060103,0.0180309,0.0060103
405,13624.4,0.18438,0.3226,0.04313,0.09328,0.00329,0,1,0.99975,0.995,0.995,1,0.99975,0.995,0.99225,0.03703,0.08187,0.01434,0.02709,0.00117,0,0.0180012,0.0060004,0.0180012,0.0060004,0.0180012,0.0060004,0.0180012,0.0060004
406,13658.4,0.1861,0.33194,0.04198,0.09177,0.00328,0,0.99884,1,0.995,0.995,0.99884,1,0.995,0.99114,0.03898,0.08627,0.01388,0.02854,0.0013,0,0.0179715,0.0059905,0.0179715,0.0059905,0.0179715,0.0059905,0.0179715,0.0059905
407,13692.1,0.18885,0.28335,0.04229,0.0953,0.00333,0,1,1,0.995,0.995,1,1,0.995,0.99227,0.04507,0.07955,0.01295,0.02409,0.0014,0,0.0179418,0.0059806,0.0179418,0.0059806,0.0179418,0.0059806,0.0179418,0.0059806
408,13725.7,0.18058,0.28519,0.04127,0.1037,0.00304,0,0.99974,1,0.995,0.995,0.99974,1,0.995,0.99299,0.06222,0.0848,0.01201,0.02857,0.00175,0,0.0179121,0.0059707,0.0179121,0.0059707,0.0179121,0.0059707,0.0179121,0.0059707
409,13758.8,0.18387,0.32125,0.04247,0.10379,0.00295,0.00039,1,1,0.995,0.995,1,1,0.995,0.99299,0.05333,0.09524,0.01222,0.02769,0.00155,0,0.0178824,0.0059608,0.0178824,0.0059608,0.0178824,0.0059608,0.0178824,0.0059608
410,13792,0.17516,0.30278,0.04233,0.09552,0.00291,0,0.99975,1,0.995,0.995,0.99975,1,0.995,0.99286,0.08123,0.08579,0.01335,0.03162,0.00235,0,0.0178527,0.0059509,0.0178527,0.0059509,0.0178527,0.0059509,0.0178527,0.0059509
411,13827.4,0.17203,0.30304,0.04487,0.0885,0.00298,0,0.99974,1,0.995,0.995,0.99974,1,0.995,0.99264,0.05831,0.08131,0.01502,0.02685,0.002,0,0.017823,0.005941,0.017823,0.005941,0.017823,0.005941,0.017823,0.005941
412,13860.9,0.17455,0.28698,0.04159,0.08027,0.00311,0,1,1,0.995,0.995,1,1,0.995,0.99223,0.05938,0.08688,0.01429,0.02539,0.00187,0,0.0177933,0.0059311,0.0177933,0.0059311,0.0177933,0.0059311,0.0177933,0.0059311
413,13894.8,0.18858,0.29523,0.04089,0.09102,0.00319,0,1,1,0.995,0.995,1,1,0.995,0.9923,0.06151,0.08246,0.0141,0.02709,0.0021,0,0.0177636,0.0059212,0.0177636,0.0059212,0.0177636,0.0059212,0.0177636,0.0059212
414,13928.4,0.17957,0.29207,0.04082,0.07959,0.00308,0,1,1,0.995,0.995,1,1,0.995,0.9921,0.08853,0.08215,0.01327,0.03492,0.00282,0,0.0177339,0.0059113,0.0177339,0.0059113,0.0177339,0.0059113,0.0177339,0.0059113
415,13961.9,0.18051,0.27555,0.04091,0.08614,0.00296,0,1,1,0.995,0.995,1,1,0.995,0.99215,0.1011,0.07948,0.01289,0.03725,0.003,0,0.0177042,0.0059014,0.0177042,0.0059014,0.0177042,0.0059014,0.0177042,0.0059014
416,13994.8,0.18977,0.28454,0.0389,0.09288,0.00327,0,1,1,0.995,0.995,1,1,0.995,0.99212,0.06351,0.07817,0.01344,0.02732,0.00209,0,0.0176745,0.0058915,0.0176745,0.0058915,0.0176745,0.0058915,0.0176745,0.0058915
417,14027.8,0.16689,0.31093,0.04304,0.08186,0.00289,0,1,0.99971,0.995,0.995,1,0.99971,0.995,0.99213,0.06717,0.08375,0.01436,0.03353,0.00259,0,0.0176448,0.0058816,0.0176448,0.0058816,0.0176448,0.0058816,0.0176448,0.0058816
418,14061.4,0.19385,0.27051,0.04087,0.09614,0.00322,0,1,1,0.995,0.995,1,1,0.995,0.99303,0.0636,0.08056,0.01462,0.02863,0.00219,0,0.0176151,0.0058717,0.0176151,0.0058717,0.0176151,0.0058717,0.0176151,0.0058717
419,14095.1,0.176,0.26269,0.04026,0.09024,0.00309,0,1,1,0.995,0.995,1,1,0.995,0.99305,0.05487,0.07309,0.01502,0.025,0.00175,0,0.0175854,0.0058618,0.0175854,0.0058618,0.0175854,0.0058618,0.0175854,0.0058618
420,14128.7,0.18023,0.29834,0.03905,0.07694,0.00313,0,1,0.99966,0.995,0.995,1,0.99966,0.995,0.99303,0.04428,0.07609,0.01429,0.02554,0.0015,0,0.0175557,0.0058519,0.0175557,0.0058519,0.0175557,0.0058519,0.0175557,0.0058519
421,14163,0.18064,0.3059,0.04107,0.08539,0.00313,0,0.99999,1,0.995,0.995,0.99999,1,0.995,0.99291,0.05352,0.0837,0.0143,0.029,0.00187,0,0.017526,0.005842,0.017526,0.005842,0.017526,0.005842,0.017526,0.005842
422,14196.3,0.17224,0.29119,0.04226,0.07677,0.00305,0,0.99502,0.99958,0.99495,0.99495,0.99502,0.99958,0.99495,0.99352,0.06609,0.08801,0.01371,0.04203,0.0021,0,0.0174963,0.0058321,0.0174963,0.0058321,0.0174963,0.0058321,0.0174963,0.0058321
423,14229.5,0.18139,0.29697,0.0405,0.08459,0.00315,0,0.99974,1,0.995,0.995,0.99974,1,0.995,0.99306,0.03826,0.08922,0.01294,0.02196,0.00112,0,0.0174666,0.0058222,0.0174666,0.0058222,0.0174666,0.0058222,0.0174666,0.0058222
424,14263,0.16434,0.28483,0.04019,0.08377,0.00289,0,0.98519,0.99755,0.99354,0.99354,0.98519,0.99755,0.99354,0.99091,0.04149,0.08663,0.01346,0.07531,0.00128,0,0.0174369,0.0058123,0.0174369,0.0058123,0.0174369,0.0058123,0.0174369,0.0058123
425,14299.7,0.17466,0.28128,0.03997,0.08037,0.0029,0,1,0.9898,0.995,0.995,1,0.9898,0.995,0.99337,0.07487,0.09004,0.01414,0.05203,0.00263,0,0.0174072,0.0058024,0.0174072,0.0058024,0.0174072,0.0058024,0.0174072,0.0058024
426,14334.1,0.17679,0.28793,0.03824,0.08152,0.00316,0.05051,0.9997,1,0.995,0.995,0.9997,1,0.995,0.99371,0.05756,0.09113,0.01412,0.02589,0.00212,0,0.0173775,0.0057925,0.0173775,0.0057925,0.0173775,0.0057925,0.0173775,0.0057925
427,14367.8,0.17117,0.35827,0.04189,0.08328,0.00292,0.08353,0.99973,1,0.995,0.995,0.99973,1,0.995,0.99337,0.0603,0.08386,0.01555,0.02602,0.00232,0,0.0173478,0.0057826,0.0173478,0.0057826,0.0173478,0.0057826,0.0173478,0.0057826
428,14401.5,0.17862,0.29543,0.04207,0.07589,0.00327,0,1,0.99968,0.995,0.995,1,0.99968,0.995,0.99259,0.08578,0.08035,0.01621,0.03615,0.00268,0,0.0173181,0.0057727,0.0173181,0.0057727,0.0173181,0.0057727,0.0173181,0.0057727
429,14434.9,0.19379,0.28183,0.04209,0.09399,0.00338,0,1,0.99968,0.995,0.995,1,0.99968,0.995,0.99218,0.08638,0.08702,0.01562,0.03584,0.00288,0,0.0172884,0.0057628,0.0172884,0.0057628,0.0172884,0.0057628,0.0172884,0.0057628
430,14468.3,0.1669,0.2671,0.04165,0.07927,0.00281,0,0.99913,1,0.995,0.995,0.99913,1,0.995,0.99268,0.09029,0.0988,0.01299,0.04307,0.00306,0,0.0172587,0.0057529,0.0172587,0.0057529,0.0172587,0.0057529,0.0172587,0.0057529
431,14501.3,0.17703,0.29009,0.04075,0.08722,0.00298,0,0.99448,1,0.995,0.995,0.99448,1,0.995,0.99279,0.07046,0.08502,0.01033,0.04616,0.0021,0,0.017229,0.005743,0.017229,0.005743,0.017229,0.005743,0.017229,0.005743
432,14534.7,0.18266,0.2827,0.0394,0.08008,0.00308,0,0.99974,1,0.995,0.995,0.99974,1,0.995,0.9932,0.05284,0.07628,0.0117,0.02402,0.00149,0,0.0171993,0.0057331,0.0171993,0.0057331,0.0171993,0.0057331,0.0171993,0.0057331
433,14568.4,0.17287,0.28305,0.03997,0.08891,0.00302,0,1,0.99995,0.995,0.995,1,0.99995,0.995,0.99328,0.04619,0.07856,0.01258,0.02435,0.00127,0,0.0171696,0.0057232,0.0171696,0.0057232,0.0171696,0.0057232,0.0171696,0.0057232
434,14601.9,0.17668,0.27134,0.04045,0.08751,0.00318,0,0.99961,1,0.995,0.995,0.99961,1,0.995,0.99326,0.0544,0.08194,0.01571,0.02691,0.00185,0,0.0171399,0.0057133,0.0171399,0.0057133,0.0171399,0.0057133,0.0171399,0.0057133
435,14635.6,0.1787,0.2721,0.03896,0.08973,0.00302,0,0.99974,1,0.995,0.995,0.99974,1,0.995,0.99317,0.08075,0.0811,0.01749,0.03118,0.00269,0,0.0171102,0.0057034,0.0171102,0.0057034,0.0171102,0.0057034,0.0171102,0.0057034
436,14669.1,0.17907,0.26231,0.04386,0.0879,0.0031,0,1,1,0.995,0.995,1,1,0.995,0.99271,0.08351,0.08634,0.01672,0.03277,0.00289,0,0.0170805,0.0056935,0.0170805,0.0056935,0.0170805,0.0056935,0.0170805,0.0056935
437,14702.4,0.16749,0.26648,0.04076,0.07496,0.00293,0,1,1,0.995,0.995,1,1,0.995,0.99213,0.07115,0.08085,0.01581,0.02915,0.00255,0,0.0170508,0.0056836,0.0170508,0.0056836,0.0170508,0.0056836,0.0170508,0.0056836
438,14735.7,0.16613,0.26885,0.03843,0.08254,0.00296,0,1,1,0.995,0.995,1,1,0.995,0.99319,0.05483,0.08132,0.01402,0.02448,0.00204,0,0.0170211,0.0056737,0.0170211,0.0056737,0.0170211,0.0056737,0.0170211,0.0056737
439,14769.3,0.17599,0.29283,0.03899,0.08411,0.00297,0,1,1,0.995,0.995,1,1,0.995,0.99228,0.06784,0.08025,0.01282,0.02895,0.00244,0,0.0169914,0.0056638,0.0169914,0.0056638,0.0169914,0.0056638,0.0169914,0.0056638
440,14803.2,0.18117,0.25775,0.03822,0.08141,0.00302,0,1,1,0.995,0.995,1,1,0.995,0.99317,0.06325,0.07434,0.01315,0.02677,0.00215,0,0.0169617,0.0056539,0.0169617,0.0056539,0.0169617,0.0056539,0.0169617,0.0056539
441,14836.7,0.15991,0.30798,0.03839,0.07518,0.0027,0.05403,1,1,0.995,0.995,1,1,0.995,0.99297,0.08089,0.08618,0.01247,0.03244,0.00295,0,0.016932,0.005644,0.016932,0.005644,0.016932,0.005644,0.016932,0.005644
442,14870.5,0.18608,0.25232,0.03903,0.08416,0.00316,0,1,1,0.995,0.995,1,1,0.995,0.99313,0.07572,0.08568,0.01196,0.03028,0.00226,0,0.0169023,0.0056341,0.0169023,0.0056341,0.0169023,0.0056341,0.0169023,0.0056341
443,14904.3,0.18053,0.25478,0.03851,0.08393,0.00314,0,1,1,0.995,0.995,1,1,0.995,0.99308,0.05856,0.08232,0.01305,0.02666,0.00185,0,0.0168726,0.0056242,0.0168726,0.0056242,0.0168726,0.0056242,0.0168726,0.0056242
444,14937.8,0.19063,0.24365,0.03885,0.08445,0.00329,0,1,1,0.995,0.995,1,1,0.995,0.99339,0.06774,0.08567,0.01261,0.02931,0.00214,0,0.0168429,0.0056143,0.0168429,0.0056143,0.0168429,0.0056143,0.0168429,0.0056143
445,14971,0.17344,0.26028,0.03893,0.08169,0.00291,0,1,1,0.995,0.995,1,1,0.995,0.99325,0.0511,0.07821,0.01165,0.02449,0.00158,0,0.0168132,0.0056044,0.0168132,0.0056044,0.0168132,0.0056044,0.0168132,0.0056044
446,15004.5,0.1764,0.26442,0.03959,0.08043,0.00315,0,1,1,0.995,0.995,1,1,0.995,0.99354,0.04395,0.07638,0.01094,0.02195,0.00149,0,0.0167835,0.0055945,0.0167835,0.0055945,0.0167835,0.0055945,0.0167835,0.0055945
447,15038,0.16222,0.26501,0.03787,0.07822,0.00287,0,1,1,0.995,0.995,1,1,0.995,0.99358,0.05346,0.07689,0.01086,0.02441,0.00198,0,0.0167538,0.0055846,0.0167538,0.0055846,0.0167538,0.0055846,0.0167538,0.0055846
448,15071.4,0.17128,0.23931,0.03999,0.08142,0.00275,0,1,1,0.995,0.995,1,1,0.995,0.99354,0.05331,0.07166,0.0107,0.02438,0.00171,0,0.0167241,0.0055747,0.0167241,0.0055747,0.0167241,0.0055747,0.0167241,0.0055747
449,15105.1,0.16475,0.26906,0.0386,0.08032,0.00293,0,0.99974,1,0.995,0.995,0.99974,1,0.995,0.99354,0.07458,0.07087,0.01085,0.03046,0.002,0,0.0166944,0.0055648,0.0166944,0.0055648,0.0166944,0.0055648,0.0166944,0.0055648
450,15138.8,0.17162,0.26373,0.03943,0.07857,0.00276,0,0.99975,1,0.995,0.995,0.99975,1,0.995,0.9936,0.07411,0.0729,0.01092,0.02959,0.00223,0,0.0166647,0.0055549,0.0166647,0.0055549,0.0166647,0.0055549,0.0166647,0.0055549
451,15172.6,0.16615,0.28,0.03718,0.07387,0.00273,0,1,1,0.995,0.995,1,1,0.995,0.99344,0.05454,0.06981,0.00979,0.02376,0.00162,0,0.016635,0.005545,0.016635,0.005545,0.016635,0.005545,0.016635,0.005545
452,15205.9,0.17038,0.26343,0.03747,0.08057,0.00299,0,1,1,0.995,0.995,1,1,0.995,0.99342,0.03562,0.0735,0.0089,0.01921,0.00108,0,0.0166053,0.0055351,0.0166053,0.0055351,0.0166053,0.0055351,0.0166053,0.0055351
453,15239.3,0.18059,0.26301,0.03732,0.08303,0.00318,0,1,1,0.995,0.995,1,1,0.995,0.99362,0.04615,0.07372,0.00901,0.02136,0.00163,0,0.0165756,0.0055252,0.0165756,0.0055252,0.0165756,0.0055252,0.0165756,0.0055252
454,15272.8,0.16687,0.28179,0.0381,0.07875,0.00296,0,1,1,0.995,0.995,1,1,0.995,0.99352,0.03556,0.07241,0.00982,0.0192,0.00128,0,0.0165459,0.0055153,0.0165459,0.0055153,0.0165459,0.0055153,0.0165459,0.0055153
455,15306.3,0.16574,0.27768,0.03741,0.07611,0.00298,0,1,1,0.995,0.995,1,1,0.995,0.99376,0.02682,0.07064,0.00981,0.0174,0.00087,0,0.0165162,0.0055054,0.0165162,0.0055054,0.0165162,0.0055054,0.0165162,0.0055054
456,15339.9,0.16391,0.27511,0.03823,0.08908,0.00282,0,1,1,0.995,0.995,1,1,0.995,0.99376,0.04419,0.07171,0.0092,0.02121,0.00118,0,0.0164865,0.0054955,0.0164865,0.0054955,0.0164865,0.0054955,0.0164865,0.0054955
457,15373.8,0.17411,0.26192,0.04005,0.08461,0.00289,0,1,1,0.995,0.995,1,1,0.995,0.99361,0.08042,0.06851,0.00953,0.03117,0.00232,0,0.0164568,0.0054856,0.0164568,0.0054856,0.0164568,0.0054856,0.0164568,0.0054856
458,15407.1,0.17533,0.26799,0.03814,0.08359,0.00298,0,1,1,0.995,0.995,1,1,0.995,0.99323,0.07009,0.06946,0.00831,0.02823,0.00234,0,0.0164271,0.0054757,0.0164271,0.0054757,0.0164271,0.0054757,0.0164271,0.0054757
459,15440.1,0.16468,0.26593,0.03845,0.08126,0.00279,0,1,1,0.995,0.995,1,1,0.995,0.99352,0.07913,0.06608,0.00797,0.0303,0.00246,0,0.0163974,0.0054658,0.0163974,0.0054658,0.0163974,0.0054658,0.0163974,0.0054658
460,15473.5,0.17173,0.25493,0.03824,0.08808,0.00298,0,1,1,0.995,0.995,1,1,0.995,0.99376,0.08895,0.06842,0.00836,0.03338,0.00277,0,0.0163677,0.0054559,0.0163677,0.0054559,0.0163677,0.0054559,0.0163677,0.0054559
461,15507.5,0.18129,0.22083,0.03776,0.09104,0.00319,0,1,1,0.995,0.995,1,1,0.995,0.9948,0.08545,0.06865,0.00976,0.03211,0.00287,0,0.016338,0.005446,0.016338,0.005446,0.016338,0.005446,0.016338,0.005446
462,15541.3,0.17316,0.25392,0.03763,0.08807,0.00295,0,1,1,0.995,0.995,1,1,0.995,0.99316,0.07852,0.06976,0.0099,0.03079,0.00284,0,0.0163083,0.0054361,0.0163083,0.0054361,0.0163083,0.0054361,0.0163083,0.0054361
463,15575,0.17439,0.25798,0.0385,0.08645,0.00293,0,1,1,0.995,0.995,1,1,0.995,0.99319,0.04897,0.0678,0.00999,0.02257,0.00183,0,0.0162786,0.0054262,0.0162786,0.0054262,0.0162786,0.0054262,0.0162786,0.0054262
464,15609.2,0.17997,0.24388,0.03544,0.08605,0.0029,0,1,1,0.995,0.995,1,1,0.995,0.9932,0.03132,0.06716,0.01045,0.01719,0.00105,0,0.0162489,0.0054163,0.0162489,0.0054163,0.0162489,0.0054163,0.0162489,0.0054163
465,15642.6,0.15521,0.24896,0.03601,0.07716,0.00277,0,1,1,0.995,0.995,1,1,0.995,0.99363,0.04246,0.06992,0.01104,0.02074,0.00143,0,0.0162192,0.0054064,0.0162192,0.0054064,0.0162192,0.0054064,0.0162192,0.0054064
466,15675.9,0.17788,0.25225,0.03721,0.08734,0.00316,0,1,1,0.995,0.995,1,1,0.995,0.99345,0.05294,0.07068,0.01009,0.02347,0.00182,0,0.0161895,0.0053965,0.0161895,0.0053965,0.0161895,0.0053965,0.0161895,0.0053965
467,15709.3,0.17013,0.23407,0.03726,0.0779,0.00288,0,1,1,0.995,0.995,1,1,0.995,0.99315,0.03367,0.06778,0.00967,0.01892,0.0012,0,0.0161598,0.0053866,0.0161598,0.0053866,0.0161598,0.0053866,0.0161598,0.0053866
468,15742.9,0.18185,0.26598,0.03506,0.08929,0.00306,0.01456,1,1,0.995,0.995,1,1,0.995,0.99328,0.05477,0.06539,0.01081,0.02516,0.00187,0,0.0161301,0.0053767,0.0161301,0.0053767,0.0161301,0.0053767,0.0161301,0.0053767
469,15776.8,0.17795,0.26957,0.03741,0.08339,0.00296,0,1,1,0.995,0.995,1,1,0.995,0.9929,0.07498,0.06813,0.01161,0.03022,0.00244,0,0.0161004,0.0053668,0.0161004,0.0053668,0.0161004,0.0053668,0.0161004,0.0053668
470,15811.1,0.17904,0.25506,0.037,0.07987,0.00295,0,1,1,0.995,0.995,1,1,0.995,0.99307,0.06617,0.07225,0.01124,0.02728,0.00211,0,0.0160707,0.0053569,0.0160707,0.0053569,0.0160707,0.0053569,0.0160707,0.0053569
471,15845,0.16263,0.26698,0.03639,0.08533,0.00277,0,1,1,0.995,0.995,1,1,0.995,0.99261,0.0844,0.07308,0.01042,0.03267,0.00264,0,0.016041,0.005347,0.016041,0.005347,0.016041,0.005347,0.016041,0.005347
472,15878.8,0.16336,0.26592,0.0385,0.07702,0.00284,0,1,1,0.995,0.995,1,1,0.995,0.9932,0.07874,0.07161,0.00906,0.03079,0.0027,0,0.0160113,0.0053371,0.0160113,0.0053371,0.0160113,0.0053371,0.0160113,0.0053371
473,15913.7,0.17163,0.23255,0.03843,0.07585,0.00277,0,1,1,0.995,0.995,1,1,0.995,0.9932,0.05949,0.06554,0.00811,0.02528,0.00211,0,0.0159816,0.0053272,0.0159816,0.0053272,0.0159816,0.0053272,0.0159816,0.0053272
474,15947,0.15992,0.24132,0.03705,0.079,0.00275,0,1,1,0.995,0.995,1,1,0.995,0.9932,0.05427,0.0633,0.00873,0.02511,0.00187,0,0.0159519,0.0053173,0.0159519,0.0053173,0.0159519,0.0053173,0.0159519,0.0053173
475,15980.8,0.15437,0.24377,0.0365,0.08073,0.00268,0,1,1,0.995,0.995,1,1,0.995,0.99364,0.07356,0.06487,0.0091,0.02916,0.00255,0,0.0159222,0.0053074,0.0159222,0.0053074,0.0159222,0.0053074,0.0159222,0.0053074
476,16014.4,0.18231,0.24035,0.03601,0.08651,0.00297,0,1,1,0.995,0.995,1,1,0.995,0.99482,0.05653,0.06642,0.00872,0.02483,0.00186,0,0.0158925,0.0052975,0.0158925,0.0052975,0.0158925,0.0052975,0.0158925,0.0052975
477,16048.1,0.17299,0.24693,0.03549,0.08423,0.00278,0,1,1,0.995,0.995,1,1,0.995,0.99453,0.04615,0.06435,0.00905,0.02186,0.00142,0,0.0158628,0.0052876,0.0158628,0.0052876,0.0158628,0.0052876,0.0158628,0.0052876
478,16081.9,0.16226,0.25335,0.03634,0.07692,0.00273,0,1,1,0.995,0.995,1,1,0.995,0.99363,0.04691,0.06136,0.00917,0.02116,0.0015,0,0.0158331,0.0052777,0.0158331,0.0052777,0.0158331,0.0052777,0.0158331,0.0052777
479,16115.6,0.17418,0.25025,0.03728,0.08574,0.00282,0,1,1,0.995,0.995,1,1,0.995,0.99393,0.03669,0.06332,0.00806,0.01867,0.00122,0,0.0158034,0.0052678,0.0158034,0.0052678,0.0158034,0.0052678,0.0158034,0.0052678
480,16148.8,0.1674,0.23667,0.03612,0.08129,0.00283,0,1,1,0.995,0.995,1,1,0.995,0.99377,0.04413,0.06563,0.00745,0.02123,0.00163,0,0.0157737,0.0052579,0.0157737,0.0052579,0.0157737,0.0052579,0.0157737,0.0052579
481,16181.9,0.16666,0.24471,0.03606,0.08125,0.00275,0,1,1,0.995,0.995,1,1,0.995,0.99381,0.06027,0.06236,0.00747,0.02592,0.00207,0,0.015744,0.005248,0.015744,0.005248,0.015744,0.005248,0.015744,0.005248
482,16215.6,0.16212,0.23456,0.03729,0.07665,0.00275,0.00343,1,1,0.995,0.995,1,1,0.995,0.99481,0.03471,0.06286,0.00806,0.01826,0.0012,0,0.0157143,0.0052381,0.0157143,0.0052381,0.0157143,0.0052381,0.0157143,0.0052381
483,16249.6,0.15791,0.24047,0.03684,0.08043,0.00269,0,1,1,0.995,0.995,1,1,0.995,0.99369,0.03557,0.06099,0.00842,0.0188,0.00126,0,0.0156846,0.0052282,0.0156846,0.0052282,0.0156846,0.0052282,0.0156846,0.0052282
484,16283,0.16972,0.2614,0.03813,0.07623,0.0029,0,1,1,0.995,0.995,1,1,0.995,0.99374,0.02384,0.06191,0.00865,0.01533,0.00079,0,0.0156549,0.0052183,0.0156549,0.0052183,0.0156549,0.0052183,0.0156549,0.0052183
485,16317,0.16451,0.24658,0.03483,0.07704,0.00287,0,1,1,0.995,0.995,1,1,0.995,0.99371,0.02863,0.06501,0.00864,0.01705,0.00093,0,0.0156252,0.0052084,0.0156252,0.0052084,0.0156252,0.0052084,0.0156252,0.0052084
486,16351.1,0.16357,0.23916,0.03396,0.07589,0.00303,0,0.99968,1,0.995,0.995,0.99968,1,0.995,0.99376,0.05428,0.06502,0.00893,0.02574,0.00184,0,0.0155955,0.0051985,0.0155955,0.0051985,0.0155955,0.0051985,0.0155955,0.0051985
487,16384.6,0.16072,0.27096,0.03613,0.07768,0.00285,0,0.99859,1,0.995,0.995,0.99859,1,0.995,0.9934,0.04162,0.06227,0.00996,0.0578,0.00153,0,0.0155658,0.0051886,0.0155658,0.0051886,0.0155658,0.0051886,0.0155658,0.0051886
488,16417.7,0.16712,0.20249,0.03427,0.08019,0.00285,0,1,0.99373,0.995,0.995,1,0.99373,0.995,0.99482,0.04918,0.06189,0.00958,0.0557,0.00159,0,0.0155361,0.0051787,0.0155361,0.0051787,0.0155361,0.0051787,0.0155361,0.0051787
489,16451.5,0.16231,0.24412,0.03399,0.08129,0.00292,0,1,1,0.995,0.995,1,1,0.995,0.995,0.03775,0.05877,0.00891,0.01971,0.00132,0,0.0155064,0.0051688,0.0155064,0.0051688,0.0155064,0.0051688,0.0155064,0.0051688
490,16485.2,0.15724,0.25162,0.03708,0.07919,0.00277,0,1,1,0.995,0.995,1,1,0.995,0.99482,0.03601,0.05855,0.00863,0.01865,0.00113,0,0.0154767,0.0051589,0.0154767,0.0051589,0.0154767,0.0051589,0.0154767,0.0051589
491,16518.7,0.16802,0.2488,0.03383,0.08263,0.00287,0,1,1,0.995,0.995,1,1,0.995,0.99465,0.04687,0.05911,0.0088,0.02141,0.00142,0,0.015447,0.005149,0.015447,0.005149,0.015447,0.005149,0.015447,0.005149
492,16552.2,0.15984,0.22796,0.03512,0.07352,0.00282,0,1,1,0.995,0.995,1,1,0.995,0.99482,0.03716,0.05955,0.00847,0.01896,0.00119,0,0.0154173,0.0051391,0.0154173,0.0051391,0.0154173,0.0051391,0.0154173,0.0051391
493,16585.9,0.16106,0.26049,0.03514,0.07247,0.00276,0,1,1,0.995,0.995,1,1,0.995,0.99478,0.03348,0.06057,0.00822,0.0182,0.0011,0,0.0153876,0.0051292,0.0153876,0.0051292,0.0153876,0.0051292,0.0153876,0.0051292
494,16619.2,0.16518,0.23151,0.03639,0.07532,0.00297,0,1,1,0.995,0.995,1,1,0.995,0.99481,0.02776,0.0583,0.0088,0.017,0.00095,0,0.0153579,0.0051193,0.0153579,0.0051193,0.0153579,0.0051193,0.0153579,0.0051193
495,16652.5,0.16739,0.24086,0.0368,0.07331,0.00299,0,1,0.99425,0.995,0.995,1,0.99425,0.995,0.99324,0.03304,0.05819,0.00909,0.03345,0.00119,0,0.0153282,0.0051094,0.0153282,0.0051094,0.0153282,0.0051094,0.0153282,0.0051094
496,16686.1,0.15785,0.22188,0.03437,0.07525,0.0029,0,0.99583,1,0.995,0.995,0.99583,1,0.995,0.995,0.06649,0.06259,0.0094,0.07658,0.0024,0,0.0152985,0.0050995,0.0152985,0.0050995,0.0152985,0.0050995,0.0152985,0.0050995
497,16720.2,0.15997,0.23326,0.03483,0.07485,0.00279,0,0.99982,1,0.995,0.995,0.99982,1,0.995,0.99488,0.06004,0.06262,0.01002,0.0401,0.0018,0,0.0152688,0.0050896,0.0152688,0.0050896,0.0152688,0.0050896,0.0152688,0.0050896
498,16753.8,0.17329,0.19596,0.03249,0.08134,0.00293,0,0.99885,1,0.995,0.995,0.99885,1,0.995,0.995,0.05987,0.05938,0.01017,0.04007,0.00175,0,0.0152391,0.0050797,0.0152391,0.0050797,0.0152391,0.0050797,0.0152391,0.0050797
499,16787.8,0.15378,0.24818,0.03337,0.07003,0.00273,0,0.99972,1,0.995,0.995,0.99972,1,0.995,0.99343,0.05537,0.06053,0.0097,0.02454,0.00158,0,0.0152094,0.0050698,0.0152094,0.0050698,0.0152094,0.0050698,0.0152094,0.0050698
500,16821.3,0.15862,0.22859,0.03478,0.0823,0.00268,0,1,1,0.995,0.995,1,1,0.995,0.9937,0.06226,0.0608,0.0094,0.02612,0.00198,0,0.0151797,0.0050599,0.0151797,0.0050599,0.0151797,0.0050599,0.0151797,0.0050599
501,16854.4,0.15712,0.23957,0.03536,0.07434,0.00265,0,1,1,0.995,0.995,1,1,0.995,0.99379,0.05015,0.05908,0.01004,0.02291,0.00174,0,0.01515,0.00505,0.01515,0.00505,0.01515,0.00505,0.01515,0.00505
502,16887.6,0.15714,0.2158,0.03435,0.07571,0.00264,0,1,1,0.995,0.995,1,1,0.995,0.99382,0.0548,0.05907,0.00918,0.02392,0.00169,0,0.0151203,0.0050401,0.0151203,0.0050401,0.0151203,0.0050401,0.0151203,0.0050401
503,16920.9,0.16258,0.20123,0.03502,0.07493,0.00273,0,1,1,0.995,0.995,1,1,0.995,0.99479,0.05377,0.05739,0.00831,0.02315,0.00173,0,0.0150906,0.0050302,0.0150906,0.0050302,0.0150906,0.0050302,0.0150906,0.0050302
504,16954.7,0.16282,0.29672,0.03615,0.07323,0.00275,0.0477,1,1,0.995,0.995,1,1,0.995,0.99496,0.04233,0.06123,0.00799,0.0203,0.00128,0,0.0150609,0.0050203,0.0150609,0.0050203,0.0150609,0.0050203,0.0150609,0.0050203
505,16988.3,0.16934,0.23753,0.03505,0.08112,0.0029,0,1,1,0.995,0.995,1,1,0.995,0.99364,0.04256,0.05869,0.00947,0.02097,0.00146,0,0.0150312,0.0050104,0.0150312,0.0050104,0.0150312,0.0050104,0.0150312,0.0050104
506,17022.2,0.15628,0.22753,0.03668,0.07272,0.0029,0,1,1,0.995,0.995,1,1,0.995,0.99339,0.04927,0.05738,0.01029,0.02266,0.00163,0,0.0150015,0.0050005,0.0150015,0.0050005,0.0150015,0.0050005,0.0150015,0.0050005
507,17056.1,0.16097,0.21563,0.03615,0.07709,0.00282,0,1,1,0.995,0.995,1,1,0.995,0.99307,0.06194,0.06076,0.00994,0.02634,0.0019,0,0.0149718,0.0049906,0.0149718,0.0049906,0.0149718,0.0049906,0.0149718,0.0049906
508,17089.8,0.16504,0.20255,0.03655,0.08374,0.00271,0,1,1,0.995,0.995,1,1,0.995,0.99475,0.04522,0.06049,0.00963,0.02205,0.00146,0,0.0149421,0.0049807,0.0149421,0.0049807,0.0149421,0.0049807,0.0149421,0.0049807
509,17123.1,0.153,0.21934,0.03388,0.08078,0.00269,0,1,1,0.995,0.995,1,1,0.995,0.99477,0.03001,0.05704,0.0095,0.01787,0.00094,0,0.0149124,0.0049708,0.0149124,0.0049708,0.0149124,0.0049708,0.0149124,0.0049708
510,17156.6,0.1593,0.20415,0.03469,0.07626,0.00278,0,1,1,0.995,0.995,1,1,0.995,0.99375,0.04151,0.05563,0.00989,0.02035,0.00126,0,0.0148827,0.0049609,0.0148827,0.0049609,0.0148827,0.0049609,0.0148827,0.0049609
511,17190.4,0.16425,0.21933,0.03526,0.07819,0.00281,0,1,1,0.995,0.995,1,1,0.995,0.99388,0.03788,0.05437,0.01005,0.0207,0.00111,0,0.014853,0.004951,0.014853,0.004951,0.014853,0.004951,0.014853,0.004951
512,17224.2,0.16559,0.2185,0.03563,0.07953,0.00288,0,1,1,0.995,0.995,1,1,0.995,0.99375,0.03705,0.05453,0.00961,0.0198,0.00108,0,0.0148233,0.0049411,0.0148233,0.0049411,0.0148233,0.0049411,0.0148233,0.0049411
513,17257.7,0.15334,0.22857,0.03646,0.07044,0.00261,0,1,1,0.995,0.995,1,1,0.995,0.99366,0.04509,0.05571,0.00901,0.02188,0.0015,0,0.0147936,0.0049312,0.0147936,0.0049312,0.0147936,0.0049312,0.0147936,0.0049312
514,17291.6,0.14345,0.23814,0.03401,0.07461,0.00256,0,1,1,0.995,0.995,1,1,0.995,0.9937,0.03716,0.05873,0.00896,0.01962,0.00142,0,0.0147639,0.0049213,0.0147639,0.0049213,0.0147639,0.0049213,0.0147639,0.0049213
515,17324.9,0.15515,0.19869,0.03328,0.07541,0.00281,0,1,0.9992,0.995,0.995,1,0.9992,0.995,0.99482,0.04563,0.05636,0.00957,0.02656,0.00152,0,0.0147342,0.0049114,0.0147342,0.0049114,0.0147342,0.0049114,0.0147342,0.0049114
516,17358.2,0.16697,0.20397,0.03509,0.07674,0.00272,0,0.9997,1,0.995,0.995,0.9997,1,0.995,0.99482,0.06345,0.05584,0.00925,0.02752,0.00218,0,0.0147045,0.0049015,0.0147045,0.0049015,0.0147045,0.0049015,0.0147045,0.0049015
517,17391.9,0.1569,0.19977,0.03233,0.07589,0.00271,0,1,1,0.995,0.995,1,1,0.995,0.9948,0.05647,0.05565,0.00898,0.02517,0.00205,0,0.0146748,0.0048916,0.0146748,0.0048916,0.0146748,0.0048916,0.0146748,0.0048916
518,17425.6,0.15426,0.23246,0.03349,0.08517,0.00256,0,1,1,0.995,0.995,1,1,0.995,0.99487,0.04129,0.0561,0.00871,0.02089,0.00152,0,0.0146451,0.0048817,0.0146451,0.0048817,0.0146451,0.0048817,0.0146451,0.0048817
519,17459.4,0.1597,0.21823,0.03305,0.08117,0.00272,0,1,1,0.995,0.995,1,1,0.995,0.99495,0.03028,0.0567,0.00807,0.01858,0.00105,0,0.0146154,0.0048718,0.0146154,0.0048718,0.0146154,0.0048718,0.0146154,0.0048718
520,17493.1,0.1584,0.20788,0.0329,0.08008,0.00264,0,0.9989,1,0.995,0.995,0.9989,1,0.995,0.99461,0.0428,0.06053,0.00809,0.04725,0.00139,0,0.0145857,0.0048619,0.0145857,0.0048619,0.0145857,0.0048619,0.0145857,0.0048619
521,17527,0.15925,0.22047,0.0346,0.07813,0.00265,0,1,1,0.995,0.995,1,1,0.995,0.99365,0.04687,0.05975,0.00995,0.02243,0.00166,0,0.014556,0.004852,0.014556,0.004852,0.014556,0.004852,0.014556,0.004852
522,17560.6,0.15293,0.22422,0.03459,0.0758,0.0026,0,1,1,0.995,0.995,1,1,0.995,0.99339,0.04906,0.05999,0.00982,0.0227,0.00179,0,0.0145263,0.0048421,0.0145263,0.0048421,0.0145263,0.0048421,0.0145263,0.0048421
523,17594.2,0.14946,0.22268,0.03519,0.07495,0.00243,0,1,1,0.995,0.995,1,1,0.995,0.9936,0.0548,0.05904,0.01007,0.02322,0.00189,0,0.0144966,0.0048322,0.0144966,0.0048322,0.0144966,0.0048322,0.0144966,0.0048322
524,17627.6,0.15773,0.21137,0.03391,0.07156,0.00263,0,1,1,0.995,0.995,1,1,0.995,0.99348,0.03904,0.05582,0.01027,0.01952,0.0013,0,0.0144669,0.0048223,0.0144669,0.0048223,0.0144669,0.0048223,0.0144669,0.0048223
525,17661.4,0.14601,0.21745,0.03305,0.0641,0.00246,0,1,1,0.995,0.995,1,1,0.995,0.99347,0.04463,0.05663,0.0102,0.0208,0.00148,0,0.0144372,0.0048124,0.0144372,0.0048124,0.0144372,0.0048124,0.0144372,0.0048124
526,17696.4,0.14903,0.21726,0.03443,0.06986,0.00256,0,1,1,0.995,0.995,1,1,0.995,0.99345,0.04334,0.05771,0.01043,0.02059,0.00136,0,0.0144075,0.0048025,0.0144075,0.0048025,0.0144075,0.0048025,0.0144075,0.0048025
527,17730.4,0.15271,0.2379,0.03114,0.07136,0.00259,0,1,1,0.995,0.995,1,1,0.995,0.99364,0.03937,0.05999,0.01079,0.01941,0.00124,0,0.0143778,0.0047926,0.0143778,0.0047926,0.0143778,0.0047926,0.0143778,0.0047926
528,17764.3,0.15843,0.21606,0.0327,0.07406,0.00281,0,1,1,0.995,0.995,1,1,0.995,0.99483,0.04009,0.05655,0.01052,0.02025,0.00142,0,0.0143481,0.0047827,0.0143481,0.0047827,0.0143481,0.0047827,0.0143481,0.0047827
529,17797.9,0.15398,0.18776,0.03142,0.07202,0.0025,0,1,1,0.995,0.995,1,1,0.995,0.99475,0.03502,0.05577,0.00987,0.01923,0.00131,0,0.0143184,0.0047728,0.0143184,0.0047728,0.0143184,0.0047728,0.0143184,0.0047728
530,17831,0.15077,0.19832,0.03201,0.07581,0.00248,0.00205,1,1,0.995,0.995,1,1,0.995,0.99327,0.04452,0.05818,0.00932,0.02067,0.00143,0,0.0142887,0.0047629,0.0142887,0.0047629,0.0142887,0.0047629,0.0142887,0.0047629
531,17864.3,0.16158,0.19319,0.0332,0.07477,0.0026,0,1,1,0.995,0.995,1,1,0.995,0.99471,0.04912,0.06006,0.00894,0.022,0.00141,0,0.014259,0.004753,0.014259,0.004753,0.014259,0.004753,0.014259,0.004753
532,17898.2,0.15456,0.2028,0.03307,0.07853,0.00265,0,1,1,0.995,0.995,1,1,0.995,0.99465,0.05163,0.05766,0.00844,0.02291,0.00141,0,0.0142293,0.0047431,0.0142293,0.0047431,0.0142293,0.0047431,0.0142293,0.0047431
533,17932.1,0.15149,0.19511,0.03171,0.07519,0.00263,0,1,1,0.995,0.995,1,1,0.995,0.99481,0.05171,0.05703,0.00836,0.02276,0.00153,0,0.0141996,0.0047332,0.0141996,0.0047332,0.0141996,0.0047332,0.0141996,0.0047332
534,17965.7,0.16201,0.20732,0.03149,0.08234,0.00274,0,1,1,0.995,0.995,1,1,0.995,0.99332,0.03792,0.0565,0.00854,0.01978,0.00111,0,0.0141699,0.0047233,0.0141699,0.0047233,0.0141699,0.0047233,0.0141699,0.0047233
535,17999.3,0.16047,0.19971,0.03366,0.08207,0.00263,0,1,1,0.995,0.995,1,1,0.995,0.99346,0.03501,0.05632,0.00814,0.01903,0.00106,0,0.0141402,0.0047134,0.0141402,0.0047134,0.0141402,0.0047134,0.0141402,0.0047134
536,18032.8,0.15164,0.22323,0.03076,0.0838,0.00249,0,1,1,0.995,0.995,1,1,0.995,0.99458,0.04008,0.05678,0.00854,0.0204,0.0014,0,0.0141105,0.0047035,0.0141105,0.0047035,0.0141105,0.0047035,0.0141105,0.0047035
537,18066.3,0.14409,0.21495,0.03283,0.07598,0.00246,0,1,1,0.995,0.995,1,1,0.995,0.99466,0.0394,0.06007,0.00883,0.02011,0.00135,0,0.0140808,0.0046936,0.0140808,0.0046936,0.0140808,0.0046936,0.0140808,0.0046936
538,18099.5,0.14378,0.22018,0.03296,0.08498,0.0025,0,1,1,0.995,0.995,1,1,0.995,0.99454,0.03589,0.06,0.00888,0.01832,0.00117,0,0.0140511,0.0046837,0.0140511,0.0046837,0.0140511,0.0046837,0.0140511,0.0046837
539,18133.2,0.14636,0.24619,0.03448,0.07864,0.00251,0,1,1,0.995,0.995,1,1,0.995,0.99466,0.02831,0.06048,0.00851,0.01591,0.001,0,0.0140214,0.0046738,0.0140214,0.0046738,0.0140214,0.0046738,0.0140214,0.0046738
540,18167.5,0.1548,0.19365,0.03178,0.07631,0.00273,0,1,1,0.995,0.995,1,1,0.995,0.99458,0.05026,0.05819,0.00793,0.02191,0.00175,0,0.0139917,0.0046639,0.0139917,0.0046639,0.0139917,0.0046639,0.0139917,0.0046639
541,18201,0.15743,0.1957,0.03128,0.07685,0.00272,0,1,1,0.995,0.995,1,1,0.995,0.99474,0.04827,0.05673,0.00785,0.02222,0.00173,0,0.013962,0.004654,0.013962,0.004654,0.013962,0.004654,0.013962,0.004654
542,18235.3,0.14929,0.19669,0.03116,0.07656,0.00251,0,1,1,0.995,0.995,1,1,0.995,0.99474,0.06163,0.05496,0.00816,0.0259,0.00215,0,0.0139323,0.0046441,0.0139323,0.0046441,0.0139323,0.0046441,0.0139323,0.0046441
543,18269.2,0.14668,0.1787,0.02989,0.06886,0.00246,0,1,1,0.995,0.995,1,1,0.995,0.99479,0.05715,0.05561,0.0082,0.02523,0.00205,0,0.0139026,0.0046342,0.0139026,0.0046342,0.0139026,0.0046342,0.0139026,0.0046342
544,18302.5,0.16031,0.20965,0.033,0.07968,0.00263,0,1,1,0.995,0.995,1,1,0.995,0.99472,0.04861,0.05484,0.00795,0.02269,0.00159,0,0.0138729,0.0046243,0.0138729,0.0046243,0.0138729,0.0046243,0.0138729,0.0046243
545,18336.1,0.13939,0.21357,0.03435,0.07032,0.00227,0,1,1,0.995,0.995,1,1,0.995,0.9948,0.0345,0.05266,0.00771,0.01863,0.0011,0,0.0138432,0.0046144,0.0138432,0.0046144,0.0138432,0.0046144,0.0138432,0.0046144
546,18369.8,0.15021,0.19045,0.03186,0.07225,0.00261,0,1,1,0.995,0.995,1,1,0.995,0.99482,0.03339,0.05368,0.00746,0.01928,0.00122,0,0.0138135,0.0046045,0.0138135,0.0046045,0.0138135,0.0046045,0.0138135,0.0046045
547,18403.8,0.14725,0.1808,0.03262,0.07001,0.0025,0,1,1,0.995,0.995,1,1,0.995,0.99465,0.04166,0.05201,0.00752,0.02057,0.00156,0,0.0137838,0.0045946,0.0137838,0.0045946,0.0137838,0.0045946,0.0137838,0.0045946
548,18437.5,0.14678,0.17498,0.03259,0.07999,0.00251,0,1,1,0.995,0.995,1,1,0.995,0.99482,0.05148,0.05206,0.00706,0.0222,0.00171,0,0.0137541,0.0045847,0.0137541,0.0045847,0.0137541,0.0045847,0.0137541,0.0045847
549,18471.7,0.15239,0.18885,0.03056,0.06744,0.00265,0,1,1,0.995,0.995,1,1,0.995,0.9948,0.04287,0.05144,0.00616,0.02,0.00145,0,0.0137244,0.0045748,0.0137244,0.0045748,0.0137244,0.0045748,0.0137244,0.0045748
550,18506,0.14197,0.20108,0.03329,0.0782,0.00249,0,1,1,0.995,0.995,1,1,0.995,0.99492,0.04495,0.05148,0.00613,0.0217,0.0017,0,0.0136947,0.0045649,0.0136947,0.0045649,0.0136947,0.0045649,0.0136947,0.0045649
551,18540.5,0.14113,0.21539,0.03151,0.07739,0.00233,0,1,1,0.995,0.995,1,1,0.995,0.99481,0.03727,0.05156,0.00595,0.01965,0.00141,0,0.013665,0.004555,0.013665,0.004555,0.013665,0.004555,0.013665,0.004555
552,18576.6,0.14658,0.18371,0.03219,0.06922,0.00262,0,1,1,0.995,0.995,1,1,0.995,0.99362,0.03941,0.05195,0.00604,0.01997,0.00137,0,0.0136353,0.0045451,0.0136353,0.0045451,0.0136353,0.0045451,0.0136353,0.0045451
553,18610.4,0.15712,0.18664,0.03112,0.07376,0.00271,0,1,1,0.995,0.995,1,1,0.995,0.99352,0.03669,0.05136,0.00597,0.01936,0.00141,0,0.0136056,0.0045352,0.0136056,0.0045352,0.0136056,0.0045352,0.0136056,0.0045352
554,18644.6,0.15721,0.20288,0.0315,0.0696,0.00275,0,1,1,0.995,0.995,1,1,0.995,0.99395,0.04553,0.05177,0.00588,0.0216,0.00164,0,0.0135759,0.0045253,0.0135759,0.0045253,0.0135759,0.0045253,0.0135759,0.0045253
555,18678,0.15592,0.18199,0.03083,0.07154,0.00274,0,1,1,0.995,0.995,1,1,0.995,0.99387,0.04508,0.05472,0.00587,0.02207,0.00175,0,0.0135462,0.0045154,0.0135462,0.0045154,0.0135462,0.0045154,0.0135462,0.0045154
556,18711.7,0.1595,0.18839,0.0284,0.07493,0.00275,0,1,1,0.995,0.995,1,1,0.995,0.99395,0.03605,0.05306,0.00569,0.01913,0.00135,0,0.0135165,0.0045055,0.0135165,0.0045055,0.0135165,0.0045055,0.0135165,0.0045055
557,18745.3,0.15273,0.17409,0.03197,0.06634,0.0026,0,1,1,0.995,0.995,1,1,0.995,0.99394,0.04641,0.05313,0.00559,0.02231,0.00177,0,0.0134868,0.0044956,0.0134868,0.0044956,0.0134868,0.0044956,0.0134868,0.0044956
558,18778.6,0.15026,0.20554,0.03066,0.07379,0.00255,0,1,1,0.995,0.995,1,1,0.995,0.99394,0.04974,0.05279,0.00556,0.02319,0.00191,0,0.0134571,0.0044857,0.0134571,0.0044857,0.0134571,0.0044857,0.0134571,0.0044857
559,18812,0.14061,0.20312,0.02869,0.07065,0.00242,0,1,1,0.995,0.995,1,1,0.995,0.99382,0.04922,0.05388,0.00535,0.02273,0.00186,0,0.0134274,0.0044758,0.0134274,0.0044758,0.0134274,0.0044758,0.0134274,0.0044758
560,18845.6,0.13624,0.19261,0.03187,0.07045,0.00235,0,0.99971,1,0.995,0.995,0.99971,1,0.995,0.99386,0.0511,0.05161,0.00542,0.02293,0.00175,0,0.0133977,0.0044659,0.0133977,0.0044659,0.0133977,0.0044659,0.0133977,0.0044659
561,18879.6,0.14812,0.20586,0.03065,0.07542,0.00247,0,0.99981,1,0.995,0.995,0.99981,1,0.995,0.99379,0.03991,0.05124,0.00568,0.02113,0.0015,0,0.013368,0.004456,0.013368,0.004456,0.013368,0.004456,0.013368,0.004456
562,18913.1,0.13539,0.19214,0.03109,0.06708,0.00231,0,1,0.99998,0.995,0.995,1,0.99998,0.995,0.99488,0.03516,0.05206,0.00579,0.01958,0.00129,0,0.0133383,0.0044461,0.0133383,0.0044461,0.0133383,0.0044461,0.0133383,0.0044461
563,18947.1,0.15049,0.17569,0.02972,0.07181,0.00248,0,0.99975,1,0.995,0.995,0.99975,1,0.995,0.9949,0.04093,0.05272,0.00552,0.01996,0.00131,0,0.0133086,0.0044362,0.0133086,0.0044362,0.0133086,0.0044362,0.0133086,0.0044362
564,18980.9,0.13112,0.19987,0.03001,0.05964,0.00226,0,0.99975,1,0.995,0.995,0.99975,1,0.995,0.99495,0.04891,0.05056,0.00527,0.02126,0.00153,0,0.0132789,0.0044263,0.0132789,0.0044263,0.0132789,0.0044263,0.0132789,0.0044263
565,19014.5,0.13841,0.17546,0.03056,0.06947,0.00239,0,1,1,0.995,0.995,1,1,0.995,0.99494,0.04787,0.05037,0.00533,0.02078,0.00165,0,0.0132492,0.0044164,0.0132492,0.0044164,0.0132492,0.0044164,0.0132492,0.0044164
566,19047.8,0.14572,0.1712,0.02885,0.07074,0.00249,0,1,1,0.995,0.995,1,1,0.995,0.9949,0.05868,0.05039,0.00525,0.02458,0.00166,0,0.0132195,0.0044065,0.0132195,0.0044065,0.0132195,0.0044065,0.0132195,0.0044065
567,19081.3,0.14028,0.19879,0.03142,0.07495,0.0023,0,1,1,0.995,0.995,1,1,0.995,0.9949,0.03338,0.0497,0.00578,0.01759,0.00113,0,0.0131898,0.0043966,0.0131898,0.0043966,0.0131898,0.0043966,0.0131898,0.0043966
568,19114.9,0.13062,0.17027,0.02977,0.06651,0.00231,0,1,1,0.995,0.995,1,1,0.995,0.9949,0.03893,0.04972,0.00627,0.01851,0.00146,0,0.0131601,0.0043867,0.0131601,0.0043867,0.0131601,0.0043867,0.0131601,0.0043867
569,19148.8,0.14496,0.18031,0.03032,0.06627,0.0025,0,1,1,0.995,0.995,1,1,0.995,0.99495,0.03697,0.04997,0.00625,0.01809,0.00117,0,0.0131304,0.0043768,0.0131304,0.0043768,0.0131304,0.0043768,0.0131304,0.0043768
570,19182.7,0.14748,0.18154,0.03033,0.07051,0.00249,0,1,1,0.995,0.995,1,1,0.995,0.99493,0.03486,0.0509,0.00597,0.01742,0.001,0,0.0131007,0.0043669,0.0131007,0.0043669,0.0131007,0.0043669,0.0131007,0.0043669
571,19216.6,0.14182,0.18035,0.02942,0.06793,0.00253,0,1,1,0.995,0.995,1,1,0.995,0.99484,0.03358,0.04998,0.00576,0.01682,0.00094,0,0.013071,0.004357,0.013071,0.004357,0.013071,0.004357,0.013071,0.004357
572,19250,0.14598,0.18048,0.03043,0.06889,0.00254,0,1,1,0.995,0.995,1,1,0.995,0.99481,0.03262,0.05008,0.00521,0.01717,0.00103,0,0.0130413,0.0043471,0.0130413,0.0043471,0.0130413,0.0043471,0.0130413,0.0043471
573,19283.3,0.13259,0.18302,0.03102,0.06709,0.00223,0,1,1,0.995,0.995,1,1,0.995,0.99481,0.04056,0.05168,0.00529,0.01945,0.00123,0,0.0130116,0.0043372,0.0130116,0.0043372,0.0130116,0.0043372,0.0130116,0.0043372
574,19316.6,0.13598,0.21873,0.03001,0.065,0.00234,0,1,1,0.995,0.995,1,1,0.995,0.99484,0.03615,0.04923,0.00559,0.01787,0.00105,0,0.0129819,0.0043273,0.0129819,0.0043273,0.0129819,0.0043273,0.0129819,0.0043273
575,19350.3,0.12936,0.18655,0.03238,0.07158,0.00212,0,1,1,0.995,0.995,1,1,0.995,0.9949,0.0438,0.04731,0.00582,0.01978,0.00129,0,0.0129522,0.0043174,0.0129522,0.0043174,0.0129522,0.0043174,0.0129522,0.0043174
576,19384.2,0.1384,0.18969,0.03071,0.06821,0.00236,0,1,1,0.995,0.995,1,1,0.995,0.99495,0.04766,0.04654,0.0058,0.02108,0.00149,0,0.0129225,0.0043075,0.0129225,0.0043075,0.0129225,0.0043075,0.0129225,0.0043075
577,19417.6,0.14208,0.16684,0.02914,0.06941,0.00244,0,1,1,0.995,0.995,1,1,0.995,0.99491,0.04581,0.04848,0.00566,0.02069,0.00153,0,0.0128928,0.0042976,0.0128928,0.0042976,0.0128928,0.0042976,0.0128928,0.0042976
578,19451.4,0.13341,0.19037,0.02959,0.06514,0.00236,0,1,1,0.995,0.995,1,1,0.995,0.99492,0.04434,0.04974,0.00562,0.01975,0.00146,0,0.0128631,0.0042877,0.0128631,0.0042877,0.0128631,0.0042877,0.0128631,0.0042877
579,19484.9,0.14132,0.16292,0.02926,0.06553,0.00253,0,1,1,0.995,0.995,1,1,0.995,0.99495,0.05136,0.04957,0.00516,0.02258,0.00174,0,0.0128334,0.0042778,0.0128334,0.0042778,0.0128334,0.0042778,0.0128334,0.0042778
580,19518.2,0.15142,0.16629,0.03029,0.07279,0.00265,0,1,1,0.995,0.995,1,1,0.995,0.99496,0.05357,0.04814,0.00485,0.02382,0.00165,0,0.0128037,0.0042679,0.0128037,0.0042679,0.0128037,0.0042679,0.0128037,0.0042679
581,19551.6,0.14057,0.16785,0.02986,0.06669,0.00236,0,0.99974,1,0.995,0.995,0.99974,1,0.995,0.99499,0.06023,0.04812,0.00469,0.02577,0.00169,0,0.012774,0.004258,0.012774,0.004258,0.012774,0.004258,0.012774,0.004258
582,19585.4,0.14038,0.17014,0.02638,0.06769,0.00237,0,0.99974,1,0.995,0.995,0.99974,1,0.995,0.99495,0.05071,0.05036,0.00455,0.02319,0.00136,0,0.0127443,0.0042481,0.0127443,0.0042481,0.0127443,0.0042481,0.0127443,0.0042481
583,19619.4,0.14007,0.15511,0.02727,0.06741,0.0024,0,0.99975,1,0.995,0.995,0.99975,1,0.995,0.99496,0.04662,0.04864,0.00455,0.02165,0.00136,0,0.0127146,0.0042382,0.0127146,0.0042382,0.0127146,0.0042382,0.0127146,0.0042382
584,19653.2,0.13411,0.18495,0.03026,0.06739,0.00225,0,0.99975,1,0.995,0.995,0.99975,1,0.995,0.99495,0.05152,0.04884,0.00473,0.02236,0.00153,0,0.0126849,0.0042283,0.0126849,0.0042283,0.0126849,0.0042283,0.0126849,0.0042283
585,19687,0.13485,0.1777,0.02851,0.06664,0.00231,0,1,1,0.995,0.995,1,1,0.995,0.99482,0.0521,0.04915,0.00473,0.02312,0.00162,0,0.0126552,0.0042184,0.0126552,0.0042184,0.0126552,0.0042184,0.0126552,0.0042184
586,19720.8,0.13709,0.17785,0.02862,0.07058,0.00228,0,1,1,0.995,0.995,1,1,0.995,0.9949,0.0531,0.04788,0.00496,0.02345,0.00164,0,0.0126255,0.0042085,0.0126255,0.0042085,0.0126255,0.0042085,0.0126255,0.0042085
587,19753.9,0.13412,0.20334,0.03012,0.06751,0.00225,0,1,1,0.995,0.995,1,1,0.995,0.9949,0.04842,0.04674,0.00536,0.0222,0.00148,0,0.0125958,0.0041986,0.0125958,0.0041986,0.0125958,0.0041986,0.0125958,0.0041986
588,19787.2,0.1369,0.17061,0.03096,0.06617,0.00239,0,1,1,0.995,0.995,1,1,0.995,0.99495,0.05524,0.04601,0.00535,0.02454,0.00196,0,0.0125661,0.0041887,0.0125661,0.0041887,0.0125661,0.0041887,0.0125661,0.0041887
589,19820.8,0.15351,0.16503,0.02958,0.07163,0.00242,0,1,1,0.995,0.995,1,1,0.995,0.99496,0.05124,0.04575,0.0054,0.02339,0.00185,0,0.0125364,0.0041788,0.0125364,0.0041788,0.0125364,0.0041788,0.0125364,0.0041788
590,19854.4,0.14544,0.17319,0.02754,0.06784,0.0024,0,1,1,0.995,0.995,1,1,0.995,0.99391,0.05215,0.04596,0.00586,0.02317,0.00171,0,0.0125067,0.0041689,0.0125067,0.0041689,0.0125067,0.0041689,0.0125067,0.0041689
591,19887.9,0.13767,0.18014,0.0289,0.07448,0.00238,0,1,1,0.995,0.995,1,1,0.995,0.99393,0.05278,0.04827,0.00622,0.0234,0.00166,0,0.012477,0.004159,0.012477,0.004159,0.012477,0.004159,0.012477,0.004159
592,19922.1,0.14482,0.16722,0.02817,0.07024,0.00235,0,1,1,0.995,0.995,1,1,0.995,0.9939,0.04781,0.0464,0.00618,0.02184,0.00146,0,0.0124473,0.0041491,0.0124473,0.0041491,0.0124473,0.0041491,0.0124473,0.0041491
593,19955.8,0.13915,0.1648,0.03055,0.0669,0.00238,0,1,1,0.995,0.995,1,1,0.995,0.99359,0.05293,0.04575,0.006,0.02414,0.00184,0,0.0124176,0.0041392,0.0124176,0.0041392,0.0124176,0.0041392,0.0124176,0.0041392
594,19989.1,0.14473,0.17642,0.02844,0.07249,0.00238,0,1,1,0.995,0.995,1,1,0.995,0.99378,0.04549,0.04682,0.00591,0.0212,0.00155,0,0.0123879,0.0041293,0.0123879,0.0041293,0.0123879,0.0041293,0.0123879,0.0041293
595,20022.4,0.13103,0.16775,0.02812,0.07024,0.00237,0,1,1,0.995,0.995,1,1,0.995,0.99362,0.05096,0.04626,0.00564,0.02213,0.00168,0,0.0123582,0.0041194,0.0123582,0.0041194,0.0123582,0.0041194,0.0123582,0.0041194
596,20056.1,0.14579,0.20047,0.0285,0.07381,0.00231,0,1,1,0.995,0.995,1,1,0.995,0.99315,0.05285,0.04698,0.00541,0.02249,0.00178,0,0.0123285,0.0041095,0.0123285,0.0041095,0.0123285,0.0041095,0.0123285,0.0041095
597,20090,0.13654,0.19843,0.03169,0.07931,0.00239,0,1,1,0.995,0.995,1,1,0.995,0.99303,0.05643,0.04645,0.00542,0.02379,0.00196,0,0.0122988,0.0040996,0.0122988,0.0040996,0.0122988,0.0040996,0.0122988,0.0040996
598,20123.8,0.14449,0.16414,0.02766,0.07849,0.00247,0,1,1,0.995,0.995,1,1,0.995,0.99316,0.05374,0.04459,0.00551,0.02354,0.0019,0,0.0122691,0.0040897,0.0122691,0.0040897,0.0122691,0.0040897,0.0122691,0.0040897
599,20157.6,0.14244,0.17358,0.02906,0.07675,0.00238,0,1,1,0.995,0.995,1,1,0.995,0.99304,0.03883,0.04417,0.00546,0.01897,0.00132,0,0.0122394,0.0040798,0.0122394,0.0040798,0.0122394,0.0040798,0.0122394,0.0040798
600,20191.1,0.14879,0.17276,0.02673,0.08668,0.00243,0,1,1,0.995,0.995,1,1,0.995,0.99309,0.03122,0.04488,0.00535,0.01674,0.00123,0,0.0122097,0.0040699,0.0122097,0.0040699,0.0122097,0.0040699,0.0122097,0.0040699
601,20224.7,0.13241,0.17535,0.02863,0.07552,0.0022,0,1,1,0.995,0.995,1,1,0.995,0.99358,0.03437,0.04477,0.00539,0.01781,0.00137,0,0.01218,0.00406,0.01218,0.00406,0.01218,0.00406,0.01218,0.00406
602,20257.9,0.13398,0.18144,0.02789,0.06966,0.0022,0,1,1,0.995,0.995,1,1,0.995,0.99316,0.03321,0.04525,0.00536,0.01717,0.00132,0,0.0121503,0.0040501,0.0121503,0.0040501,0.0121503,0.0040501,0.0121503,0.0040501
603,20291.8,0.12094,0.1634,0.02842,0.06744,0.00217,0,1,1,0.995,0.995,1,1,0.995,0.99309,0.0371,0.04484,0.00536,0.01758,0.00142,0,0.0121206,0.0040402,0.0121206,0.0040402,0.0121206,0.0040402,0.0121206,0.0040402
604,20325.7,0.13314,0.16793,0.02829,0.07482,0.00215,0,1,1,0.995,0.995,1,1,0.995,0.99452,0.03847,0.04566,0.00501,0.01794,0.00142,0,0.0120909,0.0040303,0.0120909,0.0040303,0.0120909,0.0040303,0.0120909,0.0040303
605,20360,0.12783,0.18313,0.02941,0.07117,0.00219,0,1,1,0.995,0.995,1,1,0.995,0.99453,0.03421,0.04597,0.00467,0.01646,0.00121,0,0.0120612,0.0040204,0.0120612,0.0040204,0.0120612,0.0040204,0.0120612,0.0040204
606,20393.9,0.12568,0.18809,0.0305,0.06855,0.00218,0,1,1,0.995,0.995,1,1,0.995,0.99452,0.04378,0.045,0.00457,0.01921,0.00131,0,0.0120315,0.0040105,0.0120315,0.0040105,0.0120315,0.0040105,0.0120315,0.0040105
607,20427.5,0.13239,0.17891,0.02841,0.06774,0.00227,0,1,1,0.995,0.995,1,1,0.995,0.99458,0.05766,0.04383,0.00455,0.02311,0.00163,0,0.0120018,0.0040006,0.0120018,0.0040006,0.0120018,0.0040006,0.0120018,0.0040006
608,20461.3,0.13777,0.18209,0.02753,0.06503,0.00245,0,1,1,0.995,0.995,1,1,0.995,0.995,0.05544,0.04305,0.00483,0.02302,0.00175,0,0.0119721,0.0039907,0.0119721,0.0039907,0.0119721,0.0039907,0.0119721,0.0039907
609,20494.7,0.139,0.18877,0.02717,0.07415,0.00232,0,1,1,0.995,0.995,1,1,0.995,0.995,0.05743,0.04249,0.00502,0.02397,0.00177,0,0.0119424,0.0039808,0.0119424,0.0039808,0.0119424,0.0039808,0.0119424,0.0039808
610,20528.3,0.13429,0.16861,0.02805,0.0681,0.00238,0,1,1,0.995,0.995,1,1,0.995,0.995,0.05547,0.04311,0.00484,0.0229,0.00176,0,0.0119127,0.0039709,0.0119127,0.0039709,0.0119127,0.0039709,0.0119127,0.0039709
611,20561.9,0.12876,0.16508,0.02924,0.06362,0.00219,0,1,1,0.995,0.995,1,1,0.995,0.995,0.05372,0.04372,0.00448,0.02278,0.00174,0,0.011883,0.003961,0.011883,0.003961,0.011883,0.003961,0.011883,0.003961
612,20595.7,0.12771,0.18602,0.02886,0.06586,0.00226,0,1,1,0.995,0.995,1,1,0.995,0.995,0.04957,0.04348,0.00423,0.02181,0.00158,0,0.0118533,0.0039511,0.0118533,0.0039511,0.0118533,0.0039511,0.0118533,0.0039511
613,20629.6,0.13472,0.16629,0.02788,0.06716,0.00218,0,1,1,0.995,0.995,1,1,0.995,0.99453,0.04411,0.04399,0.00438,0.02051,0.00134,0,0.0118236,0.0039412,0.0118236,0.0039412,0.0118236,0.0039412,0.0118236,0.0039412
614,20663.5,0.12819,0.1574,0.02807,0.07259,0.00219,0,1,1,0.995,0.995,1,1,0.995,0.99456,0.04638,0.04416,0.00446,0.02132,0.00149,0,0.0117939,0.0039313,0.0117939,0.0039313,0.0117939,0.0039313,0.0117939,0.0039313
615,20696.9,0.13565,0.16992,0.02887,0.06363,0.00235,0,1,1,0.995,0.995,1,1,0.995,0.995,0.04686,0.04362,0.0043,0.02073,0.00153,0,0.0117642,0.0039214,0.0117642,0.0039214,0.0117642,0.0039214,0.0117642,0.0039214
616,20730.1,0.14055,0.14844,0.02883,0.07047,0.00227,0,1,1,0.995,0.995,1,1,0.995,0.995,0.04661,0.04285,0.00423,0.02062,0.00153,0,0.0117345,0.0039115,0.0117345,0.0039115,0.0117345,0.0039115,0.0117345,0.0039115
617,20763.8,0.1314,0.1619,0.02705,0.06569,0.00223,0,1,1,0.995,0.995,1,1,0.995,0.995,0.04583,0.04262,0.00436,0.02064,0.00146,0,0.0117048,0.0039016,0.0117048,0.0039016,0.0117048,0.0039016,0.0117048,0.0039016
618,20797.7,0.14188,0.14935,0.02772,0.07318,0.00238,0,1,1,0.995,0.995,1,1,0.995,0.995,0.04646,0.04212,0.00449,0.0209,0.00151,0,0.0116751,0.0038917,0.0116751,0.0038917,0.0116751,0.0038917,0.0116751,0.0038917
619,20831.4,0.13356,0.15344,0.02775,0.07312,0.00239,0,1,1,0.995,0.995,1,1,0.995,0.995,0.05001,0.04193,0.00459,0.02178,0.00162,0,0.0116454,0.0038818,0.0116454,0.0038818,0.0116454,0.0038818,0.0116454,0.0038818
620,20865.4,0.1445,0.14478,0.02776,0.06865,0.00235,0,1,1,0.995,0.995,1,1,0.995,0.995,0.04945,0.04227,0.00468,0.02157,0.00146,0,0.0116157,0.0038719,0.0116157,0.0038719,0.0116157,0.0038719,0.0116157,0.0038719
621,20899.3,0.14091,0.14251,0.02613,0.06802,0.00236,0,1,1,0.995,0.995,1,1,0.995,0.995,0.05507,0.04224,0.0049,0.0234,0.00166,0,0.011586,0.003862,0.011586,0.003862,0.011586,0.003862,0.011586,0.003862
622,20933,0.13368,0.16906,0.02839,0.06504,0.00228,0,1,1,0.995,0.995,1,1,0.995,0.99481,0.0525,0.04363,0.0047,0.02219,0.00154,0,0.0115563,0.0038521,0.0115563,0.0038521,0.0115563,0.0038521,0.0115563,0.0038521
623,20966.4,0.12386,0.16014,0.02582,0.06463,0.00215,0,1,1,0.995,0.995,1,1,0.995,0.99482,0.05585,0.04314,0.00456,0.02333,0.00171,0,0.0115266,0.0038422,0.0115266,0.0038422,0.0115266,0.0038422,0.0115266,0.0038422
624,20999.9,0.11728,0.16774,0.02539,0.06539,0.0021,0,1,1,0.995,0.995,1,1,0.995,0.99481,0.05,0.04303,0.00487,0.02138,0.00141,0,0.0114969,0.0038323,0.0114969,0.0038323,0.0114969,0.0038323,0.0114969,0.0038323
625,21033.5,0.12833,0.16752,0.02496,0.06179,0.00213,0,1,1,0.995,0.995,1,1,0.995,0.99491,0.05376,0.04319,0.0049,0.02243,0.00157,0,0.0114672,0.0038224,0.0114672,0.0038224,0.0114672,0.0038224,0.0114672,0.0038224
626,21067.1,0.12451,0.15826,0.02771,0.06758,0.00202,0,1,1,0.995,0.995,1,1,0.995,0.9948,0.05201,0.04276,0.00453,0.02179,0.00157,0,0.0114375,0.0038125,0.0114375,0.0038125,0.0114375,0.0038125,0.0114375,0.0038125
627,21100.7,0.12985,0.15322,0.02769,0.06918,0.00211,0,1,1,0.995,0.995,1,1,0.995,0.99313,0.03912,0.04257,0.0043,0.01789,0.00116,0,0.0114078,0.0038026,0.0114078,0.0038026,0.0114078,0.0038026,0.0114078,0.0038026
628,21134.6,0.13113,0.1687,0.02696,0.07184,0.00222,0,1,1,0.995,0.995,1,1,0.995,0.99451,0.03824,0.04142,0.00433,0.01788,0.00113,0,0.0113781,0.0037927,0.0113781,0.0037927,0.0113781,0.0037927,0.0113781,0.0037927
629,21168.3,0.13148,0.19492,0.02789,0.06792,0.00218,0,1,1,0.995,0.995,1,1,0.995,0.99361,0.03754,0.0423,0.00444,0.01772,0.00109,0,0.0113484,0.0037828,0.0113484,0.0037828,0.0113484,0.0037828,0.0113484,0.0037828
630,21201.7,0.12036,0.16903,0.02799,0.06162,0.00208,0,1,1,0.995,0.995,1,1,0.995,0.99322,0.04535,0.04168,0.00436,0.02006,0.0013,0,0.0113187,0.0037729,0.0113187,0.0037729,0.0113187,0.0037729,0.0113187,0.0037729
631,21235.4,0.12625,0.14104,0.02712,0.06655,0.00206,0,1,1,0.995,0.995,1,1,0.995,0.99304,0.04118,0.042,0.00433,0.01867,0.0013,0,0.011289,0.003763,0.011289,0.003763,0.011289,0.003763,0.011289,0.003763
632,21269.3,0.12551,0.16384,0.02652,0.06127,0.00203,0,1,1,0.995,0.995,1,1,0.995,0.99314,0.04257,0.04202,0.0043,0.01925,0.00124,0,0.0112593,0.0037531,0.0112593,0.0037531,0.0112593,0.0037531,0.0112593,0.0037531
633,21303.2,0.12009,0.1724,0.02861,0.06047,0.00203,0,1,1,0.995,0.995,1,1,0.995,0.99361,0.04445,0.04175,0.00432,0.01999,0.00134,0,0.0112296,0.0037432,0.0112296,0.0037432,0.0112296,0.0037432,0.0112296,0.0037432
634,21336.7,0.1289,0.14944,0.02734,0.06322,0.00217,0,1,1,0.995,0.995,1,1,0.995,0.99464,0.04664,0.04152,0.00435,0.02034,0.00139,0,0.0111999,0.0037333,0.0111999,0.0037333,0.0111999,0.0037333,0.0111999,0.0037333
635,21370.7,0.1215,0.16002,0.02695,0.06556,0.00201,0,1,1,0.995,0.995,1,1,0.995,0.995,0.03678,0.04091,0.00415,0.01748,0.00115,0,0.0111702,0.0037234,0.0111702,0.0037234,0.0111702,0.0037234,0.0111702,0.0037234
636,21404.1,0.12822,0.14639,0.02685,0.06682,0.00219,0,1,1,0.995,0.995,1,1,0.995,0.995,0.03536,0.04087,0.00408,0.01693,0.00106,0,0.0111405,0.0037135,0.0111405,0.0037135,0.0111405,0.0037135,0.0111405,0.0037135
637,21437.6,0.12898,0.18137,0.0293,0.06569,0.00213,0,1,1,0.995,0.995,1,1,0.995,0.995,0.04119,0.0411,0.0042,0.01871,0.00134,0,0.0111108,0.0037036,0.0111108,0.0037036,0.0111108,0.0037036,0.0111108,0.0037036
638,21471,0.12192,0.18022,0.02874,0.06173,0.00211,0,1,1,0.995,0.995,1,1,0.995,0.995,0.04251,0.041,0.00425,0.019,0.00139,0,0.0110811,0.0036937,0.0110811,0.0036937,0.0110811,0.0036937,0.0110811,0.0036937
639,21505,0.12884,0.15587,0.02842,0.06445,0.00219,0,1,1,0.995,0.995,1,1,0.995,0.995,0.03782,0.04101,0.00427,0.01733,0.00122,0,0.0110514,0.0036838,0.0110514,0.0036838,0.0110514,0.0036838,0.0110514,0.0036838
640,21538.7,0.12876,0.15105,0.02722,0.06734,0.00211,0,1,1,0.995,0.995,1,1,0.995,0.995,0.03569,0.04085,0.00432,0.01701,0.00114,0,0.0110217,0.0036739,0.0110217,0.0036739,0.0110217,0.0036739,0.0110217,0.0036739
641,21572.6,0.11932,0.16667,0.0282,0.05946,0.00214,0,1,1,0.995,0.995,1,1,0.995,0.99482,0.03036,0.04105,0.00415,0.01561,0.00097,0,0.010992,0.003664,0.010992,0.003664,0.010992,0.003664,0.010992,0.003664
642,21606.4,0.12725,0.15451,0.02692,0.06477,0.00211,0,1,1,0.995,0.995,1,1,0.995,0.995,0.03147,0.04127,0.00392,0.01569,0.00106,0,0.0109623,0.0036541,0.0109623,0.0036541,0.0109623,0.0036541,0.0109623,0.0036541
643,21640.1,0.13207,0.14064,0.02471,0.06246,0.00214,0,1,1,0.995,0.995,1,1,0.995,0.995,0.02553,0.04116,0.00386,0.01456,0.00093,0,0.0109326,0.0036442,0.0109326,0.0036442,0.0109326,0.0036442,0.0109326,0.0036442
644,21673.6,0.12591,0.15307,0.02682,0.06165,0.00211,0,1,1,0.995,0.995,1,1,0.995,0.99481,0.03668,0.0414,0.00381,0.0173,0.00116,0,0.0109029,0.0036343,0.0109029,0.0036343,0.0109029,0.0036343,0.0109029,0.0036343
645,21706.9,0.12376,0.14375,0.02701,0.06712,0.00208,0,1,1,0.995,0.995,1,1,0.995,0.995,0.03668,0.04141,0.00369,0.01724,0.00118,0,0.0108732,0.0036244,0.0108732,0.0036244,0.0108732,0.0036244,0.0108732,0.0036244
646,21740.8,0.12793,0.1376,0.02548,0.05651,0.00216,0,1,1,0.995,0.995,1,1,0.995,0.995,0.03569,0.04152,0.00375,0.01675,0.00108,0,0.0108435,0.0036145,0.0108435,0.0036145,0.0108435,0.0036145,0.0108435,0.0036145
647,21774.5,0.12293,0.15154,0.02742,0.06567,0.00203,0,1,1,0.995,0.995,1,1,0.995,0.9948,0.03437,0.04076,0.00375,0.01603,0.00101,0,0.0108138,0.0036046,0.0108138,0.0036046,0.0108138,0.0036046,0.0108138,0.0036046
648,21808.4,0.12216,0.14889,0.02468,0.0614,0.00204,0,1,1,0.995,0.995,1,1,0.995,0.99479,0.02306,0.04039,0.00369,0.01294,0.00073,0,0.0107841,0.0035947,0.0107841,0.0035947,0.0107841,0.0035947,0.0107841,0.0035947
649,21842.5,0.12512,0.14897,0.02705,0.066,0.00219,0,1,1,0.995,0.995,1,1,0.995,0.99465,0.02115,0.04031,0.00364,0.01287,0.00065,0,0.0107544,0.0035848,0.0107544,0.0035848,0.0107544,0.0035848,0.0107544,0.0035848
650,21876,0.12721,0.1318,0.02565,0.06641,0.00224,0,1,1,0.995,0.995,1,1,0.995,0.995,0.01807,0.04042,0.00369,0.01199,0.00064,0,0.0107247,0.0035749,0.0107247,0.0035749,0.0107247,0.0035749,0.0107247,0.0035749
651,21910.1,0.11608,0.16328,0.02537,0.07097,0.002,0,1,1,0.995,0.995,1,1,0.995,0.995,0.02596,0.04028,0.00364,0.01404,0.00088,0,0.010695,0.003565,0.010695,0.003565,0.010695,0.003565,0.010695,0.003565
652,21943.6,0.11991,0.1627,0.02715,0.05779,0.00195,0,1,1,0.995,0.995,1,1,0.995,0.995,0.03248,0.04046,0.0036,0.01591,0.0013,0,0.0106653,0.0035551,0.0106653,0.0035551,0.0106653,0.0035551,0.0106653,0.0035551
653,21977.4,0.11495,0.17657,0.02529,0.05658,0.00201,0,1,1,0.995,0.995,1,1,0.995,0.995,0.03631,0.04067,0.00367,0.01718,0.00135,0,0.0106356,0.0035452,0.0106356,0.0035452,0.0106356,0.0035452,0.0106356,0.0035452
654,22011.2,0.12253,0.14124,0.02796,0.0633,0.00207,0,1,1,0.995,0.995,1,1,0.995,0.995,0.03035,0.04078,0.00385,0.0157,0.00116,0,0.0106059,0.0035353,0.0106059,0.0035353,0.0106059,0.0035353,0.0106059,0.0035353
655,22045,0.12482,0.15076,0.02661,0.06583,0.00206,0,1,1,0.995,0.995,1,1,0.995,0.99485,0.02766,0.04133,0.00411,0.01474,0.001,0,0.0105762,0.0035254,0.0105762,0.0035254,0.0105762,0.0035254,0.0105762,0.0035254
656,22078.8,0.12407,0.15217,0.0269,0.06779,0.00204,0,1,1,0.995,0.995,1,1,0.995,0.99494,0.03496,0.04146,0.00432,0.01641,0.00121,0,0.0105465,0.0035155,0.0105465,0.0035155,0.0105465,0.0035155,0.0105465,0.0035155
657,22113.7,0.12425,0.15165,0.02574,0.06124,0.00209,0,1,1,0.995,0.995,1,1,0.995,0.99376,0.04207,0.04084,0.00425,0.01882,0.00131,0,0.0105168,0.0035056,0.0105168,0.0035056,0.0105168,0.0035056,0.0105168,0.0035056
658,22147.2,0.12172,0.13809,0.0251,0.05742,0.00207,0,1,1,0.995,0.995,1,1,0.995,0.99382,0.04059,0.04097,0.00433,0.01814,0.00128,0,0.0104871,0.0034957,0.0104871,0.0034957,0.0104871,0.0034957,0.0104871,0.0034957
659,22180.8,0.12277,0.15224,0.027,0.06457,0.00209,0,1,1,0.995,0.995,1,1,0.995,0.99465,0.04316,0.04091,0.00451,0.01891,0.00131,0,0.0104574,0.0034858,0.0104574,0.0034858,0.0104574,0.0034858,0.0104574,0.0034858
660,22214.7,0.11228,0.16273,0.02582,0.05977,0.00188,0,1,1,0.995,0.995,1,1,0.995,0.99456,0.03757,0.04014,0.00474,0.01718,0.00118,0,0.0104277,0.0034759,0.0104277,0.0034759,0.0104277,0.0034759,0.0104277,0.0034759
661,22248.6,0.11783,0.14835,0.02612,0.05787,0.00208,0,1,1,0.995,0.995,1,1,0.995,0.99481,0.03077,0.04019,0.00464,0.01506,0.00095,0,0.010398,0.003466,0.010398,0.003466,0.010398,0.003466,0.010398,0.003466
662,22282.6,0.11235,0.13272,0.02479,0.05959,0.00197,0,1,1,0.995,0.995,1,1,0.995,0.99492,0.03631,0.04118,0.00453,0.0166,0.00111,0,0.0103683,0.0034561,0.0103683,0.0034561,0.0103683,0.0034561,0.0103683,0.0034561
663,22316.2,0.12589,0.13526,0.02464,0.07044,0.00218,0,1,1,0.995,0.995,1,1,0.995,0.995,0.03323,0.04148,0.00447,0.01587,0.00103,0,0.0103386,0.0034462,0.0103386,0.0034462,0.0103386,0.0034462,0.0103386,0.0034462
664,22350.2,0.12251,0.15376,0.02842,0.06182,0.0021,0,1,1,0.995,0.995,1,1,0.995,0.99465,0.03318,0.04159,0.00441,0.01613,0.00112,0,0.0103089,0.0034363,0.0103089,0.0034363,0.0103089,0.0034363,0.0103089,0.0034363
665,22383.8,0.11601,0.12955,0.02555,0.06215,0.00201,0,1,1,0.995,0.995,1,1,0.995,0.99466,0.0315,0.04098,0.00431,0.01525,0.00104,0,0.0102792,0.0034264,0.0102792,0.0034264,0.0102792,0.0034264,0.0102792,0.0034264
666,22418.5,0.11638,0.13888,0.02698,0.05656,0.00194,0,1,1,0.995,0.995,1,1,0.995,0.99453,0.03566,0.03981,0.00426,0.01644,0.00117,0,0.0102495,0.0034165,0.0102495,0.0034165,0.0102495,0.0034165,0.0102495,0.0034165
667,22452.8,0.10788,0.13534,0.02669,0.06368,0.00183,0,1,1,0.995,0.995,1,1,0.995,0.99454,0.03976,0.03914,0.00407,0.01789,0.00129,0,0.0102198,0.0034066,0.0102198,0.0034066,0.0102198,0.0034066,0.0102198,0.0034066
668,22486.7,0.11941,0.13359,0.02553,0.05458,0.002,0,1,1,0.995,0.995,1,1,0.995,0.99453,0.04226,0.03991,0.00406,0.01876,0.00136,0,0.0101901,0.0033967,0.0101901,0.0033967,0.0101901,0.0033967,0.0101901,0.0033967
669,22520.5,0.11892,0.1506,0.02633,0.05851,0.00199,0,1,1,0.995,0.995,1,1,0.995,0.99481,0.03952,0.03926,0.00441,0.01807,0.00127,0,0.0101604,0.0033868,0.0101604,0.0033868,0.0101604,0.0033868,0.0101604,0.0033868
670,22554.3,0.11452,0.15393,0.02406,0.06075,0.00196,0,1,1,0.995,0.995,1,1,0.995,0.99479,0.0359,0.0386,0.00446,0.01682,0.00117,0,0.0101307,0.0033769,0.0101307,0.0033769,0.0101307,0.0033769,0.0101307,0.0033769
671,22587.9,0.12112,0.13155,0.02467,0.06321,0.00205,0,1,1,0.995,0.995,1,1,0.995,0.99484,0.03963,0.03906,0.00437,0.01806,0.00133,0,0.010101,0.003367,0.010101,0.003367,0.010101,0.003367,0.010101,0.003367
672,22621.3,0.12506,0.14161,0.02559,0.06744,0.00199,0,1,1,0.995,0.995,1,1,0.995,0.99481,0.04143,0.03884,0.00444,0.0186,0.00144,0,0.0100713,0.0033571,0.0100713,0.0033571,0.0100713,0.0033571,0.0100713,0.0033571
673,22654.6,0.11237,0.14303,0.02394,0.06134,0.00187,0,1,1,0.995,0.995,1,1,0.995,0.99481,0.04543,0.0387,0.00448,0.01982,0.00158,0,0.0100416,0.0033472,0.0100416,0.0033472,0.0100416,0.0033472,0.0100416,0.0033472
674,22688.3,0.11486,0.14041,0.02505,0.06268,0.00194,0,1,1,0.995,0.995,1,1,0.995,0.99494,0.0428,0.03876,0.00452,0.01878,0.00152,0,0.0100119,0.0033373,0.0100119,0.0033373,0.0100119,0.0033373,0.0100119,0.0033373
675,22721.9,0.11082,0.15304,0.02583,0.06115,0.00186,0,1,1,0.995,0.995,1,1,0.995,0.995,0.04576,0.03946,0.00466,0.01954,0.00158,0,0.0099822,0.0033274,0.0099822,0.0033274,0.0099822,0.0033274,0.0099822,0.0033274
676,22755.6,0.11976,0.14958,0.02484,0.06536,0.00195,0,1,1,0.995,0.995,1,1,0.995,0.995,0.0416,0.03891,0.00445,0.0185,0.00151,0,0.0099525,0.0033175,0.0099525,0.0033175,0.0099525,0.0033175,0.0099525,0.0033175
677,22789.5,0.12213,0.11313,0.02633,0.06676,0.00203,0,1,1,0.995,0.995,1,1,0.995,0.995,0.04205,0.03845,0.00427,0.01842,0.00146,0,0.0099228,0.0033076,0.0099228,0.0033076,0.0099228,0.0033076,0.0099228,0.0033076
678,22823.4,0.11384,0.13649,0.02563,0.06292,0.00193,0,1,1,0.995,0.995,1,1,0.995,0.995,0.04084,0.03802,0.00409,0.01819,0.00146,0,0.0098931,0.0032977,0.0098931,0.0032977,0.0098931,0.0032977,0.0098931,0.0032977
679,22857,0.11362,0.15752,0.02356,0.05812,0.00196,0,1,1,0.995,0.995,1,1,0.995,0.995,0.04001,0.0388,0.00386,0.01795,0.00141,0,0.0098634,0.0032878,0.0098634,0.0032878,0.0098634,0.0032878,0.0098634,0.0032878
680,22890.3,0.11298,0.14667,0.02525,0.05906,0.00184,0,1,1,0.995,0.995,1,1,0.995,0.995,0.04103,0.03997,0.00377,0.01832,0.00151,0,0.0098337,0.0032779,0.0098337,0.0032779,0.0098337,0.0032779,0.0098337,0.0032779
681,22924.2,0.11467,0.13862,0.02689,0.05874,0.00198,0,1,1,0.995,0.995,1,1,0.995,0.995,0.03802,0.03918,0.0037,0.01744,0.00144,0,0.009804,0.003268,0.009804,0.003268,0.009804,0.003268,0.009804,0.003268
682,22958,0.10976,0.13477,0.02433,0.0592,0.00181,0,1,1,0.995,0.995,1,1,0.995,0.995,0.03925,0.03904,0.00373,0.01803,0.00158,0,0.0097743,0.0032581,0.0097743,0.0032581,0.0097743,0.0032581,0.0097743,0.0032581
683,22992,0.11607,0.12922,0.02474,0.06624,0.00201,0,1,1,0.995,0.995,1,1,0.995,0.995,0.04122,0.03845,0.00376,0.01889,0.00155,0,0.0097446,0.0032482,0.0097446,0.0032482,0.0097446,0.0032482,0.0097446,0.0032482
684,23025.8,0.11488,0.13172,0.0241,0.05587,0.00195,0,1,1,0.995,0.995,1,1,0.995,0.995,0.03908,0.0384,0.00382,0.01809,0.00146,0,0.0097149,0.0032383,0.0097149,0.0032383,0.0097149,0.0032383,0.0097149,0.0032383
685,23059.7,0.11636,0.12778,0.02594,0.05785,0.00198,0,1,1,0.995,0.995,1,1,0.995,0.995,0.03799,0.03835,0.00386,0.01765,0.00142,0,0.0096852,0.0032284,0.0096852,0.0032284,0.0096852,0.0032284,0.0096852,0.0032284
686,23093.1,0.11288,0.1368,0.02308,0.05588,0.00188,0,0.99957,1,0.995,0.995,0.99957,1,0.995,0.995,0.03815,0.03825,0.00381,0.02038,0.00149,0,0.0096555,0.0032185,0.0096555,0.0032185,0.0096555,0.0032185,0.0096555,0.0032185
687,23126.6,0.1069,0.13619,0.02343,0.05347,0.0018,0,0.99956,1,0.995,0.995,0.99956,1,0.995,0.995,0.03941,0.03728,0.00391,0.02039,0.00149,0,0.0096258,0.0032086,0.0096258,0.0032086,0.0096258,0.0032086,0.0096258,0.0032086
688,23160,0.11031,0.13714,0.02514,0.04852,0.00179,0,0.99975,0.995,0.995,0.995,0.99975,0.995,0.995,0.995,0.03674,0.03744,0.00401,0.02581,0.00139,0,0.0095961,0.0031987,0.0095961,0.0031987,0.0095961,0.0031987,0.0095961,0.0031987
689,23194,0.11577,0.12635,0.02441,0.0548,0.0018,0,0.99937,1,0.995,0.995,0.99937,1,0.995,0.99484,0.03877,0.03736,0.00403,0.02038,0.00141,0,0.0095664,0.0031888,0.0095664,0.0031888,0.0095664,0.0031888,0.0095664,0.0031888
690,23227.7,0.11173,0.14126,0.02547,0.05098,0.00184,0,1,1,0.995,0.995,1,1,0.995,0.99491,0.03517,0.03712,0.00406,0.01697,0.00135,0,0.0095367,0.0031789,0.0095367,0.0031789,0.0095367,0.0031789,0.0095367,0.0031789
691,23261.3,0.10848,0.13856,0.02473,0.05389,0.00185,0,1,1,0.995,0.995,1,1,0.995,0.99484,0.04344,0.03687,0.00412,0.0189,0.00152,0,0.009507,0.003169,0.009507,0.003169,0.009507,0.003169,0.009507,0.003169
692,23295.3,0.11803,0.14059,0.02452,0.06113,0.00194,0.00114,1,1,0.995,0.995,1,1,0.995,0.99484,0.04616,0.03705,0.00405,0.0196,0.00162,0,0.0094773,0.0031591,0.0094773,0.0031591,0.0094773,0.0031591,0.0094773,0.0031591
693,23328.9,0.0992,0.14738,0.02388,0.05266,0.00173,0,1,1,0.995,0.995,1,1,0.995,0.99481,0.04386,0.03784,0.00402,0.01895,0.00153,0,0.0094476,0.0031492,0.0094476,0.0031492,0.0094476,0.0031492,0.0094476,0.0031492
694,23362.3,0.10659,0.15128,0.0245,0.05715,0.00169,0,1,1,0.995,0.995,1,1,0.995,0.99481,0.03822,0.03709,0.00412,0.01745,0.00139,0,0.0094179,0.0031393,0.0094179,0.0031393,0.0094179,0.0031393,0.0094179,0.0031393
695,23395.7,0.10476,0.13402,0.0239,0.05624,0.00166,0,1,1,0.995,0.995,1,1,0.995,0.99494,0.03565,0.03668,0.0042,0.01625,0.00131,0,0.0093882,0.0031294,0.0093882,0.0031294,0.0093882,0.0031294,0.0093882,0.0031294
696,23429.5,0.10426,0.12549,0.02623,0.05554,0.0018,0,1,1,0.995,0.995,1,1,0.995,0.9948,0.03622,0.03653,0.00418,0.01655,0.00134,0,0.0093585,0.0031195,0.0093585,0.0031195,0.0093585,0.0031195,0.0093585,0.0031195
697,23463.2,0.10519,0.14104,0.0254,0.05821,0.0018,0,1,1,0.995,0.995,1,1,0.995,0.9948,0.03879,0.03613,0.00418,0.01729,0.00142,0,0.0093288,0.0031096,0.0093288,0.0031096,0.0093288,0.0031096,0.0093288,0.0031096
698,23497,0.10371,0.13719,0.0242,0.05328,0.00181,0,1,1,0.995,0.995,1,1,0.995,0.99471,0.03727,0.03594,0.00423,0.0171,0.00141,0,0.0092991,0.0030997,0.0092991,0.0030997,0.0092991,0.0030997,0.0092991,0.0030997
699,23531.4,0.11267,0.12594,0.0247,0.05868,0.00193,0,1,1,0.995,0.995,1,1,0.995,0.99464,0.03677,0.03602,0.00425,0.01714,0.00145,0,0.0092694,0.0030898,0.0092694,0.0030898,0.0092694,0.0030898,0.0092694,0.0030898
700,23565.1,0.10105,0.12094,0.0257,0.05506,0.00176,0,1,1,0.995,0.995,1,1,0.995,0.99481,0.04197,0.03622,0.00409,0.01865,0.00158,0,0.0092397,0.0030799,0.0092397,0.0030799,0.0092397,0.0030799,0.0092397,0.0030799
701,23598.5,0.1114,0.12869,0.02482,0.05808,0.00179,0,1,1,0.995,0.995,1,1,0.995,0.99482,0.03715,0.03598,0.00393,0.01723,0.00135,0,0.00921,0.00307,0.00921,0.00307,0.00921,0.00307,0.00921,0.00307
702,23631.9,0.11131,0.11397,0.0235,0.06578,0.00178,0,1,1,0.995,0.995,1,1,0.995,0.99481,0.03525,0.03608,0.00395,0.01657,0.00126,0,0.0091803,0.0030601,0.0091803,0.0030601,0.0091803,0.0030601,0.0091803,0.0030601
703,23665.6,0.11103,0.11956,0.02351,0.05722,0.00191,0,1,1,0.995,0.995,1,1,0.995,0.99452,0.03958,0.03652,0.00406,0.01785,0.00147,0,0.0091506,0.0030502,0.0091506,0.0030502,0.0091506,0.0030502,0.0091506,0.0030502
704,23699.3,0.10569,0.13698,0.02403,0.05591,0.00181,0,1,1,0.995,0.995,1,1,0.995,0.99481,0.03829,0.03635,0.00407,0.01731,0.00138,0,0.0091209,0.0030403,0.0091209,0.0030403,0.0091209,0.0030403,0.0091209,0.0030403
705,23733.1,0.11096,0.1383,0.02491,0.05457,0.00195,0,1,1,0.995,0.995,1,1,0.995,0.99457,0.03991,0.03645,0.004,0.01753,0.00137,0,0.0090912,0.0030304,0.0090912,0.0030304,0.0090912,0.0030304,0.0090912,0.0030304
706,23767,0.11502,0.13754,0.02549,0.05984,0.0019,0,1,1,0.995,0.995,1,1,0.995,0.99453,0.03514,0.03634,0.00409,0.01605,0.00116,0,0.0090615,0.0030205,0.0090615,0.0030205,0.0090615,0.0030205,0.0090615,0.0030205
707,23800.5,0.10922,0.15159,0.02539,0.06218,0.00177,0,1,1,0.995,0.995,1,1,0.995,0.99464,0.03172,0.03648,0.00416,0.01514,0.00107,0,0.0090318,0.0030106,0.0090318,0.0030106,0.0090318,0.0030106,0.0090318,0.0030106
708,23834.1,0.10815,0.13629,0.02507,0.05834,0.00174,0,1,1,0.995,0.995,1,1,0.995,0.99481,0.02992,0.03658,0.00403,0.01484,0.00102,0,0.0090021,0.0030007,0.0090021,0.0030007,0.0090021,0.0030007,0.0090021,0.0030007
709,23867.6,0.11223,0.13148,0.02391,0.05972,0.00181,0,1,1,0.995,0.995,1,1,0.995,0.995,0.02822,0.03614,0.00377,0.01468,0.00093,0,0.0089724,0.0029908,0.0089724,0.0029908,0.0089724,0.0029908,0.0089724,0.0029908
710,23901.5,0.10476,0.11938,0.02543,0.06063,0.0017,0,1,1,0.995,0.995,1,1,0.995,0.995,0.03031,0.03566,0.00362,0.01543,0.00097,0,0.0089427,0.0029809,0.0089427,0.0029809,0.0089427,0.0029809,0.0089427,0.0029809
711,23935.2,0.10797,0.12938,0.0241,0.05624,0.00179,0,1,1,0.995,0.995,1,1,0.995,0.995,0.03261,0.03577,0.00342,0.01598,0.00111,0,0.008913,0.002971,0.008913,0.002971,0.008913,0.002971,0.008913,0.002971
712,23969,0.10352,0.12768,0.02468,0.05697,0.00171,0,1,1,0.995,0.995,1,1,0.995,0.995,0.03086,0.0357,0.00335,0.01558,0.00114,0,0.0088833,0.0029611,0.0088833,0.0029611,0.0088833,0.0029611,0.0088833,0.0029611
713,24002.9,0.10529,0.1227,0.0253,0.05723,0.0017,0,1,1,0.995,0.995,1,1,0.995,0.995,0.03521,0.03535,0.00342,0.01698,0.0013,0,0.0088536,0.0029512,0.0088536,0.0029512,0.0088536,0.0029512,0.0088536,0.0029512
714,24036.9,0.11131,0.11782,0.02453,0.06127,0.00176,0,1,1,0.995,0.995,1,1,0.995,0.995,0.03363,0.03492,0.0035,0.01651,0.00125,0,0.0088239,0.0029413,0.0088239,0.0029413,0.0088239,0.0029413,0.0088239,0.0029413
715,24070.2,0.1102,0.11278,0.02384,0.05004,0.00185,0,1,1,0.995,0.995,1,1,0.995,0.995,0.03328,0.03521,0.00348,0.01651,0.00123,0,0.0087942,0.0029314,0.0087942,0.0029314,0.0087942,0.0029314,0.0087942,0.0029314
716,24103.7,0.10191,0.13969,0.0231,0.05503,0.00181,0,1,1,0.995,0.995,1,1,0.995,0.995,0.03456,0.03558,0.00356,0.01692,0.00118,0,0.0087645,0.0029215,0.0087645,0.0029215,0.0087645,0.0029215,0.0087645,0.0029215
717,24137.7,0.10611,0.12877,0.02498,0.05674,0.00169,0,1,1,0.995,0.995,1,1,0.995,0.99491,0.03085,0.03595,0.00362,0.01555,0.00116,0,0.0087348,0.0029116,0.0087348,0.0029116,0.0087348,0.0029116,0.0087348,0.0029116
718,24171.8,0.10438,0.12775,0.02338,0.05651,0.00178,0,1,1,0.995,0.995,1,1,0.995,0.99464,0.02648,0.0359,0.00352,0.01395,0.00101,0,0.0087051,0.0029017,0.0087051,0.0029017,0.0087051,0.0029017,0.0087051,0.0029017
719,24205.8,0.10647,0.11781,0.02256,0.05575,0.00178,0,1,1,0.995,0.995,1,1,0.995,0.99493,0.02671,0.03576,0.0034,0.01397,0.001,0,0.0086754,0.0028918,0.0086754,0.0028918,0.0086754,0.0028918,0.0086754,0.0028918
720,24239.8,0.10434,0.12658,0.02346,0.06162,0.00173,0,1,1,0.995,0.995,1,1,0.995,0.99485,0.03013,0.03556,0.00336,0.01503,0.00113,0,0.0086457,0.0028819,0.0086457,0.0028819,0.0086457,0.0028819,0.0086457,0.0028819
721,24273.4,0.10385,0.14036,0.02555,0.06146,0.00172,0,1,1,0.995,0.995,1,1,0.995,0.99479,0.02868,0.03556,0.00326,0.01461,0.0011,0,0.008616,0.002872,0.008616,0.002872,0.008616,0.002872,0.008616,0.002872
722,24306.9,0.09623,0.13285,0.02465,0.06337,0.00157,0,1,1,0.995,0.995,1,1,0.995,0.99465,0.02708,0.03571,0.00318,0.01416,0.00106,0,0.0085863,0.0028621,0.0085863,0.0028621,0.0085863,0.0028621,0.0085863,0.0028621
723,24340.1,0.10659,0.13085,0.02328,0.06423,0.00177,0,1,1,0.995,0.995,1,1,0.995,0.99493,0.02931,0.03593,0.00312,0.01529,0.00112,0,0.0085566,0.0028522,0.0085566,0.0028522,0.0085566,0.0028522,0.0085566,0.0028522
724,24373.9,0.10156,0.11904,0.02264,0.05768,0.00174,0,1,1,0.995,0.995,1,1,0.995,0.99494,0.03051,0.03544,0.00304,0.01514,0.00113,0,0.0085269,0.0028423,0.0085269,0.0028423,0.0085269,0.0028423,0.0085269,0.0028423
725,24407.8,0.10296,0.12007,0.02334,0.06148,0.00175,0,1,1,0.995,0.995,1,1,0.995,0.99493,0.03334,0.03539,0.00299,0.01589,0.00119,0,0.0084972,0.0028324,0.0084972,0.0028324,0.0084972,0.0028324,0.0084972,0.0028324
726,24441.6,0.10822,0.11639,0.02547,0.0617,0.00179,0,1,1,0.995,0.995,1,1,0.995,0.99457,0.03731,0.03525,0.00302,0.01729,0.00126,0,0.0084675,0.0028225,0.0084675,0.0028225,0.0084675,0.0028225,0.0084675,0.0028225
727,24475.7,0.10302,0.12666,0.02487,0.05249,0.00175,0,1,1,0.995,0.995,1,1,0.995,0.99465,0.03831,0.03518,0.00312,0.01786,0.00129,0,0.0084378,0.0028126,0.0084378,0.0028126,0.0084378,0.0028126,0.0084378,0.0028126
728,24509.5,0.09869,0.11734,0.02446,0.05533,0.00163,0,1,1,0.995,0.995,1,1,0.995,0.99481,0.03922,0.03504,0.00312,0.01807,0.00134,0,0.0084081,0.0028027,0.0084081,0.0028027,0.0084081,0.0028027,0.0084081,0.0028027
729,24543.1,0.09726,0.11166,0.02311,0.05003,0.00161,0,1,1,0.995,0.995,1,1,0.995,0.99485,0.04371,0.03508,0.00315,0.01958,0.00148,0,0.0083784,0.0027928,0.0083784,0.0027928,0.0083784,0.0027928,0.0083784,0.0027928
730,24576.5,0.09304,0.1167,0.02156,0.05357,0.0016,0,1,1,0.995,0.995,1,1,0.995,0.9948,0.04598,0.03501,0.00315,0.02013,0.00157,0,0.0083487,0.0027829,0.0083487,0.0027829,0.0083487,0.0027829,0.0083487,0.0027829
731,24610.3,0.10352,0.13082,0.02388,0.0563,0.00169,0,1,1,0.995,0.995,1,1,0.995,0.99479,0.04416,0.03492,0.00311,0.01945,0.00148,0,0.008319,0.002773,0.008319,0.002773,0.008319,0.002773,0.008319,0.002773
732,24644.1,0.09932,0.10882,0.02376,0.05971,0.00161,0,1,1,0.995,0.995,1,1,0.995,0.99465,0.04175,0.03488,0.00306,0.01879,0.00141,0,0.0082893,0.0027631,0.0082893,0.0027631,0.0082893,0.0027631,0.0082893,0.0027631
733,24677.8,0.09425,0.11539,0.02333,0.05123,0.00158,0,1,1,0.995,0.995,1,1,0.995,0.995,0.03962,0.03472,0.00302,0.01819,0.00144,0,0.0082596,0.0027532,0.0082596,0.0027532,0.0082596,0.0027532,0.0082596,0.0027532
734,24711.7,0.10285,0.11796,0.02145,0.05544,0.00177,0,1,1,0.995,0.995,1,1,0.995,0.995,0.04498,0.03512,0.00306,0.01999,0.0016,0,0.0082299,0.0027433,0.0082299,0.0027433,0.0082299,0.0027433,0.0082299,0.0027433
735,24745.6,0.10607,0.11048,0.02329,0.05654,0.00166,0,1,1,0.995,0.995,1,1,0.995,0.995,0.04032,0.035,0.00311,0.01837,0.00148,0,0.0082002,0.0027334,0.0082002,0.0027334,0.0082002,0.0027334,0.0082002,0.0027334
736,24779.2,0.09556,0.12409,0.0231,0.06442,0.00156,0,1,1,0.995,0.995,1,1,0.995,0.995,0.03638,0.03472,0.00314,0.0174,0.00138,0,0.0081705,0.0027235,0.0081705,0.0027235,0.0081705,0.0027235,0.0081705,0.0027235
737,24812.7,0.10099,0.11246,0.02056,0.06019,0.00163,0,1,1,0.995,0.995,1,1,0.995,0.99451,0.03167,0.03474,0.00314,0.01561,0.00131,0,0.0081408,0.0027136,0.0081408,0.0027136,0.0081408,0.0027136,0.0081408,0.0027136
738,24846.4,0.10946,0.11969,0.02298,0.06099,0.00179,0,1,1,0.995,0.995,1,1,0.995,0.995,0.0317,0.03481,0.00304,0.01595,0.00125,0,0.0081111,0.0027037,0.0081111,0.0027037,0.0081111,0.0027037,0.0081111,0.0027037
739,24880.2,0.09432,0.12836,0.02295,0.0589,0.0015,0,1,1,0.995,0.995,1,1,0.995,0.995,0.02999,0.03533,0.00295,0.01539,0.00118,0,0.0080814,0.0026938,0.0080814,0.0026938,0.0080814,0.0026938,0.0080814,0.0026938
740,24913.9,0.08689,0.12417,0.02396,0.04829,0.00148,0,1,1,0.995,0.995,1,1,0.995,0.99451,0.03116,0.03522,0.00286,0.01533,0.00118,0,0.0080517,0.0026839,0.0080517,0.0026839,0.0080517,0.0026839,0.0080517,0.0026839
741,24947.6,0.10126,0.1093,0.02237,0.05771,0.0017,0,1,1,0.995,0.995,1,1,0.995,0.99451,0.0332,0.03533,0.00283,0.01595,0.00118,0,0.008022,0.002674,0.008022,0.002674,0.008022,0.002674,0.008022,0.002674
742,24981.4,0.09695,0.13319,0.02435,0.05443,0.00163,0,1,1,0.995,0.995,1,1,0.995,0.99457,0.02902,0.03551,0.00279,0.01489,0.00113,0,0.0079923,0.0026641,0.0079923,0.0026641,0.0079923,0.0026641,0.0079923,0.0026641
743,25015,0.10301,0.11471,0.02297,0.06686,0.00169,0,0.99966,1,0.995,0.995,0.99966,1,0.995,0.99454,0.03235,0.03576,0.00282,0.01717,0.00122,0,0.0079626,0.0026542,0.0079626,0.0026542,0.0079626,0.0026542,0.0079626,0.0026542
744,25048.2,0.08863,0.1131,0.02275,0.0541,0.00154,0,1,0.99998,0.995,0.995,1,0.99998,0.995,0.99453,0.03449,0.03598,0.0029,0.01825,0.00125,0,0.0079329,0.0026443,0.0079329,0.0026443,0.0079329,0.0026443,0.0079329,0.0026443
745,25081.8,0.09218,0.12325,0.02395,0.0552,0.0016,0,0.99972,1,0.995,0.995,0.99972,1,0.995,0.99453,0.03241,0.03587,0.00295,0.01578,0.00117,0,0.0079032,0.0026344,0.0079032,0.0026344,0.0079032,0.0026344,0.0079032,0.0026344
746,25115.7,0.09805,0.11354,0.02303,0.05828,0.00168,0,0.99974,1,0.995,0.995,0.99974,1,0.995,0.99458,0.03154,0.03564,0.00291,0.01516,0.00121,0,0.0078735,0.0026245,0.0078735,0.0026245,0.0078735,0.0026245,0.0078735,0.0026245
747,25149.4,0.09964,0.09967,0.02233,0.05679,0.00163,0,1,0.99879,0.995,0.995,1,0.99879,0.995,0.99454,0.03199,0.03504,0.00285,0.02002,0.00122,0,0.0078438,0.0026146,0.0078438,0.0026146,0.0078438,0.0026146,0.0078438,0.0026146
748,25183.2,0.09164,0.10874,0.02411,0.05037,0.00159,0,0.999,1,0.995,0.995,0.999,1,0.995,0.99482,0.03483,0.03489,0.00279,0.01966,0.00134,0,0.0078141,0.0026047,0.0078141,0.0026047,0.0078141,0.0026047,0.0078141,0.0026047
749,25217,0.09426,0.11563,0.02353,0.05429,0.00158,0,1,0.9996,0.995,0.995,1,0.9996,0.995,0.99458,0.03169,0.03524,0.00275,0.02104,0.0012,0,0.0077844,0.0025948,0.0077844,0.0025948,0.0077844,0.0025948,0.0077844,0.0025948
750,25250.6,0.09404,0.10714,0.02304,0.04752,0.00154,0,0.99951,1,0.995,0.995,0.99951,1,0.995,0.99482,0.0323,0.03528,0.00273,0.01844,0.00121,0,0.0077547,0.0025849,0.0077547,0.0025849,0.0077547,0.0025849,0.0077547,0.0025849
751,25284,0.08612,0.12093,0.02354,0.05383,0.00148,0,0.99951,1,0.995,0.995,0.99951,1,0.995,0.99457,0.03305,0.03555,0.00282,0.01742,0.00124,0,0.007725,0.002575,0.007725,0.002575,0.007725,0.002575,0.007725,0.002575
752,25317.5,0.09274,0.12138,0.02445,0.05336,0.00149,0,0.99936,1,0.995,0.995,0.99936,1,0.995,0.99457,0.03344,0.03526,0.00289,0.01926,0.00119,0,0.0076953,0.0025651,0.0076953,0.0025651,0.0076953,0.0025651,0.0076953,0.0025651
753,25351.6,0.09018,0.10963,0.02214,0.05042,0.00153,0,0.99943,1,0.995,0.995,0.99943,1,0.995,0.995,0.02979,0.03513,0.00292,0.01828,0.00106,0,0.0076656,0.0025552,0.0076656,0.0025552,0.0076656,0.0025552,0.0076656,0.0025552
754,25385.2,0.08888,0.11909,0.02223,0.04971,0.0015,0,0.9996,1,0.995,0.995,0.9996,1,0.995,0.995,0.02933,0.03491,0.00287,0.0165,0.00106,0,0.0076359,0.0025453,0.0076359,0.0025453,0.0076359,0.0025453,0.0076359,0.0025453
755,25419.3,0.09404,0.10635,0.0232,0.05208,0.00153,0,0.99926,1,0.995,0.995,0.99926,1,0.995,0.99465,0.02672,0.03474,0.00281,0.01871,0.00108,0,0.0076062,0.0025354,0.0076062,0.0025354,0.0076062,0.0025354,0.0076062,0.0025354
756,25453.3,0.09072,0.12571,0.02257,0.05382,0.0015,0,1,0.99923,0.995,0.995,1,0.99923,0.995,0.99466,0.02643,0.0344,0.00276,0.01728,0.0011,0,0.0075765,0.0025255,0.0075765,0.0025255,0.0075765,0.0025255,0.0075765,0.0025255
757,25486.6,0.09727,0.10449,0.02253,0.05063,0.00155,0,1,1,0.995,0.995,1,1,0.995,0.99465,0.02443,0.03449,0.0028,0.0131,0.00102,0,0.0075468,0.0025156,0.0075468,0.0025156,0.0075468,0.0025156,0.0075468,0.0025156
758,25520.5,0.09524,0.10273,0.02274,0.05081,0.00161,0,1,1,0.995,0.995,1,1,0.995,0.99465,0.02429,0.03404,0.00289,0.01324,0.00096,0,0.0075171,0.0025057,0.0075171,0.0025057,0.0075171,0.0025057,0.0075171,0.0025057
759,25554,0.09452,0.09754,0.02105,0.05116,0.00154,0,1,1,0.995,0.995,1,1,0.995,0.99452,0.02781,0.03403,0.00291,0.01422,0.00104,0,0.0074874,0.0024958,0.0074874,0.0024958,0.0074874,0.0024958,0.0074874,0.0024958
760,25587.8,0.09027,0.11437,0.02334,0.05382,0.0015,0,1,1,0.995,0.995,1,1,0.995,0.99454,0.02666,0.03358,0.00296,0.01376,0.00103,0,0.0074577,0.0024859,0.0074577,0.0024859,0.0074577,0.0024859,0.0074577,0.0024859
761,25621.7,0.09802,0.11126,0.02319,0.05557,0.00155,0,1,1,0.995,0.995,1,1,0.995,0.99456,0.02998,0.0334,0.00298,0.01484,0.00106,0,0.007428,0.002476,0.007428,0.002476,0.007428,0.002476,0.007428,0.002476
762,25655.6,0.09428,0.11975,0.02247,0.05442,0.00164,0,1,1,0.995,0.995,1,1,0.995,0.99452,0.02905,0.03343,0.00297,0.01468,0.00105,0,0.0073983,0.0024661,0.0073983,0.0024661,0.0073983,0.0024661,0.0073983,0.0024661
763,25689.6,0.08063,0.12803,0.02264,0.04512,0.00145,0,1,1,0.995,0.995,1,1,0.995,0.99465,0.02913,0.03336,0.00291,0.01472,0.00105,0,0.0073686,0.0024562,0.0073686,0.0024562,0.0073686,0.0024562,0.0073686,0.0024562
764,25723.3,0.0876,0.11466,0.02221,0.05403,0.00156,0,1,1,0.995,0.995,1,1,0.995,0.99452,0.02683,0.03319,0.00282,0.01363,0.001,0,0.0073389,0.0024463,0.0073389,0.0024463,0.0073389,0.0024463,0.0073389,0.0024463
765,25758.2,0.08949,0.11,0.02238,0.05299,0.0015,0,1,1,0.995,0.995,1,1,0.995,0.99452,0.02424,0.03322,0.00281,0.01302,0.00093,0,0.0073092,0.0024364,0.0073092,0.0024364,0.0073092,0.0024364,0.0073092,0.0024364
766,25793.2,0.0873,0.10721,0.02395,0.05276,0.00143,0,1,1,0.995,0.995,1,1,0.995,0.99457,0.02652,0.03324,0.00277,0.01335,0.00101,0,0.0072795,0.0024265,0.0072795,0.0024265,0.0072795,0.0024265,0.0072795,0.0024265
767,25827.8,0.08864,0.10844,0.02157,0.05073,0.00147,0,1,1,0.995,0.995,1,1,0.995,0.99466,0.02672,0.03329,0.00277,0.01352,0.00106,0,0.0072498,0.0024166,0.0072498,0.0024166,0.0072498,0.0024166,0.0072498,0.0024166
768,25862.2,0.08524,0.10779,0.02176,0.04509,0.00149,0,1,1,0.995,0.995,1,1,0.995,0.99482,0.02795,0.03341,0.00282,0.01389,0.00111,0,0.0072201,0.0024067,0.0072201,0.0024067,0.0072201,0.0024067,0.0072201,0.0024067
769,25896.1,0.08622,0.10941,0.02232,0.04721,0.00141,0,1,1,0.995,0.995,1,1,0.995,0.99466,0.02913,0.03337,0.00285,0.01452,0.00115,0,0.0071904,0.0023968,0.0071904,0.0023968,0.0071904,0.0023968,0.0071904,0.0023968
770,25930.1,0.08065,0.11913,0.02165,0.0434,0.00141,0,1,1,0.995,0.995,1,1,0.995,0.99452,0.03232,0.03355,0.00282,0.01544,0.00125,0,0.0071607,0.0023869,0.0071607,0.0023869,0.0071607,0.0023869,0.0071607,0.0023869
771,25963.8,0.08967,0.1032,0.02273,0.05235,0.00154,0,1,1,0.995,0.995,1,1,0.995,0.99481,0.03414,0.03352,0.00278,0.01596,0.00129,0,0.007131,0.002377,0.007131,0.002377,0.007131,0.002377,0.007131,0.002377
772,25997.3,0.09064,0.09484,0.02197,0.04899,0.00151,0,1,1,0.995,0.995,1,1,0.995,0.99481,0.03602,0.0335,0.00276,0.01647,0.00128,0,0.0071013,0.0023671,0.0071013,0.0023671,0.0071013,0.0023671,0.0071013,0.0023671
773,26030.8,0.08856,0.10719,0.0219,0.05037,0.00151,0,1,1,0.995,0.995,1,1,0.995,0.99457,0.0369,0.03348,0.00274,0.01687,0.00137,0,0.0070716,0.0023572,0.0070716,0.0023572,0.0070716,0.0023572,0.0070716,0.0023572
774,26064.7,0.09183,0.0844,0.02094,0.04933,0.00158,0,1,1,0.995,0.995,1,1,0.995,0.99481,0.03922,0.03349,0.0027,0.0177,0.00144,0,0.0070419,0.0023473,0.0070419,0.0023473,0.0070419,0.0023473,0.0070419,0.0023473
775,26098.5,0.08833,0.11241,0.02121,0.04947,0.00142,0,1,1,0.995,0.995,1,1,0.995,0.99457,0.0399,0.03335,0.00268,0.01786,0.00144,0,0.0070122,0.0023374,0.0070122,0.0023374,0.0070122,0.0023374,0.0070122,0.0023374
776,26132.2,0.08153,0.1134,0.02199,0.04574,0.00134,0,1,1,0.995,0.995,1,1,0.995,0.99466,0.03745,0.03313,0.00266,0.01699,0.00137,0,0.0069825,0.0023275,0.0069825,0.0023275,0.0069825,0.0023275,0.0069825,0.0023275
777,26166,0.08872,0.10729,0.02234,0.0521,0.00148,0,1,1,0.995,0.995,1,1,0.995,0.99482,0.03263,0.03298,0.00266,0.01547,0.00122,0,0.0069528,0.0023176,0.0069528,0.0023176,0.0069528,0.0023176,0.0069528,0.0023176
778,26199.6,0.07841,0.10622,0.02163,0.04789,0.00133,0,1,1,0.995,0.995,1,1,0.995,0.99452,0.03522,0.03305,0.00267,0.01617,0.00126,0,0.0069231,0.0023077,0.0069231,0.0023077,0.0069231,0.0023077,0.0069231,0.0023077
779,26232.8,0.08493,0.10606,0.02192,0.04845,0.00144,0,1,1,0.995,0.995,1,1,0.995,0.99457,0.03519,0.03322,0.00268,0.01628,0.00129,0,0.0068934,0.0022978,0.0068934,0.0022978,0.0068934,0.0022978,0.0068934,0.0022978
780,26266.2,0.08578,0.10028,0.02003,0.04761,0.00147,0,1,1,0.995,0.995,1,1,0.995,0.99457,0.03311,0.03297,0.00264,0.01547,0.00125,0,0.0068637,0.0022879,0.0068637,0.0022879,0.0068637,0.0022879,0.0068637,0.0022879
781,26300.2,0.08444,0.10848,0.02154,0.04602,0.0014,0,1,1,0.995,0.995,1,1,0.995,0.99452,0.03317,0.03304,0.0026,0.01586,0.00129,0,0.006834,0.002278,0.006834,0.002278,0.006834,0.002278,0.006834,0.002278
782,26333.9,0.08272,0.10445,0.02077,0.04809,0.0014,0,1,1,0.995,0.995,1,1,0.995,0.99465,0.03204,0.03284,0.00262,0.01544,0.00125,0,0.0068043,0.0022681,0.0068043,0.0022681,0.0068043,0.0022681,0.0068043,0.0022681
783,26368.2,0.08581,0.09335,0.02056,0.04658,0.00138,0,1,1,0.995,0.995,1,1,0.995,0.99466,0.03129,0.03299,0.00266,0.01507,0.00124,0,0.0067746,0.0022582,0.0067746,0.0022582,0.0067746,0.0022582,0.0067746,0.0022582
784,26402.6,0.08514,0.08792,0.02118,0.04595,0.00145,0,1,1,0.995,0.995,1,1,0.995,0.99465,0.03309,0.03295,0.0027,0.01565,0.00129,0,0.0067449,0.0022483,0.0067449,0.0022483,0.0067449,0.0022483,0.0067449,0.0022483
785,26436.4,0.08715,0.10136,0.02173,0.04982,0.00143,0,1,1,0.995,0.995,1,1,0.995,0.99465,0.03065,0.03272,0.00268,0.01478,0.00123,0,0.0067152,0.0022384,0.0067152,0.0022384,0.0067152,0.0022384,0.0067152,0.0022384
786,26469.9,0.08162,0.09285,0.0216,0.04416,0.00134,0,1,1,0.995,0.995,1,1,0.995,0.99452,0.02696,0.03258,0.00261,0.01346,0.00113,0,0.0066855,0.0022285,0.0066855,0.0022285,0.0066855,0.0022285,0.0066855,0.0022285
787,26503.2,0.07896,0.12424,0.02329,0.052,0.0013,0,1,1,0.995,0.995,1,1,0.995,0.99452,0.02569,0.03257,0.00256,0.01311,0.00107,0,0.0066558,0.0022186,0.0066558,0.0022186,0.0066558,0.0022186,0.0066558,0.0022186
788,26537,0.08239,0.09052,0.02028,0.04775,0.00137,0,1,1,0.995,0.995,1,1,0.995,0.99463,0.02611,0.03252,0.00254,0.01309,0.00104,0,0.0066261,0.0022087,0.0066261,0.0022087,0.0066261,0.0022087,0.0066261,0.0022087
789,26570.8,0.08129,0.10836,0.02085,0.04009,0.00142,0,1,1,0.995,0.995,1,1,0.995,0.99452,0.02774,0.03264,0.00255,0.01344,0.00107,0,0.0065964,0.0021988,0.0065964,0.0021988,0.0065964,0.0021988,0.0065964,0.0021988
790,26604.9,0.08149,0.11002,0.02154,0.047,0.00133,0,1,1,0.995,0.995,1,1,0.995,0.99452,0.02749,0.03266,0.00259,0.01352,0.00109,0,0.0065667,0.0021889,0.0065667,0.0021889,0.0065667,0.0021889,0.0065667,0.0021889
791,26638.8,0.08362,0.10844,0.02192,0.04547,0.00137,0,1,1,0.995,0.995,1,1,0.995,0.9945,0.0257,0.03273,0.00263,0.01303,0.00103,0,0.006537,0.002179,0.006537,0.002179,0.006537,0.002179,0.006537,0.002179
792,26672.5,0.08049,0.10459,0.02143,0.04981,0.00133,0,1,1,0.995,0.995,1,1,0.995,0.995,0.02406,0.03268,0.00264,0.01215,0.00092,0,0.0065073,0.0021691,0.0065073,0.0021691,0.0065073,0.0021691,0.0065073,0.0021691
793,26706.2,0.08192,0.09837,0.02099,0.04987,0.00133,0,1,1,0.995,0.995,1,1,0.995,0.99465,0.02467,0.03268,0.00261,0.01199,0.00091,0,0.0064776,0.0021592,0.0064776,0.0021592,0.0064776,0.0021592,0.0064776,0.0021592
794,26739.5,0.07848,0.09078,0.0209,0.04572,0.00133,0,1,1,0.995,0.995,1,1,0.995,0.99452,0.02628,0.03261,0.00259,0.01229,0.00094,0,0.0064479,0.0021493,0.0064479,0.0021493,0.0064479,0.0021493,0.0064479,0.0021493
795,26773,0.08403,0.08847,0.02118,0.04759,0.00135,0,1,1,0.995,0.995,1,1,0.995,0.99452,0.02719,0.03255,0.00258,0.01255,0.00095,0,0.0064182,0.0021394,0.0064182,0.0021394,0.0064182,0.0021394,0.0064182,0.0021394
796,26807,0.08173,0.08795,0.02018,0.04415,0.00139,0,1,1,0.995,0.995,1,1,0.995,0.9945,0.02712,0.03242,0.00259,0.01286,0.00101,0,0.0063885,0.0021295,0.0063885,0.0021295,0.0063885,0.0021295,0.0063885,0.0021295
797,26840.6,0.074,0.1047,0.02037,0.04247,0.00133,0,1,1,0.995,0.995,1,1,0.995,0.99452,0.02701,0.03238,0.00257,0.01281,0.00101,0,0.0063588,0.0021196,0.0063588,0.0021196,0.0063588,0.0021196,0.0063588,0.0021196
798,26874.6,0.07736,0.0934,0.02013,0.04398,0.00135,0,1,1,0.995,0.995,1,1,0.995,0.99457,0.02849,0.03251,0.00258,0.01309,0.00104,0,0.0063291,0.0021097,0.0063291,0.0021097,0.0063291,0.0021097,0.0063291,0.0021097
799,26908.7,0.07402,0.09074,0.02141,0.04052,0.00121,0,1,1,0.995,0.995,1,1,0.995,0.9945,0.02483,0.0325,0.0026,0.01215,0.00091,0,0.0062994,0.0020998,0.0062994,0.0020998,0.0062994,0.0020998,0.0062994,0.0020998
800,26942.3,0.0765,0.104,0.0209,0.04528,0.00127,0,1,1,0.995,0.995,1,1,0.995,0.99451,0.02382,0.03232,0.0026,0.01186,0.00089,0,0.0062697,0.0020899,0.0062697,0.0020899,0.0062697,0.0020899,0.0062697,0.0020899
801,26975.7,0.07902,0.0959,0.02091,0.04645,0.00127,0,1,1,0.995,0.995,1,1,0.995,0.99452,0.02444,0.03224,0.00258,0.01198,0.00091,0,0.00624,0.00208,0.00624,0.00208,0.00624,0.00208,0.00624,0.00208
802,27009.5,0.07234,0.09614,0.02186,0.03939,0.00128,0,1,1,0.995,0.995,1,1,0.995,0.9945,0.02353,0.03196,0.00249,0.0117,0.00085,0,0.0062103,0.0020701,0.0062103,0.0020701,0.0062103,0.0020701,0.0062103,0.0020701
803,27043.5,0.0776,0.0913,0.02071,0.04997,0.00133,0,1,1,0.995,0.995,1,1,0.995,0.99451,0.02453,0.03206,0.00248,0.01182,0.00082,0,0.0061806,0.0020602,0.0061806,0.0020602,0.0061806,0.0020602,0.0061806,0.0020602
804,27077.2,0.07495,0.09247,0.0211,0.04291,0.00128,0,1,1,0.995,0.995,1,1,0.995,0.99451,0.02502,0.03213,0.00255,0.01184,0.00081,0,0.0061509,0.0020503,0.0061509,0.0020503,0.0061509,0.0020503,0.0061509,0.0020503
805,27111.1,0.08067,0.07945,0.0203,0.0454,0.00129,0,1,1,0.995,0.995,1,1,0.995,0.99451,0.02489,0.03189,0.00261,0.01189,0.0008,0,0.0061212,0.0020404,0.0061212,0.0020404,0.0061212,0.0020404,0.0061212,0.0020404
806,27145,0.07856,0.09448,0.01923,0.04793,0.00133,0,1,1,0.995,0.995,1,1,0.995,0.99452,0.02731,0.0318,0.00262,0.01256,0.00087,0,0.0060915,0.0020305,0.0060915,0.0020305,0.0060915,0.0020305,0.0060915,0.0020305
807,27178.6,0.076,0.09294,0.02137,0.04489,0.00127,0,1,1,0.995,0.995,1,1,0.995,0.99451,0.02837,0.03179,0.00262,0.01299,0.00093,0,0.0060618,0.0020206,0.0060618,0.0020206,0.0060618,0.0020206,0.0060618,0.0020206
808,27212.1,0.07181,0.09801,0.02097,0.04433,0.00118,0,1,1,0.995,0.995,1,1,0.995,0.99452,0.02902,0.03183,0.00258,0.01324,0.00095,0,0.0060321,0.0020107,0.0060321,0.0020107,0.0060321,0.0020107,0.0060321,0.0020107
809,27245.7,0.07618,0.09947,0.02126,0.04615,0.00126,0,1,1,0.995,0.995,1,1,0.995,0.99451,0.02842,0.03199,0.00255,0.01299,0.00097,0,0.0060024,0.0020008,0.0060024,0.0020008,0.0060024,0.0020008,0.0060024,0.0020008
810,27279.6,0.07205,0.10541,0.02335,0.04313,0.00116,0,1,1,0.995,0.995,1,1,0.995,0.99451,0.02762,0.03211,0.0026,0.01303,0.0009,0,0.0059727,0.0019909,0.0059727,0.0019909,0.0059727,0.0019909,0.0059727,0.0019909
811,27313.4,0.07408,0.09704,0.02084,0.04477,0.00114,0,1,1,0.995,0.995,1,1,0.995,0.99465,0.02659,0.03212,0.00263,0.01245,0.0009,0,0.005943,0.001981,0.005943,0.001981,0.005943,0.001981,0.005943,0.001981
812,27347.3,0.07287,0.09864,0.01974,0.04359,0.00124,0,1,1,0.995,0.995,1,1,0.995,0.99465,0.0258,0.03207,0.0026,0.01233,0.00089,0,0.0059133,0.0019711,0.0059133,0.0019711,0.0059133,0.0019711,0.0059133,0.0019711
813,27381,0.07452,0.09858,0.01947,0.04573,0.00118,0,1,1,0.995,0.995,1,1,0.995,0.9945,0.02874,0.03217,0.00259,0.01308,0.00099,0,0.0058836,0.0019612,0.0058836,0.0019612,0.0058836,0.0019612,0.0058836,0.0019612
814,27414.4,0.07319,0.10121,0.02014,0.04958,0.00121,0,1,1,0.995,0.995,1,1,0.995,0.99465,0.02844,0.0321,0.00257,0.01295,0.00099,0,0.0058539,0.0019513,0.0058539,0.0019513,0.0058539,0.0019513,0.0058539,0.0019513
815,27447.8,0.0784,0.1084,0.02138,0.04938,0.00126,0,1,1,0.995,0.995,1,1,0.995,0.99452,0.02773,0.03205,0.00256,0.01259,0.00097,0,0.0058242,0.0019414,0.0058242,0.0019414,0.0058242,0.0019414,0.0058242,0.0019414
816,27481.4,0.07257,0.0966,0.02113,0.04565,0.00125,0,1,1,0.995,0.995,1,1,0.995,0.99451,0.02571,0.03199,0.00253,0.01211,0.00093,0,0.0057945,0.0019315,0.0057945,0.0019315,0.0057945,0.0019315,0.0057945,0.0019315
817,27515.2,0.07464,0.08018,0.02014,0.04607,0.00119,0,1,1,0.995,0.995,1,1,0.995,0.9945,0.02567,0.03191,0.00249,0.01205,0.00091,0,0.0057648,0.0019216,0.0057648,0.0019216,0.0057648,0.0019216,0.0057648,0.0019216
818,27548.9,0.07305,0.09572,0.02073,0.04449,0.00117,0,1,1,0.995,0.995,1,1,0.995,0.99452,0.02465,0.03197,0.00243,0.01179,0.00089,0,0.0057351,0.0019117,0.0057351,0.0019117,0.0057351,0.0019117,0.0057351,0.0019117
819,27583,0.07116,0.08929,0.02341,0.04372,0.00127,0,1,1,0.995,0.995,1,1,0.995,0.99452,0.02645,0.03201,0.00241,0.01268,0.00101,0,0.0057054,0.0019018,0.0057054,0.0019018,0.0057054,0.0019018,0.0057054,0.0019018
820,27616.8,0.068,0.09503,0.02014,0.04365,0.00114,0,1,1,0.995,0.995,1,1,0.995,0.99452,0.02529,0.03205,0.00241,0.01229,0.00097,0,0.0056757,0.0018919,0.0056757,0.0018919,0.0056757,0.0018919,0.0056757,0.0018919
821,27650.2,0.06698,0.08706,0.02015,0.04321,0.00114,0,1,1,0.995,0.995,1,1,0.995,0.99456,0.02532,0.03193,0.00241,0.01235,0.00096,0,0.005646,0.001882,0.005646,0.001882,0.005646,0.001882,0.005646,0.001882
822,27683.5,0.07164,0.1113,0.02178,0.04811,0.00118,0,1,1,0.995,0.995,1,1,0.995,0.99452,0.02565,0.03213,0.00239,0.01233,0.00098,0,0.0056163,0.0018721,0.0056163,0.0018721,0.0056163,0.0018721,0.0056163,0.0018721
823,27717.4,0.07066,0.08431,0.02037,0.0444,0.0012,0,1,1,0.995,0.995,1,1,0.995,0.99465,0.02317,0.03199,0.00238,0.01161,0.00092,0,0.0055866,0.0018622,0.0055866,0.0018622,0.0055866,0.0018622,0.0055866,0.0018622
824,27754.1,0.07452,0.08808,0.02037,0.04802,0.00118,0,1,1,0.995,0.995,1,1,0.995,0.99452,0.02537,0.03206,0.00239,0.0119,0.00094,0,0.0055569,0.0018523,0.0055569,0.0018523,0.0055569,0.0018523,0.0055569,0.0018523
825,27788.1,0.06925,0.11548,0.02032,0.04928,0.00113,0,1,1,0.995,0.995,1,1,0.995,0.99452,0.02577,0.0321,0.00239,0.01213,0.00098,0,0.0055272,0.0018424,0.0055272,0.0018424,0.0055272,0.0018424,0.0055272,0.0018424
826,27822.4,0.06856,0.10036,0.0213,0.04105,0.00112,0,1,1,0.995,0.995,1,1,0.995,0.99452,0.02609,0.03204,0.00238,0.01231,0.00097,0,0.0054975,0.0018325,0.0054975,0.0018325,0.0054975,0.0018325,0.0054975,0.0018325
827,27856.5,0.06923,0.10123,0.02094,0.044,0.00117,0,1,1,0.995,0.995,1,1,0.995,0.99465,0.02684,0.03189,0.00236,0.0125,0.00099,0,0.0054678,0.0018226,0.0054678,0.0018226,0.0054678,0.0018226,0.0054678,0.0018226
828,27890.3,0.06642,0.09519,0.02178,0.04472,0.00113,0,1,1,0.995,0.995,1,1,0.995,0.99452,0.02721,0.03194,0.00235,0.0123,0.00097,0,0.0054381,0.0018127,0.0054381,0.0018127,0.0054381,0.0018127,0.0054381,0.0018127
829,27923.8,0.07275,0.10407,0.02107,0.04356,0.00117,0,1,1,0.995,0.995,1,1,0.995,0.99456,0.02738,0.0321,0.00234,0.01243,0.00101,0,0.0054084,0.0018028,0.0054084,0.0018028,0.0054084,0.0018028,0.0054084,0.0018028
830,27957.8,0.07143,0.09579,0.0195,0.04163,0.00119,0,1,1,0.995,0.995,1,1,0.995,0.99452,0.02798,0.03188,0.00235,0.01267,0.00103,0,0.0053787,0.0017929,0.0053787,0.0017929,0.0053787,0.0017929,0.0053787,0.0017929
831,27991.7,0.06942,0.09508,0.01898,0.04482,0.00117,0,1,1,0.995,0.995,1,1,0.995,0.99452,0.0253,0.03186,0.00238,0.012,0.00098,0,0.005349,0.001783,0.005349,0.001783,0.005349,0.001783,0.005349,0.001783
832,28025.4,0.06736,0.09489,0.02218,0.04217,0.00114,0,1,1,0.995,0.995,1,1,0.995,0.99482,0.0235,0.03178,0.00243,0.01136,0.0009,0,0.0053193,0.0017731,0.0053193,0.0017731,0.0053193,0.0017731,0.0053193,0.0017731
833,28059.4,0.06749,0.08592,0.01823,0.03988,0.00115,0,1,1,0.995,0.995,1,1,0.995,0.99482,0.02343,0.03177,0.00246,0.01127,0.00087,0,0.0052896,0.0017632,0.0052896,0.0017632,0.0052896,0.0017632,0.0052896,0.0017632
834,28093.5,0.07191,0.0873,0.0214,0.04162,0.00118,0,1,1,0.995,0.995,1,1,0.995,0.99482,0.02353,0.03182,0.00248,0.01141,0.00091,0,0.0052599,0.0017533,0.0052599,0.0017533,0.0052599,0.0017533,0.0052599,0.0017533
835,28127.1,0.07148,0.079,0.01869,0.04589,0.00117,0,1,1,0.995,0.995,1,1,0.995,0.99457,0.02194,0.0318,0.00246,0.01114,0.0009,0,0.0052302,0.0017434,0.0052302,0.0017434,0.0052302,0.0017434,0.0052302,0.0017434
836,28160.5,0.06908,0.09186,0.01961,0.04191,0.00119,0,1,1,0.995,0.995,1,1,0.995,0.99452,0.0222,0.03179,0.00244,0.01146,0.00095,0,0.0052005,0.0017335,0.0052005,0.0017335,0.0052005,0.0017335,0.0052005,0.0017335
837,28194,0.06536,0.08,0.0194,0.04142,0.00106,0,1,1,0.995,0.995,1,1,0.995,0.995,0.02146,0.03178,0.00242,0.0113,0.0009,0,0.0051708,0.0017236,0.0051708,0.0017236,0.0051708,0.0017236,0.0051708,0.0017236
838,28228.1,0.06684,0.09708,0.02001,0.04121,0.0011,0,1,1,0.995,0.995,1,1,0.995,0.995,0.02216,0.03172,0.00242,0.01145,0.00092,0,0.0051411,0.0017137,0.0051411,0.0017137,0.0051411,0.0017137,0.0051411,0.0017137
839,28262,0.06929,0.08774,0.01886,0.04004,0.00121,0,1,1,0.995,0.995,1,1,0.995,0.995,0.02204,0.03174,0.00243,0.01159,0.00094,0,0.0051114,0.0017038,0.0051114,0.0017038,0.0051114,0.0017038,0.0051114,0.0017038
840,28296.3,0.06715,0.08279,0.01988,0.04604,0.00114,0,1,1,0.995,0.995,1,1,0.995,0.995,0.02304,0.03165,0.00247,0.01179,0.00096,0,0.0050817,0.0016939,0.0050817,0.0016939,0.0050817,0.0016939,0.0050817,0.0016939
841,28330.2,0.066,0.0962,0.01889,0.04118,0.0011,0,1,1,0.995,0.995,1,1,0.995,0.995,0.02276,0.03173,0.00252,0.01164,0.00097,0,0.005052,0.001684,0.005052,0.001684,0.005052,0.001684,0.005052,0.001684
842,28364.2,0.06767,0.10374,0.02009,0.04328,0.00111,0,1,1,0.995,0.995,1,1,0.995,0.995,0.02184,0.03158,0.00253,0.01135,0.00094,0,0.0050223,0.0016741,0.0050223,0.0016741,0.0050223,0.0016741,0.0050223,0.0016741
843,28397.7,0.06055,0.08573,0.01974,0.03894,0.0011,0,1,1,0.995,0.995,1,1,0.995,0.995,0.02203,0.03152,0.00248,0.01143,0.00097,0,0.0049926,0.0016642,0.0049926,0.0016642,0.0049926,0.0016642,0.0049926,0.0016642
844,28431.3,0.06641,0.09588,0.01844,0.04302,0.00112,0,1,1,0.995,0.995,1,1,0.995,0.995,0.02164,0.03143,0.0024,0.0112,0.00091,0,0.0049629,0.0016543,0.0049629,0.0016543,0.0049629,0.0016543,0.0049629,0.0016543
845,28465.4,0.06434,0.10204,0.01894,0.03679,0.001,0,1,1,0.995,0.995,1,1,0.995,0.995,0.02289,0.0313,0.00236,0.0114,0.00095,0,0.0049332,0.0016444,0.0049332,0.0016444,0.0049332,0.0016444,0.0049332,0.0016444
846,28499.1,0.06342,0.10063,0.0208,0.04054,0.00108,0,1,1,0.995,0.995,1,1,0.995,0.995,0.02425,0.03121,0.00236,0.01152,0.00095,0,0.0049035,0.0016345,0.0049035,0.0016345,0.0049035,0.0016345,0.0049035,0.0016345
847,28533.2,0.06295,0.08419,0.02094,0.04385,0.00108,0,1,1,0.995,0.995,1,1,0.995,0.995,0.02461,0.03121,0.00233,0.0117,0.00099,0,0.0048738,0.0016246,0.0048738,0.0016246,0.0048738,0.0016246,0.0048738,0.0016246
848,28567.2,0.06024,0.09716,0.0187,0.03468,0.001,0,1,1,0.995,0.995,1,1,0.995,0.995,0.02406,0.03118,0.00233,0.01159,0.00097,0,0.0048441,0.0016147,0.0048441,0.0016147,0.0048441,0.0016147,0.0048441,0.0016147
849,28601.7,0.06333,0.08167,0.02008,0.03967,0.00103,0,1,1,0.995,0.995,1,1,0.995,0.995,0.02459,0.03112,0.00231,0.01167,0.00098,0,0.0048144,0.0016048,0.0048144,0.0016048,0.0048144,0.0016048,0.0048144,0.0016048
850,28635.4,0.06521,0.07726,0.02046,0.04348,0.00108,0,1,1,0.995,0.995,1,1,0.995,0.995,0.02417,0.03101,0.0023,0.01173,0.00099,0,0.0047847,0.0015949,0.0047847,0.0015949,0.0047847,0.0015949,0.0047847,0.0015949
851,28668.9,0.06546,0.08121,0.01971,0.04217,0.00103,0,1,1,0.995,0.995,1,1,0.995,0.995,0.02388,0.03105,0.00231,0.0117,0.00098,0,0.004755,0.001585,0.004755,0.001585,0.004755,0.001585,0.004755,0.001585
852,28703,0.06677,0.0884,0.01914,0.04041,0.00112,0,1,1,0.995,0.995,1,1,0.995,0.995,0.02392,0.03111,0.00231,0.01166,0.00098,0,0.0047253,0.0015751,0.0047253,0.0015751,0.0047253,0.0015751,0.0047253,0.0015751
853,28736.8,0.06346,0.0825,0.02045,0.04127,0.00105,0,1,1,0.995,0.995,1,1,0.995,0.995,0.02318,0.03108,0.00229,0.01139,0.00094,0,0.0046956,0.0015652,0.0046956,0.0015652,0.0046956,0.0015652,0.0046956,0.0015652
854,28770.8,0.06511,0.08113,0.02089,0.04447,0.00105,0,1,1,0.995,0.995,1,1,0.995,0.995,0.02463,0.03114,0.00227,0.01173,0.00099,0,0.0046659,0.0015553,0.0046659,0.0015553,0.0046659,0.0015553,0.0046659,0.0015553
855,28804.7,0.0592,0.07993,0.02004,0.04157,0.00104,0,1,1,0.995,0.995,1,1,0.995,0.995,0.02597,0.03107,0.00225,0.01207,0.00104,0,0.0046362,0.0015454,0.0046362,0.0015454,0.0046362,0.0015454,0.0046362,0.0015454
856,28838.3,0.05984,0.08515,0.02075,0.03877,0.00101,0,1,1,0.995,0.995,1,1,0.995,0.995,0.0252,0.031,0.00223,0.0119,0.00101,0,0.0046065,0.0015355,0.0046065,0.0015355,0.0046065,0.0015355,0.0046065,0.0015355
857,28872,0.0634,0.09858,0.0178,0.04494,0.00108,0,1,1,0.995,0.995,1,1,0.995,0.995,0.02429,0.0309,0.0022,0.01165,0.00097,0,0.0045768,0.0015256,0.0045768,0.0015256,0.0045768,0.0015256,0.0045768,0.0015256
858,28905.5,0.06124,0.08963,0.01726,0.04474,0.00111,0,1,1,0.995,0.995,1,1,0.995,0.995,0.02404,0.03085,0.00219,0.01156,0.00097,0,0.0045471,0.0015157,0.0045471,0.0015157,0.0045471,0.0015157,0.0045471,0.0015157
859,28939.5,0.05997,0.07845,0.01938,0.04379,0.00106,0,1,1,0.995,0.995,1,1,0.995,0.995,0.02424,0.03079,0.00217,0.01161,0.00096,0,0.0045174,0.0015058,0.0045174,0.0015058,0.0045174,0.0015058,0.0045174,0.0015058
860,28973.5,0.06215,0.07359,0.01923,0.03522,0.00102,0,1,1,0.995,0.995,1,1,0.995,0.995,0.02609,0.03076,0.00215,0.01199,0.00099,0,0.0044877,0.0014959,0.0044877,0.0014959,0.0044877,0.0014959,0.0044877,0.0014959
861,29007.5,0.05947,0.07574,0.01881,0.03695,0.00102,0,1,1,0.995,0.995,1,1,0.995,0.995,0.02738,0.03075,0.00213,0.01229,0.00103,0,0.004458,0.001486,0.004458,0.001486,0.004458,0.001486,0.004458,0.001486
862,29041.5,0.05745,0.08867,0.01752,0.03695,0.00102,0,1,1,0.995,0.995,1,1,0.995,0.995,0.02625,0.03084,0.00215,0.01193,0.00099,0,0.0044283,0.0014761,0.0044283,0.0014761,0.0044283,0.0014761,0.0044283,0.0014761
863,29075.2,0.05898,0.09348,0.02065,0.04071,0.00097,0,1,1,0.995,0.995,1,1,0.995,0.995,0.0264,0.03071,0.00216,0.01169,0.00093,0,0.0043986,0.0014662,0.0043986,0.0014662,0.0043986,0.0014662,0.0043986,0.0014662
864,29108.7,0.06167,0.08957,0.02027,0.0407,0.001,0,1,1,0.995,0.995,1,1,0.995,0.995,0.02604,0.0308,0.00221,0.01159,0.00094,0,0.0043689,0.0014563,0.0043689,0.0014563,0.0043689,0.0014563,0.0043689,0.0014563
865,29143.1,0.05519,0.08139,0.0195,0.03434,0.00098,0,1,1,0.995,0.995,1,1,0.995,0.995,0.02623,0.0308,0.00226,0.01166,0.00095,0,0.0043392,0.0014464,0.0043392,0.0014464,0.0043392,0.0014464,0.0043392,0.0014464
866,29177.1,0.05859,0.08122,0.02011,0.04122,0.00097,0,1,1,0.995,0.995,1,1,0.995,0.995,0.02512,0.03066,0.00228,0.01134,0.00089,0,0.0043095,0.0014365,0.0043095,0.0014365,0.0043095,0.0014365,0.0043095,0.0014365
867,29211,0.05768,0.08769,0.01862,0.04318,0.00097,0,1,1,0.995,0.995,1,1,0.995,0.995,0.02564,0.03059,0.00226,0.01155,0.00092,0,0.0042798,0.0014266,0.0042798,0.0014266,0.0042798,0.0014266,0.0042798,0.0014266
868,29244.9,0.05805,0.08371,0.02058,0.03997,0.001,0,1,1,0.995,0.995,1,1,0.995,0.995,0.02873,0.03062,0.00225,0.01218,0.00095,0,0.0042501,0.0014167,0.0042501,0.0014167,0.0042501,0.0014167,0.0042501,0.0014167
869,29279,0.05944,0.07526,0.01875,0.03821,0.00097,0,1,1,0.995,0.995,1,1,0.995,0.995,0.02845,0.03062,0.00225,0.0123,0.00098,0,0.0042204,0.0014068,0.0042204,0.0014068,0.0042204,0.0014068,0.0042204,0.0014068
870,29313.1,0.05633,0.08197,0.01866,0.03653,0.00091,0,1,1,0.995,0.995,1,1,0.995,0.995,0.02651,0.0306,0.00226,0.01189,0.00095,0,0.0041907,0.0013969,0.0041907,0.0013969,0.0041907,0.0013969,0.0041907,0.0013969
871,29346.7,0.05711,0.10594,0.01741,0.03648,0.00101,0,1,1,0.995,0.995,1,1,0.995,0.99452,0.02623,0.03073,0.00226,0.01193,0.00099,0,0.004161,0.001387,0.004161,0.001387,0.004161,0.001387,0.004161,0.001387
872,29380.1,0.05472,0.07718,0.01861,0.03915,0.00099,0,1,1,0.995,0.995,1,1,0.995,0.99453,0.02609,0.03064,0.00227,0.01195,0.001,0,0.0041313,0.0013771,0.0041313,0.0013771,0.0041313,0.0013771,0.0041313,0.0013771
873,29414.1,0.06005,0.08358,0.0206,0.03463,0.00097,0,1,1,0.995,0.995,1,1,0.995,0.99453,0.02541,0.03082,0.00226,0.0116,0.00096,0,0.0041016,0.0013672,0.0041016,0.0013672,0.0041016,0.0013672,0.0041016,0.0013672
874,29447.9,0.05614,0.08766,0.02,0.03984,0.00094,0,1,1,0.995,0.995,1,1,0.995,0.99455,0.02704,0.03079,0.00226,0.0121,0.00099,0,0.0040719,0.0013573,0.0040719,0.0013573,0.0040719,0.0013573,0.0040719,0.0013573
875,29481.9,0.05632,0.07313,0.01801,0.03849,0.00096,0,1,1,0.995,0.995,1,1,0.995,0.99457,0.02532,0.03064,0.00224,0.01167,0.00095,0,0.0040422,0.0013474,0.0040422,0.0013474,0.0040422,0.0013474,0.0040422,0.0013474
876,29515.7,0.05529,0.08968,0.01847,0.03413,0.00095,0,1,1,0.995,0.995,1,1,0.995,0.99453,0.02542,0.03075,0.00224,0.01219,0.00095,0,0.0040125,0.0013375,0.0040125,0.0013375,0.0040125,0.0013375,0.0040125,0.0013375
877,29549.6,0.05843,0.08807,0.02025,0.03555,0.00092,0,1,1,0.995,0.995,1,1,0.995,0.99453,0.02519,0.03091,0.00223,0.01204,0.00093,0,0.0039828,0.0013276,0.0039828,0.0013276,0.0039828,0.0013276,0.0039828,0.0013276
878,29583.2,0.05382,0.09103,0.0195,0.04062,0.00092,0,1,1,0.995,0.995,1,1,0.995,0.99453,0.026,0.03095,0.00222,0.01216,0.00095,0,0.0039531,0.0013177,0.0039531,0.0013177,0.0039531,0.0013177,0.0039531,0.0013177
879,29616.7,0.05164,0.07973,0.01859,0.0341,0.0009,0,1,1,0.995,0.995,1,1,0.995,0.99453,0.02616,0.03084,0.00221,0.01217,0.00097,0,0.0039234,0.0013078,0.0039234,0.0013078,0.0039234,0.0013078,0.0039234,0.0013078
880,29650.6,0.05228,0.07677,0.01949,0.03897,0.00092,0,1,1,0.995,0.995,1,1,0.995,0.99455,0.02721,0.03075,0.00221,0.01234,0.00099,0,0.0038937,0.0012979,0.0038937,0.0012979,0.0038937,0.0012979,0.0038937,0.0012979
881,29684.5,0.05565,0.0745,0.01976,0.03747,0.00089,0,1,1,0.995,0.995,1,1,0.995,0.99457,0.02691,0.03075,0.00222,0.01204,0.00099,0,0.003864,0.001288,0.003864,0.001288,0.003864,0.001288,0.003864,0.001288
882,29718.4,0.05317,0.0775,0.01786,0.04174,0.00093,0,1,1,0.995,0.995,1,1,0.995,0.99453,0.02644,0.03078,0.00224,0.01219,0.001,0,0.0038343,0.0012781,0.0038343,0.0012781,0.0038343,0.0012781,0.0038343,0.0012781
883,29752.6,0.05456,0.07121,0.01878,0.03305,0.00093,0,1,1,0.995,0.995,1,1,0.995,0.99453,0.02654,0.03074,0.00225,0.0123,0.00102,0,0.0038046,0.0012682,0.0038046,0.0012682,0.0038046,0.0012682,0.0038046,0.0012682
884,29786.3,0.05334,0.07786,0.01844,0.03595,0.00091,0,1,1,0.995,0.995,1,1,0.995,0.99455,0.02639,0.03076,0.00225,0.01228,0.00102,0,0.0037749,0.0012583,0.0037749,0.0012583,0.0037749,0.0012583,0.0037749,0.0012583
885,29819.8,0.05158,0.08005,0.01782,0.03614,0.00089,0,1,1,0.995,0.995,1,1,0.995,0.99453,0.0267,0.03071,0.00223,0.01211,0.001,0,0.0037452,0.0012484,0.0037452,0.0012484,0.0037452,0.0012484,0.0037452,0.0012484
886,29853.5,0.05161,0.08219,0.01819,0.03629,0.00087,0,1,1,0.995,0.995,1,1,0.995,0.99453,0.02551,0.03058,0.00223,0.01165,0.00094,0,0.0037155,0.0012385,0.0037155,0.0012385,0.0037155,0.0012385,0.0037155,0.0012385
887,29887.2,0.0558,0.07706,0.01808,0.03943,0.00088,0,1,1,0.995,0.995,1,1,0.995,0.99453,0.02622,0.03054,0.00225,0.01189,0.00097,0,0.0036858,0.0012286,0.0036858,0.0012286,0.0036858,0.0012286,0.0036858,0.0012286
888,29921.4,0.05127,0.07565,0.01862,0.03855,0.0009,0,1,1,0.995,0.995,1,1,0.995,0.99456,0.02558,0.03059,0.00227,0.01186,0.00098,0,0.0036561,0.0012187,0.0036561,0.0012187,0.0036561,0.0012187,0.0036561,0.0012187
889,29955,0.05224,0.07103,0.01821,0.03418,0.00088,0,1,1,0.995,0.995,1,1,0.995,0.99458,0.02642,0.03063,0.00228,0.01231,0.00102,0,0.0036264,0.0012088,0.0036264,0.0012088,0.0036264,0.0012088,0.0036264,0.0012088
890,29988.8,0.05284,0.07792,0.01725,0.03713,0.0009,0,1,1,0.995,0.995,1,1,0.995,0.99491,0.02649,0.03068,0.00227,0.01227,0.00103,0,0.0035967,0.0011989,0.0035967,0.0011989,0.0035967,0.0011989,0.0035967,0.0011989
891,30022.7,0.04943,0.08116,0.01863,0.03458,0.00088,0,1,1,0.995,0.995,1,1,0.995,0.99453,0.02684,0.03077,0.00227,0.01243,0.00106,0,0.003567,0.001189,0.003567,0.001189,0.003567,0.001189,0.003567,0.001189
892,30056.3,0.05578,0.07003,0.01913,0.04248,0.00087,0,1,1,0.995,0.995,1,1,0.995,0.99453,0.02665,0.03056,0.00227,0.01219,0.00101,0,0.0035373,0.0011791,0.0035373,0.0011791,0.0035373,0.0011791,0.0035373,0.0011791
893,30089.7,0.04921,0.07765,0.01756,0.03188,0.00087,0,1,1,0.995,0.995,1,1,0.995,0.99466,0.02714,0.03061,0.00226,0.01225,0.00103,0,0.0035076,0.0011692,0.0035076,0.0011692,0.0035076,0.0011692,0.0035076,0.0011692
894,30123.8,0.05048,0.07872,0.01956,0.03545,0.00083,0,1,1,0.995,0.995,1,1,0.995,0.99465,0.02724,0.03073,0.00224,0.01234,0.00105,0,0.0034779,0.0011593,0.0034779,0.0011593,0.0034779,0.0011593,0.0034779,0.0011593
895,30158,0.04836,0.08083,0.01776,0.03431,0.00086,0,1,1,0.995,0.995,1,1,0.995,0.99457,0.0268,0.03064,0.00223,0.01233,0.00104,0,0.0034482,0.0011494,0.0034482,0.0011494,0.0034482,0.0011494,0.0034482,0.0011494
896,30191.9,0.04953,0.07133,0.01817,0.0337,0.0009,0,1,1,0.995,0.995,1,1,0.995,0.99453,0.02565,0.03069,0.00222,0.01202,0.00102,0,0.0034185,0.0011395,0.0034185,0.0011395,0.0034185,0.0011395,0.0034185,0.0011395
897,30226.9,0.04983,0.07568,0.0178,0.03872,0.00086,0,1,1,0.995,0.995,1,1,0.995,0.99453,0.02574,0.03055,0.00222,0.012,0.00103,0,0.0033888,0.0011296,0.0033888,0.0011296,0.0033888,0.0011296,0.0033888,0.0011296
898,30261.7,0.04663,0.06478,0.01792,0.02936,0.00083,0,1,1,0.995,0.995,1,1,0.995,0.99457,0.02594,0.03053,0.00221,0.01209,0.00106,0,0.0033591,0.0011197,0.0033591,0.0011197,0.0033591,0.0011197,0.0033591,0.0011197
899,30295.3,0.04859,0.08238,0.01911,0.03146,0.00081,0,1,1,0.995,0.995,1,1,0.995,0.99465,0.02536,0.0305,0.00219,0.01178,0.00102,0,0.0033294,0.0011098,0.0033294,0.0011098,0.0033294,0.0011098,0.0033294,0.0011098
900,30330.8,0.04957,0.07333,0.01722,0.0328,0.00083,0,1,1,0.995,0.995,1,1,0.995,0.99493,0.02568,0.03045,0.00218,0.01178,0.00104,0,0.0032997,0.0010999,0.0032997,0.0010999,0.0032997,0.0010999,0.0032997,0.0010999
901,30365.5,0.04869,0.08529,0.0182,0.03508,0.00083,0,1,1,0.995,0.995,1,1,0.995,0.99495,0.02583,0.03054,0.00216,0.01187,0.00105,0,0.00327,0.00109,0.00327,0.00109,0.00327,0.00109,0.00327,0.00109
902,30400.2,0.05065,0.08168,0.01886,0.03428,0.00084,0,1,1,0.995,0.995,1,1,0.995,0.99499,0.02408,0.03055,0.00213,0.01145,0.00102,0,0.0032403,0.0010801,0.0032403,0.0010801,0.0032403,0.0010801,0.0032403,0.0010801
903,30434,0.04682,0.0746,0.01823,0.02996,0.00085,0,1,1,0.995,0.995,1,1,0.995,0.99497,0.02378,0.03053,0.0021,0.01148,0.001,0,0.0032106,0.0010702,0.0032106,0.0010702,0.0032106,0.0010702,0.0032106,0.0010702
904,30467.9,0.04677,0.07868,0.02021,0.03302,0.00083,0,1,1,0.995,0.995,1,1,0.995,0.99497,0.02513,0.03053,0.00208,0.01176,0.00104,0,0.0031809,0.0010603,0.0031809,0.0010603,0.0031809,0.0010603,0.0031809,0.0010603
905,30502,0.04833,0.09094,0.01859,0.03281,0.0008,0,1,1,0.995,0.995,1,1,0.995,0.99495,0.02422,0.03056,0.00205,0.01147,0.00099,0,0.0031512,0.0010504,0.0031512,0.0010504,0.0031512,0.0010504,0.0031512,0.0010504
906,30535.6,0.04755,0.0654,0.01753,0.03433,0.00082,0,1,1,0.995,0.995,1,1,0.995,0.99496,0.02406,0.0305,0.00203,0.01143,0.00099,0,0.0031215,0.0010405,0.0031215,0.0010405,0.0031215,0.0010405,0.0031215,0.0010405
907,30569,0.04574,0.07139,0.01754,0.03131,0.00076,0,1,1,0.995,0.995,1,1,0.995,0.99497,0.02379,0.03063,0.00203,0.01131,0.00099,0,0.0030918,0.0010306,0.0030918,0.0010306,0.0030918,0.0010306,0.0030918,0.0010306
908,30602.7,0.04819,0.07682,0.01911,0.03916,0.00082,0,1,1,0.995,0.995,1,1,0.995,0.99453,0.02235,0.03051,0.00202,0.01089,0.00095,0,0.0030621,0.0010207,0.0030621,0.0010207,0.0030621,0.0010207,0.0030621,0.0010207
909,30636.6,0.04646,0.07892,0.0195,0.03274,0.0008,0,1,1,0.995,0.995,1,1,0.995,0.99457,0.02328,0.03045,0.002,0.01103,0.00095,0,0.0030324,0.0010108,0.0030324,0.0010108,0.0030324,0.0010108,0.0030324,0.0010108
910,30670.2,0.04426,0.08667,0.01927,0.03297,0.00078,0,1,1,0.995,0.995,1,1,0.995,0.99482,0.02339,0.03029,0.002,0.01106,0.00096,0,0.0030027,0.0010009,0.0030027,0.0010009,0.0030027,0.0010009,0.0030027,0.0010009
911,30704.2,0.04549,0.06525,0.01832,0.03196,0.0008,0,1,1,0.995,0.995,1,1,0.995,0.99494,0.02254,0.03034,0.00198,0.01085,0.00093,0,0.002973,0.000991,0.002973,0.000991,0.002973,0.000991,0.002973,0.000991
912,30738.1,0.04521,0.06744,0.01851,0.03277,0.00078,0,1,1,0.995,0.995,1,1,0.995,0.99496,0.02216,0.03027,0.00197,0.01075,0.00092,0,0.0029433,0.0009811,0.0029433,0.0009811,0.0029433,0.0009811,0.0029433,0.0009811
913,30771.9,0.0474,0.07793,0.01868,0.03134,0.00078,0,1,1,0.995,0.995,1,1,0.995,0.99494,0.02217,0.03041,0.00197,0.01077,0.00092,0,0.0029136,0.0009712,0.0029136,0.0009712,0.0029136,0.0009712,0.0029136,0.0009712
914,30805.3,0.04469,0.06865,0.01694,0.03453,0.00078,0,1,1,0.995,0.995,1,1,0.995,0.99494,0.02268,0.03036,0.00198,0.01087,0.00093,0,0.0028839,0.0009613,0.0028839,0.0009613,0.0028839,0.0009613,0.0028839,0.0009613
915,30839,0.04487,0.07286,0.0177,0.03099,0.0008,0,1,1,0.995,0.995,1,1,0.995,0.99496,0.0228,0.03041,0.00199,0.01086,0.00093,0,0.0028542,0.0009514,0.0028542,0.0009514,0.0028542,0.0009514,0.0028542,0.0009514
916,30872.9,0.04431,0.07459,0.01841,0.03256,0.00076,0,1,1,0.995,0.995,1,1,0.995,0.99496,0.02239,0.03042,0.00199,0.01086,0.00094,0,0.0028245,0.0009415,0.0028245,0.0009415,0.0028245,0.0009415,0.0028245,0.0009415
917,30906.7,0.04419,0.07077,0.01702,0.03181,0.00076,0,1,1,0.995,0.995,1,1,0.995,0.99453,0.02305,0.03045,0.00197,0.01088,0.00094,0,0.0027948,0.0009316,0.0027948,0.0009316,0.0027948,0.0009316,0.0027948,0.0009316
918,30940.6,0.04502,0.07116,0.01846,0.03192,0.00079,0,1,1,0.995,0.995,1,1,0.995,0.99453,0.02352,0.03042,0.00197,0.01094,0.00095,0,0.0027651,0.0009217,0.0027651,0.0009217,0.0027651,0.0009217,0.0027651,0.0009217
919,30975.1,0.04382,0.06764,0.01785,0.03163,0.00075,0,1,1,0.995,0.995,1,1,0.995,0.99466,0.02407,0.03027,0.00198,0.01109,0.00097,0,0.0027354,0.0009118,0.0027354,0.0009118,0.0027354,0.0009118,0.0027354,0.0009118
920,31008.7,0.04434,0.06771,0.01758,0.03059,0.00073,0,1,1,0.995,0.995,1,1,0.995,0.995,0.02544,0.03019,0.00199,0.0113,0.001,0,0.0027057,0.0009019,0.0027057,0.0009019,0.0027057,0.0009019,0.0027057,0.0009019
921,31042.1,0.04377,0.06982,0.01701,0.03411,0.00077,0,1,1,0.995,0.995,1,1,0.995,0.995,0.02453,0.03021,0.00199,0.01107,0.00096,0,0.002676,0.000892,0.002676,0.000892,0.002676,0.000892,0.002676,0.000892
922,31076,0.0445,0.07556,0.01869,0.02855,0.00082,0,1,1,0.995,0.995,1,1,0.995,0.995,0.02448,0.0302,0.00196,0.0111,0.00097,0,0.0026463,0.0008821,0.0026463,0.0008821,0.0026463,0.0008821,0.0026463,0.0008821
923,31110,0.04219,0.06353,0.01793,0.03116,0.00074,0,1,1,0.995,0.995,1,1,0.995,0.995,0.02528,0.03022,0.00194,0.0112,0.00097,0,0.0026166,0.0008722,0.0026166,0.0008722,0.0026166,0.0008722,0.0026166,0.0008722
924,31144.1,0.04244,0.0743,0.01879,0.0295,0.00075,0,1,1,0.995,0.995,1,1,0.995,0.995,0.0239,0.03024,0.00193,0.01092,0.00095,0,0.0025869,0.0008623,0.0025869,0.0008623,0.0025869,0.0008623,0.0025869,0.0008623
925,31177.9,0.04233,0.07436,0.01934,0.03304,0.00078,0,1,1,0.995,0.995,1,1,0.995,0.995,0.0251,0.0302,0.00192,0.01119,0.00097,0,0.0025572,0.0008524,0.0025572,0.0008524,0.0025572,0.0008524,0.0025572,0.0008524
926,31212,0.04278,0.07157,0.01689,0.03037,0.00071,0,1,1,0.995,0.995,1,1,0.995,0.99453,0.02559,0.03029,0.00191,0.01131,0.00098,0,0.0025275,0.0008425,0.0025275,0.0008425,0.0025275,0.0008425,0.0025275,0.0008425
927,31245.9,0.04237,0.07298,0.01954,0.03111,0.00074,0,1,1,0.995,0.995,1,1,0.995,0.99453,0.0236,0.03024,0.0019,0.01102,0.00097,0,0.0024978,0.0008326,0.0024978,0.0008326,0.0024978,0.0008326,0.0024978,0.0008326
928,31279.2,0.0421,0.06551,0.01772,0.03224,0.00075,0,1,1,0.995,0.995,1,1,0.995,0.99466,0.02478,0.03023,0.0019,0.0112,0.00097,0,0.0024681,0.0008227,0.0024681,0.0008227,0.0024681,0.0008227,0.0024681,0.0008227
929,31312.8,0.04045,0.06115,0.01725,0.02624,0.00071,0,1,1,0.995,0.995,1,1,0.995,0.995,0.02473,0.03022,0.0019,0.01116,0.00097,0,0.0024384,0.0008128,0.0024384,0.0008128,0.0024384,0.0008128,0.0024384,0.0008128
930,31346.6,0.04042,0.07605,0.01771,0.02912,0.00072,0,1,1,0.995,0.995,1,1,0.995,0.99494,0.02498,0.03017,0.00189,0.01115,0.00097,0,0.0024087,0.0008029,0.0024087,0.0008029,0.0024087,0.0008029,0.0024087,0.0008029
931,31380.5,0.04148,0.06938,0.01715,0.03107,0.00074,0,1,1,0.995,0.995,1,1,0.995,0.995,0.02469,0.03015,0.00188,0.01105,0.00096,0,0.002379,0.000793,0.002379,0.000793,0.002379,0.000793,0.002379,0.000793
932,31414.7,0.04248,0.064,0.0182,0.0343,0.00074,0,1,1,0.995,0.995,1,1,0.995,0.99453,0.02467,0.03006,0.00187,0.01098,0.00095,0,0.0023493,0.0007831,0.0023493,0.0007831,0.0023493,0.0007831,0.0023493,0.0007831
933,31448.6,0.0398,0.07581,0.0186,0.03263,0.00067,0,1,1,0.995,0.995,1,1,0.995,0.995,0.02569,0.03006,0.00185,0.01126,0.00098,0,0.0023196,0.0007732,0.0023196,0.0007732,0.0023196,0.0007732,0.0023196,0.0007732
934,31482.5,0.03921,0.07522,0.01744,0.02996,0.00069,0,1,1,0.995,0.995,1,1,0.995,0.995,0.02473,0.03001,0.00185,0.01091,0.00092,0,0.0022899,0.0007633,0.0022899,0.0007633,0.0022899,0.0007633,0.0022899,0.0007633
935,31516.1,0.04108,0.0684,0.0174,0.03048,0.00072,0,1,1,0.995,0.995,1,1,0.995,0.995,0.02516,0.03004,0.00185,0.0111,0.00095,0,0.0022602,0.0007534,0.0022602,0.0007534,0.0022602,0.0007534,0.0022602,0.0007534
936,31549.6,0.03888,0.06442,0.01779,0.02923,0.00072,0,1,1,0.995,0.995,1,1,0.995,0.995,0.02424,0.03003,0.00185,0.01084,0.00092,0,0.0022305,0.0007435,0.0022305,0.0007435,0.0022305,0.0007435,0.0022305,0.0007435
937,31583.6,0.04156,0.06441,0.01826,0.03173,0.00072,0,1,1,0.995,0.995,1,1,0.995,0.995,0.02408,0.02999,0.00185,0.01078,0.0009,0,0.0022008,0.0007336,0.0022008,0.0007336,0.0022008,0.0007336,0.0022008,0.0007336
938,31617.6,0.04108,0.06997,0.0172,0.02983,0.00073,0,1,1,0.995,0.995,1,1,0.995,0.995,0.02335,0.02998,0.00185,0.01056,0.00087,0,0.0021711,0.0007237,0.0021711,0.0007237,0.0021711,0.0007237,0.0021711,0.0007237
939,31651.6,0.03946,0.06522,0.01772,0.02902,0.00073,0,1,1,0.995,0.995,1,1,0.995,0.995,0.02334,0.02992,0.00184,0.01054,0.00087,0,0.0021414,0.0007138,0.0021414,0.0007138,0.0021414,0.0007138,0.0021414,0.0007138
940,31685.6,0.03955,0.07102,0.01787,0.02803,0.0007,0,1,1,0.995,0.995,1,1,0.995,0.995,0.02361,0.02989,0.00184,0.01065,0.00088,0,0.0021117,0.0007039,0.0021117,0.0007039,0.0021117,0.0007039,0.0021117,0.0007039
941,31719.7,0.04105,0.07733,0.01886,0.03035,0.0007,0,1,1,0.995,0.995,1,1,0.995,0.995,0.0237,0.0299,0.00182,0.01064,0.00087,0,0.002082,0.000694,0.002082,0.000694,0.002082,0.000694,0.002082,0.000694
942,31753.2,0.03742,0.07254,0.01819,0.02899,0.00068,0,1,1,0.995,0.995,1,1,0.995,0.995,0.02332,0.02985,0.00182,0.0106,0.0009,0,0.0020523,0.0006841,0.0020523,0.0006841,0.0020523,0.0006841,0.0020523,0.0006841
943,31786.7,0.03683,0.06766,0.019,0.02537,0.00067,0,1,1,0.995,0.995,1,1,0.995,0.995,0.02381,0.02989,0.00182,0.01068,0.0009,0,0.0020226,0.0006742,0.0020226,0.0006742,0.0020226,0.0006742,0.0020226,0.0006742
944,31820.4,0.03837,0.06898,0.01669,0.03047,0.00069,0,1,1,0.995,0.995,1,1,0.995,0.995,0.02463,0.02984,0.00183,0.01098,0.00094,0,0.0019929,0.0006643,0.0019929,0.0006643,0.0019929,0.0006643,0.0019929,0.0006643
945,31854.4,0.03871,0.07515,0.01597,0.03165,0.00068,0,1,1,0.995,0.995,1,1,0.995,0.995,0.0238,0.02981,0.00183,0.01062,0.0009,0,0.0019632,0.0006544,0.0019632,0.0006544,0.0019632,0.0006544,0.0019632,0.0006544
946,31888.6,0.03683,0.06833,0.01681,0.02748,0.00064,0,1,1,0.995,0.995,1,1,0.995,0.995,0.02358,0.02982,0.00183,0.01061,0.0009,0,0.0019335,0.0006445,0.0019335,0.0006445,0.0019335,0.0006445,0.0019335,0.0006445
947,31923.9,0.03948,0.06375,0.01696,0.02913,0.00065,0,1,1,0.995,0.995,1,1,0.995,0.995,0.02383,0.02979,0.00183,0.0107,0.00091,0,0.0019038,0.0006346,0.0019038,0.0006346,0.0019038,0.0006346,0.0019038,0.0006346
948,31958.6,0.03687,0.06548,0.01779,0.03031,0.00062,0,1,1,0.995,0.995,1,1,0.995,0.995,0.02398,0.02982,0.00183,0.01071,0.00091,0,0.0018741,0.0006247,0.0018741,0.0006247,0.0018741,0.0006247,0.0018741,0.0006247
949,31992.1,0.03733,0.06977,0.01805,0.03188,0.00067,0,1,1,0.995,0.995,1,1,0.995,0.995,0.02237,0.02985,0.00182,0.01024,0.00085,0,0.0018444,0.0006148,0.0018444,0.0006148,0.0018444,0.0006148,0.0018444,0.0006148
950,32025.7,0.0376,0.06838,0.01662,0.0274,0.00067,0,1,1,0.995,0.995,1,1,0.995,0.995,0.02242,0.02985,0.00183,0.01014,0.00084,0,0.0018147,0.0006049,0.0018147,0.0006049,0.0018147,0.0006049,0.0018147,0.0006049
951,32059.7,0.03518,0.06822,0.01743,0.02849,0.00065,0,1,1,0.995,0.995,1,1,0.995,0.995,0.02028,0.02983,0.00183,0.0097,0.0008,0,0.001785,0.000595,0.001785,0.000595,0.001785,0.000595,0.001785,0.000595
952,32093.6,0.03804,0.06439,0.01745,0.02936,0.00069,0,1,1,0.995,0.995,1,1,0.995,0.995,0.0221,0.0298,0.00184,0.01031,0.00086,0,0.0017553,0.0005851,0.0017553,0.0005851,0.0017553,0.0005851,0.0017553,0.0005851
953,32127.5,0.03825,0.07856,0.01826,0.02877,0.00064,0,1,1,0.995,0.995,1,1,0.995,0.995,0.02325,0.02972,0.00185,0.01049,0.0009,0,0.0017256,0.0005752,0.0017256,0.0005752,0.0017256,0.0005752,0.0017256,0.0005752
954,32161.4,0.03626,0.0659,0.0182,0.03289,0.00063,0,1,1,0.995,0.995,1,1,0.995,0.995,0.02323,0.02972,0.00186,0.01047,0.00089,0,0.0016959,0.0005653,0.0016959,0.0005653,0.0016959,0.0005653,0.0016959,0.0005653
955,32195.2,0.03611,0.06267,0.01827,0.03041,0.00062,0,1,1,0.995,0.995,1,1,0.995,0.995,0.02416,0.02977,0.00186,0.01065,0.00089,0,0.0016662,0.0005554,0.0016662,0.0005554,0.0016662,0.0005554,0.0016662,0.0005554
956,32229,0.03707,0.06583,0.01729,0.02521,0.00069,0,1,1,0.995,0.995,1,1,0.995,0.995,0.02332,0.02978,0.00187,0.01054,0.00088,0,0.0016365,0.0005455,0.0016365,0.0005455,0.0016365,0.0005455,0.0016365,0.0005455
957,32262.5,0.03686,0.07172,0.01735,0.0286,0.00063,0,1,1,0.995,0.995,1,1,0.995,0.995,0.02369,0.0297,0.00187,0.01068,0.00091,0,0.0016068,0.0005356,0.0016068,0.0005356,0.0016068,0.0005356,0.0016068,0.0005356
958,32296.5,0.03691,0.06249,0.01754,0.02965,0.00065,0,1,1,0.995,0.995,1,1,0.995,0.995,0.02406,0.02973,0.00187,0.0107,0.00092,0,0.0015771,0.0005257,0.0015771,0.0005257,0.0015771,0.0005257,0.0015771,0.0005257
959,32330.8,0.03435,0.06269,0.01703,0.02929,0.00062,0,1,1,0.995,0.995,1,1,0.995,0.995,0.024,0.02976,0.00187,0.01065,0.00091,0,0.0015474,0.0005158,0.0015474,0.0005158,0.0015474,0.0005158,0.0015474,0.0005158
960,32364.6,0.03709,0.06647,0.01981,0.03314,0.00065,0,1,1,0.995,0.995,1,1,0.995,0.995,0.02473,0.02972,0.00187,0.01104,0.00096,0,0.0015177,0.0005059,0.0015177,0.0005059,0.0015177,0.0005059,0.0015177,0.0005059
961,32398.8,0.03306,0.05851,0.01654,0.02396,0.00061,0,1,1,0.995,0.995,1,1,0.995,0.995,0.02522,0.02967,0.00187,0.01112,0.00097,0,0.001488,0.000496,0.001488,0.000496,0.001488,0.000496,0.001488,0.000496
962,32432.6,0.03374,0.06519,0.01579,0.02473,0.00061,0,1,1,0.995,0.995,1,1,0.995,0.995,0.02449,0.02969,0.00187,0.01094,0.00095,0,0.0014583,0.0004861,0.0014583,0.0004861,0.0014583,0.0004861,0.0014583,0.0004861
963,32465.9,0.03614,0.057,0.01608,0.0312,0.00063,0,1,1,0.995,0.995,1,1,0.995,0.995,0.02432,0.02976,0.00187,0.01082,0.00094,0,0.0014286,0.0004762,0.0014286,0.0004762,0.0014286,0.0004762,0.0014286,0.0004762
964,32499.4,0.03443,0.06301,0.01697,0.0275,0.00061,0,1,1,0.995,0.995,1,1,0.995,0.995,0.02388,0.02975,0.00186,0.01071,0.00091,0,0.0013989,0.0004663,0.0013989,0.0004663,0.0013989,0.0004663,0.0013989,0.0004663
965,32533.4,0.03379,0.06829,0.01766,0.02373,0.00061,0,1,1,0.995,0.995,1,1,0.995,0.995,0.02368,0.02971,0.00186,0.0107,0.00091,0,0.0013692,0.0004564,0.0013692,0.0004564,0.0013692,0.0004564,0.0013692,0.0004564
966,32567.5,0.03439,0.07038,0.01673,0.0275,0.00061,0,1,1,0.995,0.995,1,1,0.995,0.995,0.0237,0.02976,0.00186,0.01075,0.00093,0,0.0013395,0.0004465,0.0013395,0.0004465,0.0013395,0.0004465,0.0013395,0.0004465
967,32601.2,0.03246,0.06245,0.01797,0.02661,0.00059,0,1,1,0.995,0.995,1,1,0.995,0.995,0.02367,0.02973,0.00186,0.01077,0.00093,0,0.0013098,0.0004366,0.0013098,0.0004366,0.0013098,0.0004366,0.0013098,0.0004366
968,32635.6,0.03216,0.06702,0.01629,0.02477,0.00057,0,1,1,0.995,0.995,1,1,0.995,0.995,0.0234,0.02973,0.00187,0.01062,0.00091,0,0.0012801,0.0004267,0.0012801,0.0004267,0.0012801,0.0004267,0.0012801,0.0004267
969,32669.6,0.03348,0.06071,0.01806,0.02334,0.00059,0,1,1,0.995,0.995,1,1,0.995,0.995,0.02402,0.02972,0.00187,0.01072,0.00092,0,0.0012504,0.0004168,0.0012504,0.0004168,0.0012504,0.0004168,0.0012504,0.0004168
970,32703.2,0.03224,0.06103,0.01693,0.024,0.00058,0,1,1,0.995,0.995,1,1,0.995,0.995,0.02372,0.02968,0.00186,0.01049,0.00089,0,0.0012207,0.0004069,0.0012207,0.0004069,0.0012207,0.0004069,0.0012207,0.0004069
971,32737.1,0.03346,0.06139,0.01887,0.02932,0.00062,0,1,1,0.995,0.995,1,1,0.995,0.995,0.02473,0.02964,0.00184,0.01104,0.00096,0,0.001191,0.000397,0.001191,0.000397,0.001191,0.000397,0.001191,0.000397
972,32771,0.03207,0.0633,0.01741,0.02524,0.00058,0,1,1,0.995,0.995,1,1,0.995,0.995,0.02521,0.02965,0.00183,0.01113,0.00096,0,0.0011613,0.0003871,0.0011613,0.0003871,0.0011613,0.0003871,0.0011613,0.0003871
973,32805,0.02992,0.06057,0.01745,0.02581,0.00056,0,1,1,0.995,0.995,1,1,0.995,0.995,0.02479,0.02962,0.00183,0.01105,0.00096,0,0.0011316,0.0003772,0.0011316,0.0003772,0.0011316,0.0003772,0.0011316,0.0003772
974,32838.7,0.03233,0.06112,0.0181,0.0266,0.00059,0,1,1,0.995,0.995,1,1,0.995,0.995,0.02445,0.02958,0.00182,0.01089,0.00093,0,0.0011019,0.0003673,0.0011019,0.0003673,0.0011019,0.0003673,0.0011019,0.0003673
975,32872.9,0.03348,0.06818,0.01706,0.02836,0.00058,0,1,1,0.995,0.995,1,1,0.995,0.995,0.0244,0.02957,0.00181,0.01089,0.00093,0,0.0010722,0.0003574,0.0010722,0.0003574,0.0010722,0.0003574,0.0010722,0.0003574
976,32906.9,0.03227,0.06039,0.0171,0.03078,0.00055,0,1,1,0.995,0.995,1,1,0.995,0.995,0.02386,0.02957,0.00179,0.01076,0.00093,0,0.0010425,0.0003475,0.0010425,0.0003475,0.0010425,0.0003475,0.0010425,0.0003475
977,32940.9,0.03193,0.05882,0.01619,0.02842,0.00059,0,1,1,0.995,0.995,1,1,0.995,0.995,0.02372,0.0296,0.00178,0.0107,0.00091,0,0.0010128,0.0003376,0.0010128,0.0003376,0.0010128,0.0003376,0.0010128,0.0003376
978,32974.3,0.03332,0.06331,0.01756,0.02645,0.0006,0,1,1,0.995,0.995,1,1,0.995,0.995,0.0242,0.0296,0.00178,0.01086,0.00095,0,0.0009831,0.0003277,0.0009831,0.0003277,0.0009831,0.0003277,0.0009831,0.0003277
979,33008.1,0.02988,0.05818,0.01654,0.02488,0.00053,0,1,1,0.995,0.995,1,1,0.995,0.995,0.0237,0.02951,0.00178,0.01077,0.00093,0,0.0009534,0.0003178,0.0009534,0.0003178,0.0009534,0.0003178,0.0009534,0.0003178
980,33041.9,0.03094,0.06021,0.01637,0.02684,0.00056,0,1,1,0.995,0.995,1,1,0.995,0.995,0.02374,0.02957,0.00179,0.01075,0.00093,0,0.0009237,0.0003079,0.0009237,0.0003079,0.0009237,0.0003079,0.0009237,0.0003079
981,33075.9,0.03142,0.06055,0.01656,0.02178,0.00056,0,1,1,0.995,0.995,1,1,0.995,0.995,0.02416,0.02953,0.00179,0.01086,0.00094,0,0.000894,0.000298,0.000894,0.000298,0.000894,0.000298,0.000894,0.000298
982,33110.1,0.03109,0.05701,0.01685,0.02783,0.00057,0,1,1,0.995,0.995,1,1,0.995,0.995,0.0212,0.02949,0.00179,0.0103,0.0009,0,0.0008643,0.0002881,0.0008643,0.0002881,0.0008643,0.0002881,0.0008643,0.0002881
983,33143.9,0.03053,0.05504,0.01597,0.02888,0.00057,0,1,1,0.995,0.995,1,1,0.995,0.995,0.02146,0.02952,0.00179,0.01037,0.0009,0,0.0008346,0.0002782,0.0008346,0.0002782,0.0008346,0.0002782,0.0008346,0.0002782
984,33177.6,0.03184,0.05875,0.01645,0.02932,0.00058,0,1,1,0.995,0.995,1,1,0.995,0.995,0.023,0.02945,0.00179,0.01056,0.00092,0,0.0008049,0.0002683,0.0008049,0.0002683,0.0008049,0.0002683,0.0008049,0.0002683
985,33211.2,0.03119,0.05855,0.01561,0.02348,0.00055,0,1,1,0.995,0.995,1,1,0.995,0.995,0.0222,0.02944,0.00179,0.01042,0.00089,0,0.0007752,0.0002584,0.0007752,0.0002584,0.0007752,0.0002584,0.0007752,0.0002584
986,33245,0.03009,0.0692,0.01604,0.02761,0.00055,0,1,1,0.995,0.995,1,1,0.995,0.995,0.02196,0.02946,0.00179,0.01036,0.00089,0,0.0007455,0.0002485,0.0007455,0.0002485,0.0007455,0.0002485,0.0007455,0.0002485
987,33279,0.03039,0.06702,0.0179,0.02379,0.00057,0,1,1,0.995,0.995,1,1,0.995,0.995,0.02245,0.02943,0.00178,0.01041,0.00089,0,0.0007158,0.0002386,0.0007158,0.0002386,0.0007158,0.0002386,0.0007158,0.0002386
988,33312.9,0.03069,0.05785,0.01849,0.02354,0.00058,0,1,1,0.995,0.995,1,1,0.995,0.995,0.02234,0.02943,0.00177,0.01035,0.00088,0,0.0006861,0.0002287,0.0006861,0.0002287,0.0006861,0.0002287,0.0006861,0.0002287
989,33347,0.03115,0.05587,0.01691,0.02854,0.00056,0,1,1,0.995,0.995,1,1,0.995,0.995,0.02174,0.02939,0.00176,0.01019,0.00087,0,0.0006564,0.0002188,0.0006564,0.0002188,0.0006564,0.0002188,0.0006564,0.0002188
990,33381,0.0305,0.05916,0.0174,0.02567,0.00055,0,1,1,0.995,0.995,1,1,0.995,0.995,0.0222,0.0294,0.00176,0.01024,0.00086,0,0.0006267,0.0002089,0.0006267,0.0002089,0.0006267,0.0002089,0.0006267,0.0002089
991,33413.5,0.03275,0.02548,0.01739,0.01594,0.00109,0,1,1,0.995,0.995,1,1,0.995,0.995,0.02198,0.02939,0.00173,0.01018,0.00084,0,0.000597,0.000199,0.000597,0.000199,0.000597,0.000199,0.000597,0.000199
992,33445.7,0.02995,0.02487,0.01578,0.01618,0.00097,0,1,1,0.995,0.995,1,1,0.995,0.995,0.02209,0.02931,0.00171,0.01019,0.00085,0,0.0005673,0.0001891,0.0005673,0.0001891,0.0005673,0.0001891,0.0005673,0.0001891
993,33477.8,0.02905,0.02411,0.01564,0.01372,0.00095,0,1,1,0.995,0.995,1,1,0.995,0.995,0.02243,0.02932,0.0017,0.01022,0.00085,0,0.0005376,0.0001792,0.0005376,0.0001792,0.0005376,0.0001792,0.0005376,0.0001792
994,33510.3,0.02768,0.02291,0.01622,0.01379,0.0009,0,1,1,0.995,0.995,1,1,0.995,0.995,0.0225,0.02929,0.00168,0.01024,0.00085,0,0.0005079,0.0001693,0.0005079,0.0001693,0.0005079,0.0001693,0.0005079,0.0001693
995,33542.8,0.0271,0.02281,0.01698,0.01302,0.00091,0,1,1,0.995,0.995,1,1,0.995,0.995,0.02296,0.02923,0.00166,0.01038,0.00085,0,0.0004782,0.0001594,0.0004782,0.0001594,0.0004782,0.0001594,0.0004782,0.0001594
996,33575.2,0.02587,0.02218,0.01664,0.01283,0.00088,0,1,1,0.995,0.995,1,1,0.995,0.995,0.02351,0.02928,0.00164,0.01054,0.00086,0,0.0004485,0.0001495,0.0004485,0.0001495,0.0004485,0.0001495,0.0004485,0.0001495
997,33607.8,0.02559,0.02249,0.01673,0.01349,0.00085,0,1,1,0.995,0.995,1,1,0.995,0.995,0.02346,0.02927,0.00163,0.01046,0.00086,0,0.0004188,0.0001396,0.0004188,0.0001396,0.0004188,0.0001396,0.0004188,0.0001396
998,33639.9,0.02413,0.02177,0.01639,0.01233,0.0008,0,1,1,0.995,0.995,1,1,0.995,0.995,0.02387,0.02925,0.00162,0.01057,0.00086,0,0.0003891,0.0001297,0.0003891,0.0001297,0.0003891,0.0001297,0.0003891,0.0001297
999,33671.9,0.02567,0.02202,0.016,0.01259,0.00085,0,1,1,0.995,0.995,1,1,0.995,0.995,0.02394,0.02929,0.00161,0.01058,0.00086,0,0.0003594,0.0001198,0.0003594,0.0001198,0.0003594,0.0001198,0.0003594,0.0001198
1000,33703.8,0.02498,0.02176,0.01459,0.0129,0.00082,0,1,1,0.995,0.995,1,1,0.995,0.995,0.02433,0.02933,0.0016,0.01065,0.00086,0,0.0003297,0.0001099,0.0003297,0.0001099,0.0003297,0.0001099,0.0003297,0.0001099
