frame;kp_00;kp_01;kp_02;kp_03;kp_04;kp_05;kp_06;kp_07;kp_08;kp_09;kp_10;kp_11;kp_12;kp_13;kp_14;kp_15;kp_16;kp_17;kp_18;kp_19;kp_20;kp_21;kp_22;kp_23
1;0.3307891997304093;-0.2541888997171435;0.5732214484299436;-0.2486201925957866;0.6682085760844214;1.5161649991794162;0.2725129935173716;-0.680290485282564;-2.2537128825046318;-1.7132394783535005;-0.9441183404199571;-1.1828374147035228;-0.23131656856974075;0.755293758310332;0.3990374584665245;0.21226113713989628;-1.696779800054436;-2.5926215881159576;-1.3956676521967293;-0.9226515685733668;-0.7378564666140583;-0.6640064215850382;-0.6405231452665503;-0.9129539318167161
2;0.7558436139857688;0.43589289111952;0.8892636204481879;0.3877337967388772;0.3549400411340706;1.7420358737287742;0.913837740325553;-0.15243546457082;-1.7461777839358814;-2.3273119487043616;-1.3917367540841976;-1.3322356429307736;-0.5872109091380715;0.8033917937400448;0.43906506654491495;0.028829017600947075;-1.6104829614256464;-2.445784497710605;-2.5576723216146497;-1.3644169874823395;-0.9144953318615772;-1.0526513862213127;-0.8849876156015356;-1.281057450923486
3;1.1995562894111655;1.1024385461797255;1.0148681210648796;1.3017076327114545;0.3251498824511056;1.74844653658281;1.467351529197562;0.40080424262473785;-0.9231424604172904;-2.6592755415917395;-1.893700082744445;-1.3646441233814983;-1.0018802830924112;0.6010800042627362;0.30207284251146654;0.07267908824526638;-1.415303911269539;-2.0556058943426976;-3.4786545157848;-2.0182791275188543;-1.2628138359701724;-1.5104781601192292;-1.2978593896270951;-1.350671758224752
4;1.724729676918102;1.6504318441860732;1.2615679116997118;2.111011041725668;0.9315741825238995;1.7036708318459908;2.0670435931871394;0.9544973151345733;0.2945219529212826;-2.0980126800598167;-2.0114097305971956;-1.2816370503061965;-1.2847023689410786;0.18350302856372921;0.43987977247760796;0.3547939088082658;-1.3322458046331203;-1.6398826196755119;-3.5660335292860856;-2.790341987645647;-1.6793660715052727;-1.971628772655768;-1.9479115395871835;-1.3289356269897643
5;2.1529823342306846;2.054811235383141;1.5248505517099245;2.4491561543866363;1.5860441121504283;1.4123028460823077;2.132774770904708;1.528110459427144;1.2814032106568762;-1.1095788771719237;-1.7200019202233037;-1.2205622682879242;-1.3117345827948996;-0.6402550389463956;0.4656078174593184;0.7380018573186465;-0.922788863723871;-1.4199668008563804;-2.880927085528094;-3.195375184190331;-2.2164326195452535;-2.17680076538209;-2.498408960924177;-1.7099869341674598
6;2.2364550382909374;2.264222821387045;1.598060092807281;2.3990957188228994;1.850401380870111;0.8597979114686788;1.663043333012117;1.7786560054693008;1.9068435850809669;-0.12269351336242582;-1.4605515010953156;-1.2450083232968527;-1.354465958052107;-1.2961723910591954;0.3860266722523754;0.8141959909296891;-0.18795322930293656;-1.250237837798344;-1.8604274668757865;-3.0203638606335175;-2.7272290533445105;-2.1589325308890768;-2.640853882030753;-2.2107316132486354
7;2.1024998906946433;2.071306958502622;1.4068374774835521;1.7171230146572238;1.8719193112706112;0.39731252512825693;1.1503829327532396;1.7377915234689258;2.059250134862841;0.8431857850240613;-1.039588409763436;-1.1941060253314733;-1.3259078922967045;-1.5321143454019297;0.16458631649593813;0.4187393140294608;0.5843223068390174;-0.9640560175543696;-0.9605976139636159;-2.367026728778612;-2.9998877284722862;-2.2463913530557287;-2.3139518831220904;-2.3105766352725543
8;1.6448521676879724;1.583460281293465;1.3807098052459652;0.8247063801433908;1.694074872110862;0.3152926165097897;0.7454758617085907;1.2905352441678757;1.8926946211051021;1.6822113285270777;0.015467718184220897;-0.8559077338320278;-0.8875446056282141;-1.4409084353524595;-0.3326524552374401;-0.0972647400802892;1.607993298205094;-0.4707039216515118;-0.5065882823253922;-1.882053396287768;-2.8331328158662386;-2.358677095868192;-1.7304653183154788;-1.9840737229369245
9;0.9494490859809239;0.9499169876160266;1.274723197808162;0.09823657263116192;1.0095082553616441;0.5473809556033078;0.32828194810051864;0.5839225728798553;1.3719119622208755;2.303414363155617;0.8790980727592301;-0.16249753048401636;-0.5696319631985904;-1.192477099623051;-1.0201029170919038;-0.5366935786304872;2.3395991110575056;0.5942124516027998;0.02384538134428884;-1.4503808951341157;-2.329584806840206;-2.3042518537757193;-1.303992783775654;-1.5285413970815478
10;0.3637745223938139;0.787103285525101;1.0431179709552323;-0.39080596765435904;0.25843927168554376;0.7106923290355424;-0.03108750472408124;0.28911815315697326;0.743504809009544;2.9035346555869497;1.703953028115681;0.35695043434344514;-0.29750642466138966;-0.892828884485087;-1.6461556363064347;-0.8548072736118145;2.812243928035373;1.6049989259651232;0.598986993961458;-0.5249978407228547;-1.4626491924700935;-1.7138766886259924;-0.8287445156973834;-0.9358263624023136
11;-0.0834327874793013;0.9146705014706122;0.485868083528343;-0.36798107425350435;-0.14337681809861083;0.6764694430066698;-0.15062494871725532;0.2990109412957748;0.49586676541222235;2.9016744511913144;2.4059669721063237;0.8617598543447827;-0.20508493806414027;-0.7896990492485849;-2.032366058337339;-1.2770137424283594;2.625658944631687;2.4729012636317322;1.1934214804527359;0.71197510355015;-0.3798705754187417;-0.581047759859772;-0.4142381001631889;-0.21319607008821728
12;-0.4433877371656018;0.6587297351780247;0.17423739281783776;0.019716434178667582;-0.6090967972342557;0.40881998421177357;-0.18983493185558795;-0.04380010335359738;0.324463493567123;2.27948955886471;2.660623305368741;1.2094572297686295;0.29874131039659757;-0.5411763210824598;-1.9904029806088281;-1.5079761494508888;2.1922022346985988;3.3299843044915747;2.033028420919742;2.0676187686258567;0.8379176283891924;0.31118943735947024;-0.0037503302801900557;0.5556211801871405
13;-0.822119821275944;-0.262769357907014;0.12039869727976962;0.22865120932677704;-1.0564960315477006;-0.28609572458512617;-0.3658037543311815;-0.5608097465282641;0.22712709974166706;1.2182576049442662;2.702207878529135;1.5270447304864367;1.0113551607195266;0.11225551782997062;-1.3172685420557684;-1.4476733608114047;1.7648580859815601;3.8471644395383184;2.8451263982750117;3.050306039382519;2.209494418931514;0.9650449612541314;0.5688820733133916;1.0971159736229337
14;-1.4317706371215473;-1.2612402691128914;-0.35442649075016786;0.1274182410809161;-1.167244699049275;-0.9074412055701981;-0.6980357079116839;-0.9100261109779172;0.11774633538640711;0.1674368768692101;2.4601919485911816;2.0111167309024074;1.3465807678781514;0.6959528896791943;-0.1984263340133353;-1.597030097599369;1.0951723692696038;3.83888276136405;3.5561335631066453;3.5503368047776696;3.415539240880347;2.1689016278438635;1.1788162169189729;1.4880573032181226
15;-2.3444550919848295;-2.2029838195680265;-1.0192994134419364;-0.26460033107361475;-0.9662949677052687;-1.2224899552545248;-0.9841388460872291;-1.1545954688370585;-0.07851965943630328;-0.6765248593752992;1.6782168471061536;2.4504230726837712;1.4929226127370128;1.1380299779191032;0.49124455761609603;-1.3457136360489703;0.510187998144421;2.9196893010100373;4.020996488498076;3.7464019315149115;4.13097097178961;3.029068296046137;1.782651922225404;1.6158174615141507
16;-3.0784248402286627;-2.83649486637152;-1.566246339638519;-0.6358888787160553;-0.6111874798622545;-1.4128290851115002;-1.0811550827437741;-1.1978513167297304;-0.04635303927854209;-0.9703653526091033;0.6986396629966166;2.5352893991573087;1.7356343991392587;1.2696448531412;0.849648055309149;-0.649176981317345;0.29370354568334095;1.2954485180591613;3.881059871761044;3.607986282637205;4.196895652063577;3.494576896477906;2.458043677663704;1.6694889234487766
17;-3.23192002813276;-3.016041303378174;-1.9994849989634085;-1.108814851327474;-0.1862451034722084;-1.3053576289465127;-0.9022880513592474;-1.2047485262869775;0.044839571790265195;-0.7975682464033869;-0.03676461495734674;2.262639737577069;1.7828731753817886;1.3928041813140515;1.217528235265171;0.19142254959352964;-0.08808432435211162;-0.1080240897334388;3.1503328580823795;3.514752372597564;3.8545332102226584;3.6295492089729797;3.0214147022221733;1.7984396066588573
18;-2.6550772215719878;-2.7953453361479728;-2.2634040746867803;-1.4340175314919392;-0.08391962190207379;-1.0559825237008105;-0.6307344808402952;-1.1466858447778825;-0.012905641088016936;-0.4614912773726438;-0.6164939078531209;1.3468461826021325;1.8590370586945804;1.4249163933302746;1.4424820721319769;0.9839019850098522;-0.5741949379601134;-0.9502194111928343;1.9085136964352274;3.2947916177913577;3.4339978297526605;3.5292656773698976;3.1852458343660937;1.787780459472264
19;-1.3843660147681147;-2.0839793498908152;-2.4378707254367167;-1.6573305556258298;-0.3890874653017592;-0.8958459105043535;-0.6922880646815106;-0.6662463655119527;-0.12147846537672638;-0.1424490028906059;-1.2619839418297196;0.3017111939409463;1.6836059154112686;1.609508785404296;1.6946685524215965;1.615316168046169;-1.0535893098769222;-1.3027915614884131;0.47913669128245845;2.4163707642002814;2.8013393742761523;3.2689982651324088;2.926961320041389;1.6398140789934337
20;-0.00577039042872987;-1.1717092712580566;-2.4150482015388492;-1.6602994311409307;-0.9902294027043308;-0.5443350317604548;-0.7994583032600582;-0.14718163079018964;-0.32054925697905706;-0.22728305881327404;-1.6468750437288835;-0.6954815448717153;1.4017190162226745;1.5879462836160045;1.906366228260334;1.9748547383467299;-1.712966789411133;-1.2218941936147627;-1.0493659352400906;1.0647560329069674;1.7298061539460836;2.7726837703701683;2.443085812014147;1.5541785864214905
21;1.1582775331490371;-0.3823293455074692;-1.9305483029921497;-1.6706684342215277;-1.2575223637589745;0.0018382484708368322;-0.5485423705584161;0.04006838189084015;-0.5952295981603247;-0.5495884311421425;-1.5701268894495837;-1.5380782226798813;0.8949839136426592;1.5557559980419176;1.9719102630492649;2.1196232617571487;-2.148918069676348;-1.1711539592473517;-2.2623839217720336;-0.6312326686338717;0.34589679755705693;1.8509983433245252;1.6870132615592754;1.737065269762663
22;2.1180538496198653;0.4240384686569644;-0.930204758290751;-1.4686343050334034;-1.1381972389510724;0.4767435417012419;-0.23811752905428768;0.04881583093714078;-0.6714240599304957;-0.5598350484373561;-1.1284640844305265;-1.8989100150596148;0.13708536887342515;1.577597918283996;1.7753327656344942;2.236615759726299;-1.9658863894996172;-1.455265578674719;-2.9756879613545584;-2.089279109386205;-0.9818472375523384;0.4282843641491137;1.1187886334160735;1.6660035800972333
23;2.643796533209648;1.485328302591245;0.5518691963397463;-1.0159321086273598;-0.868520293893723;0.6576937069285533;0.1341309522569948;0.1953177202888113;-0.5894505959474902;-0.5513463538807243;-0.7445271390016621;-1.8383470216828135;-0.9279336958464325;1.159086557255172;1.341341015369882;2.144988876612359;-1.2377404001792158;-1.7846385827306426;-3.224821401238694;-2.9473163356761973;-1.725070357584329;-1.05197512334992;0.41502143006354075;1.111715970835998
24;2.8228941962722685;2.218024836580081;1.8305370390383737;-0.3341277424435682;-0.28082361560733854;0.46868252925921067;0.6122573357056256;0.33907671853502247;-0.33367433431072574;-0.633927109878519;-0.5109207845507489;-1.9746659492061291;-1.856353997269644;0.2154205933354061;0.75303035358261;1.775480804027337;-0.5371476123275291;-2.1745883724468977;-2.971395141541293;-3.318122820162496;-2.301894341648383;-2.1485966186647385;-0.3056654260882439;0.24286459932607724
25;2.793653281596047;2.8918370833848264;2.5545583198474957;0.7781547421541075;0.14290299994553424;0.12112083326023658;1.1604039892813718;0.48595728891349277;-0.16208359697083785;-0.6227516944871264;-0.4183385370546759;-1.8090903859828336;-2.499804494890043;-0.9326023318974038;0.12221662359425096;1.1480720057123315;-0.08099989566546863;-2.228116779081114;-2.631717961065206;-3.707701106841302;-2.8618468769962417;-2.9935260243618473;-1.4648348258128532;-0.7510710939129147
26;2.4312306126127883;3.223527705262751;2.656213158386286;1.7898590872839724;0.36318844884681223;-0.06449229672049256;1.3502600689966664;0.6907378627146953;-0.20498475869062358;-0.5428353862916617;-0.4834575151925147;-1.2282213434225104;-2.4642373770542987;-1.7797294470756855;-0.21396440249298487;0.4145353975641134;0.45839351895154246;-1.8255574068703562;-2.0499982002198074;-3.8607064702152685;-3.458341856933465;-3.3679993165842435;-2.7532404051341173;-1.554059034338571
27;1.7381596209339998;2.841624858860373;2.5477585601990955;2.5157816161382787;0.8366250628670813;-0.11678059929559197;1.2193189985769177;0.8993345426893379;-0.25840234998227485;-0.45749185247506374;-0.5030510653740695;-0.5864232830501901;-1.936233103531574;-2.266567914306048;-0.5783231865585922;-0.1819930079691336;0.8231459142924596;-1.1818300079026036;-1.4224823661278998;-3.4808875780554582;-3.9706176475973582;-3.5395457851550507;-3.548556046146715;-2.00121521310314
28;0.9178635195892226;2.136275724462836;2.4311635635838384;2.991455301277802;1.5846302986577927;0.21350282790923142;0.7869546776167509;1.2013146342360508;-0.32966026861838105;-0.509522018443747;-0.29518894087977693;-0.002751718155944277;-1.5879426712868183;-2.5741114431804535;-1.1295504677741568;-0.6506253215594938;0.5490690975828346;-0.07247281708041037;-1.0791801748920673;-2.5013296516954866;-3.991283649719676;-3.4046689245309016;-3.5650755606156963;-2.3949161722234034
29;-0.1900134088712158;1.3311247429733701;2.2100722586943222;3.1915903280818227;2.381709076327363;0.9092220143423783;0.4707875447318399;1.5906553752826573;-0.21684159471864253;-0.326827215759921;-0.09229498886893785;0.5349471026224842;-1.2757066776973947;-2.5700087220194368;-1.7476974052883236;-1.1629168455122307;0.022882921824521382;0.7882918399316791;-0.6781457523132629;-1.319990493740844;-3.310035821606952;-2.9157443578908424;-3.2467584740042437;-2.6407512994917846
30;-1.1721030194886712;0.3490446545881495;1.7163935761180693;2.6818290208287063;2.472840354047297;1.439970681277894;0.3145756799879921;1.7231675851489419;-0.09536956167017277;0.0639849196826318;0.12393064331762055;0.7188093698990993;-0.5963738675488861;-2.1837428695891847;-2.5411779410485273;-1.7043767372158387;-0.23812101819150314;1.3824817006620052;-0.08216202428840778;-0.3411958901181196;-2.2080183494989845;-2.315871608509094;-2.757969468455131;-2.67367635276428
31;-1.814070055655784;-0.4982750854932804;0.9667004070665617;1.667617295524701;2.152838980159925;1.6007822185610892;0.05847575684468021;1.2300425498479977;-0.11214756603520395;0.6175520865111677;0.13213748703085804;0.48264415657791376;0.19205168608012216;-1.4775109169322374;-2.876211556474941;-2.16507428581642;-0.07136094749671087;1.7214517833742498;0.8730157278507285;0.4863771337781549;-0.9373000745829226;-1.6813323505944737;-2.0272494678107367;-2.32220618016845
32;-2.139257317733401;-1.425158853527962;0.02038814943562846;0.5337160467812172;1.7259137985210065;1.5106127697939462;-0.004537845795624526;0.22228156652597886;-0.03606228107885157;0.7160658841295539;0.02013065006486769;-0.03250565410019126;0.8864581473144151;-0.6836989086887123;-2.7182403312115495;-2.566211711128769;0.3178700322336344;1.4894225083605144;1.7590883047268302;1.495566507944032;0.3945472182370547;-1.037604373159721;-0.9519879346064017;-1.6561873247281365
33;-2.4969323133335157;-2.1623257372758746;-0.957609840873833;-0.6984872935018741;0.8791215565566618;1.3201515674573279;0.26752392869313435;-0.6689431095510733;-0.06623054280018954;0.5391923101881707;0.030165323059111893;-0.507278391783792;0.9487567521717167;-0.08483525508355803;-2.205527299699854;-2.632068534369517;0.49636272495667055;0.7834315445033642;2.212665605035724;2.224357181100766;1.5282596834673174;-0.29346825898054435;-0.07313284178808428;-1.0373401580904722
34;-2.5949310591261474;-2.6067504586971606;-2.042422478895286;-1.8028101357970892;-0.12209753362517745;0.8043278957504082;0.4624903444891872;-1.0556644735803176;-0.25613914083605577;0.25268685883397873;0.31058883136628435;-0.4430969834259272;0.8136054549870535;0.37373278586574815;-1.2599031066870205;-2.306111318572651;0.2988218678905419;0.17417802750956551;2.0926376045586585;2.4097949811797292;2.4928127390068697;0.48494309426905574;0.4891524508315269;-0.33686841104774023
35;-2.381552990359423;-2.831415110342387;-2.8178597882972487;-2.168166043588395;-1.1376217003567743;-0.028002953308632048;0.5910997622032047;-1.2153160963029663;-0.6390824834969376;-0.00494642821292565;0.7855607008150262;0.019916187991784816;0.586389476814586;0.8281958324221304;-0.26115625723820607;-1.9112440763620493;-0.16477736340594024;-0.022649020954617953;1.6806623113691879;2.3472625842849215;3.2630923559433556;1.6426329320999833;0.94359576067187;0.45085649668891953
36;-1.6910259926166484;-2.6850650428819414;-3.1323615580109707;-2.0852401894205483;-1.8898693368796369;-0.8345680682964396;0.3241408150847087;-0.9427249602077374;-0.6583990776925032;-0.25889470713178325;0.9788745706709129;0.6443668382982779;0.4967467860619186;1.4305415876139995;0.6257046633433794;-1.2457405036508873;-0.859289697694521;-0.16746100947175482;1.2112204574236052;1.9804606155004039;3.6195692410179645;3.0452329078000164;1.3307990502829168;1.2565010998629575
37;-0.45146471817527933;-2.315275888905245;-3.1108915148286247;-1.9965237077557199;-2.5211051012564893;-1.5458325295699662;-0.33035591900917405;-0.6150260799588656;-0.5129601574187289;-0.5869221295011826;0.6716997456181614;1.1027140868195433;0.5356132114134596;1.7963952478391936;1.3510149813068744;-0.25893338256492654;-1.441975517710189;-0.35499481916036624;0.5704454573041053;1.6565771208042979;3.312762108505566;3.999569115009201;1.708038913099501;1.7916312893038029
38;0.44863140489168846;-1.5402627834057372;-2.5654178431420025;-2.0700392770422225;-2.8464625959535867;-2.0099417820434904;-1.2589207848421862;-0.585416696497748;-0.3617946274659622;-0.7143101083540873;0.24730148539263624;1.42977520035651;0.4752876043617762;1.798184785966381;2.031676384203411;0.8029525175907846;-1.6137680635609242;-0.3537510046344005;-0.1690813258706807;1.4555831482008434;2.369425744254479;3.9954575747822467;2.070694942911967;1.9801066679999644
39;0.8294599475496449;-0.5407130383067698;-1.4990684395162457;-2.3916420945998644;-2.6253117109842865;-2.258932011459083;-1.9316201311305476;-0.789543983479672;0.0064913918878925034;-0.43198921234489873;-0.34966939693338356;1.4227387867212546;0.5156677739453976;1.5233554657090886;2.4187586006763;1.8038620130119136;-1.161842478621907;-0.389840547937163;-0.6401769214972941;1.089657002396515;1.2247252164644338;3.17610239976097;2.5775762552968975;1.8565284665100243
40;1.176416366993433;0.5096830704021992;-0.7079843148563568;-2.4447197850382816;-2.047759563070582;-2.2363281253185985;-2.013718050401125;-0.9924325831517178;0.5955439339011753;-0.29306701350966163;-0.6750356258983526;0.9114394393437829;0.8721606921638728;1.0405077298267609;2.429053737174449;2.596650823799664;-0.46633806268944267;-0.6240176838259123;-0.7908402949266361;0.41330871918180706;0.3272346794727748;1.9955883826787477;3.0633697340600197;1.5064454983882243
41;1.2300648378353485;1.3364627212212863;0.10772169678680306;-1.8102539630697172;-1.5556214305750677;-2.214148316374047;-1.9169055050163124;-1.0644695498726748;1.2687124382573736;-0.3603683609006694;-0.8363684551662667;-0.04072705608281563;0.9184059598932273;0.3486894923528767;2.466545200550253;2.8513292815832223;0.45688629766129857;-0.8682383578971967;-0.8421005175002164;-0.7431707503641505;-0.20097872692799293;0.9471245898190604;2.9427946016646094;1.2775896299521612
42;1.2061908952982725;1.8063272858857056;0.7615789172717975;-0.43015679573681603;-0.7154371263923427;-1.794682329114269;-1.508100432028644;-1.0013739860927824;1.660239405298361;-0.0764270404403949;-0.9519094320210153;-1.1495753675957467;0.6223728853234469;-0.06862198118946637;1.8129435393612923;2.709711233788505;1.3939786222556891;-1.1292961731362336;-1.0347795210966062;-1.7539324006104087;-0.6392384021155224;0.06255416872725789;2.1723309934504758;1.3010874521946958
43;1.0684492163707715;1.8925198820074847;1.2974144654711819;0.8215520798143634;0.19748957645004056;-1.0361631187830689;-1.1651670870821675;-1.0036747454903354;1.665249828562216;0.5354676197210242;-0.7840568741428785;-1.8699254498300528;0.12156828110601299;-0.045664497631913784;0.7932664205553872;2.3529422373700615;2.0790728755681704;-0.7597269912262402;-1.0856400945685514;-1.96890946385115;-1.1335249379385082;-0.7702647580936116;1.0426976118241442;1.2624776351142781
44;1.0129692893967146;1.6169043804082242;1.821659415320147;1.628383155087831;0.6554628181819427;-0.0442032107432526;-0.7903864793058234;-0.8179753208013072;1.2738442481296033;1.2292154450321482;-0.3031336428785202;-1.830910556850361;-0.42418309541345633;0.012010160680449;-0.07493851313461389;1.9510456788662418;2.270690178519643;0.08892037971223392;-0.9348395079918893;-1.904502184201764;-1.5880473735619625;-1.625540667988667;-0.08720618000551619;1.1208469124546172
45;0.964433340139639;1.2445265668134513;2.2036998390453624;2.0011972200924957;0.6346807034403463;0.794345945194057;-0.2675815862096764;-0.6921920055733927;0.8320554563273378;1.5948403959894009;0.46476260159441557;-1.1222627281252018;-1.1015858868418988;-0.23524468462895046;-0.8230216111247232;1.2218496370476435;1.9291642759686243;0.9799304425645301;-0.6841925239680073;-1.752307288807807;-1.8969944376391294;-2.218147840413484;-1.3165271865749903;0.7590512863670481
46;0.9721891967514701;0.874142630220569;2.0908585757905196;2.147799696408826;0.9479404473815202;1.3946345773659046;0.3668460586531029;-0.32352327070664677;0.5273193737887409;1.718006439780984;0.980289513369933;-0.39242785809445047;-1.6798860352904792;-0.40474070833068754;-1.337730200476369;0.07599637649374118;1.647356439435561;1.8195831673395537;-0.4238004745860894;-1.3955285244292157;-2.1031279589638494;-2.534587880084531;-2.603300313522553;0.1889996439917083
47;1.020200886038554;0.9034900354619595;1.6613634359620157;2.048794978521592;1.7090965981818145;1.7771580753914207;1.1404021269737814;0.49398082803310156;0.35991318885016843;1.2740640258242368;1.00462014958764;0.35377494291680206;-1.7438973616677078;-0.747487576812582;-1.532295157257789;-1.1120915802515787;1.532725123942489;2.2599731428840406;-0.060292234350791694;-0.7936206532033566;-2.190804772924547;-2.6214603736281834;-3.2800194055347993;-0.5617075732467053
48;0.766814227049238;0.860092657452957;1.3528007426236826;1.9696829011623163;2.3605106776645446;1.9523588306370907;1.7761637171912736;1.3189875062834455;0.13601401172659747;0.731703301153428;1.097439899533959;1.1652342079948999;-1.1816347035614883;-1.019499927785566;-1.4238237292416183;-2.0777434981802316;1.1976224068970844;2.353154958689123;0.5557346594976298;-0.12501979828594764;-1.90274855186534;-2.3972766095599485;-3.3275257614604175;-1.5804430067748343
49;0.37161740149332845;0.7352998858446188;0.9187214456657776;1.7108896356297911;2.5409993002612694;1.9302369415951388;2.173442223285699;1.8493696448972774;-0.23191908667094113;0.11351440897017465;1.3790780064041657;1.5417290065162275;-0.22222983399834678;-1.2970050297311824;-1.183924335620712;-2.853331822403819;0.4713522275875067;1.9923787360505376;1.464430155293123;0.46983372992627487;-1.1873410832491464;-1.6308115231031364;-2.473435909897929;-2.5834016298990075
50;0.034724029488956365;0.8399362333766806;0.458378283240696;1.3636780430610231;2.242432234025375;1.6786112196479175;2.366436773172688;1.9677270469927166;-0.6789598881677954;-0.22063498917490543;1.3459991890481413;1.50199363554262;0.6077724550906506;-1.6585315495079627;-1.1037291905943176;-2.881276006230633;-0.3347365526045948;1.2733748244330476;2.4449179532842638;1.0113375321801443;-0.45550341234253555;-0.8999697029424624;-1.595299299121891;-3.0204928252365915
51;-0.10400528557440915;0.5989745228384806;0.30539841188728667;0.8524510031286755;1.5073046247063668;1.4123153042437384;2.199042128307263;1.9149316588920136;-0.8577334818995688;-0.47558842524781714;1.0694588714536828;1.1537509109896285;1.096926526755361;-1.474143534128004;-1.0778618857445008;-2.4569246939246137;-1.0407138422401156;0.7045526361135801;3.06880765914209;1.3857177561218155;0.5562568740910796;-0.6253036779516714;-1.0171396394881627;-2.9453348438531575
52;-0.05444527158350266;-0.06161398545395157;0.21881162750927335;0.16949708292915602;0.4885473193950688;1.2241859102353845;1.6953763706139282;1.9021600466165338;-0.7470237769528232;-0.5748436132019272;0.40094515194398467;0.6610122795234332;1.3969207991782835;-0.6658051232704455;-0.9422249377228082;-1.7034552123302107;-1.392745733693378;0.08735737462898382;2.734566593914935;1.6904191289632535;1.438249368918811;-0.1553787067706219;-0.715641369149081;-2.617281305171804
53;-0.2896046671995868;-0.4930925063152156;-0.023737336833254415;-0.42849621538223925;0.09865113339137883;1.1855193891319107;1.0153981540466246;1.6371721812620634;-0.5532515988204278;-0.48265815896840597;-0.33046569379732055;0.3455457347504048;1.3364728905996144;0.4785818697313115;-0.8225324295073213;-0.669121174473503;-1.5857245736305876;-0.8655467434298656;1.6048509862636633;2.147754402582955;2.10306647873232;0.618174188235847;-0.32152417490258844;-1.6883759513450414
54;-0.5906480305659442;-0.898566514988027;-0.3711403144783469;-0.6117218380369979;0.005376800480317198;0.8294380872969818;0.3252494553873999;1.2283312481569366;-0.650530679087701;-0.5022856440746829;-0.983294906804865;0.19855206561167604;1.1260333849390345;1.4841736008607445;-0.5158810221518099;0.2282626289055632;-1.669790614653727;-1.705056390073618;0.11448239739834351;2.443923472610027;2.487380799402942;1.5796044953477233;0.6502048889727714;-0.4924156613661939
55;-0.9826759374254976;-1.2226908416903846;-0.9197631652744185;-0.4586563631809003;-0.20953755169275898;0.23850000648461436;-0.2265055035278173;0.5946328872302156;-0.8462767095470065;-0.6516861714851606;-1.166951400015579;0.014666402601154762;0.7920395185719699;2.078958200866761;0.3406045831749862;0.9719054795216333;-1.8674242686857778;-2.2331793724335625;-1.217440249574835;2.204647826875105;2.5581412503775636;2.4452643010127724;1.594117029380257;0.7265312946848093
56;-1.31749044232396;-1.2753084220326056;-1.144443952369201;-0.6155721306565223;-0.7125352741507565;-0.4934675239643555;-0.615172783707503;-0.2188918307638132;-0.9618979550491185;-0.8098321609939235;-1.1289983934062742;-0.16695187162570235;0.3103547418076494;1.9646340662458448;1.3944492244326396;1.3590099973098462;-1.73224862467728;-2.409968706495005;-2.103896824124445;1.2511360300149774;2.3469007029693283;2.9228995992942894;2.217264702371731;1.5739249571073468
57;-1.2230327787820867;-0.8879616012789232;-1.246584354895861;-0.8652654003088794;-1.15648124789308;-1.2227914434226306;-0.7992144327354663;-0.901488048810734;-1.0298946738754762;-0.9598228322365564;-1.020920980103309;-0.3686463799379718;-0.12240569295008334;1.656132699727633;2.071338179764241;1.4665706363842292;-1.407283863607945;-2.354222251830287;-2.5919767272860916;0.31369687101543114;2.1252230807591292;2.9654025855383876;2.3966843245345255;2.1863123582127675
58;-1.015199211934306;-0.507351797136556;-1.1409031609587157;-1.1015696991124646;-1.5505763606898777;-1.9252227369872106;-0.9364501656761473;-1.5284351915223828;-1.0573237315785826;-1.10295024290063;-0.877667129868249;-1.0656811886961433;-0.22413926033100978;1.0817988657782949;2.4163494288592173;1.3135889512302101;-1.1329338450803552;-1.899942281981679;-2.643710410211902;-0.7639512847211989;1.6484327563374803;2.6434927682692955;2.3199534853751516;2.561798141434189
59;-0.9949182161556777;-0.43462439065724895;-0.7777657894408027;-1.328564088421742;-1.5896778603832242;-2.0511663560229207;-1.093631384864163;-1.8489593975256278;-0.8451816695015646;-0.9511069141149175;-0.7834158651765094;-1.6080358498234961;-0.21743441705577332;0.440380889079762;2.336454605459269;1.244417443909572;-0.4869898014006593;-0.9265081995172098;-2.1535960292617635;-2.006540858163417;0.5343884226287359;2.0301358356870463;2.403969628135276;2.523797656050997
60;-1.0107083518992586;-0.7045443292381355;-0.6132400657693861;-1.269559665851721;-1.2780688859618878;-1.431806171038901;-1.3919982429738746;-1.8726626486816085;-0.337924280438099;-0.6911212546408075;-0.6637482829310505;-1.403951517759682;-0.4529262873345865;-0.03358748114784021;1.8335618567217284;1.5823726070251498;0.17516277194436541;-0.032279651120714306;-1.4146740266050775;-3.0358546132264004;-0.7753545020555387;1.2095078402275763;2.400064181475935;2.572497517448276
61;-0.5481401601367613;-0.9221466102461129;-0.5103447070071275;-1.034396496139921;-1.1957839241403518;-1.0127628334334478;-1.4850874399338976;-1.4840590329199697;0.28510909201364554;-0.4904094451011567;-0.4306762525014724;-0.9414496681326621;-0.6630631625366252;-0.5091531596693011;0.9366447677195217;1.9205016443917413;0.4251040112968544;0.2736242434744443;-0.7056839183457846;-3.322283928379087;-1.7059472848680728;0.15277610808573247;2.077454958119388;2.565828555149228
62;0.004105679153326026;-0.9335733966643058;-0.4575090239616136;-0.7498061585974504;-0.8562900386867379;-0.724237600918311;-1.3944802206856297;-0.9468275095094317;0.4750543088443357;-0.3036055897760011;-0.16641615507268795;-0.3304739798052467;-0.800113406992663;-0.6513778296581226;0.02603094140767994;1.7674585954256925;0.5184222635611745;0.3571139024181696;-0.2592306602339957;-2.665784090889826;-2.486599216859853;-0.7949951106424847;1.3127745868884824;2.1170154191532977
63;0.31140603057108157;-0.8421358902204005;-0.6533501535848509;-0.3307751860915999;-0.45967625950534147;-0.6435190094835871;-1.0658638020463638;-0.4015186682824085;0.5017889288347499;0.0004170606185953955;0.04120652545825444;0.2696393723044062;-0.8571893690307112;-0.7588112508066372;-0.5565599354085489;1.0985020569290607;0.6437570628359317;0.4648602806581702;0.16434586827436792;-1.7255777572929305;-3.0758999490885617;-1.6406273421185726;0.44600247620603334;1.276017250272524
64;0.5701882436339278;-0.44367703071890435;-0.7738541527344753;-0.12197513687514291;-0.22924664554278926;-0.5213508176632755;-0.6112625461827362;-0.2957560182925819;0.5588840925562999;0.27732612965790554;-0.002344874765800922;0.5157675044048231;-0.8191672413908461;-0.9025766413585872;-1.0808896182441272;0.4419744027476553;0.6973504364268968;0.6758518500856977;0.600248250321223;-0.813465155956025;-3.270857040257568;-2.4558797097759397;-0.6095967126889644;0.50103189705084
65;0.42172578744468653;0.23005194377468466;-0.4998567765711513;-0.15499683202567704;0.09820682748734788;-0.08337974103214506;-0.1677522773507453;-0.15184404236515417;0.5296669809384249;0.6646690277480922;-0.09763705930174126;0.29469073832496295;-0.557237187041625;-0.727012805752351;-1.391587512314612;-0.42307086932925847;0.7904259641513615;0.7807781896747155;0.7738015659631429;0.1337060366533103;-3.093468861879659;-3.078525348553263;-1.8995624727017337;-0.3343252714660762
66;0.16781490828400022;0.714458841348361;-0.015842847270189097;-0.1545499919765327;0.4543565140813303;0.30220733727743565;0.2564982247814334;0.03108897304121833;0.7020809396242274;0.9544726377753007;-0.06776720983403414;0.05161994068666739;-0.28591650701806015;-0.5607595743344879;-1.2923510600853236;-1.2127054186147528;0.9402267118951257;0.7324479235250811;0.532518533961826;0.7533544081457739;-2.5028389312645083;-3.427812253552679;-2.9708818627023135;-0.9151128451727875
67;0.08918572449514071;0.8376772447235401;0.32367218832336336;0.1106845583374772;0.5596976823300357;0.7428255095795296;0.7400325302593008;0.24835182143140055;0.9039487000733454;1.0404905124858193;0.2657085459993687;-0.005867098315323036;0.143024137660609;-0.8563153471498122;-1.1693682647929144;-1.7608278984784482;0.9737104050040741;0.4747663125342859;0.32332140714681595;0.9374652510432662;-1.203140246655361;-3.343408243811686;-3.6549584032424898;-1.570394074082972
68;0.38252158987082013;0.7743556570400394;0.5894925450977494;0.4996803730008804;0.4533009131293512;1.0464704335574966;1.2984053376055538;0.8038934412382088;0.8369667617484419;0.8583663432215368;0.7021051565235373;-0.34789335649155;0.28540259962629083;-1.004653879597042;-1.1001972312645067;-2.266930996079579;0.7508263720886548;0.34187537615065966;0.17968974302232057;0.8204759296175113;0.4932087118504443;-2.8434754804303037;-3.832283377228972;-2.432318579016883
69;0.8726547684015424;0.7313464232481399;0.941868469822955;0.812389512439145;0.34681026216574085;0.8974464869904909;1.3687631944536869;1.0917729813006656;0.8246004086445391;0.5067859934367008;0.7314980891487329;-0.6257845108107327;0.17445504535866294;-0.8964281090337537;-1.0938330466357806;-2.212425577424269;0.7332074338592331;0.3523574444385181;0.11942114119213182;0.7098084669609135;1.7232653342443738;-1.8786464865984478;-3.498790392033952;-3.397602825924628
70;1.063277464213749;0.8853341203841492;1.356644844191156;1.0406563409225358;0.337976563249821;0.49367924168102384;0.9537182145034016;1.3064129858428988;0.8349133681883751;0.3241925339943791;0.6733378548292539;-0.3485409232947579;-0.26651427768667896;-0.5706579880425616;-1.2322953696827605;-1.7085207862262821;0.549544469411848;0.32343257027341454;0.2823461486230913;0.7609942834195687;2.1792351215878845;-0.44485618433005125;-2.708230201747236;-4.004772424073682
71;1.0495793075143258;0.7777391192747322;1.4679929300140113;1.000643033783102;0.5001043503164534;0.24323638688951457;0.4144982483743813;1.0423062699445784;0.6631259432558246;0.4929585394860391;0.699176938923476;0.28923026653467937;-0.5947776725523723;-0.27335890264223583;-1.3532054839159795;-1.290144540098535;0.4347411513820856;0.5044016101825597;0.6784822593219173;0.6897337643605871;2.2683465967892262;1.1421315899495885;-1.4862209155371249;-3.9747108051992264
72;1.1656102521025213;0.615471096688648;1.1677210110506226;0.7486530424495103;0.811312781292872;0.23074912458578029;0.023213756443306505;0.3690647634934513;0.3079191129199359;0.7829035888209489;0.820697423723863;0.8906359585251968;-0.6618109505047636;-0.19310348081697076;-0.9096635401440866;-0.977369808099945;0.4090846291164678;0.9548969755800745;1.1721482628512334;0.6096949837334846;1.7596382788987293;2.3888430890580903;-0.3126931962707664;-3.170739492047647
73;1.5233217224491085;0.814631790384348;0.5760200449967955;0.7096482222659987;0.9920744447178182;0.3081127951200358;-0.21536194074434006;-0.15966159627033413;0.1874078856744229;0.8877281359505123;0.9041281574671535;1.2472142852487451;-0.34836808248472295;-0.10575147929659692;-0.269408758039036;-0.5639491002858803;0.3727852817508117;1.0807465105967495;1.3551061606883152;0.838468937022447;1.199758792174046;3.038637101384637;0.6402596981789606;-1.9744833481925423
74;1.5470268190522534;0.964132673190953;0.10855267722621946;0.5382562082645114;0.681590151731728;0.2157622469165523;-0.25555018170856425;-0.4333981443910014;0.21741015910239317;0.8843355852593706;0.6641778130614396;1.2094730976397439;0.12118085337317701;0.15668139503896095;0.08403598051056635;-0.21071822743597898;0.27750194392728444;0.9153914364858804;1.1781373049198158;0.7701587771194297;0.5080515599306047;3.0552209600600504;1.7078552446761022;-0.3272196856031596
75;0.8937101805692726;1.0242281038037586;0.001496647100616931;0.1795281868871421;0.24102468509137084;0.08491134753253901;-0.44128218168992145;-0.667220004605207;-0.04890883387712272;0.5679396984042073;0.19188668540334383;0.696139413054694;0.8602543389786631;0.4963695638406101;0.4286981983339389;0.08293349744459345;-0.030033697150160743;0.6266692361327989;0.9239697827258573;0.8894720660764152;0.07872347072804697;2.541720011788657;2.6698609315655224;1.1884025973145051
76;-0.10516450847732757;0.7694467281553907;0.05318218587210114;-0.03383512423581328;-0.18866872851454913;-0.15680612025167026;-0.5916968112516893;-0.9278956598761975;-0.4258699564582299;-0.2502537416713275;-0.10651349777102645;0.22882059730482457;1.4779808964551404;0.5893919808027187;0.9234394383567626;0.20789629725814077;-0.3703689271635217;0.23588712475965296;0.5284468586513132;1.0541876733335236;0.1337295518857994;1.6216606799225604;3.511126670699329;2.36246565391814
77;-1.1608803981605766;0.22105848606200407;0.010605816330781209;-0.24542139026222118;-0.6215634062321843;-0.2692304676392586;-0.5054382001327752;-0.9633302176132101;-0.4076455858029641;-0.9407567595524631;-0.11711426783199128;0.12494422732379179;1.550441198715697;0.7196108130901787;1.2993428068215076;0.41798471653727676;-0.4986386799383993;-0.21565197350991114;0.16043051718257936;0.9897684310581683;0.4092765867913374;0.4597622147860414;3.5897149070448524;3.104526216354924
78;-2.022010976953185;-0.3287050541875035;0.08770378618022331;-0.374947862354906;-0.9492377969774518;-0.5749621722218833;-0.2918200856571814;-0.6419214257080085;-0.6650687627892404;-1.3892829811115888;-0.17672377710529297;0.14324735333260388;1.4579667250230113;1.1692758818897886;1.2682135282014397;0.8601254813175444;-0.49171021128398923;-0.5647232626106767;-0.11724633086374764;0.6879744501181368;0.7671748838075726;-0.4629290383223666;2.788646652925408;3.2700266244869622
79;-2.2913311701494874;-0.8475778672132276;0.0686701006236995;-0.3769745053432175;-0.7863902780851882;-0.7883395680956299;-0.11384744651962987;-0.17230531754420605;-1.0876374126020965;-1.5088842569829568;-0.4002289926273884;0.17278304670432365;1.1483073435814612;1.5499805999766736;0.9578340244048188;1.2523019000607019;-0.632750124061998;-0.8886764797363197;-0.43482516756552925;0.17304349678167724;1.094344888359666;-0.589311091723141;1.596409074435988;3.364465956951144
80;-2.161314411851899;-1.5404463038030647;-0.1996744285610361;-0.4979085985057064;-0.5474646825615146;-0.8420028296181862;-0.2296792338539983;0.36922539975812957;-1.341324339630942;-1.1657623625074651;-0.8069948613772898;0.023472113497898787;0.5516087447947599;1.4119240127036543;0.9268787079588217;1.428874733246278;-0.8388313222945583;-1.2300562480834676;-0.9813428543032137;-0.5406497293955721;0.8365955941311735;-0.3645362980400135;0.39971756100448724;3.189654337142048
81;-1.725668581271424;-2.1497639722550352;-0.5308997393087156;-0.4032014903121282;-0.25951846219690183;-0.5918992765576512;-0.14434701325933283;0.6300448037728471;-1.462554140269246;-0.5727097608446394;-1.1037857011749446;-0.29284740697742034;-0.2415164767006989;1.2558330840109708;0.9773584704670932;1.3616027739588858;-1.0619943607836722;-1.2660645422890797;-1.3007582731351648;-1.1949060111222805;0.021452812936482008;-0.010991087201644623;-0.6371667619740605;2.3182844389290405
82;-1.0404929860819179;-2.3359139360239176;-0.9182873181116711;-0.12574028163931425;0.20665195283426147;-0.03088796670356956;-0.12200657262998238;0.488753544124354;-1.2382981943480948;-0.08361990709197935;-1.0922331177883002;-0.6955150198716108;-0.9154207897030815;0.9546322051885159;0.9590319731723219;1.4117039410036496;-1.481040026261987;-0.9830254402545252;-1.3960950054476526;-1.4891902954530873;-0.9506952109599964;0.25618184060576454;-1.279117245558429;1.0974435818883481
83;-0.2581532591012761;-1.8957822208495028;-1.287550951039744;0.008042297740438189;0.6374599526552562;0.47933180511072765;0.0193563813843086;0.21994532600679467;-0.9126365563670561;0.02985944819183685;-0.5744609569785138;-0.927062948402416;-1.1392272836898765;0.19842483609405429;0.892192999558472;1.392571782306876;-1.4505870140810877;-0.8720450492459874;-1.2757962498099304;-1.7028516151921538;-1.4611776591145327;0.1757236478083556;-1.4242456294495867;-0.26253102455132893
84;0.16196707974136662;-1.0409142211192755;-1.687067275440209;0.008076533563706698;0.7947974941013717;1.1041489892900531;0.3523974045974751;-0.08099608074468059;-0.5778170322188352;-0.03653539411507545;-0.0025426570446174567;-0.9490037204782084;-1.0611355038627313;-0.7043900375743558;0.913130511785683;1.1820963886942744;-0.883879161240121;-0.7248317377191777;-1.1522974738257306;-1.5064525967053157;-1.7066160134907402;-0.11713348376324019;-1.2196572614194618;-1.2402648654472268
85;0.44240087166447845;-0.18651295998449202;-1.7528953227861845;-0.13975379047367753;0.8664898509123283;1.456026704916617;0.9397876545213317;-0.09012163713274463;-0.048319281291170905;-0.24328010015508447;0.18231033133064478;-0.6412032723343375;-0.6710345052420215;-1.4577208597489193;0.5016131546774079;0.8451059840280346;-0.15380496842342;-0.6164315497627646;-0.6526521771189822;-0.8963182709787078;-1.4648002043365904;-0.6324760510982208;-0.9284763089234985;-1.847754805157707
86;0.7079339290657989;0.7782196734389335;-0.9025837308929124;-0.32172231412519287;0.5849946385256414;1.325184499773068;1.2205047763273051;0.12882230551222906;0.4482989821598123;-0.45816385634901097;0.1579740726603092;-0.2645467707285971;-0.44332525513868815;-1.837437277707049;-0.27643857420334816;0.41205447231771847;0.26984328496346377;-0.5751326015037587;-0.046370112563357;-0.21995567480584427;-1.067358661278615;-1.1879727360135217;-0.39662489449616584;-2.0808773461029686
87;1.0188049075685968;1.543942632160068;0.2566152724267491;-0.31725450274957606;0.05622792303420619;0.985188612228157;1.0399287397349926;0.3699964997337039;0.8143082335593335;-0.7607854953463373;-0.01924527842881454;-0.2421472307218833;-0.5618779135801493;-1.6204917541319661;-1.0101403278561765;-0.23091234319969628;0.5368149261874631;-0.4061228048980869;0.2824969493014405;0.2549921195627497;-0.458054059056943;-1.3949988438762473;0.0308098295366405;-1.9472272103615866
88;1.2637206044606013;1.7446280457096484;1.2236798492559413;-0.3199469624068101;-0.12258841385610676;0.3391729406145915;0.7475225699909781;0.4384955526702848;0.9189444423459371;-0.7779680426808095;-0.3661346091403538;-0.3273002136004889;-0.5960620234828897;-0.9666710007383286;-1.6012435947339627;-0.7802760492811444;0.9167942843600371;0.011572585461060042;0.22635576376593697;0.47821118271795804;0.1683537496800667;-1.226481606184022;0.37181285056510244;-1.2080533930919812
89;1.339856006713005;1.4117337499329712;1.7354514271850456;-0.23827355909752612;-0.32602216166498027;-0.14584291981741826;0.4368970903252324;0.5678080321950133;0.8465056985842542;-0.32611960249222843;-0.9252940805473737;-0.2529734924848196;-0.3369511267660397;-0.22562149271776938;-1.7882828664553214;-1.1865039072930479;1.1226807985165266;0.43354899903602495;0.014642029304465959;0.5218467451616393;0.5700555266733801;-0.6336152871349195;0.2532368753438702;0.08352957376548187
90;1.3969207164357433;0.9016139973069748;1.7051125279305588;-0.015018833292240819;-0.43284516770371767;-0.5223015621434071;0.18285680328567858;0.6264255940961891;0.5750799186856623;0.4544370983655077;-1.0263909085602994;0.09144151177449272;-0.10076552554621243;0.3970420634970555;-1.7160027976064047;-1.409909903006905;1.1367127643951043;1.014937114236797;0.03824316526715201;0.3598535715230328;0.770536113421792;0.14397324579369497;-0.18045454190502122;0.9528469978112118
91;1.0455089885038826;0.6681998278078501;1.1814612981850183;0.27137237213765275;-0.6449242565794797;-1.0274061581846943;-0.2753332980778013;0.6019384099185199;0.3311551351215506;1.053854966485685;-0.5535392142586714;0.09146972601247348;0.06860748898819818;0.39855179312859884;-1.0804030690004596;-1.539775435035264;0.9377698096228914;1.6391358676178909;0.45797631474350503;0.29194198358755796;0.6188465864362215;0.7683732364112275;-0.580257239287151;1.1735784972788854
92;0.5267320647135928;0.4087452405075493;0.49738777272064033;0.4806614596717593;-0.9312614877811723;-1.2771862756547823;-0.816758997962454;0.3928633317615376;0.7232862333551519;1.3811128244803288;0.26851222322130935;-0.1730980234349647;0.1798370672549897;0.11449213640887897;-0.2446970594959553;-1.553503988136622;0.8711524749888933;1.8181570362122228;0.7371612418656075;0.17917493740536938;0.4747979016610393;1.0769129226682819;-0.5010409494158615;0.9313439088960991
93;-0.044507170066399857;0.1326158811462823;-0.1350736196804112;0.4349515200606925;-1.0003735674679928;-1.3975480147153094;-1.1141816761159937;0.12714680837714673;1.3303805909822695;1.4029090258744197;1.188152083091759;-0.21721420766150895;0.2718493622996277;-0.061090891255501815;0.43431046926897054;-1.2377158379607685;0.7688588657827474;1.6094912988509684;0.9889653555661444;0.013393199344081815;0.3109590162778647;0.8798820457555485;-0.2138630593700212;0.275911699646453
94;-0.7427996979482087;-0.033029793254092575;-0.5712155600656732;0.37624508847589505;-0.6984131638493621;-1.1405813256775148;-1.1529349691506137;-0.18061835351340022;1.5911199093127857;1.3069126081118059;1.7091945983224381;0.21465206870620654;0.22146813052599326;-0.10174075076816971;0.8103009789127518;-0.6383635010255996;0.6781700463057188;1.1978115026931917;1.2041411762437622;0.052300092141542576;0.01941969341007833;0.5030335156054974;0.00880627549621109;-0.4505246434388873
95;-1.3496058432387157;-0.14024482715837425;-0.46901591173996265;0.23973220749970947;-0.1388259380544415;-0.615338046291969;-0.9199101862664845;-0.5388501715496751;1.417529873975595;1.3071201630817733;1.7666344333689026;0.654289377994714;0.20891057435139052;0.03898247776438412;0.8059501151126433;0.04593255526981818;0.46265955448249707;0.6256277184689507;1.4917693468311735;0.6225106724996488;-0.1917068683747116;0.000976562477640869;0.16784301864874707;-1.1435754667927154
96;-1.477234692781009;-0.3484648263248192;-0.2552791933422207;-0.09317446128954084;0.5025238263445667;-0.1670694180340197;-0.7068970236144436;-0.7318412872501899;0.9990341404932014;1.299410680005947;1.6785718701076848;1.0671871135222764;0.41884297072163973;0.25424795526304045;0.4245517542156347;0.4636687387393847;0.31766147603696954;0.02989880665584409;1.4341999906051581;1.0848867570973344;-0.2752449568644993;-0.43575250263798404;0.2982303669974525;-1.507138829118194
97;-1.1485811600007034;-0.5533424432193703;-0.08521710376990904;-0.28434102200984446;0.7090640096261857;0.13396256828445197;-0.39344134931428953;-0.7110784108915832;0.5717986908599809;1.1059257176031765;1.4278953432456034;1.4194228596048455;0.6624743196155765;0.40699327421846776;-0.02792493789852738;0.9602411252021561;0.5696421483269993;-0.21403668823528682;1.0469864843509662;1.1255405626001145;0.07704108679237769;-0.570255798413317;0.3383332185945995;-1.2256332364917095
98;-0.5152471524826834;-0.9079252911920881;0.0026811011715859186;-0.27813418746832164;0.8111564072064237;0.41068022595088155;-0.18030330770687386;-0.8308057579945854;0.012964338320483802;0.8151233053934114;1.3439407637241185;1.7449224498934663;0.6686090377464311;0.37982740165846135;-0.1406741760038247;1.0968471428127025;0.5315781303023984;-0.1424092715633325;0.47327589291616884;1.1828326564060418;0.5724736019356661;-0.292752340514036;0.08006817411064857;-0.5292198335189353
99;0.20680070087843638;-1.0410996730965558;-0.2156662160992997;-0.19398982354234037;0.6724635226160363;0.7376491543261956;0.006598215237283103;-1.030153309786095;-0.8884515575287703;0.6503790583615824;1.2219694378654882;1.8908692976847086;0.8066920942850679;0.42331754756716355;0.04294334406440063;0.6308656660638139;0.22314505151996253;-0.20295491092521006;-0.3934141909586207;0.8527013555735125;0.8881119862334425;-0.11145942661307162;-0.24548813117574933;0.10856059990906416
100;0.8212141389682605;-0.82695151944471;-0.43778366253563195;-0.009870764645462325;0.36468802977861925;1.0887647540565626;0.21136296367364646;-0.9739763955422902;-1.5422436266348674;-0.03824081874381506;0.6132117087393413;1.5691764319613504;0.9607498178390927;0.544676487556983;0.3542036979841172;0.2678774965989982;-0.3401343951922946;-0.4839681943115886;-1.125199635101054;0.2779794962663484;0.8150226465592724;0.15439934051094603;-0.5182072398543713;0.3813617381670985
101;1.0324605385202401;-0.40696115713061226;-0.38016887883329586;0.14704279008670443;0.16810217829768984;0.882487557698018;0.29283790243806435;-0.7103235937301559;-1.6875532201884378;-1.1893705516032154;-0.3951280127610749;0.7894654924774578;0.9681812622483058;0.7109317081516692;0.47591223397827237;0.03388303877953927;-1.1994182894949739;-0.9718016198954885;-1.5230579781143645;-0.5062216626114828;0.3940883516574001;0.3032137509719563;-0.62080597734358;0.39494347780819167
102;1.1064245646296247;0.3949002150185236;-0.23328559825476747;0.09745286392979571;-0.0053656110956683545;0.5228239471535429;0.635806636955829;-0.23794536552175166;-1.6119039362340148;-2.1478254213059973;-1.2927958571090665;-0.38860841804745644;1.006718950996466;0.8083744404403868;0.45948286396109106;0.06334429169248106;-1.8539021517581022;-1.2033124382183833;-1.6264102211578155;-1.3122594051772534;0.04704293424444767;0.2952350468022153;-0.5680556434036194;0.19957062127998731
103;0.8912276732753517;1.0002406271459945;-0.07138575014479664;0.2904510418578393;-0.11379575229735249;0.2177375011948921;0.8510704247324402;0.44178843238824994;-1.227760313211719;-2.4215360381503923;-1.9557609149159418;-1.3284022153784172;0.6498736263561462;0.7593251828443458;0.5686229947246415;0.10957526719028639;-2.266175891749404;-1.1055092074478485;-1.4031011887875833;-1.6229588212528507;-0.3594481365034321;0.11969435753254637;-0.2670439496044872;-0.20124970421452795
104;0.6240292615540317;1.387770550155233;0.3506863206651024;0.45321823525725125;-0.06553001720800652;0.08955930147190069;0.6258359093782874;0.8454500211523722;-0.7234643219565589;-2.1631000408795162;-2.3151362362533545;-1.9407471450179106;0.012816238138159467;0.3128308256646429;0.6098326130427075;0.15162636779785638;-2.2195466672736184;-0.978050652513894;-0.9436662089943616;-1.5525310119088582;-0.7613326782801869;0.08473910366669483;0.03218556732023118;-0.37577783461138997
105;0.23154009320374785;1.5048653708103046;0.7956918506261272;0.3371181425553691;0.07954025638923036;-0.12374528152924176;0.3722297539957265;0.8406540056732403;-0.27836350983637026;-1.888893306340057;-2.6704923703490224;-2.3985414172900184;-0.9925833493852054;-0.18924738747207542;0.39943588219650633;0.44736651818506;-1.6658553244193657;-0.9616907626448835;-0.6131492659066425;-1.2682047799321157;-1.2513015031364003;-0.07126580338198267;0.4276778791805878;-0.09528714852410267
106;-0.16077755064555532;1.1970026556978879;1.021546140793376;0.22820887926829214;0.1897524475586681;-0.3138702182603437;0.2171371217455957;0.8503572048602085;-0.10519455586506468;-1.5274850861114153;-2.607646540850656;-2.4951207226938648;-1.9470638666288693;-0.49215662781881286;0.057531663512844694;0.5416031089946816;-1.1058077771175185;-1.1639669552866942;-0.3903381868026037;-1.0518538064837315;-1.5651423015383652;-0.26443608865745166;0.8090916178459842;0.16726033911867644
107;-0.5186828531634607;0.5310801731821705;1.0032051391516692;0.20111959767377266;0.29185928546790685;-0.33303406133573626;0.20966151149430298;0.7726762753864012;-0.2766659999328179;-1.0604378003221795;-2.0400116011478926;-2.3925090408832905;-2.3674360338984095;-0.7003140187588305;-0.2844172028893017;0.18277500545836;-0.43333768963664093;-1.1707314919457585;-0.33028436821059337;-0.90509982721592;-1.2918322083097953;-0.3973129338271489;0.7583035980264924;0.4843898263660215
108;-0.9029765640449995;-0.17563299344822825;0.8915924779965515;0.1526873195886094;0.2561752993887512;0.0501549461124793;0.017789685424252657;0.37339375400067765;-0.6504223450382915;-0.23457805732774464;-0.9869075006100294;-1.85061174871932;-2.461265522234493;-1.0574928525316332;-0.6103469343746438;-0.2854882963615539;0.026921619246651502;-0.8189998011642469;-0.25542912444971083;-0.48724908859981014;-0.9441528196249444;-0.7344647973622662;0.6538686059542148;1.1107847990502728
109;-0.9346429501999931;-0.9913946290883959;0.3970359751425327;0.1282381800138304;0.1266625077283698;0.4201386795475592;-0.16523646550174578;-0.042497926909698155;-0.8373805317020707;0.7269339784460412;0.020359466017979517;-0.9559860009501004;-2.036185636418348;-1.5107332641894502;-0.9237438935934331;-0.6347974250490498;0.18355506921248224;-0.2953629313090974;-0.183951844683194;0.10860209035424283;-0.47415101166635704;-0.777629714311617;0.3204805825256325;1.3465218202679012
110;-0.8804654578857427;-1.5273063542056935;-0.5495521187200451;-0.06684080231620419;-0.16247249762945692;0.38137638672608726;-0.1076676100520772;-0.31069744655809606;-0.770036792287955;1.322008158250462;0.7346089975208716;0.015131948554293891;-1.418537531528986;-1.6884218386824614;-0.9787582685051379;-0.766082278181288;0.3135938892634354;0.06343463812956439;-0.3044880356125293;0.5037416228587305;0.11515457858152862;-0.5249602436291266;-0.1670515114150973;1.1513232888190754
111;-0.8593742947165988;-1.5774111983236923;-1.2398751933215726;-0.39280305723196507;-0.34023697933175767;0.051117742515447734;-0.1852111627883216;0.012496879334107496;-0.6235207694911507;1.220155072632947;1.3569095366539388;0.6792170937901716;-0.5933076624364207;-1.7370241989577284;-1.2072765610623837;-0.7178381792498961;0.6681478108410543;0.24408623522303532;-0.4118482987105501;0.716305708491811;0.49600806020717136;-0.19686163168058524;-0.4100539070662511;0.49373922625906436
112;-0.8163916282517288;-1.2750737319247958;-1.5685601176603936;-0.5252959812444926;-0.2572865342095516;-0.26581969173932196;-0.06726609516513972;0.38405340922279657;-0.2650716270603091;0.47395892205357626;1.6453402462454538;1.0156087167924515;0.4005023640841277;-1.4504287244721266;-1.3365085075146421;-0.8116959667278209;0.968247238196565;0.4248903795397004;-0.20077306899819963;0.6429585753829229;0.7488000032423023;0.012357319607159748;-0.5914863142715506;-0.29170768641232153
113;-0.7092249866244931;-0.9503049828911272;-1.6263299523273707;-0.6411609980756945;-0.3813065211911183;-0.44349731895753636;0.06436889263350105;0.3662245161733258;0.20920945088568002;-0.009316852442409922;1.67330872624656;1.2783748381615014;0.9573303450553867;-1.0600209048141016;-1.2074726564552298;-1.0090631404202708;1.1388155563423314;0.6848844261490119;0.037570363081601325;0.29170198406627357;0.6413594890449789;0.10228746835410148;-0.8496699108074686;-0.6981215205378412
114;-0.5849552841113913;-0.7348411472679522;-1.369286217491086;-0.6890119892617128;-0.7033569630263012;-0.5124229940932141;0.007018038526532987;0.27977279421960294;0.8174988781897738;-0.10485018337106061;1.2550810901393805;1.335583173427968;1.0496807503123033;-0.40767675750193805;-0.8632442450153993;-0.8280640508058862;1.4059549629754846;1.030580836840617;0.4796433183960229;-0.1259355082244814;0.41342013406467665;0.20455254231774422;-0.8155974352820062;-0.964498204687982
115;-0.41349829684399353;-0.4865691778630671;-1.041671125747672;-0.8437724278555924;-0.6662848314475852;-0.5037455099600808;0.01986081508179212;0.059371323568857694;1.2126520918213117;-0.08099764145006291;0.7076837597066821;1.2978944822502514;1.1045473464375108;0.6891516486218243;-0.25217650269891834;-0.3415664412761044;1.8612201147914313;1.3915275575605135;0.9625944798071508;-0.12369569382748516;0.5219518928859047;0.5127507157556521;-0.3297429497697598;-0.9741500309581107
116;-0.10671067708675322;-0.27966282318750346;-0.5522845498967274;-0.9700299466315112;-0.5585635191718415;-0.4999205703761379;-0.2603373324405122;-0.07430622917262394;1.3605837384737323;-0.019268470764345146;-0.06609383260596968;0.9413090393287097;1.1639092139785232;1.8656839298156158;0.36699439941392475;0.04034999484471988;2.175812394548312;1.6843997711195458;1.54991058615115;0.302716320127082;0.8279783257025447;0.8726712990062726;0.18861906187498315;-0.6425122935183929
117;0.12959403942395492;-0.15511228501653856;0.2258711633271447;-0.8757708517110979;-0.6620822872347194;-0.5934446160293698;-0.48996119449277725;-0.4036526503657828;1.248900871168694;0.46850821215028793;-0.4620799119474014;0.7105455199532662;1.354788952156902;2.2233933841378293;0.735544006753636;0.3903443306070562;2.1282580067694505;1.9597524845480168;1.9603459889953034;0.8163224433703989;0.8480241861017619;0.950535065855014;0.7261130441054694;-0.3739360548404988
118;0.26004541741917125;0.2554442016755839;0.6841387456875268;-0.4472549450218839;-0.5198716596380298;-0.5996390146479335;-0.7903641048894305;-0.6081804405029578;1.5321292610766148;1.0017916702009326;-0.4169467726666315;0.6137208965666217;1.336432164395947;2.2325392031333515;1.1865482440248298;0.5493573525555573;1.5143966649562397;2.2356023208047975;1.89897501010572;1.4740637619169807;0.5843294499830415;0.6933071908311939;1.051723704648665;-0.17004150584912026
119;0.4190810188516227;0.6193294351850147;0.5091080717660956;-0.1044721436335051;-0.15513295927122223;-0.4555887929900182;-0.9549932962947146;-0.6771801186174056;1.8278767143634442;1.2085154006245846;-0.23581242325776042;0.3483583063263996;1.2844999127915975;1.865308181881228;1.8223735810040493;0.7460200423540136;0.9222330274857758;2.207097780479604;1.8970688421962074;2.1112719099664528;0.38379536828037497;0.4978649737296259;0.8421730964368345;0.09233744852916123
120;0.7143869839901731;0.5873963215009987;0.2575873847689597;0.21577663901543034;0.08340020940379561;-0.33331345964522985;-0.6158308994329783;-0.7009856201729351;1.8476764799303733;1.4289925527214307;0.29390024816432014;0.361160795922827;1.1875277926089656;1.3189396920708902;2.267342043005988;1.2249355019284631;0.5487061275306732;2.0512621425032855;2.005290986745213;1.9851555551801006;0.46178823339111885;0.45472655394973444;0.4004921895849871;0.27979931168281746
121;1.1096654333394567;0.5502787352556178;0.09242932861840798;0.5042933140203946;0.15270693794774243;0.059035211100649194;-0.17769421700309015;-0.7347060851393242;1.6505113329170398;1.6369894516263688;1.0216810009699644;0.3983937082149534;0.9551461602906504;0.788593303853972;2.0973698690950577;1.4705481553340092;0.3319576664066554;1.329968798045196;1.9207062782910524;1.5214895500761407;0.6254876433424967;0.49340777827436255;0.09595977288122211;0.3347994228907449
122;1.4206003494381338;0.6683541088723216;0.12366695099970677;0.666915339577143;0.1883424496906033;0.35612976629181214;0.15840311196003282;-0.6349889139385579;1.1142890533613814;1.7636204744390274;1.692371794084189;0.34637017896905503;0.6070085870449661;0.5547139606827994;1.4257804042919575;1.4439310453207403;0.26455408651242757;0.2990088678789804;1.1754476949871828;1.1316053276772031;0.7457964549121353;0.3389917271754627;0.1659348068320175;0.3922306145163
123;1.4746669861018182;1.1272922758466615;0.4294791726222967;0.7138734965881781;0.25182310194884316;0.7743283473294788;0.35893783732857315;-0.496826483668149;0.6658512449375323;1.6878380482806887;2.0777117579033675;0.23972980833846422;-0.048212020914549084;0.32767617993223214;0.9003534098302735;1.2327252985031758;-0.10922584095766223;-0.6179581718804799;0.13775346199989127;0.5425476760770855;1.0316765704461353;0.06466525718430308;0.24388310940442473;0.3799096827056294
124;1.364190797558042;1.3316826966404052;0.8626170725705298;0.6239092352153446;0.3962394069422619;0.8426838136759206;0.3323956054937779;-0.06254556404007748;0.0346423959551767;1.3213065511268363;1.9091359029367676;0.21929691768638576;-0.48307151455462094;0.03381346234161646;0.5196301962155866;1.086296361587994;-0.8608004242484387;-1.3824740229509154;-0.670130720708183;0.018604007316859475;0.8754250023252478;-0.14109237287228105;0.19746214458520636;0.35614850500921214
125;1.1164846370864452;1.2123304509613824;1.3612072631056893;0.5390216606802745;0.5814218327159532;0.38939054575282117;0.4031716060667454;0.2991911337089976;-0.38765424770080786;0.6030541924081089;1.3510558583005352;0.3270054937297774;-0.6708306388725448;-0.23493653242497584;-0.25199959643370134;0.8001727383024062;-1.7868182337996381;-2.0759428931542967;-1.3022758657009137;-0.39634362574451665;0.36731518272055114;-0.07389770444717979;0.15543985965412746;0.4503799679883902
126;1.0590637711792994;1.3186069748038305;1.6484554230666926;0.6427396556355872;0.7829203246472289;0.10257946758967869;0.549267714124785;0.5065899254020215;-0.4589303069296761;-0.3153171005798672;0.5029346820987672;0.6233520549279181;-0.814116857455082;-0.65732018885615;-1.0183613539060254;0.14267367429677222;-2.3724046393757483;-2.6653120405033084;-2.0671492283142285;-0.9833530646260485;-0.002361271376788328;0.18286714881138916;0.07540597367381159;0.5922833048865255
127;0.9153727950563181;1.4029678248653463;1.6553119468518778;1.1026612999349246;0.8157534857631425;-0.039210915118567925;0.6725789331579783;0.7356485393397895;-0.5937814078410275;-1.000988852667104;-0.19469576831837987;0.9044483625487597;-0.6935545393041344;-1.0515717280884629;-1.4526805736220292;-0.571582969863252;-2.7125767770018685;-2.9453936588599925;-3.0071914241471362;-1.8176904970987617;-0.4602457357759047;0.3380865436343217;0.062167535499431256;0.6176162043056277
128;0.5471407731882971;1.4271865385034852;1.4052121849893215;1.408078276313971;0.9638852010488612;0.05950572844843044;0.49301857892969575;0.64757729972692;-1.2981111703705708;-1.5497947272523154;-0.7745334700713224;0.9450775152485806;-0.2461196703533144;-1.3073834846736843;-1.3670344819886124;-1.2161356651492377;-2.784171570382547;-2.905032745861009;-3.536711908822873;-2.470582466487452;-1.1060200635050226;0.14966761905394907;0.002839635836831283;0.6118599664356803
129;0.07312942008189827;1.0954212122896116;1.2002817603091562;1.377056043339329;1.0174635629587485;0.3804200063720173;0.20465338233516497;0.510768914341456;-2.125953307875485;-1.9336425935591444;-1.263514392752794;0.44180082158871126;0.18160693265129985;-1.366722685220445;-1.160807862043;-1.5789674627734087;-2.457495890543899;-2.6423215527590056;-3.379994622054245;-2.728363267194909;-1.8976287474774793;-0.021448749753384067;-0.06529823862732927;0.2940907079504378
130;-0.6225062630646947;0.35394103883065064;1.0878850037994094;1.3813176862666208;1.051618286732866;0.8770278297496835;0.06175952583773878;0.5081891443467228;-2.7600947225590358;-2.057872921839329;-1.8216916698635959;-0.44382505718735576;0.476443036968622;-0.8827491119006297;-0.9833916435895214;-1.8542084534832652;-2.2674866206926683;-2.0825117030694495;-2.638912140451952;-2.754984550830921;-2.3022183148034756;-0.4580684992654671;0.020964793379183187;0.16602463468039358
131;-1.3588556550511721;-0.32053936427668994;0.6383575188193881;1.344235492913848;0.9625570359619967;1.3548315511742086;-0.026335774765066884;0.44709166227154007;-3.1750167001130127;-1.9079327094531096;-2.233836929185317;-1.4773392834493797;0.4706901937050555;-0.24544574307545303;-0.8368562725168881;-1.5988501878427908;-2.0315693801603887;-1.4835764152210402;-1.5773842625202223;-2.451905389904717;-2.4497066600049373;-1.1395364043389464;0.02284410166946243;0.06973993718191114
132;-1.7973817631479707;-1.0925372930861357;0.024045222653400672;1.0443199586888299;0.9847672309365942;1.4127115264584504;0.23148586672275726;0.3057419153389936;-3.13819595027183;-2.0667084653711014;-2.540401834115627;-2.379654381347964;0.2371028910018755;0.2721944522590553;-0.6685500907218418;-1.1098713854592273;-1.3854701209969535;-0.7915733696753534;-0.4374041303267598;-1.8427099589925007;-2.2797464234628895;-1.8427189274111244;-0.12038477945795849;-0.34870655929051686
133;-1.844863838463292;-1.6206988008897394;-0.5413740740634257;0.42797560615993996;0.8331980384412327;0.9987561719171205;0.7107412631564838;0.20505750422298144;-2.6882587958805098;-2.606412409630072;-2.8299507046834957;-2.852278350879665;-0.435659062528546;0.52067112993639;-0.5708751420417235;-0.6806480027167698;-0.7108007053522625;0.05480329416334682;0.24813567966888062;-0.9590917677312717;-1.6260977712562672;-2.1865729521824036;-0.6228510732303673;-0.7014104579765594
134;-1.775726959825524;-2.0056189437765286;-1.369208550677728;-0.4118207203729272;0.6137806958078407;0.645721832051276;0.9523785701398119;0.24519401829474738;-1.7617576936348163;-2.680466849317824;-2.638102617992614;-3.00427330496756;-1.338913144705217;0.4547840936537261;-0.26775756364266895;-0.28977583696618897;0.09605982668830093;0.6943629200913287;0.6318087103269302;-0.15486555670665317;-0.7904797766432112;-1.8421325628499283;-0.9901860753360779;-0.9893996921587739
135;-1.6922359191756664;-2.3773661447009653;-2.2123038394027685;-1.4166823869009286;0.2393308208390773;0.3539085301503563;1.160805439056346;0.3900265663573235;-0.8292373391069572;-2.4447681100882366;-1.8685602098195253;-2.525972648769532;-2.3872927327758795;-0.14526698343224756;0.015250794202542097;0.005538948582297303;0.9601272959953651;1.0190900893021266;0.8639073871223013;0.7465398395139023;-0.1336974877548894;-1.2222476646064668;-1.528790263568329;-1.3436473159399445
136;-1.6489012244962495;-2.701373948141673;-2.7276463929428476;-2.400693687823376;-0.5409146212930719;-0.0648377087243561;1.0865207208172991;0.464648911362822;-0.15736097734373447;-1.6928549084425846;-1.170538309270448;-1.770857785362589;-3.1781297094572114;-0.8334734867540498;0.45887629208996006;0.4131942381692539;1.6388975054613455;1.066029108372303;1.184062778196924;1.4614093056167077;0.3938298663236196;-0.7292391865632676;-2.0555121727955163;-1.34019252954595
137;-1.7048621388799992;-2.7955145726955024;-3.106615011047972;-2.941308003167921;-1.6100400964841781;-0.45760193585377634;0.7658138611786329;0.7178326978957752;0.47694006419699436;-0.4809327814412725;-0.6260803063795625;-1.176614387730409;-3.2007727687429397;-1.3758918001386593;0.6405150257621312;0.7820000896433618;1.978221566318157;0.9242947159457651;1.2395802498325394;1.5609037346379866;0.8207244942222766;-0.425625109865869;-2.018182076100249;-1.4149501033526226
138;-1.539493487213237;-2.4291028539036166;-3.2231513408815458;-2.9854741035899757;-2.699342309456079;-0.9644462624781615;0.22991375131778102;0.7081500491770805;1.0680623966493754;0.6282099316125543;-0.16764977317762403;-0.45297009391139226;-2.26280492543573;-1.6794082647690944;0.5257548937805248;0.8655576359145978;2.083449160344041;0.8999904764185249;1.1657328631520663;1.492541440492149;0.9612898473651266;-0.11557805794571661;-1.6293453470207355;-1.357975167535734
139;-0.7718174477401197;-1.63315149245485;-2.8043885812050156;-2.9466231983683153;-3.3268709664585994;-1.5038229397834697;-0.6348760895161586;0.6619075428826464;1.8499068675068648;1.5495478625039267;0.39360113986231177;0.32928740927828626;-0.4910988123189402;-1.7929040913094652;0.0993856599146165;0.6742841629286084;2.181039134506264;1.3373118907344568;1.063513359234808;1.371698695921262;0.9738891673335462;0.5088009348806664;-0.8427057072177124;-1.2829302257712334
140;0.20797660951170668;-0.7542145499018115;-2.0589244616782234;-2.8284764619741116;-3.2932543870663045;-2.040685695447887;-1.6767588269672482;0.3777620489951231;2.5519314199419734;2.301380351634099;1.106218557092641;1.1571482181173405;1.1274913989596849;-1.4051653736499572;-0.38201878296318825;0.5198654083069245;2.5654241212238733;1.9033012791600596;1.1452008375814724;1.2120761705244278;1.1715209092531114;1.0857751824124633;0.24151332960233565;-1.123411197261774
141;1.0215753324350212;0.16592808850344218;-1.1730673974344519;-2.387790785005794;-2.873406511875156;-2.538727530564881;-2.306326356527092;-0.5696485335184327;3.1986300928834526;2.7123305076753916;1.7598466948972427;1.6949149371931407;1.9348653984610176;-0.6155408259583219;-0.7759384348980528;0.5386920405542868;3.046748045347953;2.3851991279157043;1.3793922895874622;0.8733427915437708;1.4310232386743642;1.4639870524156382;0.9896266694931195;-0.6350577548200476
142;1.748322879546863;1.041219860098258;-0.3945569901579035;-1.507571784666853;-2.195902281869396;-2.7966446409071626;-2.4433084233859703;-1.4344125699451187;3.6335846809271075;2.998847239897164;2.274601625275655;1.8540955067422564;2.2639823465667233;0.35268736028973624;-1.0746994059939292;0.3139548494006354;3.313284382196135;2.5025785166814765;1.3850667429815655;0.8048955342469262;1.3732026706426028;1.5667644252037312;1.487297202449931;0.002130022901968631
143;2.420744932492459;1.6493539559199213;0.6160990820031017;-0.40931210634315796;-1.3645612671684504;-2.9656767275647367;-2.3800493536226695;-2.1054859829806603;3.691894566502968;3.1644967062595613;2.597522485036891;2.114390808751418;2.158138580020729;1.4447422286743319;-0.9296433379031361;-0.19200879779835497;3.210223977928127;2.2576906324885955;1.3497609860771347;0.8612360344651927;1.2675033463140333;1.3829873723679036;1.9146374406763347;0.986337638521854
144;2.39801044981;2.2185990627557195;1.9236881495421456;0.6999810094747636;-0.34908236661128045;-2.4787050827174917;-2.1907257802449633;-2.6668619258859265;3.328043625274933;3.268019209964945;3.0361856778113907;2.2275559624167642;2.002926925371223;2.305154991772405;-0.17716700635222793;-0.6153758508849327;2.6234384200727834;1.9070438610821403;1.3340863164267684;0.9640146409623811;1.317960901859636;1.3660431976506076;2.1176978598844145;1.9888776704092654
145;1.9431313274342559;2.8630751836653348;3.230556362890294;1.8464007921516223;0.436286421542311;-1.465868368596366;-1.7948226246856067;-2.652572318400755;2.3942259912600363;3.2011863513360526;3.3300585649525387;2.0313333737798485;1.78573254201662;2.590229686386211;0.5703802257448644;-0.9942822714864308;1.6576713334233286;1.8535341920136603;1.4981574253937404;1.2088955484595156;1.1616212629359148;1.5212858563421794;1.9207956596977607;2.64033245998159
146;1.3437519153253679;3.0970737431535342;3.954213175247792;2.6760525636693475;1.1574631370561184;0.030207805910548287;-1.3590427777138343;-2.1823779897857505;1.4185571425329102;2.812829562219924;2.9813048822896393;2.0060752598952525;1.2709960132477751;2.1655245539725323;1.041313918056268;-1.1595114987695498;0.6695685541610831;1.8316125557706224;1.8120614211887318;1.3505466371318275;0.9249510199547993;1.5548379502441894;1.6518805222744273;2.739154598068953
147;0.7247506145076976;2.905512652998287;3.7588875327007383;3.1935582975892416;1.889454169337038;1.3988419309161682;-0.834836137454238;-1.6041858575800008;0.27072047778504316;1.9171013686982725;2.1774262994993236;1.8463958396940823;1.0435898887929642;1.644221284041189;1.4353062037847661;-0.8381018013371779;-0.26617816834811153;1.4830576947316279;1.84124113449701;1.2654542674622873;0.6860488913243338;1.1556999971331325;1.528945096281516;2.314097782766644
148;0.1386476190937537;2.183527934415179;2.9056092508498894;3.5478373381303814;2.7770638379938117;2.308783215881588;-0.17197094275704003;-0.7786730447833824;-0.9824570874558027;0.5872860546691553;1.5498024980543401;1.676432552048927;1.082004563461994;0.835728631754857;1.664990438494703;0.07824805622469923;-1.4461573152146083;0.9079237059080074;1.389489547973557;1.1053100614932678;0.43294183042328155;0.7248986329427615;1.2239459779883415;1.7400812066688025
149;-0.13334791045827102;0.9982961174724523;1.9875056214144815;3.581366964623013;3.38986672225877;2.770944657006221;0.8311851941664211;-0.07229865325685855;-1.8603430827423955;-0.5420062291747275;0.7794569473003554;1.515453236155217;0.9749670239971184;0.15727726985129847;1.4881921816922634;0.7757419213816789;-2.82838060885638;-0.34975022181459503;0.7486040683100337;0.8116490125021457;0.43888943129754476;0.5285819377169211;0.5193929549926888;1.1489302542789372
150;-0.0515820964150276;-0.06851180011733234;1.227255472394065;3.2774238079753997;3.702290830269563;3.0053897439004733;1.959745744401201;0.48952172128055155;-2.3537539257242357;-1.518981631933215;-0.00506585881423175;1.2389757308008116;0.8337794749599947;0.0543195555562493;1.1104881979095897;1.199580940554154;-3.812851520785317;-1.961395755422884;0.00043853406558519415;0.544819388924536;0.608709010784221;0.49335642289246956;0.40023445320924245;0.63806447493265
151;0.016519716669808615;-0.4312626971951368;0.8263808147627311;2.608223069616129;3.557612398453783;3.1250097494352165;2.953222015642423;0.9121529054437261;-2.521599029285444;-2.287463234404865;-0.8895483327283871;0.600523508994212;0.7162816420564402;0.09944624604436994;0.679058309390352;1.3717296193910151;-4.314645703712036;-3.141113205026115;-0.9127314784321452;0.28803132682629273;0.4982976259567809;0.21228746753857403;0.5223991089876391;0.2504013162067297
152;0.14113240624070697;-0.4658762299934493;0.2744479742248449;1.4846242040738544;3.1190086032986812;3.138013109241713;3.504183377204001;1.5522291200092448;-2.501609812009522;-2.9145660415426833;-1.7516310053822168;-0.23136987845709042;0.6595985250157047;0.10535327975770019;0.22557581760796525;1.2275895955965883;-4.551649335259973;-4.0335674735925435;-1.963995683378078;-0.4073408839653618;0.21808119813679577;-0.20734649359011162;0.3979995582889386;-0.09758734515356055
153;0.1617251446405841;-0.6822927869260776;-0.17956030950012328;0.5069483916402943;2.517506349662715;2.8362381972607436;3.5635185425612863;2.4452906818213695;-2.4736532449166218;-3.1867757033355195;-2.35479705888845;-1.201490118241603;0.36533632981395037;0.385927281495304;-0.10137721389451547;0.8166598147210317;-4.5305816150736655;-4.7200234094713025;-3.0462291899939817;-1.0919803397422205;-0.2612037806321389;-0.6528650671816647;-0.08891821650154576;-0.3574463715610821
154;0.03966558538706663;-0.6154172626557352;-0.6146374060067876;-0.42178952305464534;1.3239050941239388;2.454153924353975;3.1905256990516784;3.2860171421331095;-2.0471285164123136;-3.0041194173280332;-2.816599505626246;-1.8741402358741803;-0.29439346660047094;0.4236544326617457;-0.44409580711997926;0.5769767285445525;-3.7626676981418523;-5.081168752178804;-3.956009785052163;-1.8756281784617914;-0.835045745101433;-0.8542233549024022;-0.9255584261293299;-0.6701225213692549
155;-0.16454479715815606;-0.3730044164218583;-1.0059305108645193;-1.3275762783610807;-0.1676524774044558;1.8160271052331616;2.3872060506521238;3.720233530349532;-1.5394247042885065;-2.5725775875307844;-3.1011636139319547;-2.366803356683407;-1.0530408536929283;0.208804740066471;-0.38781628123739875;0.6071161614497717;-2.580435846905636;-4.848201973430898;-4.594676780744237;-2.750136953505254;-1.4616086679972788;-0.991642927642102;-1.6622256233610917;-1.0431034411118636
156;-0.6696083234175079;-0.3417659099963952;-1.3677516822180393;-1.9789500088877148;-1.404780420251194;0.743880143943796;1.6530199022221808;3.6186609446893936;-1.235460850009028;-1.9242407795749021;-3.1089983711798777;-2.817605819115036;-1.5414316072617984;0.005226802622059657;-0.01704994639706933;0.48517859108732897;-1.6647228045222915;-3.7623710696085775;-4.7339301084750725;-3.739656204924041;-2.199741487238142;-1.2986747141094999;-2.0263760957190575;-1.2611317017199744
157;-1.2575523497939227;-0.7639783557848713;-1.8241290247969735;-2.1806949145978036;-2.346364357687727;-0.4146514022730143;1.0096715780761158;2.8183849718103624;-1.1797405177377913;-1.3986323355560748;-2.6946880530895703;-2.9929216219732586;-1.7908177960276495;-0.26706890854348914;0.4726634851260951;0.16760721737986348;-0.6971569480102694;-2.095725285004558;-4.437934219323224;-4.3137822517851125;-2.6187613901966507;-1.6334998037732076;-2.1497577465352;-1.6595132251340776
158;-1.6479158920640138;-1.5871614723168077;-2.1038463195024546;-2.119366551473551;-2.981465560805716;-1.5176446951535807;0.36200413020841793;1.7520738396960776;-1.0662119111784405;-0.9747717433679347;-2.1352862404865958;-2.8058742621013857;-2.0768988281969296;-0.7142212799392792;0.6892433111149783;-0.07631918077312766;0.3235341839031841;-0.37934379508011334;-3.403841626186135;-4.4290353151241675;-3.1757139861422052;-1.981428557316915;-1.9344375952779698;-2.129097550642652
159;-1.5879805988222402;-2.2399812591528647;-2.321320713563265;-2.218229107981916;-3.182494211179361;-2.4762074922272514;-0.502387815623477;0.7166426745202295;-0.9781105062097749;-0.6743403977021996;-1.4354600862270617;-2.316710659659051;-2.506563397737518;-1.4137607734657778;0.17000312579758897;-0.29900091936223633;1.5545927467764449;1.0318577684004262;-1.7256714041771646;-3.721783851134317;-3.7863327560628233;-2.4391106395435416;-1.6412944186296736;-2.4328322833611296
160;-1.3621487131325234;-2.428342288604378;-2.25828788807717;-2.285112731925503;-2.7255486249601595;-3.068334030556036;-1.5792940564517082;-0.43373518266027106;-0.7301187593144506;-0.5486718063817333;-0.8884408995802838;-1.9150646575726713;-2.716633419395427;-2.1174318007058557;-0.2784744592624934;-0.4064586767595008;2.7312675387879115;2.2054840893300143;0.2846243923617853;-2.414061774823938;-3.6830295021683943;-2.733389677714807;-1.434313446204501;-2.1887984169063768
161;-1.2595624235557208;-2.07297954777047;-2.034883587486749;-2.421177377577634;-1.8848112481521906;-3.209870243234541;-2.442826298556266;-1.5526181256455838;-0.05390463218361597;-0.5515610107678313;-0.4505984030464597;-1.2774451687257946;-2.5663196228155716;-2.3624967234433174;-1.1659407176920793;-0.3897059689024525;3.6585885232739135;3.002598513323153;2.15916355240131;-1.0216046732362345;-2.678554297630548;-2.649118533387548;-1.2624411342879607;-1.511218886543317
162;-0.8397005688029189;-1.7318002829373005;-1.7709712773221533;-2.208037152459605;-1.5227395237535635;-2.9234051720865812;-2.984577405781608;-2.3792679357910815;0.6331187347300412;-0.12699704776127674;0.1426121409487684;-0.7163765105131358;-2.0924206502733402;-2.305647323578406;-2.0281726424550155;-0.5685241300190741;4.348603981551034;3.651675009321762;3.5819004890916712;0.848437826278587;-1.3240547154628979;-1.9880564329400348;-1.0379760150306394;-0.6773331763138137
163;-0.1755981571018013;-1.0429633026443483;-1.271974655584953;-1.7615738913645642;-1.5463861817197815;-2.307353594893166;-3.477907850895486;-2.8710575127917606;0.9944904026574711;0.44739602779668186;0.5234621291484918;-0.30541906196142216;-1.3355014153827542;-2.275091544488125;-2.4458958410280647;-0.8329623224829873;4.432092048965251;4.299812593739661;4.568175952900239;2.810811020019243;0.15339735534185045;-1.076392031401636;-0.6466088681373916;0.041646534355155494
164;0.4328481301866434;-0.15780306178036463;-0.6794042042654671;-1.2015063443975142;-1.5691852165584055;-1.899438372935445;-3.3252569150573956;-2.972752627320946;1.4383236407937878;1.0622854511204443;0.6546599604901804;0.22719167532993823;-0.5996443955633749;-2.2518534253223534;-2.63081406549061;-1.1270555718089679;3.937912588143357;4.485814821655847;4.858162941743142;4.278952186995582;1.6734139400278534;-0.014971925984239038;-0.44254807196887436;0.4069852053297025
165;0.8870359316842615;0.6368044866903182;-0.01777891725695129;-0.4693624568411319;-1.3353821934132046;-1.4753474119301793;-2.618651446594623;-2.8037728235567374;1.9822427671937728;1.704100729272581;1.0979633852657988;0.8650960355245969;0.09439365192931395;-1.8490482183525083;-2.431319756013175;-1.5471966428032955;3.1428754337895572;4.12322452727293;4.507127353596616;5.066930969706533;3.1839847358008098;1.0656830675619273;-0.2089743007514918;0.5493255493889923
166;1.0444306335759819;1.3817247854938777;0.5487221897500084;0.33570151366144196;-0.9525840654607733;-0.9699411268421934;-1.743364754244569;-2.655604908016477;2.7184946701397705;2.1705411719883685;1.790281727282298;1.418088489730121;0.6699810763114435;-1.0472361147286116;-1.8906987981477197;-2.0417162673148446;2.080503428155477;3.264212159567109;3.7785081001838146;5.19906530597105;4.284324999848583;1.9598466369431005;0.3600539986353992;0.6987362504778392
167;1.1111401503658203;1.9964865208936735;1.1707977621118797;0.9172398539256291;-0.5161383121962052;-0.4791732179322182;-1.1153862589043047;-2.4928932076927066;3.436010160542328;2.5654737542527823;2.251298017555011;2.1221310520566106;1.403488190016562;0.06648272260427822;-1.2837611239236353;-2.4686334238778134;1.17498808333911;2.272501478804752;2.9999058540898127;4.794773005484411;4.814111112758692;2.8426316688630435;1.1764943200000606;0.8044596253530006
168;1.1002770950751453;2.3806558234399993;1.9096352094658697;1.5384808545800122;0.12488986846893163;-0.17534718723977824;-0.6539166560505472;-2.127015232783183;3.330288181818472;2.86735328722291;2.3764565814672722;2.562420299427706;2.0235356218785125;1.3063512264483759;-0.5943826203516087;-2.5365424466451887;0.5947824861452131;1.2333207535698099;2.1595383907918344;3.6354317085546297;4.660644212431428;3.46959635011301;1.9118557676497843;0.8980375657825972
169;0.8107380201954719;2.2488216603402704;2.486846645367053;1.8882142747148758;1.170937218816468;0.16787109756956461;-0.24536176355515693;-1.2953634171509472;2.53571521742683;2.813076794228295;2.489398442943706;2.581266142050256;2.344120364090039;2.359227290280438;0.18022734042156457;-1.704629111446625;0.04564673078185943;0.44870267464346464;1.3217474589643827;2.1435400500369237;4.125430140707756;3.7976100948273412;2.4448140278738393;1.0905026770695516
170;0.42244313545164697;1.7291341888282403;2.679569498632828;1.8452426899709395;2.301975438229355;0.6658773638513227;0.30391891966889295;-0.5650934630027049;1.5632057076560462;2.716816449733707;2.663144375158374;2.52484897502167;2.65899242205919;2.9113191213475456;1.0474859432645842;-0.4634357661073094;-0.33532743804112064;-0.4413804252774595;0.5368239078597747;0.9523054488133691;3.1927308923380595;3.978891633632089;2.7142680433223623;1.1059129595209904
171;0.1787873787999753;1.0537894586003753;2.4081635174613516;1.93193616305182;2.8625030512963017;1.1612449580457695;0.763541228538126;0.14083292241428086;0.6608735373706864;2.331676866813956;2.675532554751204;2.53671348668514;2.921763730300788;2.9512486374287863;1.9504707992774772;0.4977612707737959;-0.7846369231978548;-1.3495517753771713;-0.34918341383928553;0.03405435474953971;1.9528427998624442;3.533057907964596;2.760265862058474;1.1636133634176338
172;0.15815779288256757;0.3820848080106728;1.8981158034897456;2.1235704577954437;2.623827538156426;1.6031378936027858;1.07430756236305;0.6969801368935302;-0.18416635518227598;1.795207314165056;2.3048330414110776;2.424531358694347;3.0271706993609593;2.73972333113328;2.8495537846856656;1.5018528769973312;-1.739437785810537;-2.0928083350257465;-1.5120901706576142;-0.7556934169234745;0.39960846729282284;2.4674146574878835;2.5022105974765174;1.3717822779529016
173;0.19522367970119525;0.0854164546943151;1.2712031217922468;2.2772225629518186;2.193581911838894;2.233425737511496;1.4168723153259064;1.1071179026717495;-1.0496310814829706;0.9847127922060304;1.800488582154174;2.2720422015535355;2.9382837735529854;2.6476571830066296;3.514430531723828;2.407369613157765;-2.905414186438461;-2.8448814087200383;-2.7579025316382615;-1.6750084820933722;-1.099303228422965;1.1678628446440622;2.020023314776488;1.689969480851429
174;0.1928642171869018;-0.0012005798400186044;0.48490842478322155;2.192472587412711;1.7099401835472263;2.9355191698941003;1.9466408142079012;1.521042054526709;-1.7085713092032389;-0.3624055531393697;1.244090496172135;1.7533591790005856;2.3949187856066803;2.7008997272758086;3.807484758335088;3.0879154845004315;-3.8942699582540516;-3.0485914988878475;-3.350168008628874;-2.4498475063364986;-2.102106075722098;-0.24533039048938204;1.4699375011831104;1.5731073033836176
175;0.1633871887856364;-0.2766321666002736;-0.18077101418538719;1.5835213014969376;1.523391389201565;3.1649060772118403;2.5284097912477437;1.8370879206367374;-2.076274843222387;-1.610227234122017;0.36580198669182884;0.9913188354451361;1.654124193265293;2.651906496453401;3.5040123740021967;3.346596982382311;-4.5650077362909585;-3.0159533894334283;-3.438320070354406;-2.9899257955324927;-2.789028750272295;-1.5594053085639938;0.8090690003424749;1.3355185693949667
176;0.053903508153803716;-0.38051445628161057;-0.5372490501344587;0.6883339121153117;1.512226088998375;2.8378941011508028;2.788289902071366;2.0583710752669844;-2.379687538389703;-2.5160327201682784;-0.8738091976512798;0.18122894742345463;0.5972548342145189;2.1161693667210204;2.557554672141048;3.3472403491898284;-4.519197142832038;-2.865720199913824;-3.0314153731770883;-3.2898613603530915;-3.2170463397923266;-2.58066343536846;-0.0910871343244862;1.282381329881852
177;-0.04711615408441409;-0.4071383738943966;-0.733754940981103;-0.18950057030250597;1.3269571880416884;1.980699045939149;2.635452485694221;2.389072977140405;-2.362057524695491;-3.216936309354378;-1.999484769285359;-0.7303204304909926;-0.4366516453059549;1.1213096303726278;1.5685062970424424;3.242623611500636;-3.8055884203237738;-2.6201033711477737;-2.5191475442224607;-3.2785479842908414;-3.255178129940972;-3.112146776228799;-1.0139274806029177;0.9406084233407406
178;-0.15315038202938275;-0.6276197464540499;-0.718379093519258;-0.8303163834708656;0.7314311465989605;0.8006385438280148;2.009002831561528;2.431895290596643;-1.8588627711627943;-3.3102484201043905;-2.9793019220247308;-1.677819158102953;-1.260110120213162;-0.13112328886411795;0.7850387148958488;2.762517659357134;-2.5598173967374303;-2.516034202478376;-1.8800439799359316;-2.775596792542435;-2.8705263875038547;-3.2120784745395334;-1.7875340204491228;0.04123109774286431
179;-0.3515794190568265;-0.6383599878506566;-0.5335327004005171;-0.9835336813676833;-0.005187135165569128;-0.05845927329326808;1.5427263585305542;2.1422993584131103;-1.2197735442606108;-3.060857458050342;-3.6699107974343343;-2.5264374914101873;-1.7737037515065581;-1.2437004433861014;0.044706250777990765;1.65465512172097;-0.930386435252557;-2.4057219290207428;-1.3972141429373786;-1.9112398260447498;-2.2840731570507375;-2.9249240813915813;-2.4939706372529584;-0.7380976348004811
180;-0.32138075383602166;-0.42668844700970837;-0.7473833292737161;-1.2712924961487602;-0.5762541958054505;-0.500153744274501;1.0561214485153845;1.8419586058849025;-1.0276994745481824;-2.7169521247680555;-4.048500876507553;-3.246754479311159;-2.2039325133555376;-2.1067942932562778;-0.7719641561454093;0.40298002999965243;0.5487519954708422;-1.795125951295329;-1.251287903762921;-1.144334041025254;-1.5510504369769997;-2.224777544911815;-2.855572635478422;-1.1979609042373598
181;-0.24142288097411893;-0.4896933880495563;-1.274074968470992;-1.5100889465392129;-1.1225305672810304;-0.7122143332674429;0.40923175666079004;1.6117748672388932;-1.0609233869285994;-2.314318886913565;-3.9815237584978855;-3.7555614157460386;-2.7559363618613832;-2.8900404446873793;-1.6126881885202338;-0.7299918889474472;1.5705985858852962;-0.5993069453044517;-0.8337519389151863;-0.43421174597646733;-0.9266295670943975;-1.356094048124324;-2.8477510940368074;-1.895291570393702
182;-0.01703590137466771;-0.6975375314512273;-1.4766939358009696;-1.5843402443625043;-1.981433023070798;-0.8568889912524791;-0.3439315332622328;1.1762555379901387;-1.1584573282579824;-1.7659342595052832;-3.3004185095506116;-4.111507501969323;-3.3520667070819936;-3.275659481723092;-2.4846320330037486;-1.8356148971072974;2.2346768049041987;0.805920163705619;-0.2314622543471149;0.24420895905545878;-0.35385188460960443;-0.5926960456788112;-2.3871397365084293;-2.748677555525547
183;-0.13340670553491474;-1.0243351744330158;-1.5775528719292828;-1.4997123807064596;-2.456971998179051;-1.1849255488297847;-1.131897348984433;0.8253783182188676;-1.2531077918271685;-0.8228460224578622;-2.552818350317714;-3.9829210179355194;-3.635077415285599;-3.280316390743255;-3.2161853484229277;-2.7015578225820054;2.713828525699661;2.072246888060251;0.3350927885047839;0.48739252364651686;0.2218107834895177;-0.2026194681059719;-1.6785649515398815;-2.8996005794712962
184;-0.2792664590698365;-1.0738996864299666;-1.6065086322027777;-1.739185257940606;-2.6827217099555885;-1.5671089194206023;-1.5959053542788773;0.24090526998419715;-1.2134825212825153;-0.001984310830894449;-1.5128103714197163;-3.1389931704508887;-3.438108230985884;-2.913223029996706;-3.488243860003046;-3.149890017988467;2.9618642940033033;3.284675564085411;0.9977411619975418;0.5915520257340202;0.6220299173985807;-0.19808024733968801;-0.8259361999012841;-2.583470961686733
185;-0.3069699943298373;-0.8223678680751279;-1.1221836258550468;-2.2022174922187214;-2.4774105946040486;-2.1314010926630753;-1.7715449663689176;-0.7149811972466393;-0.7905990262416982;0.46349546260738117;-0.2582425347814076;-2.0382097075901378;-2.8782536253097257;-2.612462337786004;-3.144287631928785;-3.0532673030620647;3.112503158927803;3.689435208684699;1.8171182283473815;0.7070832855828396;0.8662527493000187;0.059479116390316326;-0.060256555869454116;-1.8914005199716089
186;-0.4473552876950488;-0.32022932070495363;-0.5904307503031988;-2.138335017202245;-2.0357854248395286;-2.5862415989573178;-1.7917656842515126;-1.720584626737961;0.03620170970612438;0.7383947590718879;0.9101578899201302;-0.7417930355355334;-2.0987334684822407;-2.202129426476725;-2.643128285189744;-2.7598952271096535;3.098049220853269;3.4700695680803855;2.437924887406603;0.9311456179628917;0.8389431733119154;0.4471532123066294;0.4920274515676817;-0.8842237619028174
187;-0.5323544574258243;0.007568939340217631;-0.3682614292012599;-1.5218381240400476;-1.766057370606181;-2.7231029693849425;-1.7437459749279538;-2.394624989330669;1.2754771302884036;0.9139585721417609;1.8772543924718863;0.600151548366615;-1.2615897779589667;-1.710883423525022;-2.1203656044330206;-2.2921331649057812;2.7753522467251233;2.8764482619947307;2.857310761394272;1.2909167654429863;0.591379417126123;0.5677538732396467;0.5134092399147506;0.05636617066691197
188;-0.4649277446816428;0.2604486869207324;-0.37825717245570367;-0.8764665180967177;-1.4024083290433147;-2.5653722968418897;-1.9511543584224325;-2.9215945456035777;2.3165238826075023;1.3719505440536495;2.695899581565185;1.847569534210916;-0.23622425102752947;-1.1268319551778236;-1.5775883649450149;-1.9046532201766857;2.5630905548010303;2.178419622976572;3.0341729406906524;1.7676111639707162;0.4159814107493119;0.44100459533528424;0.42307625186132514;0.7235660300480817
189;-0.2489299743478996;0.2308285030483797;-0.19523234800100012;-0.13204563937870797;-1.0254443206475117;-2.0634238476779023;-2.551878563173661;-3.0444930757760105;3.1103641582118455;1.8736430752311297;3.1358038231059058;2.734700195815531;1.0001489970041924;-0.526935538016829;-0.8829199740240556;-1.6363503960672603;2.2096232485250504;1.4870896789533168;2.747498474624621;2.0103544770343134;0.6073245124211225;0.5080471427882076;0.2729401504512672;0.6614958352280472
190;-0.06406566610167984;0.0714652661678515;0.3391731942024487;0.8384211592159717;-0.2480869570973239;-1.112651150997799;-2.7668755634755686;-2.8667957420874606;3.4342842116630563;2.376669312723289;2.977944955663644;3.3959250353623927;2.110614615049346;0.13068150112497756;-0.09554328784953466;-1.1859912704527555;1.4714156342810938;0.8387849205250503;2.224359331431614;2.1102533686943596;1.176220775038684;0.7516330124188704;0.23886843353613327;0.4524954152417902
191;0.1188706517931615;0.26724306025012284;1.1316751215191596;1.6846609206525427;0.8060398253591984;-0.14547427139880256;-2.230576227657116;-2.3898936505416293;3.4384760229825417;2.686173568101376;2.2688403619933912;3.7263035609709276;2.8263892537334456;1.118639785279213;0.7387559776670232;-0.42909455524490436;0.4690484137041317;0.6109758654555588;1.4319962336713907;1.8405036524046996;1.632245398130753;0.9913656848907866;0.4989308069114927;0.4615498049234917
192;0.355028895419847;0.6343834002071609;1.8851787732976004;2.2459288375892927;1.575165714964111;0.6058459613047489;-1.2420483605873431;-1.896374840723324;3.096289864767429;2.8620624754022703;1.6242892901594241;3.625879468062259;3.5374105934608906;2.2839405879955432;1.3824132887729437;0.3644195383968178;-0.7773153687561529;0.39557544408778567;0.41484713487321434;1.4062411498995004;1.6954622306754297;1.242529030082093;1.135650301653868;0.6618793682688815
193;0.5162205531213182;1.074491934084792;2.3627388753726475;2.483753495009777;2.2545259636826107;1.3736625302940841;-0.16239034960635726;-1.2869492117611026;2.5629751808626877;3.100310043947196;1.5239805705590654;2.9315268455223134;4.213156156733435;3.3691745066155314;1.864739260940605;1.2819073783919457;-1.7748230885974294;-0.23540902202774797;-0.6862459683114251;1.115376920354499;1.7309040292830475;1.412490812235075;1.4527145325609414;0.7019006140517835
194;0.43513251717503454;1.430966447133617;2.40519100595916;2.4641562033495683;2.845384358875786;2.1531623645828275;0.8799863293896236;-0.5234847855794112;1.7079655658688155;2.762303631285696;1.6479732885939409;2.0081129689716595;4.306880768193331;3.9279928148609433;2.0946959563593714;1.936777040839337;-2.5268946359640054;-1.118927174332511;-1.4760468013970252;0.5756646032278082;1.2688343973071088;1.2187416401583484;1.3273450095614203;1.0703678800270604
195;0.41610770516697193;1.6601657240779133;1.9173147768108258;2.390411535627874;3.1166631547835246;2.6193045910360047;1.8677620316010954;0.14243138499881838;0.5692761185402533;1.8812276535717816;1.7973675971302;1.303865809405921;3.5879221018031022;4.0901548121337745;2.4363412774990927;2.121969341711257;-3.040031186079507;-1.9503452494081983;-1.7457552934493632;-0.17444942428399665;0.7277675620655961;1.115290122879487;1.2884715543953114;1.6479310064104802
196;0.35121320293632474;1.355186316987073;1.1756139461236523;1.9611363240974233;3.02932962309276;2.7755338312190974;2.608078364369432;0.5607917735102692;-0.9797154475955338;0.8557174174776899;1.730879762647363;0.7721583807343617;2.3185077554329556;3.776226375423484;2.80475607661834;2.0895208877288267;-3.4570136855177953;-2.65487785735711;-1.7720712504052056;-1.0957751241404892;0.3842157291079232;1.0391133777174597;1.1342612553159086;1.9278923487618729
197;0.11332284868599737;0.7584845343890773;0.5894299130215318;1.4207205606170523;2.3077533713769998;2.705457650344025;2.858303157040452;1.322722247376273;-2.541591921949124;-0.31212095273221924;1.3059000803719676;0.2697433921010094;0.9305738899685303;2.7435925754412387;3.0917898506826695;2.025523104111171;-3.63589077915537;-3.1743542876625614;-1.7362850103490364;-1.9907799873882857;-0.06683257656932373;0.8415735980874585;1.0855784204883183;1.6375055651244155
198;0.17564054700991213;0.07799832448526457;0.049547844115602015;0.8635857640218306;1.3523177695583501;2.585333222504334;2.7694815379642668;2.173182991237654;-3.5137176758378303;-1.6763763792104391;0.6327879017592262;-0.04545880509820942;-0.37876815571145855;1.5516751366976578;2.898895495146735;1.8473402641234602;-3.3006453213018068;-3.139486714835324;-1.697336244272411;-2.3287596287021044;-0.7546844263736647;0.5874357198744787;0.9518505362313868;1.2914492755431355
199;0.34620360271228195;-0.5805411453335677;-0.33532810556452913;0.025999234052958783;0.5053619743682822;2.0298694134560615;2.5821035254313296;2.7492783749100766;-4.04933095272993;-3.053611077341017;-0.65441846937315;-0.4696035664094556;-1.4055271031770324;0.36579083824771763;2.3244673055692973;1.7747046239150466;-2.5388517072779786;-2.7776992226529686;-1.678666297569958;-2.2692982993313984;-1.547293123234006;0.1460589019574172;0.7119726849718815;1.0725723029700978
200;0.46107683632840446;-0.9721955950566981;-0.612786469495965;-0.7539505725306827;-0.28284659345553703;1.2614433809811318;2.2017410697787807;2.9625229996437983;-3.757706197140039;-4.016843253348286;-2.0959994866825706;-0.8853678342080967;-2.0727376218251656;-0.7878347359660745;1.318395929756796;1.8534214356930485;-1.6226664583011687;-2.093795191884984;-1.686906604922625;-1.9734919860130973;-1.9397181302823412;-0.6335721916698839;0.46869011187562915;0.5443959252024677
201;0.33220127427607216;-1.141174289435362;-0.9907855823575856;-1.381221489005178;-0.9694233850391859;0.4329672715404269;1.5576730513658112;2.7874536089614916;-3.067072017625559;-4.320784329355644;-3.3781343900519416;-1.14554444552323;-2.099636267465673;-1.7915430818354185;0.14415010954812627;1.8473415428593465;-0.8949586724476032;-1.1790420485005917;-1.6983997554452546;-1.4005071107989717;-2.085669195125128;-1.412437129953941;-0.02697217108816197;-0.08477116095493213
202;0.03148821971427989;-1.1044225428179797;-1.5138901317187101;-1.9505997365233365;-1.4769448006920098;-0.5471580241149511;0.7091299834423972;2.3562234031606426;-2.610891155602297;-4.003522871694602;-4.191567405922785;-1.439114462129618;-1.5722316498945232;-2.4282163576291467;-0.8335247016911181;1.4221169867383232;-0.1571242459648889;-0.4307740845342352;-1.3477691349738228;-0.4708321648014078;-1.863276057592673;-1.7213412468331422;-0.7888555483840183;-0.668753220235722
203;0.019444533019651968;-0.9615714668625341;-2.097036381037716;-2.2326502739605365;-1.7975718148098505;-1.7365869666856741;0.12338200987022066;1.7117783739279497;-2.3744726282226956;-3.4519888446050735;-4.1878060831721555;-2.1504535479028313;-1.0541752691693778;-2.4380722081144333;-1.598302463017208;0.4418372559824994;0.7221198969769959;0.10456701285336134;-0.6295291580871379;0.13886677687974172;-1.3305868590580257;-1.7851879397194175;-1.3611119983081792;-0.7602749431015245
204;-0.054641498559423816;-0.7603784194850047;-1.9605722290803753;-2.042338926027152;-2.0667460833813305;-2.4737830837339967;-0.6609839003965219;1.0308763165809158;-1.651313216903722;-2.499600402222921;-3.8691377429265037;-3.0380969727264757;-1.0448510817401144;-2.2230156013692364;-2.1509040369077366;-0.6610798037844888;1.393617517620825;0.7671821127887406;0.04045061119524693;0.18449152424879506;-0.6809813408825288;-1.5351014071596005;-1.5358027142030892;-0.8731920395357511
205;-0.35626432018174603;-0.5312407301034024;-1.4260493845815985;-1.79501329384792;-2.352432086534315;-2.555299725068936;-1.4384596658646567;0.5683514262638665;-0.29416294120042963;-1.3277821160326002;-3.155169364322779;-3.8364775827196356;-1.5930469970726513;-1.9744663445935162;-2.487453087977328;-1.5435889547973267;1.9996862866947551;1.44061566956353;0.5223812495227979;0.11869483038451992;0.2715074870986192;-1.093311133958964;-1.6983901562647052;-1.016532865435709
206;-0.6437901470178218;-0.20114290245832273;-0.9907431613234248;-1.5491809216738377;-2.447480008546961;-2.329441839065004;-1.7921912309640662;-0.027641492688674676;1.0670763112341068;-0.19188600013573542;-2.251914675931349;-4.212537866168636;-2.344352472980881;-1.806959504276204;-2.70814528474615;-2.1145411147508923;2.506670114191184;1.730459417247487;0.8801326089529001;0.19962553828890645;0.8870264660879906;-0.75370125080057;-1.943973897040967;-1.2543063708357733
207;-0.8863321117833746;-0.38744473809580193;-0.8065570037657943;-1.3383937417525467;-2.2021050845597836;-1.9728887239227584;-1.8997828575525995;-0.8934192380073749;2.295905552914579;0.8264947395617218;-1.0451503498299004;-3.4763022369879546;-2.9519161355199155;-1.5449278300960296;-2.6392603585595213;-2.2003097559390583;3.104027907796318;1.9206218967405873;1.4331948376787549;0.3126439271876712;1.0924708769701836;-0.3294653523330776;-1.711113283399052;-1.8076374128702992
208;-1.2656340140194875;-0.8107641619802397;-0.544845181874028;-0.8612123083024542;-1.314520856976669;-1.6118675136407734;-2.1468969408072685;-1.81632892307547;3.3652784703298;1.7022356455330756;0.27311598677261606;-2.282938308463378;-3.199330348003992;-1.285417425303979;-2.2263902523069334;-2.076038337779145;3.5381096865854085;2.1470078110530233;1.9679277223635256;0.48349013706809413;0.7404094484758013;0.019262810889936803;-0.8978506529935604;-2.116590342661937
209;-1.5932112839556247;-1.0815785938699183;-0.27729961470522096;-0.6189429161550736;-0.5047787696892635;-1.108719765267003;-2.3158599886137345;-2.3462651895635886;3.9746981181803753;2.24116541420713;1.1805468486365185;-0.8843120591282266;-2.8160710752598397;-1.5133912033039851;-1.5754432804936847;-2.118103078168696;3.6978703041204084;2.4247987113985;2.041369365591647;0.7602449954855541;0.16419480441073392;0.32404500055527324;-0.21724314969110092;-1.9179232923210758
210;-1.109024557318736;-0.8773939797386875;-0.35125896709999344;-0.45268835873680213;-0.13356551075951711;-0.47380982847481823;-1.9079796819472945;-2.5684101035703977;4.0583874890549;2.9847285416424647;2.152518685949996;0.6985166820543355;-2.2413260654873888;-1.7795894999416717;-0.8641183837407879;-2.1979299780081645;3.4940775273459477;2.7477916390140744;1.8316853959955128;0.8935382356964717;-0.27462960058487834;0.5210255329365038;0.04633575765857097;-1.1160794513122076
211;-0.3062336313830496;-0.4495232690081014;-0.26113746311826885;-0.05496896778481709;0.3517241579177641;-0.19425577616393033;-1.2080105233887735;-2.5322589215336664;3.660074255938864;3.7653461303434073;3.0653205231891727;2.029598276011147;-1.1661651799517867;-1.775371013376729;-0.5343187377564211;-2.234946663447412;2.8332789100081897;2.935908933584069;1.4614567685952027;0.9722061987882153;-0.45942422799236093;0.5253268952623337;0.22454075731410517;-0.27060485744402574
212;0.49163259292968625;0.09276281672763162;0.2474765225496529;0.5700086088524585;0.8564808547996906;0.056889265810113054;-0.4168953817045716;-2.1969217709281343;2.718358079113934;3.9117302439015686;3.7122275103096194;3.184184787304394;0.6749299571488757;-1.4207884595399065;-0.514412145438561;-1.9420597908285224;1.831602997209542;2.653295848339644;1.3312112489712313;0.9954153545959724;-0.4392681044636221;0.34844390930604624;0.27440897653803975;0.2969674597552833
213;0.9669743011971346;0.7099084932939769;0.9607830948352137;1.2201383212167518;0.9137067467335152;0.47331898546404244;0.17346645083738546;-1.5536912005774393;1.4914221406030321;3.5058012462808805;4.070533515956074;4.040899992205535;2.7493649979556074;-0.6111049918949752;-0.6259885579680069;-1.2418342710097647;0.6801550785832243;1.86616679504467;1.1577241578351303;0.9576156449126284;-0.10001328522968485;0.13613363287288366;0.4008017261110609;0.7065020104620179
214;1.0117817623988732;1.4530046704059245;1.6424961041056154;1.7076785360637412;0.8626028689420908;0.8269841037904454;0.5392570505432359;-0.792331284307692;0.32478546930821933;2.6283086079605917;3.9407406082485346;4.433839031979997;4.276887951908031;0.7898406630216287;-0.7057609882212155;-0.44970079188323214;-0.4763333156846424;0.3838418102318922;0.9046288255308054;0.693241994304027;0.4639037848902202;-0.06162774521099767;0.5652058530815004;0.8986717965137379
215;0.901099207099388;2.19371360244392;2.3022818659506785;2.174875209788364;1.1522535830769525;0.9973103938653738;0.6584073892881472;-0.39226588325219686;-0.8788362925173752;1.7291823262695718;3.4337593391660053;4.347603367113969;5.073862361098491;2.468744089915278;-0.25350036129368797;0.34067948601185155;-1.6282535414993684;-0.7569192709328838;0.6290061260016332;0.5593628719297141;1.1436804735627428;-0.1974512917589223;0.7107055297197977;0.8401782276040343
216;0.878917296449146;2.66225580637482;2.649946235080065;2.5257080230455173;1.5001469914750891;1.2770380257190477;0.6958221809186361;0.11473409778359152;-1.704779675383141;0.8841919354138176;2.635665763776653;3.8256153764845386;4.9623638726161134;3.7886229340871274;0.9020306434302869;1.2866264115753467;-2.578543366622519;-1.5228556174150487;0.23980216836993268;0.6606708793658452;1.639439405757242;-0.02461724965181191;0.8199281560737097;0.8001505599852251
217;0.9727178291689613;2.6730854571426943;2.7333471701320406;2.346521129808072;1.9008434982546485;1.4241361063406615;0.8105426616582506;0.7451788208087989;-1.8471366300096774;0.044934472187628825;1.655907230216401;3.2207109611958877;4.24550525300307;4.640949562535761;2.448999619941716;1.8453278693079296;-3.298214693197346;-2.2693315239943543;-0.10399418583609225;0.7498838919540851;1.5672744631426756;0.517332690291391;0.799318166972828;0.9834451127101754
218;1.242052493743356;2.147989421736533;2.4440819927840214;1.9704033641303809;2.2563468729072467;1.3208508123870641;0.7631734367619513;1.1910719020392573;-1.917413411556385;-1.0232608675892787;0.7342746458428707;2.363624275416612;3.253936488904298;4.812289059009987;3.675553364686906;2.101276579775569;-3.850720757920843;-2.6637694387420314;-0.6614247417718236;0.8788708405309432;1.2539278149842772;1.2319271454754384;0.6810259667231312;0.9769929994751245
219;1.5153884523592969;1.055279591110446;1.669253921969338;1.8401688846182958;2.2395704027007373;1.2842888018211474;0.8319274516929818;1.5223134139321213;-2.134725878548775;-2.0715474762298327;-0.2537622476876117;1.1346239781705;2.3495672469982907;4.586929621130278;4.3247348101038074;2.57992225972087;-4.157251294217879;-2.8360898517713014;-1.4505025272343661;0.5887230390806435;0.8961022779820059;1.751222395945346;0.3165124465214366;0.9809229249263227
220;1.5414154441740366;-0.24387942472632693;0.5852069310671619;1.3782605021077015;2.008163962801471;1.4905701488547394;1.3848272082986681;1.3516804345653735;-2.082168130602971;-3.012223992751266;-1.5227105225064794;-0.24860852024474195;1.2774771263397642;3.6649971636480707;4.377727853863721;2.9413099639853213;-4.2711793934911615;-2.706167219703153;-1.9811641603860533;-0.03455002933802202;0.6035525294447234;1.7939893131938769;0.19003168584132843;0.7670559028647773
221;1.2911774591971286;-0.9643203457203066;-0.2916978402629782;0.6895435933116006;1.3921754199383194;1.7293558768857775;1.6325893914576477;0.7777361333806574;-1.7715514731257185;-3.635693307261717;-2.902842188470355;-1.6654190837044316;0.058863161789065734;1.9828189823884645;3.8870794280484815;2.8639050840952933;-3.856342108144596;-2.5962022196844745;-2.156759158036446;-0.6956007991531162;0.08283481800944259;1.433010368562292;0.6236792375534973;0.5670526784764363
222;0.34457088322693114;-1.2259945558474923;-1.0880682327710502;-0.07565077062823322;0.525033933412963;1.5849235645263595;1.6443740593276164;0.576010068665572;-1.625770770833496;-3.5657577745752365;-4.0539375973137375;-3.0596581031894674;-1.2712355629896201;0.06703941585654553;2.572217483567898;2.6529879370204887;-2.901213050362762;-2.648036879494449;-2.199973807831504;-1.4485602119663654;-0.5010228870004374;0.7870833702913315;1.101718887751206;0.3170382286843099
223;-1.0732743640549107;-1.2745553647942696;-1.7284626123895255;-1.090947132900337;-0.46339878806268464;1.0053677986185734;1.4953127211086514;0.8607576437543129;-1.4641011024379895;-2.905437892364508;-4.507993332764169;-3.9714313061276187;-2.4515351487694637;-1.6015565439646637;0.8043532740370548;1.9498576186697019;-1.6009772864532283;-2.480609381027853;-2.201148810817617;-2.2218050757025716;-0.7067839175173813;0.045959580059977724;1.2323267076719284;0.34054058743839966
224;-2.1794721218163717;-1.3327408755850518;-2.2423323952904983;-2.211054564588024;-1.208758490944069;0.17081007921447916;0.7907000017408252;1.2848150100024789;-0.9381644085834053;-2.140077549256823;-4.205141989285929;-4.203010473496556;-3.545390361258713;-2.8601966460883737;-0.879799995420306;1.0585946469395378;-0.15763218952750424;-2.1057855143958304;-2.1812944396543696;-2.5880991977363323;-0.8336944207063057;-0.5662652202792496;1.1375790374631514;0.22011001049607615
225;-2.4895561953025616;-1.524318491991537;-2.598089604245432;-2.8740617708521;-1.7815929005806324;-0.7359959513308957;0.08256974208256769;1.595908280215749;-0.3326639881895215;-1.3240860224574442;-3.4689269685192303;-4.0985763552160135;-4.274365960011739;-3.365497817389981;-2.0581263320058216;0.18402299225581276;1.3590344248793587;-1.3741414612934486;-2.0840092501413956;-2.3694755650025034;-1.280734886331888;-0.7635159634596473;0.9071064422155138;0.13485152227859157
226;-2.3145902028689767;-1.7355584355224534;-2.6900657909193666;-2.8675210297238958;-2.419998140017455;-1.4057251733517098;-0.3219410954266194;1.4720554901050416;0.20049743798658873;-0.6213051108629204;-2.3803484969398556;-3.650337129381331;-4.521237975630649;-3.74379181787593;-2.899561259699392;-0.5040177261785822;2.483764907295634;-0.22080569023098154;-1.5910394693414884;-1.801528650053588;-1.6885914697211513;-0.8533355623060784;0.36296512688569454;0.49633480063958774
227;-1.825911345408706;-1.9502082605626894;-2.4543679032780856;-2.6906582010770834;-2.83175980356685;-1.9167777927688956;-0.46470426570649565;0.7130086922115929;0.43871335127584415;-0.00773387817110145;-1.2622152527911468;-3.0307343124707082;-4.353011081580596;-3.9687868303058043;-3.515358953403152;-1.449556609341043;3.125947389908482;1.201493720232006;-0.7950705283191996;-1.1310063702857043;-1.7966528465010732;-0.8836962219685287;-0.33578448832891866;0.675662541891782
228;-0.9735098429226811;-2.0642932762402495;-1.8743754118647613;-2.339842690839073;-2.7562830660232933;-2.367614564355056;-0.7753117032969021;-0.03605338958344081;0.539180309537306;0.7236694595964159;0.12011809051626735;-2.1793481752627764;-3.429860964205646;-3.8912928450865647;-3.826682322548319;-2.4240755753183003;3.3871570524257932;2.591717840924268;0.20942061904066497;-0.6344484527329376;-1.6235420230617539;-0.9860355200488025;-1.0558325705774447;0.6596879074216837
229;-0.1876031100097307;-1.7732257393962219;-1.2066702666832285;-1.8513095757606508;-2.403205806580556;-2.5857182463513895;-1.2487576540292298;-0.6160431889353798;0.7683407393692364;1.3549436378097435;1.2403503293158287;-1.0059860578337378;-2.08459064736819;-3.4610574921771784;-3.601392326539618;-3.022698749987088;3.482376707352283;3.531044106942647;1.3625844070763096;-0.2652840559252158;-1.5009241099538195;-1.3756572212502036;-1.587539672676115;0.38470056264827357
230;0.16230804990114125;-0.9002626036617992;-0.5501411656290374;-1.140410433898964;-1.783353423998458;-2.458064730146972;-1.719210840451916;-1.1355133895346239;0.9695393996629478;1.5335459121182888;1.839727849022308;0.2900162605264488;-0.7770325857058202;-2.3822741723273766;-3.121983863063632;-3.215624985390684;3.259296984689962;3.912194176307477;2.274689156415759;0.1843704436009832;-1.346684609718666;-2.004157343347636;-1.8354241084742402;-0.29404574134493766
231;0.3030857843212253;0.159937109911637;0.060237860218760805;-0.5988666947043784;-1.233709210108191;-2.0676858833309604;-2.1636214464264585;-1.3706453691272906;1.120644618874501;1.585253851360667;1.8953667813271449;1.3982296249738349;0.2583667778938826;-1.3923338239716838;-2.549604351441838;-3.1372491641486846;2.73178013250044;3.6832900063325673;2.9128629267829718;0.7199627657853739;-0.9762938399906356;-2.52062322606651;-2.0207778948096986;-1.2986743406525094
232;0.26803793607195553;0.9906634174143875;0.5095267358400708;-0.3593134801524162;-0.788050140915198;-1.4146943789642776;-2.278417957785873;-1.3187711583083337;1.2525366951945835;1.369773870787197;1.609134428340555;2.10478049323199;0.923864108722041;-0.32357850290711976;-1.6660753710331289;-2.7910812737035364;2.339482152343765;2.968835714538929;3.1880992372245602;1.207189292119732;-0.35683576589480825;-2.3091160005138534;-2.1981053142570346;-2.064014878289488
233;-0.0014205493486089246;1.4385022592768122;0.6526063939850684;0.2855101327428227;-0.045313122818101695;-0.661669525878716;-1.9614846228504383;-1.26316990490806;1.1473332264584197;1.0970794408444065;1.3889123217152415;2.5215194844490023;1.2507359096574833;0.4974820151013305;-0.5324955095697621;-2.1020862695238223;2.0084556170954944;2.088323306160011;3.0840915904271258;1.76645858155604;0.2009095083987932;-1.7456050910602665;-2.190489801911834;-2.4481530762339117
234;-0.2597092013946708;1.428134483267753;0.8367742518683744;1.170485875577939;0.6659470291742827;0.040671722439876906;-1.2706724117723613;-1.2136359944264035;0.885807575583451;0.9550021479300721;1.3911635649037515;2.4378116737889286;1.6351998283297735;1.2632652715392811;0.39096944607921147;-1.087771853206279;1.435159178784103;1.1539574056097635;2.4373186082534133;2.103118347382809;0.813405677094596;-0.7574528133882032;-2.046242630778134;-2.775338778107107
235;-0.3054862426330639;1.137178934995252;1.3190230335726048;2.012102263441536;1.255544105254878;0.6952838585531563;-0.5452637784980195;-1.619962123705884;0.639302914811393;0.8429079726177445;1.593980676301446;2.1521467298309513;2.1361868149523797;1.8728541552319122;0.6172531304270934;-0.45446783643703914;0.27518460412548507;0.5267018447842069;1.6552702878261474;2.2353892710845296;1.604036642613794;0.43132160132462927;-1.5763536154172975;-3.023040372137101
236;0.2131230865764117;0.9458568905587839;1.9522086607087608;2.5276814888636476;1.8253968915444672;1.3322053659912774;0.1738328143959233;-2.0064483927377643;0.32778786544183014;0.9669520054215144;1.5068478641491045;1.9112416010471207;2.5703161424859458;2.078182358472973;1.1365459380650496;0.0255673828294506;-1.3020604595991678;-0.22190475162077253;0.9252351492701968;2.4471621748466656;2.0842154605072865;1.5431460196338846;-0.9803628092349096;-2.6577532650036773
237;0.9745390244012222;0.9075138235568531;2.42038896718576;2.7350090459825145;2.3734035028478404;1.6624483318067675;0.7606949671317385;-1.8559266699564354;-0.005760921581104655;1.0342866961363955;1.3850559842957504;1.7345109252768447;3.1044886544335686;2.338140198658172;1.585685748677278;0.6968249293953819;-2.6204189903746;-0.8037232959925236;0.15749900535118924;2.176498380444399;2.355019502444736;2.1334181490296347;0.023624167324006327;-1.5244416659824715
238;1.5226470273706552;0.8520040006035935;2.416326835194338;2.5635580128273214;2.7394939063881867;1.835713697801169;1.0809950429855706;-0.9376682426172276;0.31704770914664027;0.732869905465289;1.2136188062881375;1.5004576304611181;3.062420637270901;2.5288247679694975;2.0654607901761306;1.3885646193156442;-3.036659600100784;-1.4076230941540935;-0.6994996976119611;1.634734794115111;2.639379172407867;2.224966153657629;1.0112925258676202;-0.32334351526940014
239;1.8109087646988313;0.9248004638120053;1.9424907130081273;1.9035634476446606;2.712190664007524;1.9616667081646215;1.6164016626006932;0.4701144323722967;0.8539303753182049;0.44469591284222615;0.8646059721275748;1.3191389068950878;2.3772107673115626;2.619726325533084;2.5825525918031835;1.806515469775212;-2.848013933811659;-2.074107225574905;-1.3346526816342876;0.6703563404000628;2.3648024598999684;2.1848800682863283;1.923442517957676;0.7189520473919699
240;2.2835507346916226;0.9694065545524605;1.0700623750578695;1.26031860235996;2.416228021627723;2.0549159822876906;1.9557565220377697;1.6102329806766968;1.0385294788357198;0.45904869501399903;0.6357859212846533;1.2500422600666046;1.589572380679525;2.619486249113676;2.7712718602446427;2.069665702262608;-2.119543195478099;-2.384111801366869;-1.5939719113941222;-0.3104361486418149;1.650689755493413;2.1295623568597466;2.7769209832319346;1.7276003595249123
241;2.479231363089218;1.1325421239539617;0.17260831960352013;0.739101782221218;1.5865388222700527;2.034290724632515;2.023215229927646;2.312494367118181;0.7462262421684788;0.32982378913934707;0.6396707867485731;1.1884927951001576;1.0180404721060679;2.3673856148021457;2.616194162140732;2.5320916672453655;-1.091343009296011;-2.1979046200254366;-1.643784715090587;-1.4269861867597158;0.7749116867904854;2.3212042445068772;3.589032226735759;2.8299210093058647
242;1.9025537685484448;1.1529904929320125;-0.5005027459660194;0.33594624793666117;0.48671609108766184;1.6355747199288457;1.756590367474525;2.6704992805622174;0.16220298655719417;0.21964495394812;0.4106557158653908;0.8958101945762211;0.620262328079469;1.8607873448007097;2.3205765946771466;2.982049705781752;-0.34817147891410427;-1.7079040785264472;-1.712111535899059;-2.0784893206894197;0.22439143687915852;2.4788401591409244;3.811565928138746;3.7114923611883976
243;1.1246323500478186;1.2252430681906168;-0.5768132267404833;-0.16764196301576187;-0.27101607136182143;1.1890246099977295;1.6908663260900825;2.421185617605356;-0.13851070385661188;0.2739279967862549;-0.008990832354143644;0.14337295634971092;0.36089655362505596;1.2818028983236052;1.9747802876689484;2.955405728031046;-0.17628497749150362;-1.19290202384922;-1.620592107276734;-1.7733344596427953;-0.33023227225890767;2.2632271282134107;3.5219883098740437;4.13256641669326
244;0.49125550678461355;0.9850834365525553;-0.5009572460401763;-0.9253006981813052;-0.7198409224149188;0.6519067219541126;1.4570305802446013;1.7055907963877728;-0.49675282259734016;0.18310949202043672;-0.6084637119814785;-0.8666096697847262;-0.11911437071153406;0.7202209312549678;1.6005983128931036;2.4480535578847076;-0.2944361028390113;-0.5250585885052851;-1.0460637221389606;-1.265946325957834;-0.9468881065443907;1.3684518832172745;2.680936846541885;4.206824965654224
245;-0.37258929187332457;0.23844599459802499;-0.33569226835841676;-1.5508877280175675;-1.3251361561435377;-0.1726348601710683;0.8643689603500154;0.9033760817800888;-0.9960346988831397;-0.4128692164926917;-1.0678727005369215;-1.6832654781724936;-0.7136680200581668;-0.15362427819664193;1.157683028751202;1.8699095295863186;-0.605173944154774;0.12524518881066296;-0.42291496225922076;-0.795818972444749;-1.393783550500521;0.247218339034105;1.52199280751294;3.3911694298294477
246;-1.4860139119876077;-0.6550140392646814;-0.241344117325604;-1.8240546438177654;-1.6936892949162792;-0.9318310697260034;-0.027788302536664474;0.22158188200400583;-1.470724296974808;-1.1567452028332195;-1.4044263417148255;-1.9448111949582687;-1.2510924136729136;-1.0981848695524206;0.48352651917434863;1.3043469699243257;-0.6131558022465025;0.679764062879168;-0.05910610849794627;-0.4162666883949471;-1.6268853833964305;-1.292950772576143;0.28804660828108847;2.2587193049437735
247;-2.429141269980684;-1.5883648195995719;-0.41765666120723466;-1.5127551022069645;-1.5141692686376949;-1.6492007931323234;-0.8260002542926124;-0.16578868548882478;-1.8709392246541257;-1.8529186701833862;-1.4292979439808997;-1.7059520237756993;-1.8659387452014895;-1.6539449373182558;-0.36914034863158324;0.48313564760536215;-0.5155012028318812;0.8333209595925692;0.21025507646790298;-0.15326564673284757;-1.77031596386625;-2.4858642917239915;-0.5943587826573303;0.6457815457880687
248;-3.175924882662295;-2.267679233503329;-0.7473530008157229;-0.8628753828956586;-1.227291708726927;-2.0539387646461322;-1.3774062356817616;-0.4169201525915664;-2.096912378003423;-2.261606658795312;-1.2921496257022855;-1.3229504508126582;-2.2838645178144983;-2.1141936125868663;-1.2125296925584235;-0.47479270593791006;-0.33704894521383716;0.3748279500570253;0.22228217595636937;-0.14919974636154854;-1.562582189868915;-2.9908309814777003;-1.6536688375856878;-0.9534444892631422
249;-3.663677597359532;-2.4819398330584757;-1.019280585427877;-0.21748875106082438;-1.0206294132784115;-2.1694375707253633;-1.5964852772406015;-0.6086962157923597;-1.9533918056034283;-2.1130456685399315;-1.3518458868887413;-1.1563064768422309;-2.319342218961136;-2.449615131222329;-1.898703610228728;-1.304873258774386;0.05283319181926224;-0.44516831573123566;0.2921275213598629;-0.36783916251358983;-1.1117258104456462;-2.768487552812182;-2.85336212287286;-2.143728394418253
250;-3.474219806249728;-2.2103316548484226;-1.1327564936551962;0.10471867667760124;-0.8817577249483044;-2.0247779592131154;-1.757762736183365;-0.8422897743258455;-1.5272694951527523;-1.7955375870420613;-1.5009938246797123;-1.2515155143434178;-1.8844440149245565;-2.4477912492356686;-2.712076663723657;-1.887020777596244;0.7172443566459186;-0.6209747706549222;0.12424559009887132;-0.578848232165046;-0.6797609836222377;-2.1911820709640977;-3.577189448365029;-2.7741652371944077
251;-2.6464296891202883;-2.1964119953435084;-1.3559754982080159;-0.09615637750793607;-0.7581351540181942;-1.4586893781203967;-1.7881557336426126;-1.0316466440963217;-0.8466588565246044;-1.3279291391298362;-1.687913918673636;-1.2562086074111902;-1.4389900140047234;-2.0595998299785507;-3.2924052145759974;-2.261527400179525;1.306282269495944;-0.2700822665281097;-0.005664893832758798;-0.6501744403202673;-0.5136056720186288;-1.733831596966557;-3.703527886781916;-2.9206642954618167
252;-1.3382535616476394;-2.1277008030549367;-1.7954049915064287;-0.6766961490920271;-0.5995106674252938;-0.567178791509559;-1.497665123567477;-1.1073767225223319;-0.23175036954701284;-0.7087085359231421;-1.4439264359471065;-1.1148201568967686;-1.0721741269401786;-1.8512551226472544;-3.3224994648290145;-2.7183894883324164;1.563841168944924;0.1750239407176443;-0.1704283059267293;-0.4452661870041645;-0.4736039252075721;-1.2366364700867303;-3.0773571725672935;-2.8902561493728927
253;0.03002104037965559;-1.734042112865725;-1.8977044629785786;-1.0613325121519683;-0.18174984575164174;0.19144700396179307;-1.305018956128697;-1.1672279709533968;0.39950292892086464;-0.38608012842886497;-1.1307009713725575;-1.2059845602978732;-0.704169226972069;-1.4546961066418447;-2.785830596089384;-3.310646459695184;1.4102758308761123;0.41898039229093187;-0.4271680573822107;-0.11597870496691005;-0.3218964602244554;-0.561640460858892;-1.8769963229869924;-2.473945601703363
254;1.270415310108526;-0.9867538187765448;-1.636666890945998;-1.2032998148519758;0.15664237585576984;0.5424043157438019;-0.6239591629990032;-1.0018529666292562;0.8759444063132538;-0.2288248629437253;-0.6923567466035148;-1.0456283943704132;-0.341590146641214;-1.05012691722058;-1.8766356328297107;-3.1893434504827685;0.927397993057735;0.45983699212293233;-0.6124931891092759;0.2119081343933029;-0.19325213848368553;0.05975296454050235;-0.521967405126526;-1.9441200516540262
255;1.8992876826065788;-0.03667756559631202;-1.1011476260525703;-1.128577827363678;0.08592542296355656;0.6079655846867067;0.2561086804267186;-0.8942941413356345;0.9356961972737536;0.09304442120395297;-0.14751509737209043;-0.6602272012492222;-0.3334022687351055;-0.5967392427174677;-0.9400732992850123;-2.5338517650648003;0.5227510785984283;0.5077293053003092;-0.6650701636550245;0.25402987139593475;0.047823890668566044;0.4586912077100633;0.45623811961883626;-1.437933216447117
256;2.187652064703673;0.9575096030232851;-0.42917648286670007;-1.0353515292880846;0.08972343345726656;0.5676908530689977;0.9237829487506091;-0.6540534140826608;0.9673491507425243;0.6594740664270105;0.497419097332721;-0.25278339830966756;-0.5481655199424754;-0.20401098762213818;-0.1265788066238809;-1.7194238805215734;0.23525854107905642;0.6050974530531794;-0.2587324070731902;-0.20474305889358044;0.30273099828849664;0.7846611535503074;0.8523556765922691;-0.9951584403896656
257;2.5898381746703643;1.8865848348787304;0.46952034517980734;-0.6502815557743656;-0.046081671108597004;0.46346156525199905;1.2526425889227;-0.14413103772899807;1.1639842017871478;1.399408339455824;0.8076892869228209;0.0028602250810086834;-0.690511967829517;0.15442855779155334;0.4309453135211236;-0.8917979657118972;0.05915315449858902;0.4809026245551832;0.40224033422406524;-0.5371733566924751;0.28074149072924326;0.7569295005569713;1.0146814614848771;-0.49187301785835724
258;2.8683034822203495;2.7634521310794327;1.4667479440767237;0.07699251175768668;-0.37236436223903224;0.23615167428759087;1.2985584492130684;0.46375943479723897;1.2150396153443357;1.7698999052646904;1.0221689467365873;0.6355482260080703;-0.27576594624963124;0.37323982366787883;0.48827375911779136;-0.025901590440611477;-0.32843849707297706;0.2834416988223425;0.8021683309737456;-0.3278932598614913;0.13420014433614103;0.4612838480863643;0.8376564927143441;0.24504186556365085
259;2.916760472250613;3.256775756610768;1.9919339926780268;0.6882000329490501;-0.3636626481891059;0.18723201304109996;1.0479625497233824;1.0069089316001303;1.423270415094222;1.7589112409802208;1.0823636241127947;1.2938347930889817;0.5608616797131913;0.5766819036629233;0.5609230616780051;0.7234320796326108;-0.6423269038872446;0.08938686094212532;0.8679273894833198;-0.04399364516318176;-0.056179659298408624;0.24079350037516592;0.5757875899316705;0.7372903548507622
260;2.408738343746762;3.0731027300150107;2.304783117868397;1.4397946554671743;-0.047223884524368834;0.12215603240669771;0.545136391433431;1.5342640591736323;1.3831052565654538;1.3193167720177708;1.1955182779285587;1.6483515961901134;1.4075051462536001;0.6910548667206534;0.6769349494715643;1.3064716963119358;-0.7948993769301703;0.03136695533602774;0.7676732639863555;0.5007218185330082;-0.044252062879627775;0.08490889298104526;0.2579528129083423;0.9332862568589917
261;1.7145733286050797;2.7500038913075553;2.618336981030169;2.1460179209276338;0.645821374523657;0.024533573748221557;-0.06447407007087858;1.3994452688261279;1.1470539870780005;1.0668358704784058;1.612767471724543;1.5781920375995093;1.7701330721283965;0.8559524520869228;0.8882038453303144;1.8446257062818419;-0.5442384135329873;0.2458530767115019;0.6887711145281527;1.0817681936969807;0.24393864811745447;-0.06780706895567415;0.010593285161417528;0.8190062861268937
262;0.7775980948180665;2.06071408450356;2.681636510150114;2.254803591875581;1.0494026116696473;0.042652434348443284;-0.4163753868200724;0.64949190384514;1.0016997815254376;1.176775530138963;2.021105128072489;1.5253782816094783;1.7598064311181514;1.0828019124578974;1.2930777560977276;2.107483372206945;-0.2307524762202096;0.2605527322175807;0.7560343581693801;1.3296830686657861;0.3936536897196119;-0.3421216325536254;-0.27575225080109034;0.38161234191251087
263;-0.24926590272133817;1.1300518310738155;2.293901906347763;2.1355184180902187;1.2095990583736527;0.23657264572873635;-0.6127404199180969;-0.08684762148255722;0.6048674587801183;1.413164839241277;1.9756436000953121;1.3988526268096881;1.6308576766023033;1.4716477412030289;1.600952893879571;1.8674985385476686;-0.02621869494127257;0.1799750349583481;0.5315490731712246;1.2005569548561899;0.6820778930036164;-0.2707517386964699;-0.44262652220996723;-0.015014719421630508
264;-1.0845179100780047;0.20225237288433473;1.8443777154379235;1.671110493679476;1.4934272770971877;0.2309693539995528;-0.45543754072506437;-0.5184635417457055;0.23385299715321203;1.610673742783399;1.7136732278881015;1.3357696612835086;1.3422034303944583;1.5782346570921724;1.5681826379701256;1.3520541173883314;-0.04708426505497409;0.07561468397489833;0.3335102922451979;1.1107381313589926;1.0495165389258807;0.256327376193368;-0.30948171216708353;0.05507241087702319
265;-1.7599325441946212;-0.589132727713112;1.1684886065188849;1.288839966913246;1.5784849118063784;0.366068154378123;-0.09643500433849013;-0.7039635846521682;-0.13767641338080083;1.22140717641019;1.3721363000361189;1.145079469516564;1.1695038477874777;1.575223048669059;1.5139023562808802;0.9655666046351615;-0.04690361731691897;-0.16358614207720903;0.35321120744055545;0.7112980380525401;1.290801414463181;0.6834192942081564;0.18100860639984617;0.23727986128952291
266;-2.220582590971532;-1.1947051570384735;0.3069628206327974;0.9750352704510453;1.4607111846964482;0.6736432722203191;0.2922758823135235;-0.679125798165022;-0.7253699858530581;0.1430842777876291;0.7295630219295325;1.1856955842318981;1.149063147338875;1.794180921324068;1.4875131884210238;1.0462586182255054;-0.11636966911690853;-0.21612233939512582;0.13882236711366686;0.20097674269077354;1.1760394246083348;1.2320301845612345;0.9156396636952137;0.6452850977859288
267;-2.5963576550484735;-1.9611161884996073;-0.7833080837313685;0.657941818805131;0.9818282246788783;0.7705898715322511;0.40206898699950416;-0.6240299065481069;-1.2466810255644925;-0.9308713798007907;-0.14008666457329536;1.382549541371583;1.0628671723425034;1.7899649486082179;1.4271618535627317;1.5292528115877981;-0.17175297982288315;-0.07428150497681756;-0.1523497407149992;0.083491294463304;0.834386315987087;1.8035870130350276;1.5653223981489404;1.0247792140063785
268;-2.849996504385425;-2.668134095090725;-1.7382920558560133;0.25978610457269874;0.3618862553010738;0.6787958080558034;0.16271560139071553;-0.6054207755472725;-1.4206548501020542;-1.6543822240561727;-0.5391168922620403;1.3332179003268743;0.9771487167359091;1.3846382072046837;1.5789801490485653;1.9284213560575978;0.09202159313438713;-0.01747662961591891;-0.20098226975613723;0.0712565861451796;0.5178711500573483;1.8324468241294232;1.8512920391221581;1.32864910801609
269;-2.719629741965263;-3.2550397511904876;-2.688573645211661;-0.6207042708351943;-0.12627726965238004;0.7121764192921987;-0.11384536498921399;-0.3776876956020383;-1.534169722588982;-1.9223574327593658;-0.5396987652565678;0.6939842971218372;1.0821264005908096;0.7567935907307768;1.403930102343723;1.7863424639852052;0.4607661868938196;0.09473122233036138;-0.13142753655096226;0.001921537651154635;0.2511403871706376;1.3218736507469073;1.9232473997554858;1.6007632488869437
270;-2.0099459836876146;-3.1700110872754186;-3.321686063586029;-1.563570465595732;-0.6252864637021417;0.4971564166665128;0.021580848964762197;-0.07577658726277116;-1.159986078150104;-1.7956884486203815;-0.7631301658318065;-0.17253766022773684;1.111441650637454;0.25053638783209675;0.7949404230313303;0.9692409633651727;0.9186735662112093;0.09412126841943921;-0.07516422722429941;0.006299798985871693;0.09353187503780755;0.726651807315303;1.6661974533371686;1.621262017794673
271;-1.0593395379672588;-2.4230309030398924;-3.350890756364904;-2.547433241753783;-0.9553619397715856;0.02925964559127367;0.2769292253234333;0.14718820167813737;-0.765246795713694;-1.441110950293982;-1.2692797378166818;-0.954445533320765;0.7629103458074142;-0.07432873568094316;0.003206379996050849;-0.027130508756853508;1.2347330866795019;0.18460585286743433;-0.1755180386159852;-0.009746785029966556;0.262864474845876;0.3543288850266967;1.3194720867306287;1.554937234044186
272;-0.17408544278264063;-1.7782341497033374;-3.089192523041762;-3.4377642090295075;-1.3328843951630498;-0.5031882085060511;0.21593572732174562;0.41251427893575937;-0.34826607520149483;-0.9742777827581541;-1.9311468252299706;-1.6327384168272405;-0.13392901755977066;-0.17615638182497695;-0.6265331695464098;-0.888026250932317;1.414466305983046;0.32058670493910485;-0.1466539832648045;-0.10592323635665549;0.4267718200610807;0.08413079905213881;0.7477989521004147;1.3744958018896674
273;0.5452787802999637;-1.253173451098995;-2.6942209864447926;-3.725884415822444;-1.5362080556851485;-0.9291061064998338;0.26154691636935445;0.849024553487533;0.13238939372994368;-0.514072924260946;-2.331722916198927;-2.1826446388633665;-1.4308469263774022;-0.4831733124904559;-1.0776041646102317;-1.640489443575583;1.052147969010799;0.5595312479353474;0.014385972477408087;-0.18155454342745372;0.17444144294934824;0.02016663190505563;0.058272239718492456;0.9397488736494989
274;1.1714295998715756;-0.47697956856580304;-1.810251643918578;-3.180348156275794;-1.9275110391678387;-1.113614889276336;0.5814619594499106;1.075064619853199;0.3314017180757149;-0.3407428223408357;-2.2034589516524212;-2.6439742122483905;-2.6741589924419524;-1.1089221097039406;-1.5457598118099838;-1.8904935413579067;0.4389677956613568;0.5276889086877303;0.21774823668129095;-0.3429465374771894;-0.3149446971626788;-0.14048227455247056;-0.2865042345760941;0.3533019418466496
275;1.5822669964537985;0.7759225002027232;-0.47456982771320316;-2.0961376637763616;-2.5924980813450635;-1.1749019248734165;0.6411423754751485;1.0210610631847508;0.2994837013390816;-0.23554856207408503;-1.5188975938152776;-2.8890149422684956;-3.5289097897395014;-1.7813501133361345;-1.7510430625038926;-1.618465590402305;-0.10877895927260052;0.33206032316140477;0.09079467443001414;-0.5522243482253779;-0.807208325480143;-0.42044584977410465;-0.5795837896529509;-0.03218532469371171
276;2.0035025805702227;2.005527723334603;0.8761983050222948;-0.9363448749572845;-2.696163065443173;-1.0933183426019857;0.08626135928887001;0.7372895848226594;0.39518422664243663;-0.09448739993284823;-0.8104772780881981;-2.797822276994513;-3.67318731981848;-2.431539671804088;-1.694103579654374;-1.3732355306522381;-0.7102135404184233;0.27491631117728893;-0.05440167865684457;-0.5575373530771701;-1.003905931185366;-0.7146455764741697;-0.7108302484389645;-0.36697259382711916
277;2.065244472456368;2.9509714846278734;1.958018016105222;0.3548190174363005;-1.9317245286181712;-1.0244394923215632;-0.5879108737083726;0.4442848034180418;0.6574719758338041;0.16351467787465251;-0.33324735834197383;-2.2695284688771467;-3.2171836001810017;-2.91371647029051;-1.6297676877464198;-1.1739778368219824;-1.001924817993714;0.06814981461066708;-0.20579994472653085;-0.4793382053227793;-0.9725442208395986;-0.9456804318020026;-0.8641211378145819;-0.8204502890667817
278;1.8622683959354553;3.3299178941094816;2.8294654777399706;1.825125354800077;-0.6850851237587608;-0.9493062197005492;-1.1158676035126855;0.12441832381744772;0.5682882992727203;0.13566812024117714;0.04849751828301391;-1.1826584186729403;-2.371630166869093;-3.0581091549497983;-1.7100363079312153;-1.0332785563646782;-1.299492475197316;-0.3675410348410304;-0.3162352533137316;-0.2109535816250081;-1.1611500173531717;-1.2061125704570184;-1.0276924517554564;-1.3330122459794962
279;1.7118002480797048;2.9993719540996038;3.2412472513034807;2.853849984389594;0.6169493138028237;-0.8152926247598024;-1.151076380299873;-0.20320062710121425;0.357722469987447;0.023767373452610614;0.4268011237793039;0.0689040849575035;-1.484926788366478;-2.8455626150127453;-1.5685535656045966;-0.8722011213396501;-1.6499758287509663;-1.0807992761655998;-0.1863698330692034;-0.1648274351810184;-1.2052618202739964;-1.521254967984328;-1.3795701032721719;-1.7158081815004973
280;1.5732503837928802;2.251204423618049;3.29575439105394;3.2800258721892943;1.832076629653965;-0.7253526412142849;-0.8722865391818753;-0.5994216540375081;-0.015913166687382397;0.21975021657213745;0.7355755565217581;0.8870520944563623;-0.4832585661447848;-2.261495309830641;-1.2839952929332743;-0.7043857165722436;-1.8424326087759983;-1.484738656005303;-0.24406738562176375;-0.3690022245465795;-0.9909726802014625;-1.9752870488330405;-1.8271481760536974;-1.952109146160257
281;1.51394016795278;1.5805658744825575;3.019647780991712;3.279113390774434;2.743406935165802;-0.45711966838662826;-0.7401524479341022;-1.1396471548796632;-0.5324713570914558;0.7557355991306791;1.0476784480324637;1.568171837306754;0.774228837003878;-1.03861567700882;-1.2079486099421197;-0.5377623511840706;-1.9891264979156016;-1.631981684045713;-0.5680145809827513;-0.7132979906780678;-0.7267161344339388;-2.0535850928805055;-2.1256777599984282;-2.0786365954929766
282;1.1059147667698241;1.1814362329608445;2.5603741644061047;2.875052076745786;3.3420572503654515;0.4842080714329677;-0.6563128058304392;-1.3857464170283362;-0.9523017321404784;1.0160875364567672;1.089494804028366;2.023657510822967;1.9016347851354811;0.5864497013865533;-1.2265975085209349;-0.260280218759867;-1.7737284812039056;-1.604520523780041;-0.8543828326993419;-0.8305999095752992;-0.38921893905394167;-1.4470060009751546;-2.0386818301008507;-2.096107516554646
283;0.26472201275759355;0.7079892628300932;1.9134912029054274;2.558959002682037;3.5538283149851693;1.7117593441768577;-0.46172349459076006;-1.1272210677335173;-0.9891166273299553;0.9262317595146039;1.204973090957076;2.268104266981421;2.656828311439587;1.915622568830519;-0.6292485939542309;-0.22627041779675255;-1.2010311882691789;-1.365084762369233;-1.1761350309669083;-0.8194623126418432;-0.19853743418008354;-0.7370248011933201;-1.8727943254794432;-2.032857991303257
284;-0.679851587101149;0.25097359330702296;1.0005411693196076;2.2245754888503666;2.9618391152774866;2.673782881951167;-0.07465241044937117;-1.0900888269437599;-0.3956572172676863;0.6971143351494602;1.0802867616708585;1.987373776943362;2.94242760338389;2.81244717385301;0.42736564377767516;-0.2852558795489535;-0.5844516614023298;-1.1597471061355897;-1.7059078916646235;-0.6772380693145826;-0.201582957318624;-0.25819855362414745;-1.506784687080245;-1.6589168073481821
285;-1.380385503989429;-0.3235820963320344;-0.11800101221657029;1.60499836503383;2.1411568691481135;3.0677034460000563;0.40919461083974357;-1.0420465425955825;0.4875898572289669;0.15233712357652388;1.1741707650861013;1.2290028484637971;2.7039625928038244;3.083777456007785;1.557245541540522;-0.17856505231291828;-0.05007865318227929;-0.8985197553893312;-1.9631703731258199;-0.8252449672903235;-0.44277711461086305;0.1955681286122921;-0.7616894699553922;-1.2481148942548694
286;-1.8515977153271024;-1.2342117021348484;-1.0942446220291298;0.6590469404960125;1.265931864479655;2.85727582059242;1.28943955310522;-0.5098309317815151;0.9628583675552981;-0.2927875745251544;1.226625218391761;0.9245866138231289;1.9827623267083707;2.734480235815488;2.399509214108964;0.11427081473038267;0.6808270464843972;-0.5876113591973549;-1.5933817102443193;-0.8148574223670139;-0.6878486081991476;0.6413800694042558;0.18008896928485976;-0.711262515289528
287;-1.9231868797229652;-2.0724886619607292;-1.8922249492402794;-0.6083681161426223;0.3550870558943913;2.2268642997869534;2.177598168198743;0.5585127085623899;1.1462698810498952;-0.4418488912760247;0.8372896026777601;1.0149532654244868;1.3359015476516083;2.4072745414761436;2.614666699871132;0.6806879906637742;1.4065312725113455;-0.16875455474978457;-0.6636904446489315;-0.7627495177034809;-0.6118740071210913;0.5829767948078937;0.9186405098917416;0.028162655386957152
288;-1.928488138337506;-2.6683345155355807;-2.4617607932249195;-2.166616070626907;-0.7144212691097217;1.2718142834936734;2.6576498906485546;1.4859066097533797;0.9090856105958912;-0.5630701757516098;0.17695224487278385;0.8656359300983254;0.9317012700834676;1.9730424253996819;2.6555237014125233;1.2660146800943681;1.6786387359315562;0.27717297518284734;0.31859113293546165;-0.8074537708962226;-0.23489968626245963;0.38215528562554196;1.3801155639545077;0.7604977630212669
289;-1.8079785276645906;-2.8278037834391667;-2.6595723543173873;-3.373842131250114;-1.7411676993701728;0.0032498819153107482;2.490989409645519;2.0565714889520366;0.4130483048851687;-0.2720777321111167;-0.49628031990128957;0.5631656653211073;0.5482550769589796;1.3947241508387924;2.3084141867671244;1.6895948331692228;1.6356464524479128;1.1270906082609171;1.0315758022538493;-0.25312738241979493;0.33334975182440024;0.36285933227011785;1.7008170206873499;1.4055870456727215
290;-1.4044189739794484;-2.5570327435768143;-2.815750960784898;-3.825917509501941;-2.539187774007174;-1.3836069457298028;1.7212672067040262;2.346036041141579;0.07064048986321735;0.3626413873481123;-1.0820652118059921;-0.07148519105294429;0.07823784024609817;0.5499472811160077;1.7922657949318068;1.9462327159618544;1.3801614491500913;2.0396235849502773;1.4441268872135553;0.5701501435259713;0.587415976802588;0.31696285304176963;1.4811157225739167;1.8898343198819956
291;-0.8929018008460144;-2.123274447222411;-2.9905446838073164;-3.693232686663252;-2.908690216789239;-2.259693523098781;0.6940289152800888;2.2104873084456678;-0.06989313684854884;1.0359542111979156;-1.1480560745507526;-0.7347637664076067;-0.34231256932356213;-0.34426504818305387;1.3180693951251434;2.1800417550951816;1.1232372863344628;2.382545331078778;1.6430632645971939;1.1787308459948813;0.8040198413841652;0.36807547020595077;1.1153392980516095;1.9905217029626197
292;-0.43199031489319284;-1.5539251540311787;-2.637233281880655;-2.991541139660793;-3.072523918059102;-2.633398198407078;-0.6245013297023825;1.6750156108590486;0.03732233933937546;1.1526523600082086;-0.814868599689578;-0.9932306063280276;-0.5485671566905912;-0.8325237935459477;0.485889154608314;1.9314425025531805;1.0823215605743681;2.4263518498292433;1.944305721426229;2.0090882554386167;1.2137429334773084;0.7728007453546317;0.8700679093600681;1.8683920431379724
293;-0.06421798363112703;-0.561097557547119;-1.9267714601998505;-2.075791991387423;-3.203020507992303;-2.570336836643598;-1.8037943888095747;1.015829066234741;0.06798686114125509;0.6856716652966592;-0.09501520292631423;-1.1882343487196865;-0.9200128061117966;-0.9790478233331603;-0.8870092745399251;1.2373646646583965;1.2489314496416641;2.251939979029061;2.2444562220127753;2.4834594749649868;1.4766354333153262;1.4748430252346263;0.8122143240776301;1.80589290049968
294;0.29879240010624153;0.3582289805141719;-1.0688316156180138;-1.2004503390378516;-2.817617629770342;-2.3795157926943795;-2.4832771790408974;-0.1240353411844056;-0.1229204633274309;-0.16863017276314887;0.32273557701278294;-1.2802147479511012;-1.2955763279441348;-0.9770962458047128;-1.678957304190822;0.27485350034100203;1.5864865497254808;1.9645012366371064;2.5703768381235794;2.5702885451210915;1.7631995171955783;1.9620332631999753;0.9729502530788972;1.6242829671628887
295;0.49366910159633887;1.1355714042195437;0.031204985002016024;-0.4310674694814901;-2.029895158097587;-2.338851403836384;-3.016004454698075;-1.5075387702990195;-0.05416486666404169;-0.9846474340298332;0.3034923166614387;-1.505370750572503;-1.6912788291190735;-1.1877910554491642;-1.682494992761077;-0.6890806169805842;1.7837208790839045;1.4818084183720073;2.58450486468249;2.6307471796454225;2.2100462022796084;2.2166579254264476;1.3181530550316145;1.3496910097865982
296;0.707245098160376;1.5814117142505058;1.343004522068971;0.36389747948581613;-0.9718243708568838;-2.340859728074586;-3.300998260921918;-2.695131603292085;0.10647536967793085;-1.4065687748883333;-0.0989403008712948;-1.530932393827773;-1.9643425872973952;-1.7136630259329044;-1.6440892789942863;-1.3564764739538095;1.7368419291583395;1.23421092954948;2.2538747226275935;2.248818858987742;2.3919404127247863;2.0121867490726886;1.682985423913724;0.8074533317982638
297;0.9279147014992879;1.5677713427557534;2.3410311241711863;0.9450223855476301;0.2109102436398661;-1.9544592326336143;-3.059105029766101;-3.5982188944839746;0.06441177122875175;-1.0992570508660817;-0.4647810528134983;-0.9753735445364505;-1.9186002809152252;-1.9634642290890187;-1.5700303914126805;-1.7017425518587868;1.2908455662944296;0.9551706196541828;1.7038170801942103;1.6094128608722595;2.179903058946716;1.3546997823050533;1.6532528109124365;0.4836654192141186
298;1.0923098990223643;1.3624984001773457;2.8110869118284985;1.5251915733403645;1.225628683575457;-1.1153746652590908;-2.393416617086445;-3.8156700280958407;-0.339762767258488;-0.49115560415892523;-0.8298701084798026;-0.262988933045666;-1.6069224350262568;-1.7568044395879894;-1.2561843488641549;-1.617999979709492;0.6567002791407542;0.5708614635177902;0.7302998369542141;1.0115350117200612;1.3652907369903728;0.6805745410301836;0.968894268027272;0.35317508573450457
299;1.2042583923923382;1.263753702587963;2.6966269176086373;2.0254202534752235;2.014927212739486;-0.1110121443637491;-1.418523612117067;-3.4422669659206773;-0.8858444596606602;-0.12177836697578107;-1.033733026448485;0.28298477198606325;-0.9083153458368446;-1.4669579370687396;-0.8113357794663855;-1.4172818735610084;-0.18159992998828486;-0.02909101336620562;-0.4144699133721711;0.26107093268986126;0.1724744385912563;0.030990761594044576;0.3669078594275129;0.29942965324376364
300;0.9088032146030064;1.2627202685147398;2.058086148146734;2.425544763011802;2.4535354000632283;1.2341443127050755;-0.20826816984740076;-2.327387368021824;-1.2865107716219852;-0.04872701974840996;-0.9546019690002551;0.5781750387562616;-0.22879081145204727;-0.9188156158532638;-0.44307642582585893;-1.2428599054104084;-0.9224634102653672;-0.5225825693980407;-1.287788165512345;-0.6578383260165622;-0.5964245344465926;-0.40648555951118187;-0.258024599482861;0.1187038954558282
301;0.4954797416215044;1.1231022837060143;1.4049928154194247;2.8562339290845196;2.3886905448711038;2.5549384493396574;0.8614153767260209;-0.585553746171469;-1.28017586649194;0.037998649109002004;-0.6203299622476265;0.5441718018650876;0.5491652326901512;-0.2706233687645276;-0.5646885265167982;-1.031875779268195;-1.9413579873871873;-1.4778226234487883;-1.87761192503053;-1.5359026875238573;-1.10909810219299;-0.7989033924057924;-0.9440665131994814;-0.3493046896073875
302;0.04592498835106041;0.805106704494416;0.8497160107337263;2.828078958771029;2.1311606853841085;3.2962311023976674;1.8341223704806926;1.0560416444800487;-0.998931577484616;0.04807175772237127;0.18038958827604934;0.5393544432694419;1.2923356322434763;0.2417714769419223;-1.0479355051407846;-0.8650025953681008;-3.337055994254318;-2.5367645095996876;-2.21066166574121;-2.0422257605025673;-1.5023588694356023;-1.1162566182008176;-1.5596805449258744;-0.919258638523398
303;-0.5091194807862145;0.2905933108913585;0.21517873723265568;2.1133830849181776;2.0874617680139496;3.31618558753394;2.6879632119418035;2.049534051289047;-0.4387732543717469;0.3208270597673896;1.2751771044331686;0.5727162844281423;1.9404405632691302;0.8727266277517723;-1.0926553705647395;-0.7229128276330499;-4.408778350747357;-3.1935882691130253;-2.4172603260456875;-2.3286616838751253;-2.0718606468083767;-1.3264369746591183;-2.020955589584989;-1.3832870641248618
304;-0.5952114996196891;-0.0736065276539111;-0.07724589400594614;0.9791698597731886;1.9938749092134922;2.9610484490424853;3.323330619671532;2.558653185686914;0.2978538476391627;0.32128518465973743;1.9150762002979025;0.6304925222609633;2.089769637165016;1.4107223984116042;-0.5449042942589778;-0.5388470368363092;-4.2373319232000295;-3.350834369261985;-2.628467537251126;-2.429967026505486;-2.2381037447995795;-1.720470738054011;-1.8915813535788109;-1.6524794932436977
305;-0.2540019054972447;-0.4482584181808635;-0.13282296159676163;-0.03749963693772568;2.0118236132404617;2.2049483318195904;3.575812489529611;3.03400860534359;1.076198331175276;0.149415628541721;1.712699350228441;0.9178015071090769;1.8621808625884888;1.8537112912502185;0.49507404883480133;-0.44752645982091016;-3.3482541714012894;-3.135476177982585;-2.7086303469549726;-2.611825852355191;-2.0396303971259324;-1.8499687491864112;-1.2671716590666093;-1.803249111175317
306;0.19189920581794997;-0.8122079017850676;-0.23976988431837973;-0.6922834202680331;1.5654452603938127;1.4334116895498399;3.4358820204803364;3.319978749650566;1.5507927295573667;0.33112523407301214;1.0351582914830666;1.2592741373656988;1.3622747944712699;2.07443524320702;1.5287537190240046;-0.2714474495276897;-2.0751338124433962;-2.644834721790646;-2.526047674541905;-2.523759899043626;-1.9836331852157574;-1.6397526496844756;-0.7129423597085195;-1.6299778846157342
307;0.45571285333932116;-0.9677700479429707;-0.6181927335000679;-1.1422506230823972;0.40062356066797833;0.8816801646475126;2.6063884216143958;3.0216148563454452;1.6785705598659273;0.477069613225617;0.19985076032167695;1.357220140427208;0.5545279643248909;2.052243348421581;2.285487958945791;0.2668329330732377;-0.6198176223253532;-2.095883925602861;-2.0479063315476145;-1.8748667579582734;-1.7627894477644546;-1.3386103276767438;-0.31872861320951795;-0.8518907592902997
308;0.7300416481794092;-0.8967469839711347;-0.944681653492766;-1.5695130861242053;-0.9950443118261516;0.36974166128982977;1.2936602749725474;2.4926183696263577;1.3619999521628168;0.48243652909833357;-0.4051659877115895;1.0728915120890623;-0.00016680561247104235;1.6015375020412101;2.7678072436370518;1.2432865100427433;0.35349921761518366;-1.4654445248000139;-1.364412631473993;-1.4580270319625142;-1.408674275616132;-0.9525279535951777;-0.08305905655958279;-0.20135821565741566
309;0.9005298884370809;-0.4591129979753557;-1.2259949194596451;-1.5996118824475833;-1.8287067975320903;-0.10738846484327506;0.04304348247087034;1.9194471935812354;0.5170745853253432;0.5188548368884589;-0.5101733257224116;0.3408077736855923;-0.05409909023789187;0.9887195466711391;2.79796796088554;2.3603523513354006;1.0446468631559243;-0.5348974918312365;-0.8365847992445791;-0.8744282512736222;-0.9085916275293915;-0.5865018762358619;-0.0882209387056089;0.1944972031988965
310;0.9108091765207988;0.5355461309074286;-1.2095551896170629;-1.188861548160054;-2.2306048983122375;-0.7456471680479162;-0.8135352393248501;1.1549267732087853;-0.21436847967346387;0.518165965924359;-0.44084177730354224;-0.34149221729761353;-0.10633417362243;0.47751919772230483;2.055338049403673;3.046080346872854;1.6302263426536896;0.5968729806394569;-0.1856812761459967;-0.21204205891463582;-0.3327140002152453;-0.3237344504277966;-0.5106967016635882;0.3749820171583204
311;0.6641571395799429;1.1796781040534692;-0.677146012693247;-0.7347865360998468;-2.1915304643752846;-1.5122627155266406;-1.0946980348408728;0.22592413211077655;-0.6625091483651631;0.26859821495822117;-0.6087041780185694;-0.8264003093621584;-0.19155209435122256;-0.10526128114550248;1.0155169148470518;3.146330183782561;2.143691170254446;1.6957495966409475;0.34985194119560686;0.2987383447464258;-0.052602730679166515;-0.22668815003468554;-0.8058158285169753;0.3043557596680394
312;0.2601611258535788;1.2600043049593832;0.03598449730633147;-0.2318735769216968;-1.706142814679995;-2.025705977877284;-1.2911980876285265;-0.8718044945548595;-0.8477644657813872;-0.1762514752795705;-0.5507208714560161;-1.409346487054363;-0.15362750931009544;-0.926961491061025;0.010507129367214065;2.7298975152474907;2.6157957697725034;2.5258070781704434;1.149184236144198;0.8846236870265751;0.19596781102792168;-0.2384537101577881;-0.7253299924412742;0.017769185954730638
313;-0.02869938095771885;0.8463918516814517;0.7358669457676129;-0.23209118980946045;-0.9833954868230549;-2.137394954822838;-1.5998289593861375;-1.664347114008605;-0.5832763997650553;-0.5394536745253921;-0.5404638842582977;-1.783833941864899;-0.8221404979065724;-1.6295474332520163;-0.7091988768231964;1.7189387078074372;2.6923381445102037;3.148364559182224;2.1481054708450023;1.3197770564467648;0.6921027373611409;-0.19402404395482326;-0.4864507801138573;-0.2586002880890121
314;-0.25147680331015776;0.37385435446177046;1.115649353075062;-0.1229882162469253;-0.1618487490932188;-2.1046026906085844;-1.9760739638050906;-2.2196147741436723;-0.20667103467374034;-0.7655012150722812;-0.6596831994555069;-2.0099749394751476;-1.716725066011865;-1.777708743359445;-1.3373092917066542;0.1922612290691832;2.5755473058092075;3.2695487644029195;2.651431317148956;1.742153515568345;1.1664492540937408;0.3577104112671149;-0.10085113646844104;-0.7159169850705404
315;-0.46385533599447454;-0.08717466204229377;1.2924610487341484;0.2769592783035543;0.3801793347114471;-1.8829105628457188;-2.0803484107918164;-2.5191309830942505;-0.16779119081255534;-0.9945445619692986;-0.664483584264394;-1.638776157385852;-2.168547825089112;-1.6168078211639048;-1.7435118509129388;-1.3231118838974472;2.355067372863626;2.9343890082420048;2.625713519471661;1.8460888837572205;1.4423086441253752;0.6814918505195396;0.2977920578997288;-0.9288764623729693
316;-0.3822464067275608;-0.3869535464417133;0.9157196088468114;0.5916735239753215;0.2833429365391711;-1.07315048284598;-1.9838142568543573;-2.3245143872290686;-0.27953185530138314;-0.9170637112158447;-0.4300843521874715;-0.720817910787338;-2.04572838146024;-1.391115777965109;-1.9256156350720663;-2.2650124885599263;2.025479071513087;2.3450871419662884;2.7188788036116316;1.710778116023523;1.4781491038789842;0.9335329496499633;0.4591492451742553;-0.4870824819034248
317;-0.3950441265575201;-0.6295543324866417;0.36050985653385365;0.8102413771450951;0.019482868398588274;-0.3264454259963936;-1.898269244571523;-1.953013170042247;-0.15266789746729534;-0.48817479677131376;-0.23483586787189137;0.2583108787350228;-1.5217522777546257;-1.1303457647186395;-2.0017298631010503;-2.555840001525723;1.6705741806102377;1.9161390327404146;2.632155596818728;1.7199917182483095;1.4039477995528877;1.1012101332266708;0.5251082059128757;0.07771986633524536
318;-0.6819872958682816;-0.7894172330189797;-0.29193140486263325;0.6694215346022662;-0.16389870103474782;0.12699304593754557;-1.5618867636937985;-1.659847416760896;0.12076495275075119;0.08773666837846764;0.07407910242515245;0.7857690381862572;-0.5551204760206605;-0.8934576260941237;-1.9330472962290486;-2.709780876438162;1.090406388062725;1.3819149899214491;2.2270759553192523;1.7848515559539897;1.4173382201859075;1.2689242544651516;0.6273867598945332;0.5379492709487128
319;-1.0631791557188224;-0.9488059718316615;-1.0664360421381074;0.22063884093408917;-0.020170962768812178;0.33846201586752506;-0.8890457455877663;-1.4950988232984885;0.36065916451958985;0.547663381203447;0.3673039183372351;0.9882161975834913;0.556181789083802;-0.671257836285659;-1.5874694938913199;-2.4232336450271146;0.1263733383125331;0.6519345229769868;1.490038296222935;1.8925062026617938;1.448336037698264;1.3515075138977926;0.909125505798386;0.923558261819932
320;-1.301181661137701;-1.0794449681386569;-1.5413277349238377;-0.16239325783883718;0.2369302457212037;0.4803643487068637;-0.18781388804426957;-1.2820007321861175;0.2757241250303722;0.9529843288495362;0.649167032151893;1.128981057330155;1.2369069727262545;-0.1760260434133761;-0.8814724678640542;-1.742160551643274;-1.1867314758017935;-0.15013228875208245;0.656874608527901;1.7060412407955003;1.2168276811817742;1.334662754940603;1.3560984746106615;1.173453273394939
321;-1.3554381410214473;-1.1493781943934431;-1.7083127290243587;-0.8588545721373719;0.32522721772940266;0.551422866310103;0.51531965248621;-0.8640077450131056;0.16680462513849129;0.9429436509957324;0.7982274153731405;1.083457195947532;1.7243388883357267;0.31724201147639836;-0.20099390854000654;-1.41131439623083;-2.4848301918250826;-1.0400807512244081;-0.25118515295037275;1.0691693318503561;0.8846129700882617;1.0734311223937563;1.590359969255752;1.1755698276351245
322;-1.6258531425496756;-1.2389120473701434;-1.574494482672734;-1.5556634121949646;0.125065272500931;0.5690279452699621;1.0130057835933075;-0.17721324262267743;0.2905217314306023;0.7187545674922489;0.8653241019639506;1.1174728678353785;1.9439594088628485;0.804982008969658;0.5107046864300664;-1.2310781782215021;-3.198047857236461;-1.7520479292778897;-1.2272375352684253;0.22601376378489815;0.5761771343708948;0.8591841636590019;1.4258515711166597;1.1461921416793137
323;-1.873352173882225;-1.4677886592797373;-1.1546166750622657;-1.6673621839981485;-0.1963936874661095;0.5106364312775856;1.3527194181699262;0.7099579912730914;0.42144850534361805;0.5974835992568214;1.0026849883406281;1.0089418514365225;1.7278518756004435;1.4004680056757361;0.9037753660464776;-0.6779616969677054;-3.2543839094795572;-2.376579681570027;-1.674668473123154;-0.582926521569673;0.3452546907225703;0.7187497251858886;0.8794726192300901;1.0655152020629473
324;-1.7716968288697617;-1.2578262400671796;-0.8947677580467831;-1.4017665768805323;-0.32099400863907085;0.47451436900828575;1.5558695717284354;1.747518691409176;0.18275217455908305;0.5013301116438686;0.9789743948671182;0.5746546949291935;1.1540894161097948;1.6250218038686692;0.853615191766788;0.08318455826959381;-2.7864914149565543;-2.8715699242553976;-1.857673889674839;-1.0532991985530347;0.2623313771494898;0.48165983170296695;0.38078561745665745;0.9675144519212
325;-1.4233477124232312;-0.8439251325799044;-0.6417324684259311;-0.8090551275337318;-0.5727692004228119;0.4514062705080089;1.4618144734794694;2.2560515451252456;-0.40326989553822395;0.07763230948855866;0.6667883390601643;0.016938414234795536;0.3476978081542594;1.1552351281659907;0.6185896478915553;0.8634393566169938;-1.8451496931439213;-2.7845183510046176;-1.9928583977126348;-1.2608306752975122;0.2277358003194633;0.21702451888767005;0.16120071977461797;0.8064493190530252
326;-1.0274915963774045;-0.7533275444437956;-0.18574539774627294;-0.14436361657355945;-0.7327870025342472;0.2734480122329905;1.0453128856661345;2.0034509164968104;-1.044288927693347;-0.6180952743242927;0.006396004750038323;-0.343553952564527;-0.4683493519504375;0.6998838350332806;0.48482815231775844;1.289218419334778;-0.4580245195111176;-2.2104350477673704;-2.0922995649591956;-1.649649237524507;-0.2766123064865553;-0.0009882836880815754;0.2814045198477057;0.5601641686591443
327;-0.3490044932839149;-0.48923019601963363;0.105880912503074;0.3678845398965075;-0.682105144480503;-0.0869407617794306;0.4367429976377714;1.2757359731332953;-1.6081195816699416;-1.271867845763615;-0.7928475644264991;-0.3339874384953982;-0.7489179571792718;0.42599170218947374;0.7549150867364012;1.379842268493558;0.8468524907906297;-1.657236169347798;-2.261228487888251;-2.2052859532814097;-1.038936964316427;-0.37445991500593456;0.2350201994178078;0.26213224569697263
328;0.493101244328622;0.14630109596409488;0.3421341138973785;0.4915299829305966;-0.434699064526849;-0.5694836490523729;-0.15084344484023468;0.6430106476006936;-1.970544236879122;-1.7335442205823735;-1.5493842580936725;-0.34954042779628625;-0.6803746166285762;0.2067898843782602;1.184031594169344;1.6162235131953135;1.6293399192291815;-0.8531309630860492;-2.172662816930299;-2.4083173698396316;-1.7706302460360206;-0.7881988357318799;-0.07899474746284313;-0.14566469582069866
329;1.420284491758215;0.733730549919425;0.6599560755030633;0.6060817406951663;0.04987810418260142;-0.7916034072624671;-0.6413831858895102;0.160324623259994;-2.052713098218167;-1.9125195218108217;-1.882204572245598;-0.6699818250119954;-0.7750083204555862;-0.06628770686855989;1.2886178858316628;1.6394545889534795;1.6588781029880313;0.1587228367988244;-1.5778077167800577;-2.005114355664344;-2.224262279531545;-1.025065291353064;-0.5357182774136464;-0.2959614453529246
330;2.2802937424698135;1.1902289108653177;0.9292970234027031;0.8439535088524003;0.5744179792406986;-0.5566985818001852;-0.6112176623397574;-0.0009295455355670544;-1.6387682525624463;-1.7093333374348592;-1.9500470638621994;-1.2578472382584274;-0.7372686083605804;-0.42649201380691465;0.9953127150287339;1.3780120694629778;1.3331576110410932;1.2665593710560719;-0.5557507035498853;-1.3859660643023386;-2.216086402002384;-1.0876557561041942;-1.002032030028369;-0.4406304711437757
331;3.0698973334280133;1.5151401391566834;0.9479105003103566;0.8967668074302765;0.9239311157044685;0.05474404098520367;-0.32084552134554734;-0.053943845373916936;-0.6195244163700575;-1.6014902417434054;-1.829297242290174;-1.7394417709007661;-0.6648491392331355;-0.9156639423526257;0.3567836900297695;0.9616447837202998;1.1180210460641178;2.1838981254013765;0.4678841800952155;-0.7874806736124093;-1.8716853066013048;-1.1807044728972995;-1.0989288657407748;-0.7156691256999224
332;3.597937128091776;1.9372087126450315;0.9669634177634086;0.7314598979588337;1.105000557822843;0.6007671928085987;-0.08603688561489638;-0.14896286335532372;0.6053189101737788;-1.170557164760266;-1.3878296290009002;-1.897010771529779;-0.7083286000287052;-1.0725870614856896;-0.12179585112339818;0.8940044522859749;0.8440124687626567;2.342233540862998;1.2244606321189089;-0.3120958691807328;-1.4795567150291085;-1.514133329301321;-1.1602110530490504;-1.0889764039713759
333;3.8219842050474364;2.3276056776284673;0.8822224998023445;0.5764746533768093;1.0361834438485598;0.8814913588765071;0.18273735547531672;-0.35670305113244444;1.6980886863993994;-0.08770643875160945;-0.8379921357230907;-1.6122847107653664;-0.7505738484974435;-0.8597372290286458;-0.30268526334230705;0.9042286702088772;0.37895775866766773;1.9165714934765261;1.8530165916630033;0.30848193113967043;-0.7841083528752333;-1.8539552904670877;-1.3274490999370814;-1.259206613138914
334;3.430098990987824;2.6010215536324943;1.0612877783209085;0.7521524200467803;0.863716763152577;1.0087460739535732;0.20936966945535357;-0.5485022204935402;2.345164154080629;1.01852330341098;-0.10508478107721088;-0.8633281226083671;-0.7048027260132853;-0.2585444149495365;-0.3560013441686856;0.9098053563264351;-0.08214319309045143;1.4482656477673597;2.2842503525754196;1.0618891196621227;-0.12192350935792998;-1.7817336265046384;-1.345834722562887;-1.4501905329299483
335;2.6398696772594423;2.7744724002100565;1.6596913842412737;0.9563517264350527;0.5445910350246655;0.9016928705458377;0.21856172015174163;-0.5946334844017015;2.877072003672282;1.7823858261251682;0.7574973408218796;0.16168577103976112;-0.5684316778904814;0.019527500237851755;-0.3516275127018947;0.7144414118105182;-0.23154937832850853;0.8755716530123445;2.3758124632202615;1.7036209821852473;0.6256049416129055;-1.1226882793438298;-1.223702747000538;-1.3806815758945703
336;1.9110934301916243;2.5648980884902293;1.979733863134053;0.9527942414603634;0.1226124099845506;0.3747817479203162;0.06689667533129612;-0.334427829466174;3.1927633022779323;2.6863337061188073;1.5769810831757674;1.1004241888552477;-0.3268722630149961;0.0178152212627299;-0.4869206449985802;-0.06723055664386393;-0.13372355145918555;0.09058552507383871;1.9268289760998156;2.052464895601638;1.325031401187709;-0.3643464945367277;-0.8978584653042639;-0.9053557957539987
337;1.3968709811672069;2.0072334072161784;1.8137276907155764;0.749649706175737;0.3078532774497565;-0.04966213680102301;0.1298794181572954;-0.08145140374436516;3.144766993195023;3.3015899589838327;2.4150177352016002;1.6528744697260003;-0.017523589230102964;0.06751078475533186;-0.7657075285027009;-1.1360769790935086;-0.040939302272105405;-0.5561979293763427;1.174042004725022;2.2006375717539344;1.7872643880430121;0.5421985533124196;-0.6369978733572389;-0.5034867208603725
338;0.5558835563676399;1.2431177786786494;1.5827527678855768;0.6111569952526202;0.24680487782445662;-0.2900877888723057;0.27175998911132626;0.03422496537779728;2.6860083339641974;3.558744878657075;2.9705438201919376;2.1072347590330374;0.7452137949143565;-0.11294534417088306;-0.8473133246994818;-1.871806710342423;-0.2023294752663183;-0.9248234619203366;0.21938799000768236;1.7110608827605238;1.7256564112565764;1.2836110075475697;-0.29809597308732333;0.04537939316575852
339;-0.7054165859221538;0.3829134966039091;1.1946216648450059;0.6265966774060239;0.039651662877942515;-0.38301243591669903;0.15167393392605305;0.055137916166140374;2.1347053522649606;3.536168431782392;3.2041984793372698;2.3289649198294238;1.588417578405998;-0.24825639517501116;-0.6138530055169106;-1.972530034237072;-0.4655417735944511;-1.0398577722311513;-0.9144233264444528;0.9074709190553442;1.4246073298025603;1.5771711735092646;0.06112712147492973;0.4679807344235233
340;-1.9626446415489418;-0.2948531474778722;0.6974927429989501;0.6931915842840487;-0.18796639645452376;-0.20418620018921416;0.1443127849785249;0.4140611483219729;1.492419488305525;2.773605764427262;3.050507414505308;2.334611099390858;2.056817021886364;0.29060217715528297;-0.2158310582512249;-1.5898244148975598;-0.7160603136868979;-0.9313315942351291;-1.5417220619650522;-0.02161907023737128;0.9886999206604049;1.731810670596159;0.8138783344267944;0.38661178549570685
341;-2.6472427155648828;-1.120819569003619;0.12053123358054825;0.7283675456219993;-0.01010541710953533;0.24442773910881377;0.25363825822829567;0.7431263031811678;0.577954755971057;1.656558890568975;2.564221489593536;2.1339535359098165;2.1352278793301265;0.9242931010849753;0.07372075675901092;-1.1536355540922114;-0.8555215819074095;-0.8929988782379826;-1.7509797051581732;-0.7097239354837375;0.3280249181334466;1.54429621665655;1.440925121937157;0.033085927943593864
342;-3.4221623753098833;-1.9712330240659484;-0.6474328687372419;0.5855131596567007;0.5302614046882973;0.6107839483980961;0.3167048722745151;0.7032566325023472;-0.6876169978350651;0.3591461593862849;2.013292083687551;1.9332758519020758;1.9738801836775222;1.3145507183674978;0.07508658643731399;-0.7129491606764505;-0.560528438528006;-0.4826118983129558;-1.527911197602997;-1.0440463939669857;0.26344952962704626;1.2041910065843084;1.6891908440328527;-0.1515757136830211
343;-4.31565866203749;-2.614199144683111;-1.267314007444912;0.0850368296568897;1.022218788831366;0.7888625085483868;0.37955447407894366;0.6309912463383476;-2.108372733017565;-0.7454331743085255;1.123801579527286;1.7388794352639487;1.4433603821788636;1.3757075363673;0.18545944640872106;-0.40803102919893364;0.14018808182911288;0.033353952363601024;-0.9444120020337231;-1.3256782823611732;0.31678918556662866;0.7636784233334624;1.430064309805401;0.24102648434742693
344;-4.833646303542386;-3.0731287731387313;-1.8095718105425118;-0.31781914824873586;0.9943283327772661;0.7040502911809857;0.49729933978088936;0.6080890078460901;-3.1495746906435373;-1.7377511620640942;-0.08689528345813756;1.368635121107679;1.084750589053577;1.0620843347473035;0.6905428689123415;0.07837499765655608;0.7778189096107185;0.10823594588494174;-0.2685079331058529;-1.2536680308180228;0.04641419241963366;0.39774809451424187;1.0412669299605624;0.733532443219289
345;-4.723791662913825;-3.4605065725863713;-2.329740634345328;-0.5934281678104892;0.5452621675933721;0.5054698018638596;0.5299800876242216;0.32853580890534034;-3.8062801909744337;-2.750495971381654;-1.3549769138441226;0.563799434520806;0.7815848524717967;0.9608868058071703;1.1229585121924863;0.575835316808959;1.22894861790763;0.22247596392089297;0.402547567578258;-0.9959546380012848;-0.5358018177646078;0.17982526026407103;0.8618367896476979;0.9341163368516996
346;-3.837642062609635;-3.642710469372102;-2.4209115631689735;-0.9784507528177383;0.07670975920072018;0.2672196619548497;0.3420066593299313;0.04612234219435022;-4.18183844579057;-3.5074238355539076;-2.58118690366897;-0.4769500398329242;0.3024432331892539;0.920617097096745;1.011046731261892;0.8150794658268243;1.040896987437435;0.31597040131073023;0.9127431583016844;-0.32511848000377397;-1.0028004886280175;-0.10023128647673735;0.5804493785418771;1.0235234903681356
347;-2.5925990961578775;-3.638650099579214;-2.480461711475965;-1.4424903989958027;-0.364945529604173;0.11274932926990656;0.08216525498169663;-0.3623463678240549;-4.355651753971261;-4.010836583969402;-3.468210127413979;-1.656237729909086;-0.2821119239085526;0.7732458610088941;0.7826849541574025;1.1154735459875496;0.6147803293152503;0.6385280332769563;1.1147563181776154;0.36307621221015485;-1.0375243861683676;-0.4294556266125988;0.4477622907070993;1.2656391049951525
348;-1.2633178340858395;-3.2547440747236838;-2.648662441340163;-1.9605906312042285;-0.709268550530025;-0.15988101339134747;-0.26669066840583266;-0.7681842886859834;-4.067310354136749;-4.37649810242657;-4.1134274246975595;-2.7604779098451733;-0.8145378025164405;0.5059818330460027;0.8281424865453046;1.4021014405262446;0.2700185713810042;1.030430090981556;1.0448483108283653;0.763796781714263;-0.7566216185305492;-0.656353773235544;0.20938989189071328;1.257823947040312
349;0.04416323416104127;-2.441126029083195;-2.6425444533998723;-2.336531408158343;-1.4004476796080951;-0.38101082282828397;-0.427031144024817;-0.8177436439509627;-3.3728935874865824;-4.204199231928075;-4.3902610741021375;-3.796154422218453;-1.394222824833343;-0.2393786433773605;0.8704403370972827;1.4182972153572881;-0.25856773318675197;1.267732547062508;0.6319163466876375;0.9732457287735256;-0.3788051679890136;-0.6305759921364531;-0.14191285060179756;1.1786803873319665
350;1.0109462597918664;-1.3297456856790786;-2.439855140780473;-2.8198066088059983;-2.1705461264326615;-0.5100289462742956;-0.6629184910044393;-0.6787893767306749;-2.4290437611752216;-3.6762613158317365;-4.221222746530519;-4.481316291349417;-2.3562271431987725;-1.21080954020826;0.5377199329309007;1.3024288053235216;-0.7164451515492534;0.9537067650996488;0.1903343043215134;1.1094637635602969;0.017972828940065657;-0.6704217917084705;-0.555163724659513;0.9994642529354609
351;1.7252837569488333;-0.31092822959201927;-2.332628641721984;-2.879990803790457;-2.520913423889756;-1.1333601167068936;-0.7870542454176315;-0.4803236698839309;-0.9730292382624893;-3.1001327716660954;-3.7751790490813057;-4.601093575009488;-3.4203048837390524;-2.13598059978967;-0.1529923425988905;0.8145186822262876;-1.242678635702522;0.0878176104457282;0.20401763844583015;0.9786412573732495;0.4460379006511441;-0.5443869191299133;-0.8113205662182734;0.25515542667242774
352;2.5649664547193773;0.7876872897187372;-1.9586753114862427;-2.4352615949477436;-2.7200298652503947;-1.9904853407365966;-0.757592762942919;-0.43425257710736387;0.4737794856459489;-1.9378602149609911;-3.1023035191908273;-4.116148869287277;-4.049418997176542;-2.5614324767430428;-0.9809286272112934;0.09763330370593554;-1.7006593833312307;-1.1139919822800959;0.09139400111761206;0.47666702050412746;0.9820009869908366;-0.22619390552103044;-0.7122791825322973;-0.5162628322101338
353;3.3903452498945508;2.1327615797946793;-0.88380866720846;-1.8939090565041268;-2.6503830074546113;-2.5363107499508364;-0.7322512073365609;-0.23815339526357857;1.8599907386002261;-0.44525661030790903;-2.188679535622322;-3.1395283632228552;-3.9401128608885903;-2.6415364081185424;-1.6941869849814177;-0.6731683498813623;-1.8278448349649261;-2.0501134175764677;-0.3361496210921318;-0.2879585111396529;1.2025509873377094;0.05878111524161001;-0.4697309305976535;-1.1069936823531605
354;3.7490386055060605;3.3046682981424937;0.5322322683929022;-1.2767490288278078;-2.226368280540111;-2.4798956190924315;-0.7942317775428457;-0.029035440196240235;3.1741445017331094;1.1296955015647496;-0.8965152322219961;-1.9496324295210214;-3.492444927149581;-2.5744029508605153;-2.2047026695200618;-0.9978681180688493;-1.6191890952661776;-2.1987456946057033;-0.9171957832572644;-0.8424031405327372;0.8874690110329847;0.22102342306510434;-0.30747983742384827;-1.2890095630727127
355;3.710179915155885;3.9287141086779136;2.2245518687214902;-0.43353409954980787;-1.5015804537491835;-1.8491346796095791;-0.9648734993428721;-0.04824015474587699;3.9213423893748116;2.814096184358071;0.6978257667439948;-0.6159257526711549;-2.582696631666549;-2.717576026669474;-2.5745995562243618;-1.307170398409287;-1.0189489990897547;-1.8316469618905122;-1.5346779633062937;-1.0728498327447544;0.09889222264283094;0.39208432038396734;-0.3175390788177686;-1.3677914406649052
356;3.531295406513999;4.118006081543916;3.704326627913294;0.6436540776657889;-0.7586314453456977;-1.4605124598746495;-1.3776106263117618;-0.298234163217101;4.188891787935598;3.857325439527459;2.331808480973342;0.7526237828793861;-1.303618589623141;-2.5252371858028395;-2.53518459408629;-1.8011702530011682;-0.1431182780478315;-1.3722425457072813;-1.8568113912990447;-1.355971278173655;-0.9667969890992164;0.446100788222799;-0.3622342334475864;-1.177399764740919
357;3.4248524691005557;3.9730401254335277;4.337006244139461;2.0796829455063537;0.18032495857584918;-1.0603728798220926;-1.7949889103655439;-0.6248052945788519;4.062319089682266;4.656336896127342;3.928493670992338;2.265254360211274;0.269492129784724;-2.084870947876149;-2.365896098855711;-1.958250437229669;0.6674982916174317;-1.031769367970031;-1.8831819741308102;-1.7838794519325998;-1.8712285607655461;0.019928337094649976;-0.42529987341814185;-0.5792280391109524
358;3.1517572281037927;3.6495084543097143;4.509977733942819;3.3102400042318325;1.4490488499997514;-0.6108611539937479;-1.8265067378145632;-1.0296268623287248;3.594288897388392;5.255168815385566;4.943747914197895;3.5318333223742857;1.9884716868179204;-1.0605991532145107;-1.718956742746702;-1.9672868193257322;1.3029117579168137;-0.46734736690368883;-1.6697249917855295;-1.64474774022343;-2.2502641215334362;-0.6117690149273208;-0.5508754229167889;-0.21050952644284435
359;2.5300383000942497;3.0469725695956726;4.322946995345487;4.24822479527325;2.361676814914684;0.21985097212459298;-1.3566345660416113;-1.2731587365368513;3.0909316231295567;5.285672875985686;5.2186079533357335;4.287083550056884;3.386177094244778;0.4253407420837784;-0.7343860614864987;-1.7993861388303283;1.674378008298085;0.44461615449818864;-0.8583365012495244;-1.2630203204220078;-2.0249622402275227;-1.3951107986507083;-0.5493519953671928;-0.11510889013324627
360;1.488633864322653;2.4482519620859966;3.8282155470698065;4.716178560999715;2.9488496158313127;1.4245919609678688;-0.44330688670181206;-1.2307236968952058;2.6300432251925403;4.479102756654756;5.282021522656957;4.673710853664228;4.179767445715159;2.0747657234234698;0.14876924848669032;-1.1875705690953422;1.8807998770459273;1.42691805108847;0.11780606196880379;-0.7759389242147201;-1.435111653057603;-1.8654122278821512;-0.3690558266160817;-0.29200484308384955
361;0.3086712492449787;1.5984361048775495;2.950196243181709;4.546635214688787;3.5044614264039526;2.371100214815926;0.46069045983722506;-1.1078574319763208;1.7456771173103267;3.3191117468257265;4.806378022978526;4.7459799827560065;4.33567743949452;3.6137820769647133;1.0866306953437657;-0.37950757097292337;2.0056983993084296;2.2266052236459184;0.7563393234597602;0.07771904475135481;-0.6806196086421505;-1.8902675010131218;-0.22635084736059127;-0.5293201002439301
362;-0.9247411803409425;0.6637938564314155;1.7410697693020878;3.608880292086395;3.7626979845639927;2.837542407650152;1.2872185755276777;-0.7943012531641839;0.6634638663466402;1.8928992105782965;3.9332838657520677;4.507560736807193;4.186762142561259;4.459570556121218;1.9116621450974465;0.4003542382582439;1.7610743342770419;2.6360178239460508;1.3834946332658524;0.576801906996985;0.09159977113190247;-1.315780816892724;-0.594147531952886;-0.565807776833654
363;-2.368879123406224;-0.4572763158829705;0.47573844366788093;2.355722984908841;3.617782174500527;2.9876986436994817;2.0341082850112784;0.16641791947551732;-0.13376187245246918;0.45729110652951405;2.7289572095527403;3.8232091795008376;3.8722390756924048;4.614600237478102;2.5992878127199224;1.20719669249103;1.3761248369374017;2.614323073087286;1.9924926925255597;0.8221695166625177;0.796713323160943;-0.37130975101178254;-0.7604905081727676;-0.6847566289522786
364;-3.70735993329767;-1.8543996673317171;-0.715456607310341;1.0593070723446896;3.13344284773826;3.1172383159440225;2.6304059640493715;1.1462497983219986;-0.8838144413146377;-0.7684607854920716;1.1141437271505465;2.813915409623769;3.4331699995024514;4.281564036885192;3.354186858842389;1.9243827533645794;1.2002339490940883;2.1634293828270437;2.6524661598462234;1.2831835034204806;1.253876845492183;0.4541014544982051;-0.7650010712199408;-0.49098491004024875
365;-4.424426216685987;-2.8133778402120853;-1.5709044902807903;-0.11839870878153404;2.4115925491226564;3.1900675877108005;3.0059739461633583;1.75407942884958;-1.5771609601367853;-1.7077958367074764;-0.7955079373031044;1.6040356756632304;2.8407540719784157;3.4996406809985823;4.0848631396483395;2.39404036643083;0.9564196485955215;1.528070365918441;2.88148524664263;1.9450179196803787;1.6497142561414488;1.1383833862482633;-0.7325683925921649;-0.3184442188701694
366;-4.593735140003156;-3.482601537008613;-2.2431829014765783;-1.0764340259782348;1.5029450201597743;2.8399348272773746;3.089348369373171;2.2889725720955467;-2.293755179016538;-2.4676511757570956;-2.341532399716583;0.228247151229558;1.9740381986803301;2.3456859828396137;4.035892426356023;2.5388594238417537;0.7788926389546613;0.8800756222469468;2.6921059565568326;2.462502952292254;1.8613761603599903;1.676118371290996;-0.29289383708059646;-0.29329794374654444
367;-4.1540698863901415;-4.1578744401808905;-2.7548920489267887;-1.8094804437435081;0.27867207826112717;2.0794703041430505;2.846266368494553;2.4984717297002015;-2.9973267607690777;-3.0000895767795974;-3.171504567827298;-1.1468069585233123;0.62506569284521;1.110856297594826;3.10409088885223;2.586581295107503;0.27861948937588865;0.4821558041365246;2.2916867745798366;2.742371245917868;1.8956191166079204;2.124103463643532;0.6142116162230895;-0.11749655792410668
368;-3.2260971062519217;-4.143294186921875;-3.1102285318731724;-2.2099079443370795;-0.9392822985976691;1.3005821769134598;2.47499239916698;2.764736963305547;-3.1263550823530513;-3.266017606436013;-3.3965050818025264;-2.5485619829631068;-0.7498000030917784;0.3506907759251083;1.7117641454272803;2.2611835447478983;-0.5191967527751123;0.29136557180446676;1.491155507637402;2.783145489410773;1.8994818783159224;2.2110146568612667;1.8448498956583803;0.33028841098715744
369;-1.9255486979763679;-3.8642159091947845;-3.366051442838905;-2.769704432042329;-1.852627626539311;0.6441250848889061;1.8902068948154382;2.7294872402229657;-3.086345420139038;-3.23135239230294;-3.222571493940557;-3.469210004084477;-1.909525203634813;-0.5791811367745759;0.17819544758752437;1.7762605312503714;-1.3562561642567184;0.07644334185195913;0.5828625152872311;2.498903678007414;2.0129441562250485;2.094818918031844;2.6564759997744223;1.2987830587399176
370;-0.6232572876551399;-3.0758207126795543;-3.503834091668185;-3.352067652893261;-2.6797102595363853;-0.28110513288119515;1.028568799270283;2.453634227465088;-2.7984924326367038;-2.884980242332718;-3.1752372705779575;-3.846800206318176;-2.824489258600646;-1.4339983018904288;-0.972127371213352;1.2487925758383256;-1.9477653768657357;-0.4725043734626554;-0.3346678831635095;1.8007180790831963;2.045483370775258;1.9041521211215835;2.8595099059365827;2.037341645697054
371;0.5888716827183231;-2.009947573983547;-3.4319120137899564;-3.4494821887900233;-3.2392478908577815;-1.5511503147256829;0.1525478012771848;1.760096241856991;-2.2763628041846884;-2.559660661159683;-3.1499095503270076;-4.013746276910118;-3.5232719332622002;-2.2519578132092293;-1.7118355274799784;0.5750226886622877;-2.445931162569481;-1.438730441383563;-1.2937651040348241;0.7309111757529336;1.8296947940180923;1.5130868896805942;2.4180555228494467;2.329891169670523
372;1.6783582691041838;-0.36364229862674596;-2.8289073091979646;-3.27824980941585;-3.5348495693045985;-2.744072405474465;-0.5860653520264042;0.9784610933176899;-1.563053175412955;-2.312777628045148;-2.9621601865171536;-4.010361866429955;-4.042775142893769;-3.0319001677010813;-2.12145175465274;-0.3792913377745223;-2.718930917394078;-2.4378798705105953;-1.876628541002228;-0.7652091660797757;1.3712471537011597;0.9435343003905697;1.7937332992906099;2.384625795941379
373;2.17158072170692;1.141690650637717;-1.7057919736129896;-2.684745114476812;-3.566764503114615;-3.6609545895978495;-1.3418999843109634;0.1448793874898556;-0.6970557432579135;-1.9247964309189234;-2.696296376773844;-3.663313938812932;-4.169724011875952;-3.2998491872889217;-2.2041938291528407;-1.0691810974724067;-2.710268420106908;-3.0693118906344097;-2.356214710939218;-2.0217176349878443;0.5646430868368684;0.6340924634539364;1.1420131842220165;2.0870122835099285
374;2.209545918396043;2.0262921627568113;-0.43674961993436634;-2.014480122620477;-3.1031309961922737;-4.2332349887462595;-2.230356502308237;-0.7560860518038333;-0.36367720099517536;-1.3819175212541275;-2.32936512772292;-2.894958205491471;-3.9157442559313873;-3.303677804159576;-2.1434716005660595;-1.7513750336178522;-2.1730684755175926;-3.143566416599528;-2.686686094978798;-3.0245923490459083;-0.5811656285484861;0.4519292287572848;0.5416681596299132;1.7424671965000025
375;2.0566956812763673;2.5139179493775523;0.9191834693101824;-1.3217002846195745;-2.743667072994064;-4.0301540733559165;-3.1666655177395935;-1.6421188545701655;-0.273530321591746;-0.8299019105753145;-1.387364083413327;-1.8570583145193096;-3.2845365547984793;-3.222819990776351;-2.0981244567081077;-2.146244849341106;-1.3829994410272843;-2.790296327568194;-2.8069298646473992;-3.6538113490591915;-2.006183414057234;0.12260938314923286;0.1213916219856902;1.2957202636636604
376;1.9075779578819274;2.464362171557099;1.811646805976373;-0.3440299700681701;-1.862075738296964;-3.339134272024298;-4.07260276912661;-2.6080158719322792;-0.07927619493025667;-0.2514040649853452;-0.38942112472480916;-1.0295192031220763;-2.3069580498363123;-2.998580002378809;-2.2944529856433946;-2.0595375231060613;-0.6225165238826107;-2.272762661840788;-2.829000013433052;-3.6897681553642836;-3.3524061939373353;-0.6023414054022852;-0.45216696042148025;0.5865466070180423
377;1.4860936412746941;2.375009621361147;2.5051016791705205;0.7900409080433927;-0.5539622699729847;-2.495888050399821;-4.440409136180596;-3.51798100250972;0.36583344375980387;0.5692379526859083;0.34598204682062994;-0.2523577894200527;-1.1798207864711523;-2.2407349855105556;-2.2410691997744325;-1.8948222880604473;0.17835729185085045;-1.5563530860245143;-2.9627645886671865;-3.317823367041067;-4.271389640141672;-1.7230732150379702;-0.9217476981190598;-0.2568288959191111
378;0.9282452984004889;2.105542644289196;3.230543096486826;1.8695512929829985;0.5450571638411286;-1.3353869885048382;-4.061361047135118;-4.109000905304209;1.0118520785344107;1.2021855439053566;0.7435623646516047;0.4161046806522268;-0.2417799427357543;-1.5269664271144914;-2.0205425383429434;-1.6731440163026172;0.7347812659457791;-0.48738934087739577;-2.7183289994571567;-2.7714527370677966;-4.435110483504809;-2.854588688080087;-1.425141978764652;-1.326531403695137
379;0.5676809258515472;1.743335534752679;3.3061697930345755;2.742193714035412;1.4769043649300118;0.04121720053596807;-3.013353698907834;-4.1452963394136795;1.8138304040846642;1.608680663612193;1.2281511056925145;1.1093340279700663;0.7531271468689591;-0.9071273914217372;-1.8381318637650748;-1.4578247617036817;1.2808531968341674;0.2742220894507364;-1.4998189886958173;-1.966384984363849;-3.7609868429883035;-3.8413695469543288;-1.9673074155788572;-2.085729291457
380;0.6007869589418461;1.2135834208782517;2.707124024587136;3.215428151833083;2.084846760351106;0.8668995501945366;-1.6531942998117592;-3.7007861602488914;2.2283668961362806;2.0703072207481514;1.8557549079548263;1.890862934177424;1.637901567551445;-0.1270978081967985;-1.5186977218650313;-1.4504524707983704;1.584963034946944;0.8098857087595116;-0.07542594312955501;-1.260585952732897;-2.4565666873909286;-4.169015877553474;-2.521148862780947;-2.202470036081451
381;0.8542960976401766;0.5188120361766759;1.68343806667962;3.040365218038951;2.102436365159064;1.3023242376686381;-0.23984569210471307;-2.709595318182259;2.353893535144241;2.4246955957378327;2.3947724499466982;2.5436594637970207;2.367630508301402;0.9308791249616665;-0.8085664188064225;-1.2764269985316952;1.5706882090922107;1.4822434841852108;0.9683929340566224;-0.40385170012816873;-1.3392904998625281;-3.8242608083204948;-3.0181113171975986;-2.3520024920837908
382;0.7975486405741702;0.07423947761677377;0.5846380056163997;2.1400783065493725;2.0121540000172056;1.6782609193311508;1.2443500659581463;-1.4699871141156158;2.3541739378612485;2.589250944557246;2.7294363363743592;2.6717258370190176;2.641036501939195;2.0191390645427036;0.19028526875111854;-0.8727727613429734;1.2533711805348833;1.8718113012883482;1.7144645537267567;0.4653707098589986;-0.48530149686984325;-2.865144704010687;-3.2083774923623407;-2.5842252511390824
383;0.33641260948262797;-0.09579108928405206;-0.20432407525896637;1.1429805224824083;1.7495282406390669;2.0082775250400173;2.4124571068099097;-0.16966780245285296;2.160378474342556;2.7303831267973435;3.077828217891865;2.504347195046699;2.621495601714121;2.6186420364424428;1.054706485103414;-0.5640029918588058;0.9010913174940817;2.287005303132455;2.214614473643455;1.1768059820586472;0.46922625583649297;-1.5166092437047216;-3.045762374856696;-2.615604632825881
384;-0.32751378259141967;-0.15079756266106945;-0.7663240629976636;0.45146890216294555;1.6294277009633433;2.1728507904175505;2.6893589281098826;1.0381639643410834;1.8748552818894897;2.4472969236366424;2.8570015411430894;2.2323011695623296;2.211799666048302;2.749315377292551;1.7299593168533571;-0.2155407025748884;0.8593112394708858;2.3079133558692275;2.6233885016706227;1.8728492987923704;1.3806303104127526;-0.326343235768053;-2.672775084943067;-2.6852818572219372
385;-0.8828676808608988;-0.24764032715686493;-0.8928369184123505;-0.017865189297796444;1.7424738279906715;1.9906265252066047;2.5379825212637375;2.2890338623503426;1.2385624509841642;1.9851827942520284;2.1752853591105907;2.0555791168642963;1.7924244718617368;2.7544916964085204;2.313119189292401;0.6019813395620391;0.9837095160754671;2.1020933868049108;2.748325065687735;2.5017366704341617;1.7974627180714633;0.861789641788439;-1.8892442355213181;-2.518483579719574
386;-1.4748214933712598;-0.4489374757112987;-0.7767706861190676;-0.36936133205994703;1.3862651585475312;1.9580117278509184;2.4366224830001433;3.3320113875884245;0.3391742372297557;1.181251401330129;1.4790345418996154;1.7619012790850894;1.7442273257107845;2.6153701298146275;2.8039910350752737;1.418244805653734;0.8400890435829658;1.7645458542718673;2.429056328311384;2.81604747724051;2.2590136382150843;1.940573886728365;-0.8496617895502018;-1.9508561249439558
387;-1.962789839372705;-0.8550543334593534;-0.5940152043570748;-0.741548429802795;0.5791068901746718;1.672208499407626;2.090883348404599;3.7818737624524976;-0.3505513486955814;0.2355961499913083;0.8428151455098194;1.5650474120628497;1.6049416622294552;2.0949166757857403;2.8317007948935933;1.9415633992166998;0.6201130461941012;1.2254391750820015;2.0365396530125417;2.973602326984627;2.525104379188355;2.64975708773929;0.5143596428851569;-1.1294350917639362
388;-2.0587679579626004;-1.4175932549407422;-0.3096035748621632;-1.1483857391971657;-0.010618598007911583;1.2149787665518086;1.7504316469283672;3.4129499441068623;-0.7249582373717134;-0.6127865156645895;0.31047169487107396;1.2298120833458068;1.4753198055555699;1.2960087039259691;2.4712914614563575;2.233810562610558;0.43098059921126936;0.5695256422068163;1.7713984454949687;2.676191170984803;2.6710452114229617;3.017263186093618;2.009777123027128;-0.1708490372875311
389;-1.6410092312149764;-1.7985100610463225;-0.4827690777508655;-1.0673779604465528;-0.25284743458781345;0.9173713082873954;1.6467719429187395;2.558865933823387;-1.089532600152786;-1.2864343016125175;-0.5273307021618804;0.6328469934244013;1.0077988705959031;0.5093140590056743;1.8003427205349702;1.94918790955123;0.34974675757128854;0.042501948756151216;1.2541148867846708;2.0843037133017317;2.6685436918020686;3.063035565549212;3.4219721976165984;1.001058573225509
390;-0.769925324685268;-1.4751356009641978;-0.6626990430494202;-0.4954368740602859;-0.634444268715954;0.6027055508039608;1.4325910040400638;1.7950144871793416;-1.247479042733762;-1.7025342505182524;-1.2308449792471157;-0.23764915152494367;0.2110482835477784;-0.033012637227706025;0.8312737826433595;1.5273617864219768;0.4390211893660045;-0.1453795966081477;0.830697588478141;1.5900344052371767;2.5013408387218052;2.8852788589480682;4.1881591468070924;2.172050242461826
391;-0.015994014077632665;-0.9354368571512837;-0.7017512496882947;-0.021769328624885086;-0.8596836494230169;0.3934709184160062;1.050255991264844;1.1979269569089912;-1.1320848130401193;-1.6138451142413535;-1.6429044694817374;-1.0931329154051654;-0.27102693403390926;-0.31520711138468005;-0.3783598906631269;1.1942402275365191;0.4633106334284807;-0.10539563484591205;0.4286665397181345;1.1851365211983869;2.2966150684410644;2.674216540312671;4.202748390554161;3.2725070430337198
392;0.4517534166752455;-0.5608938886314929;-0.6631878110148656;0.19252433886523437;-0.8532509027588852;-0.11120245408487217;0.6140165679785135;0.7691153349647665;-0.9557537896421889;-1.3931106019397874;-1.7512122530578453;-1.6702301138220614;-0.6797315215562342;-0.39944404548585755;-1.0335299436305823;0.7793479096648616;0.30463268520603054;0.08605450544012877;-0.14593341669605567;0.8923102795917771;2.0368001323041414;2.4405507027608437;3.835307672080513;4.158519916711538
393;0.6742964524141447;-0.08595741841248153;-0.6382093587440433;0.06949491866467226;-0.7994169889526574;-0.9606119272608996;0.042528316669215444;0.35845564644686334;-0.7869888062270749;-1.3104282692219684;-1.7345982600461538;-1.936040316343555;-1.1938234459736319;-0.537026207505521;-1.1387308357429968;0.40481853726650147;0.02865153391530384;0.09974116390288851;-0.8278339820681279;0.5063446458356196;1.5248476188288749;2.124474089084038;2.99069807228522;4.62383229954945
394;0.8130586824748609;0.5527024162212992;-0.4948964601889515;-0.24326362851632924;-0.4046057426470874;-1.4086926546182252;-0.6806601047154534;-0.05854914240849979;-0.6217376393454226;-1.1751690120540257;-1.6561191125807047;-2.059062599753932;-1.625371345055134;-0.8781571377834013;-0.8186215556861366;-0.07785914711050561;-0.31274374736420385;-0.02108330694809588;-1.239071203599375;-0.2204408249689131;0.5948585208629902;1.6133963382132657;1.9679553447239697;4.235891421194451
395;0.91495441450613;0.9952288895986794;-0.09929417548630587;-0.470369711503956;-0.14819110039636682;-1.4708283796982933;-1.2247205474978708;-0.5694709510260384;-0.3916723887847099;-0.7318926825411178;-1.590915792948375;-2.1641548905551007;-2.0090866214318033;-1.1639486793028695;-0.5288335385548355;-0.47655325152410083;-0.5999424169063418;-0.39700151438253833;-1.2282676025886818;-1.356847201945352;-0.5762295655420362;0.7663913730861518;1.1227960626193647;3.1962897328887836
396;0.914120966017808;1.1487969553265882;0.1528233902981285;-0.4984638630407377;-0.1143806337256741;-1.1480297013124139;-1.4072716603032835;-0.7692867632837787;-0.1601725333922281;-0.2857772167692974;-1.3305821259229218;-1.998787854908264;-2.3087183323348293;-1.3709672323729376;-0.29417708707556794;-0.8058448362898458;-0.7464531898760791;-0.9376217872325875;-1.0422934553010785;-2.3753593871286065;-1.3539825526595917;-0.1942199152121169;0.5012423732580867;1.947821298927399
397;0.8555002635333389;1.1713687274153752;0.3272379449123349;-0.7096328333388038;-0.04945493053683469;-0.7918674639879145;-1.3465222081904897;-1.0681570639835178;0.016598669198135116;-0.054475914912128734;-0.7522136061588964;-1.3613838044749416;-2.1823408556016446;-1.2637089255654161;-0.3238627380939252;-0.8392338632868868;-0.9282392261066758;-1.3401226138861495;-0.9780302215646336;-2.696354210707943;-2.2238815835749337;-1.0427219034599373;-0.2914962164947046;0.5107718225992748
398;0.6709778060053049;0.8053426072706226;0.5961134510563245;-0.7338520771530921;-0.22981747634183264;-0.572063060883288;-1.4520064510574362;-1.457896277085741;-0.19731311094168505;0.08695823424072255;0.03578255191954361;-0.7158421104454773;-1.70129642031261;-1.308239992069045;-0.46426457154141715;-0.7855339951593097;-1.0352852328071402;-1.780876278999762;-1.0751987566630057;-2.5794136579492055;-2.83431905609054;-1.9471452407802239;-1.3101617517676138;-0.9784747839945435
399;0.5079996381091054;0.29315610414573473;0.6495721404033236;-0.3856157900235606;-0.5859305441353321;-0.5471511685733847;-1.5639105205255182;-1.3848583561077674;-0.392509649516825;0.16458063370610712;0.4635299753665589;-0.12079381699169298;-0.7668847043165171;-1.1803049120816216;-0.568571660306859;-0.4474139080835376;-1.3331270336827052;-1.8869783418695432;-1.5157284787858853;-2.126039749589492;-2.9266342477062173;-2.8509551819151646;-2.0928214094107953;-1.9620735542679775
400;0.28950637941098717;-0.10370675887798642;0.617138489909893;0.1894312563063013;-0.9682820164203284;-0.4594725484854336;-1.4580595420724278;-1.3531814443501047;-0.23512766049665376;-0.0010378751951868313;0.5205827472808121;0.5110777190975248;0.27590499651900313;-0.8226439254771217;-0.4881118210158357;0.06807110628136846;-1.629002875703467;-1.5306904435789894;-1.9197767457685475;-1.3124478365230108;-2.8081426027194745;-3.358194127421012;-2.4325860273358284;-2.370578641768089
401;-0.2161313180072624;-0.1440394490280039;0.5280402049579052;0.584115414046109;-1.1258365649291648;-0.21752849689103118;-0.9807594135775232;-1.48871195487584;-0.11183943082719432;-0.0764529706651636;0.6661370444009317;1.071834544308461;1.1142406647028125;-0.15612760975401652;-0.5131061885163949;0.49600310785899526;-1.4075080343777524;-1.0860526323430717;-1.9405431191066742;-0.6949258536391958;-2.4384131281466277;-3.3459221752177775;-2.8031574103710173;-2.504663908689563
402;-0.6916415999418573;0.0804472873601498;0.4449092536847662;0.6039483051355488;-0.8754769651473804;-0.10848429841713084;-0.1851898848035009;-1.52407628904391;-0.07807492135542887;0.021860757444660588;0.8440690973786532;1.5344929541043197;1.6843579623357963;0.4108988252953185;-0.5054074261614915;0.5568507845694787;-0.8002433807568308;-0.524286074046899;-1.2044566601545794;-0.530848614339511;-1.904376779587251;-2.9782157484096183;-3.075747254639725;-2.614833157007274
403;-0.7433133575354818;0.2233357777118897;0.20356023955010477;0.5424343412666947;-0.11290014011585274;-0.3392195056485101;0.4089788461788294;-1.3008068648293436;0.09335889042470294;0.2523116487296512;0.9015024645737622;1.6844288792363946;1.7321403981481198;0.8876903973901074;-0.06848086242772872;0.39244228119805347;-0.42641305554588205;-0.04944611785836483;-0.3672072940082753;-0.5825578705247044;-1.1368175839938184;-2.2782321596881636;-3.131470717044511;-2.7148365863573907
404;-0.06652713812628788;0.023160707305511605;0.012452236410516555;0.625622467363494;0.7855439167181152;-0.4306665779512045;0.4023537241923195;-0.730627024639639;0.2160799058837184;0.5755887255863097;0.8040689318374823;1.256516346853078;1.2822183617195857;1.259150421338538;0.4201578263101868;0.021623052513514877;-0.3621227418918408;0.3280853011366516;0.3244854871899081;-0.5448463054288085;-0.11339248586270201;-1.435580157652727;-2.623630421624033;-2.4805084989958854
405;0.591833229167458;-0.2857351330298882;-0.2314788263719558;0.5148824859440096;1.4515605446472357;-0.17321516807147858;0.2998988512521163;-0.2610170896216663;0.15963970896520435;0.754792883327318;0.1889129247036653;0.769638079036381;0.8252413981205607;1.463997300613978;0.6540760944538927;-0.5389414259223148;-0.20209379022123153;0.4293317842006479;0.7658538538877309;-0.2126347665470615;0.8581776006751317;-0.45777949830341896;-1.6171799432505627;-1.9514956891854411
406;0.7118189131730017;-0.2918900118195435;-0.5933698856141215;0.21190895597952322;1.4747411616848807;0.09770079277111757;-0.09168390513560305;0.09207791833313819;0.02136057658128484;0.4762343589524343;-0.16410078952342588;0.1288546741792836;0.36942544037937164;1.2630720196315037;0.6537227633786868;-0.8970825445588834;0.11724645269603418;0.24103792844315972;1.1874702028927488;0.4179608373509566;1.3147918972147268;0.5809762214830041;-0.6594421380980869;-1.4268281993365706
407;0.3638188497074878;0.07230278390944182;-0.4441982337857612;-0.02142312012254378;0.9140133447365592;0.41481167391448504;-0.5165883875682545;0.3783287780078725;-0.1406798510454396;-0.005412652469524454;-0.21112918220293744;-0.7059138036341112;-0.055312716011579235;0.6706902262786665;0.16903816281282952;-1.0037570585385327;0.17138081818651787;0.11132176127462684;1.2271243017336197;1.0135709483835955;1.3372371290941605;1.5327777157099414;0.3420305740641026;-0.7722038251179072
408;-0.32607022867859925;0.3734780042665621;0.19541265888600268;-0.019952172265151086;0.3669082477019182;0.889283451376075;-0.34783672777886854;0.8292699444518511;-0.19013615855201144;-0.503123463919679;-0.09934398004909346;-0.9711815589153858;-0.48577466899595484;-0.28127413723630745;-0.24182709541905809;-1.1989060395274562;0.1806900923333732;0.2932098445991842;0.8712383958873735;1.5097019032550438;1.1687559748391214;2.1560314094341804;1.3640934005333074;-0.14742569292262486
409;-0.860859330925076;0.1957470430324329;0.6113023584690147;-0.07734389971279859;-0.0978800555966859;0.9321119257865735;0.007475987235108258;0.8964816782115188;-0.15027633722608877;-0.47818610946934165;-0.09985734270648702;-0.7669203023254331;-0.8914120970026657;-1.22745827898545;-0.5813656957600035;-1.2428480306196572;0.5447686679791846;0.4187655388887491;0.5293165366997958;1.8635790583415803;1.0400020099635454;2.3190773016727517;1.9024116624533194;0.5620425066429422
410;-0.8971995884410081;-0.12101908383688907;0.5335963030233414;-0.27849566188117303;-0.4441051259039152;0.9464332813734527;0.6144508374554867;0.6173238193608472;-0.0672665855550953;-0.28232084500892085;-0.12672398693155604;-0.59744830769741;-1.1042823373780128;-1.8166975338559306;-1.073499789764488;-1.1082882198172337;1.0378465213591597;0.5061210033863384;0.3213347393732705;1.7435688984319837;1.2176493852303976;1.945799863308578;2.1366262451286397;1.1019307980610387
411;-0.7669682360878631;-0.5069211423107362;0.027726947471611234;-0.35285337129054783;-0.4676481867800371;0.9613156568627651;1.2184585237488348;0.5107530450652957;0.04261010193683863;-0.3776268381801012;-0.4939244263549684;-0.412020946733686;-1.122064926488532;-1.758938824390709;-1.2636561627282026;-0.8216802443334372;1.6154615783828934;0.5762442320019439;0.15912122076072935;1.1258528495751259;1.3292825054506774;1.3745845756893706;2.0927192407590787;1.4106356101965307
412;-0.6448593294808258;-0.9718539602109825;-0.6578107759614117;-0.30678761588004644;-0.22145343626581818;0.4431754647012082;1.511134851914527;0.5567494387783025;0.15039477989331138;-0.3547003939426501;-0.6732673924821821;-0.19784019350474882;-0.818168978263451;-1.0887545560179266;-1.1565535594409093;-0.45890339751962117;2.0489051472080635;0.5944446157553117;0.05823627412396161;0.18834116840441772;1.1385424854606363;0.9880797575874468;1.7149939915476693;1.6107656527572267
413;-0.7414306598423926;-1.2159639851276234;-0.9611620661527391;-0.07888652120346243;-0.005970206189718973;-0.058296081048589354;1.3778972945138135;0.6781287711950175;0.3259569389731537;-0.16950233514754945;-0.6533594203973682;0.01233703236274665;-0.5209194305548843;-0.27258971360348183;-0.7924688182329528;-0.024573725208656718;2.044967377857914;0.8296895660272652;0.07147113795398331;-0.46292954519394863;0.646760522187285;0.512398488613259;1.2246554993723828;1.8999714299498618
414;-0.6849078734597667;-1.0670826751652014;-1.0598644556700454;0.11143199229529388;0.012991602102492691;-0.45599921760500556;1.050586402704819;0.9403214450188038;0.3847781165233361;0.048764470798948543;-0.5617777731593429;0.041665892606933104;-0.10280141819547747;0.2871419698981659;-0.2924463189898496;0.19180900968305223;1.3979888370823221;1.176519325002519;0.14279965170954004;-0.7222239845050525;0.045198314401247074;-0.03911623616757606;0.8805063757921936;1.8505200883029789
415;-0.4215090761359328;-0.6766898370247917;-0.9334847656765209;-0.05709264344087227;-0.29770570728426143;-0.5799078420754245;0.61394221291886;1.0248106271367423;0.7673612122476308;0.2828623599203269;-0.09724203929525378;-0.27542530138323384;0.3485491763625287;0.4094920272881057;0.10170711776571793;0.48437157468715375;0.652272902497026;1.35500564110809;0.3051661233303319;-0.7469317144140314;-0.23441958373352156;-0.4018582976812894;0.3599446116643852;1.3286248594473904
416;0.08087035252772157;-0.3100758197132431;-0.4993214928883997;-0.43422422289256196;-0.43282413470714104;-0.3307115144109286;-0.03996112014529419;0.9700162425902537;1.2279812393764433;0.5484227417104909;0.4457612684639732;-0.3713725829491469;0.6751185230730042;0.4809878522039723;0.6361536979002554;0.7080467000255456;-0.10173885092438041;1.1957676531504533;0.6370535706502378;-0.5145895085971925;-0.7325657116187374;-0.6280293623486884;-0.40385344152124053;0.615042402030731
417;0.5360033275599612;0.18235530294436897;-0.08065234660558891;-0.935037307329811;-0.36012386949550906;-0.043926086418427907;-0.6432130902445935;0.8522047823102764;1.2258051610729457;1.0012438263951131;0.8678973088077429;-0.027862084078287153;0.8353958116028497;0.8170508338890408;1.336083955837635;0.8860593572397104;-0.616314500515777;0.7412068638817495;1.0088379327913968;-0.05107408881728432;-1.2475474012961418;-0.5886276868980854;-0.8571532230688159;-0.0736713212149405
418;0.8722443695875799;0.5419066000413284;-0.03807015827685216;-1.1492218390749864;-0.09908855887964164;-0.23707385357551058;-0.9944557437414115;0.3406499797335774;0.8980494994374574;1.37533812324914;1.0658971379582398;0.44234822098960885;0.6424581155760881;1.0666757171726375;1.843719872036965;1.2422067453216876;-0.6849101309562843;0.3601328054782471;1.0647941117619757;0.3182010249110934;-1.1011243014329364;-0.3064421710913206;-0.9276357173057859;-0.4261088607910572
419;1.055955762695709;0.7527065913803687;0.15313797138802082;-0.5149641995484493;0.07465890898673076;-0.524130486602462;-1.1192884559852718;-0.4269763164004913;0.4955855437845902;1.2070574134315144;0.8834784678045289;0.8813064841405518;0.5511902317657603;1.103256688031311;1.7484324025518243;1.631505770398583;-0.4393283736947895;-0.0017413403909553892;0.7780413556366692;0.6178103662240584;-0.4916236868586252;-0.2095564510569257;-0.5869990994625516;-0.6257319096052092
420;0.9237164327521007;0.8230722706507134;0.2727534823546279;0.12990005157637347;-0.25007735178499363;-0.6086825326949773;-1.0533295775874358;-1.194110526524628;-0.1388333212482677;0.649639895151392;0.7960302588125933;1.1820187899397174;0.21423162744409802;0.7869117224245032;0.9220129475292423;1.4424613707736864;-0.31736464411148796;-0.49755711928857826;0.3280840416661672;0.9548317804222366;0.02104539332623588;-0.4419217394222747;-0.41217514904354974;-0.7243249834485231
421;0.5649017555593995;0.8813839422660708;0.529383611018749;0.5891071333836385;-0.4587130682409205;-0.4297182613194388;-0.7766902370112817;-1.5276981567765109;-0.754443316387134;0.10246164716348792;0.7467005020824469;1.0926269699620303;0.17204415349230975;0.5625458969851759;0.25332339658387604;1.0295927649863967;-0.6273301205723824;-1.0173774911671631;-0.0043454597434480855;1.1462823998159533;0.5165206654582463;-0.6530428528625732;-0.5289688659567194;-0.7851602816110724
422;0.11998912784178195;0.5966770563833618;0.7582330624731024;0.8256258238558029;-0.3652539544491238;-0.014709975614733469;-0.32526335098146636;-1.4252189416617043;-0.9107143339148946;-0.311348055838354;0.4546430732129194;0.7369126115372547;0.2728496393772065;0.15017197607398108;0.05404591098150352;0.7621739255068463;-0.990908550466846;-1.2989565779630918;-0.4259461542482683;0.9410506848016554;1.101939447258719;-0.5641566792657607;-0.5191726865906772;-0.7938677201028287
423;-0.5202533499630305;0.30846702980814744;0.7021362393100649;0.7556413428758619;-0.10083040290710442;0.2168043737306432;0.019009541142789185;-0.9935444561009997;-0.9674031548155692;-0.5589679499549077;0.07404366908526383;0.39902209650131976;0.4077156858278835;-0.10881030662398496;0.0702338089680624;0.5217665250734945;-1.1633438724906031;-1.1964552276801232;-0.6613242547768049;0.4962512263177109;1.4307748681313404;-0.058423373607432334;-0.20620652899207392;-0.5890956885981199
424;-0.8840978058739057;0.16220788210372555;0.7178832217347012;0.5413058603275244;0.18598699847262276;0.23166956454885;0.4015965726460314;-0.4453969524825;-0.8533897830798047;-0.722080213248956;-0.22264248190069813;0.004888209107025193;0.7918070125459438;-0.19431696240577956;0.15051840501515187;0.20876418707622962;-1.0818790049521516;-0.9241211191542003;-0.9595061839278418;-0.2484379698825275;1.2773472005047086;0.667392748429205;0.19103681162426647;-0.25427374604737135
425;-0.6152649958777157;0.04438448470577582;0.7825673814343568;0.4702715566185526;0.6003430664259345;0.10607889662071503;0.4703332840950908;0.18242671467554886;-0.5922457682119378;-0.8533977751593143;-0.3129204889979726;-0.2552374056836553;0.7087009109971856;-0.04358883439017096;0.25455471843510463;-0.05084903230162994;-0.7075303718735948;-0.7293824794804024;-1.13787616807713;-0.9809281310650398;0.5875170585277925;1.2555923579263377;0.43080301687801476;-0.11558676733843506
426;-0.046129740147611696;-0.11084694080970438;0.7647405169950006;0.5962078020933966;1.1014601829059458;0.14583878791673913;0.4788071304775898;0.7455879063319406;-0.4866340890848476;-1.1088179240362706;-0.5578170680195389;-0.22136990283065025;0.33333147225050713;0.2803905991701291;0.07509197976358754;-0.3232038419023561;0.027440542498531367;-0.5779596065338779;-1.2329181192385532;-1.3505329998733402;-0.0883389804129552;1.3529337476006082;0.28043885792910106;-0.012213473296082288
427;0.5330151006482333;0.016278679321385003;0.5368957611863643;0.8014551183724495;1.325634902860107;0.3967042654526387;0.3964860217478466;1.0305430704326155;-0.2567513805019389;-0.9078399583166508;-0.6530237014657831;0.04124513370969587;0.1754763238551474;0.7302132096372634;-0.11990419462966481;-0.5686788402250721;0.8414969952747143;-0.3976206917226186;-1.2696827860593225;-1.4024781722657125;-0.750149310276568;1.0955569978258812;0.46228419229414364;0.29414897503086207
428;1.1417817898548188;0.10660316672252958;-0.04673797690740654;0.7866471723630205;1.0347860128997444;0.5704906224379761;0.5222483446759335;1.061074090360157;0.05614599400300183;-0.4002542310955368;-0.6272454514932216;0.13753811063981097;0.09274581402460326;0.7897812207057441;-0.3594346140630944;-0.8305577814055338;1.1229439026560384;0.08310719787805843;-0.7723539676431612;-1.1982730837299793;-1.1923690708613575;0.4891050020264235;0.9135273623784788;0.8060492054886356
429;1.2822387141619145;0.042466612116674275;-0.35726419670221204;0.35622099777835337;0.46824647414277093;0.9343019281390703;0.7554477461205023;0.8318875723332924;0.4960156542408789;0.32382078888592924;-0.5004787931239629;-0.08673464702885002;-0.03394623090889164;0.46343078225489337;-0.3374268996363265;-0.8334969553105211;0.9935289956426787;0.3140573808656033;-0.3235964578379373;-0.8593005205333868;-1.6068360267441313;-0.3814744981582491;1.119033877569059;1.3655330600723439
430;1.2453763057643217;0.21449626525209434;-0.48945050171889737;-0.061492923922443446;0.10776559467108585;1.1905663224808607;0.46016914984720886;0.19063149944120725;0.7973933997324714;0.7207538536392802;-0.3422114777517322;-0.3656086730154121;-0.2661591774473241;0.1385162144898924;-0.08536791267950444;-0.6753875485890701;0.7187058789609084;0.3740693668267801;-0.04819133223124725;-0.8050515714857579;-1.732957485026861;-1.2150923947851808;0.9576761034315908;1.3422023708950404
431;1.2229236097209668;0.4157756108317406;-0.5252331394437233;-0.3516725802431869;-0.12383052454445813;0.8119918275482102;-0.20753738405213473;-0.5445198085367502;0.6192155205652352;0.6400832003464302;-0.212007908730279;-0.7270898351251911;-0.43316498759986016;-0.528715242784444;0.08700673157446487;-0.5129489888821459;-0.00020900091898063875;0.6677207383406117;0.3818438647495233;-0.5398041028238988;-1.4362403701819473;-1.6415410753370774;0.39688442783961336;0.8906007764504054
432;0.8808330291233091;0.6610064759725557;-0.30061831143825046;-0.5005836493532249;-0.33583003404735773;-0.12686472620463113;-0.8429128266172938;-1.1696991515710178;0.15963092837569484;0.4733951006329636;0.05597386898258828;-0.8107935570921374;-0.8815187724397107;-1.1528251374150662;-0.18759695427172338;-0.34286829535515867;-1.01475589083602;0.7985560460794419;0.7444162776377059;-0.048188944120197585;-0.7447202354627093;-1.5846792464661774;-0.647873762361829;0.13918525758072334
433;0.2888804279115779;0.8263168953358283;0.06401969936600412;-0.7114836378153534;-0.6403398495027822;-0.9457362156329402;-0.8562943950065688;-1.368059690770733;-0.08351256075113955;0.37282056610051484;0.3092371031126096;-0.7806681279072107;-1.2018986453223848;-1.544888672653599;-0.8103113948601712;-0.23666437827299974;-1.6302262463859187;0.5629662335118796;0.9730803652820372;0.23663743766674902;0.1509164921050837;-1.2573672530413114;-1.6446555113071042;-0.5221340704622351
434;-0.5219737940633088;0.7405599369025279;0.2620522540206543;-0.7226170478606031;-0.8729367143324418;-1.394869480144632;-0.42892926800678155;-1.115140516265693;-0.3900959715316783;0.1393082924343679;0.42551670007135894;-0.6571079192091923;-1.3241806656955961;-1.7798858107465634;-1.1543545877256671;-0.4810572648916805;-1.7109841656459555;-0.1483829383859983;0.7030305496411622;0.7474018336479179;0.8169164439137436;-0.8217337514733803;-2.006608564140783;-1.0335766090111196
435;-0.9915000312764237;0.4450432389198345;0.42906029907237403;-0.6694989264741106;-0.9378006167746396;-1.4113397215989076;-0.09973770660806121;-0.5056159260174424;-0.7159996217740592;-0.22889565186860775;0.2827443528787665;-0.5587889899252224;-1.2483873336051434;-1.5590052650887158;-1.320776283370823;-0.8656853419164976;-1.5921736030002898;-0.9282685934064986;0.3913358451713935;1.3254634122535016;1.0219612357337187;-0.2602578218007271;-1.7233151386717975;-1.1633654613825652
436;-1.351421119888199;-0.10117416828000036;0.63734704411244;-0.48993373445522853;-0.8138457949600287;-0.9298703236499142;-0.10662762988685025;0.09307406729897254;-0.9415381336156743;-0.61938917552048;-0.025171730875889347;-0.5751260534786984;-1.113015102116227;-1.0577134309977445;-1.2753037072200801;-0.8762306737558001;-1.295365809942533;-1.2532872709367993;0.13345552093061702;1.5187928369568304;0.9971179345077942;0.5411767091003599;-0.8170111165233243;-0.9454898551390148
437;-1.8110536206650594;-0.9119813571072379;0.32291283380097346;0.034352633155852706;-0.7794872929853817;-0.3685913441251741;-0.2599668125033261;0.36779769681178925;-0.950437512880877;-0.9555061914349366;-0.6163834583284566;-0.6183331171511002;-1.057486498059834;-0.43483536574623527;-1.123891893439365;-0.6150571567594816;-0.6288828140472358;-1.2011968662639543;-0.1105235320514148;1.2924311465428262;0.8401778390299576;1.182268890947207;0.07859450966790962;-0.8125773625025794
438;-2.11519752727029;-1.526372231234393;-0.09731803251792384;0.34399642765320365;-0.5310443358170597;-0.0555715284634706;-0.47429285173771807;0.3898379416148204;-0.6353448554255369;-1.030357036168812;-1.3182438482165373;-0.38380880079720125;-0.6781293955433281;-0.14666050609758985;-0.8524255574624189;-0.3488698915882831;0.536214640082674;-0.9983542278279507;-0.3050782102335633;0.42158523375043644;0.5110039265566662;1.3647163814879075;0.6916124097439468;-0.711145253091862
439;-2.0641834525877703;-2.128066293277475;-0.6726221333307403;0.4749498562518284;-0.08353417290626675;0.057652379002588794;-0.5093726527490896;0.6136944987303923;-0.22018395976755153;-1.0215077438879125;-1.5095768436168397;0.21605993314980937;-0.06660245576537742;-0.30273537069291623;-0.39310504003385577;-0.26421069738516395;1.64189921962259;-0.5767212280603629;-0.5539357075761101;-0.48789916111778087;0.5055678318248479;1.1150690846154356;1.053195056683567;-0.6347182004001926
440;-1.9097197582742187;-2.4089233528632095;-1.2318857626847333;0.32291594857995104;0.534845066926021;0.30542386216671885;-0.19526545632369058;0.7471475421678507;0.0054204660732936625;-0.8570182332296877;-0.833987243341163;0.49086679902103625;0.7426205614786324;-0.34140951495884764;-0.015735391326009603;-0.3184484313066879;2.231240788718695;0.2296498261555596;-0.8395721032165736;-0.9314460460341011;0.5478496543502859;0.8425773446795387;1.0831849614078686;-0.30438199816855993
441;-1.581321281617969;-1.9926008158316313;-1.6229346790221932;-0.07566829588204452;1.0243676139584585;0.26113983809672814;0.21974513459537476;0.7495302568245306;0.4887898136765785;-0.4092920588420658;0.055186094835390845;0.37057381430958164;1.2260025820483165;0.25138379222626933;0.4070994276272105;-0.1933404065989169;2.114506485744318;1.0081230023220396;-0.9071033591549076;-1.1238994696248763;0.21425632170493536;0.32410241295245745;0.7151748294176286;0.14091505100425614
442;-0.7707689689557964;-1.5327120387201691;-1.9615059672827098;-0.366650814670591;0.9202137293646885;0.26836367164490205;0.7186407436153671;0.4747753578305801;0.7466165549783182;0.17372897879000124;0.560610223912601;0.25432802553166317;1.339067549045312;0.7924276586177867;0.7984509518499986;0.07235269837529124;1.6307927507892188;1.645748824654319;-0.672888326359233;-1.0079801501282115;-0.47199005567525987;-0.4001026711478739;0.31945555364199957;0.4819705753946812
443;0.3485288056850314;-0.9614935961036483;-1.9398540975047207;-0.6444584184057242;0.5378513408607225;0.5933424204921008;0.824323475749417;0.22493825955145835;0.7405962843293774;0.7521452209628625;0.8658017310228979;0.21472042647329317;1.243854939993405;1.2602365023489148;1.0526263668125941;0.5555735698026307;1.020848290676806;1.8547517974859165;0.07745725117028184;-0.7434619086374151;-1.2313391966425205;-1.0038019137780738;-0.13890988090967518;0.44932930115025915
444;1.3679139346164026;-0.22278066221998705;-1.2916469821107792;-0.9251023957233674;0.2387501889590492;0.7690345024405574;0.8182009172654676;-0.07164739810513718;0.8384452519064725;1.2401433620135043;0.9196395597576278;0.49707995195244625;1.0044932466031726;1.7721819429406283;1.0608413231356826;0.9978363140701526;0.4158220280193763;1.7435018905562147;0.8508036495633894;-0.2876304464080791;-1.4328924833699375;-1.2429823562862345;-0.5860847809931257;0.21893798598766345
445;2.011671897917299;0.7330820704583738;-0.3250767829507388;-1.2676706742975326;-0.26121987750942927;0.8446095909848652;0.9065374830241608;-0.12492726028639002;0.7777905278027396;1.3020610081662762;0.7059424482148808;0.7307131149565538;0.8412854375774875;1.9004472986508978;1.148307000579207;1.3401439729225795;0.23804762878185906;1.3272205964989585;1.4183578444022258;0.0798805074768092;-1.054249107248966;-0.9130949137906899;-1.0718770534052378;0.06869786270978795
446;2.2536660468277705;1.5307854864227428;0.45602549699153005;-1.418880883453721;-0.8324163619614051;0.6691771159031854;0.6900760425892346;0.23772805189037904;0.5089468755916627;1.1431369091876935;0.4327309189592436;0.8554020447679321;0.4790199732858149;1.6812130237377547;1.3852194310801424;1.4088802782477112;0.2086776414896988;0.6988029880436192;1.7162693273939809;0.47095172810268393;-0.5469768560442249;-0.26966885779397015;-0.9652387491392646;-0.23559755990589246
447;2.0827118777263567;2.1759662450648545;1.0173087857965264;-1.1664547567104857;-1.3138261977984267;0.22670425552427;0.2930366082515536;0.741057978578417;0.3293465504315587;0.8887538743568136;0.5811507273778856;0.6458931071489583;0.04838842358472823;1.1393569529961793;1.6308279228746605;1.391534980839981;-0.10812902567241996;0.11746533932230094;1.5712562207025806;0.8446880840263694;0.05258614326359423;0.07967365827297831;-0.48527721507258287;-0.3579448275003405
448;1.6901703002177462;2.5422976298029654;1.5547434779217402;-0.3208952089553214;-1.4883009083892853;-0.4982384107430369;-0.0009967313357135141;0.7873862732147723;0.16698578060706293;0.4996582840519947;0.6642140288011742;0.3406123743052491;-0.032492146085097186;0.39443426951319127;1.5601813228538959;1.2848077942713976;-0.3808256850391115;-0.17150963278898818;1.072116455173816;1.1459546072555342;0.6605687474432463;0.0028188301001584827;-0.009186067543578294;0.05279036529397
449;1.0913174180689102;2.2945988711634073;1.7817261080882922;0.5860159071549976;-1.022538086390007;-1.1735857275204538;-0.3023434443985445;0.2412762278561185;-0.026897533554403;0.07849602727056126;0.6535174546197521;0.00932815579467543;-0.03128994524877182;-0.21741653627691285;1.2086547449621643;1.1867474478007927;-0.4610193779557589;-0.35950418929398614;0.5569067096947768;1.2798719530632443;1.1995633170103077;0.1092142728634027;0.6096216844957725;0.48259434123060446
450;0.43701107721919324;1.76323209449501;2.00999564805761;1.6533502678934011;-0.11312638081885083;-1.4822116521915543;-0.7476559572828643;-0.19447873638837104;-0.2386210338746061;-0.21190308592376528;0.5495986147891628;-0.16883764961898448;-0.24761119225983116;-0.7020381147929261;0.5403343003899986;0.8185608648890057;-0.5383370694922157;-0.684153630503116;0.0998972295875147;1.359102272802634;1.4107922121865826;0.39956724354852563;0.9912982754408922;0.6922072377069649
451;-0.04597188735067592;1.305630074776742;2.1506406526118087;2.511901946416028;0.7147107504204624;-1.179257215992446;-1.1228472077455915;-0.5813793718051027;-0.30176562951675795;0.0010890441604662895;0.2065029995029361;-0.16084486671330578;-0.26593549937450206;-0.8864761347445801;-0.4267671627805891;0.31171589020379803;-0.5391650400315355;-0.7520998550065979;-0.42265923145602224;1.1533989927287738;1.2831845565081712;0.6617547174398984;1.1106894342478961;0.6131415749648201
452;-0.37652967076395716;0.7514352813213909;2.0876316210835646;2.7652748505165112;1.285395742462516;-0.5162460296687628;-0.9867094683327711;-1.005289284146807;-0.06531251565894527;0.24151206666093913;0.0605116461677129;0.10572127626440339;-0.13924413821009832;-0.8896853457199643;-1.2040130348535119;-0.06653257459032945;-0.6101862859450503;-0.8198293259202233;-0.907696981300527;0.5676347934215851;1.0846895904304106;1.1366433843844532;0.963038067285303;0.7041146858276586
453;-0.5767978263257298;-0.20728187686919444;1.456009146992393;2.338281104377033;1.6376159302106048;0.20087047486145454;-0.6177665512721867;-1.299054992980933;0.19304009988227247;0.3222603114249131;-0.03194237884585695;0.6141199147953041;-0.13966470965927336;-0.8788338503888007;-1.6804247387807385;-0.47449986624054985;-0.8182237701938107;-0.9416872304189966;-1.1421214040356646;-0.22083230598011072;0.8448917663364609;1.7153357101615583;0.792172706631674;1.1093149038742485
454;-0.8238366574508975;-1.1055464174230396;0.5735134237106265;1.4530433698590333;1.7309736607798105;0.7092911419414833;-0.4809967024063169;-1.094738733187706;0.6381999125724983;0.08381345938471052;-0.058136449809033056;0.6432378532100662;0.026456667477235626;-0.879568907152141;-1.750867905672987;-0.9144870286526383;-0.6210895606599778;-1.0265339928267625;-1.1730975005624904;-0.7341978382944649;0.6322974276261895;1.5771165892485728;0.5016757263213542;0.9855561069593874
455;-0.8609596003002711;-1.3605036278623146;-0.2994339586279207;0.5224683324236651;1.753407421314385;0.9102028162221577;-0.32914891763758264;-0.7074756215165376;0.7786262145812975;-0.22057217839364346;0.13670379263672403;0.34683395069301776;0.16426357287647353;-0.5653931475560632;-1.2714163257411206;-1.4010988447136143;-0.5188132797425543;-0.8725838024408117;-1.0534612500263985;-1.099158033328684;0.06779007952663854;0.9178389518010368;0.2714207833660342;0.377279849630237
456;-0.6569521085548662;-1.192268320424753;-1.1015220371485976;-0.39125829155636316;1.6260753114591622;1.173188193699122;-0.05864795591211008;-0.5118451545837153;0.5208852608846615;-0.37092949620812693;0.20402119706814556;0.005787519571485937;0.22369315578575902;-0.011884973086916686;-0.8328736386951885;-2.0094695254718866;-0.6163017194412934;-0.5998679099155699;-0.9445986856347843;-1.481283795191142;-0.49715997365682846;0.11766921643492827;0.22532388916585006;0.15732411484654846
457;-0.13658858204034185;-0.9890569404281118;-1.6009468480981377;-0.7788115405878464;0.9054053931704114;1.4134176132659468;0.12666941079157437;-0.3035652714453865;-0.19361374730954864;-0.3737992255773299;0.06348600594968988;-0.1971673956374853;0.2843252120266343;0.6747514777288027;-0.6528239127142721;-2.3608380190141856;-0.7407057683616752;-0.13198100635714438;-0.8262513096434577;-1.4909118354484587;-1.1235189769741418;-0.5484895344380344;0.32447900461394924;0.16766159487508064
458;0.41427363758155183;-0.5195326878212098;-1.7511384517111035;-0.8879276762229594;-0.13830598663227894;1.4562178601985982;0.4881383070192579;-0.010997120226616064;-0.7958089898623733;0.029298262614134936;-0.17463268655534536;-0.11568854348893852;0.26121802612549305;0.8023418840965896;-0.3804490791597356;-1.9609981631109807;-0.6369639170237866;0.02664526108663238;-0.5086816137939753;-1.2480908581854089;-1.4588617851927494;-1.0565426060754033;0.3527949762213446;0.0015050668550105233
459;0.7991921846156587;-0.09687465016400626;-1.6167087233088826;-1.1847325564821152;-0.9880164089154451;1.0854332344799766;1.1048761135739422;0.23707264418331067;-0.8958185521979505;0.2607410043551726;-0.5726081542691676;-0.22695583145722634;-0.03802127525658593;0.4520771505653707;0.08740528405635876;-0.9978203607815386;-0.3295956321373158;-0.0335513481661539;-0.09141700729092347;-0.8377582581375841;-1.4786641622792562;-1.174980820693608;0.02791433544965014;-0.3144635876601045
460;0.8657353884885434;0.07094787387760611;-1.2315737191447604;-1.7706709082226133;-1.554449337243848;0.43415586965122505;1.7076927564434556;0.4762652286051335;-0.7272154879011387;0.06220330267963806;-0.88755694763526;-0.39764571689770145;-0.10455731240158905;0.03138234365003924;0.6170318069799512;-0.040942630534919984;-0.14412000279810402;-0.27206253132466846;0.07449434950771343;-0.3705271727954789;-1.3714650599107423;-1.178475412785737;-0.6682053909445378;-0.7319021186643676
461;0.36662843294640846;0.18847744731145147;-0.5683138623367754;-2.0121290771174274;-1.752677785544359;-0.5747854100218404;1.6237321064278183;0.6924888395824746;-0.653478130686187;-0.7842613609814121;-0.9632389682791999;-0.646276116972988;-0.12175716907761314;-0.10189784588868152;1.0041330281632075;0.7723741017604201;0.11415429188879285;-0.28113102933330286;0.07707973233363614;0.12326070203299629;-1.0139973904201254;-1.2403383562564116;-1.206785358436217;-0.9049324137934692
462;-0.08289894444386357;0.06709245858596433;-0.15519095682713496;-1.621540318124798;-1.6622461074062993;-1.388490241945733;0.729943948435402;1.0970359848344202;-0.648147572318295;-1.662805157333161;-1.0102835396767627;-1.052086498151744;-0.3374624501050059;-0.20815568367244983;1.1840566196873374;1.5902030424888214;0.23953333346024785;-0.15610644704367996;0.31927813083729234;0.3778528448296655;-0.6571967965343459;-1.337852747456362;-1.5245968715162337;-0.7541147954548385
463;-0.29844251080520906;-0.10182576995270567;0.13048798851769988;-0.9099278114817988;-1.3529554577513931;-1.641699189136054;-0.4096276480558432;1.5181918739513687;-0.7014192995441488;-1.9123508555414275;-1.066562702315707;-1.3044434612474323;-0.9283815187956426;-0.4647862283149297;0.9745246510952061;1.8994550226873395;0.21143561915499073;0.2955077715291332;0.42187858992326516;0.28991332493714195;-0.24386537600526628;-1.0821438084869215;-1.6187957388992236;-0.653387647976616
464;-0.6317685224780526;-0.0465742800231899;0.2704466039063155;-0.2761629410681148;-0.9497068293902632;-1.8439980315223268;-0.9307171483173111;1.3809497528971904;-0.7442676220064992;-1.416972846151178;-1.0018832461802027;-1.627637743593414;-1.4892789708486882;-0.39570828526838864;0.11914315103786513;1.6800487445238044;0.0777315742708802;0.799827813857682;0.5843960944724483;0.3523517756842772;0.1481512501744724;-0.5483720325970006;-1.210997686936527;-0.9142378553675861
465;-0.9692334756276926;-0.09527406112047186;0.21248735414209272;0.22462837776174863;-0.7822773596846433;-1.7216840219910283;-1.2273560683089992;0.7546302491007424;-0.803489010536439;-0.7456172319763419;-0.9472261934609058;-1.524275663460545;-1.60587423473708;-0.40203090791034707;-0.5981511392823171;0.8928500729741435;-0.005738373398658869;1.0033088427796135;0.6108765563194068;0.4145617139889163;0.5224456130625794;-0.08360576866976886;-0.7860337843731511;-1.0443965100380914
466;-1.2060364704779525;-0.2963611644359577;0.3686352446359265;0.8090015802040282;-0.5811834309435254;-1.2674950677570747;-1.428124759916198;-0.03215257893017789;-0.8155629184416887;-0.1530586201820424;-0.7784721630246494;-0.9624695508347021;-1.5337811612598835;-0.8593810722508255;-0.9818026269034941;0.36665822303658757;0.20128678674925454;0.7465142189815767;0.5076063575050116;0.38853845020234334;0.8463731258328194;0.1868038768408556;-0.3985674174375133;-1.0931843151616993
467;-1.139241937453557;-0.4338119151138903;0.43585702110584573;1.0850750869384782;0.0051806435873706855;-0.3890978432261537;-1.2494426279878246;-0.7352242272831502;-0.8026438132472172;0.3517469857754147;-0.5026464851080416;-0.29934022879919003;-1.0239062656850908;-1.29578057107429;-0.9333055015215106;-0.20516174566706238;0.5032596721815398;0.2522826324761487;0.12640023302965944;0.49636847182498955;0.7745702084866809;0.24273746801191792;-0.2571634380826544;-1.2266122711691354
468;-0.8533281021417202;-0.3942987292543764;0.30504013327355245;0.7912415633533464;0.7012857909919684;0.47066975932678073;-0.8162065202463782;-1.3175283214787856;-0.702705502548782;0.610093462973914;-0.03016501596461098;0.3563646253999384;-0.48657962868467686;-1.3946794749536582;-0.6352508289470667;-0.838806894792359;0.92204571061884;-0.2895617956570492;-0.026504084193705053;0.5604283505690958;0.5421727482130996;0.126894292227318;-0.21737042837014342;-1.1064689735543303
469;-0.24353127457075585;-0.18349236856574813;0.18288406759416306;0.5182585555928615;1.268163268851796;0.9939589789692004;-0.3040032591683579;-1.4099462211423135;-0.35828806437700406;0.7036132635266078;0.7333705350170282;0.7585641443283204;-0.009134067397772432;-0.954274155805763;-0.5528300613474257;-1.1649243289849425;1.343072437106477;-0.5529267168797045;-0.09458919639287408;0.32100591786992694;0.13101292725258937;0.1782778335275102;-0.1834171813594689;-0.5789736633799115
470;-0.0531093580344551;-0.16764819600634026;0.0004495690030834809;0.4632196346895086;1.5433863189850212;1.3700797006474164;0.2801081962217154;-1.0385761112993896;0.40523206178431476;0.3255123596534207;1.3870886365367845;1.1486292518537862;0.7816634952166726;-0.24744234361652453;-0.460479805088257;-1.160790302036684;1.5397534051528703;-0.31158338981681166;-0.2286328238535027;-0.021383511170345357;-0.1431526808297337;0.43998763785034994;0.1320837848416186;0.10505483051823529
471;-0.42114805821205725;-0.26269757963095547;-0.2805582359917361;0.3291133007189286;1.440682224459266;1.1704918845612002;0.6951406429895164;-0.2899758263700165;1.5177520315578685;0.20277215664464537;1.6826320154102254;1.4824739268523;1.5118036395643015;0.40662642856065556;-0.45834461772147744;-0.8982018177746148;1.5489426153473025;0.12512346535489274;-0.3106407679960422;-0.4670258032653637;-0.18207012667987893;0.5638066932726397;0.5532468039654489;0.8122112582099136
472;-0.8280710598064168;-0.5739099393608778;-0.4259348970571314;0.14900064112698425;0.9724824535939119;0.8069527246697077;0.9371781909516691;0.2787088840907842;2.282990752692825;0.5376576426801297;1.5958403775534633;1.475184895521611;2.1096490625667914;0.9644869385587759;-0.371855789533388;-0.4039948194024122;1.3193470326294707;0.6688789601166785;-0.2560241344678436;-0.7232999547811307;0.07081511909297204;0.6517109142734998;0.8463799034383248;1.2661494123353876
473;-0.5709720373753037;-0.9089487296717011;-0.5129038893986076;-0.04631759686320121;0.4861605391737511;0.5368594998960129;1.0250384857977939;0.4757111549163427;2.511390225648406;1.1101908631605242;1.0868445481317677;1.1940125459010558;2.172114497799214;1.6696748533420882;-0.04381671005459856;-0.0668029365902341;0.6539505810006189;1.2536870506962305;0.03169739491618046;-0.4948865815584742;0.28396646685825216;0.5738016836260149;1.0404698077869976;1.346622493243373
474;-0.10302068731740868;-0.8746336075666877;-0.7257073987776778;-0.24065847789645523;-0.09581760137516976;0.6417518846308855;0.9228879104884786;0.446963101925353;2.4002163522341897;1.5167532525569511;0.487441926556931;0.9397242506525981;1.6203828848392996;2.0781326190886786;0.45592479507206984;0.07251407708006866;0.019429279655725436;1.4371646798116218;0.5378137119718988;0.09828223029094721;0.25265169038619123;0.5031654896630077;1.3192587428178686;1.2698261312038575
475;0.39430661716143783;-0.4316396776108496;-0.7250196027609974;-0.5462070232856416;-0.3985929357962588;0.8177071865169505;0.7473461787284962;0.23063247043725796;1.8223973916342187;1.4726846445775181;0.005406484579523798;0.8755598847618747;0.9031977716589534;1.9766966504181933;1.1214936434080391;-0.01200510530449905;-0.5359014119278551;1.322147646240717;0.9661624402852227;0.7286692618940667;0.37758285725141444;0.7568558748175084;1.582356026426754;1.2066047204974761
476;1.1360442125153454;0.2614939925976687;-0.3961822503689367;-0.736556235256329;-0.6503159469264717;0.35326626176785664;0.633450713378488;0.2178828248108276;0.9601104412598482;1.1330603075579369;-0.10614116204810964;0.7671954418854189;0.315602216507232;1.4190813965183582;1.6245289986418696;0.08943788369184127;-0.9619119833997601;0.9502917216679309;1.3474173662491051;1.2667012744654447;0.5635875390823382;1.0987753852125937;1.5493944992951922;1.378489311986935
477;1.6420643004138231;0.8991972151893903;0.002879504191459982;-0.6458439309135469;-0.9050387860581329;-0.2932566321470614;0.1387730089280262;0.5004298714271828;0.18719045490286804;1.0355208553019621;0.17754362445219776;0.2014874301970414;-0.16372838392565967;0.8447771625216597;1.8788255548470292;0.5633959138721836;-1.1915903848361888;0.24304258738355197;1.364713503597722;1.421025833822497;0.8156784619841122;1.2179049455852022;1.3817885733031119;1.6426965096871315
478;1.565503486403041;1.3130589554915566;0.582275956480289;-0.4399723405156304;-0.9720521990007892;-0.7723530252499636;-0.5229340261898044;0.6078862323005619;-0.36493907428987266;1.039215033689222;0.5793205888627025;-0.5274653502476533;-0.4878927758056343;0.24046801058042577;1.7780573675436597;1.0851010118986386;-1.4116329281988378;-0.6234388295356859;1.1514357445179524;1.3553071752065737;1.0888023582217692;0.9115138830408549;1.0721590467833124;1.6040560942848394
479;1.2815871279482285;1.5622506219804402;1.023247313614032;-0.07818825452010003;-0.7479707778932663;-1.2914142571781904;-0.805469502397218;0.3207065324215976;-0.8184976390940776;0.625912030977102;0.7223027283086615;-0.971433014979675;-0.5473557118675118;-0.24100383919049265;1.2586332835947334;1.349232103688966;-1.67870897519393;-1.342537845574578;0.5429754688298644;0.9239133451042251;1.1052676626682207;0.49276820833248053;0.703578412581328;1.2151303714105963
480;1.245999616973078;1.9516495221931023;1.0757181890892646;0.2743035925972698;-0.3828932065872487;-1.5022149657580373;-0.7839226070746251;-0.16587911373871742;-1.3149648004771364;-0.15445815876382235;0.6107502643772011;-0.753457336562327;-0.21771814132308848;-0.7991207158698862;0.3824725212993726;1.4901152743238664;-1.9503343870609495;-1.9045007901422053;-0.22406142902842124;0.39914100015989284;0.8741549842566058;0.08221450747718993;0.03491290681830703;0.5764883199891326
481;1.5745650963969213;1.9351632595352624;1.162718183402399;0.4059432783722255;-0.19157204569747954;-1.3004703755329394;-0.7203861717685687;-0.5411034361994034;-1.3718184718845836;-0.7768626811756645;0.46551541322997775;-0.15163629814046434;-0.28597791892743135;-1.0732982523027776;-0.37463079544249517;1.527085773664345;-2.126157711163689;-2.121398747070697;-0.9714364164962417;0.052678137292566984;0.49187864817465626;-0.2465808829868191;-0.541176515809092;-0.11504142177792744
482;1.5199780531385305;1.261033708749812;1.3141257522984322;0.7561334345496152;0.020807621783828226;-0.8582045125037843;-0.8873204700225266;-0.9371685841261684;-1.1648767898361938;-1.3073575594017226;0.24384864587806787;0.40843799222006355;-0.5061529760775452;-0.9741449640330752;-0.9359596590078554;1.2238997312377327;-1.7648415380578069;-1.9390923639047783;-1.6779830680912857;-0.35669143097203915;0.02942433407510713;-0.3540106824083834;-0.9501830993964447;-0.688617136372728
483;1.0874674768396018;0.48860038500967057;1.1894108852982788;1.0206367929359257;0.21966951540709434;-0.15569862256666167;-1.132369283848372;-1.1887286803720487;-0.9528062861792062;-1.7499144321678828;-0.29104794037657317;0.8451450528716957;-0.3410743184196064;-0.7092642976590312;-1.2990059123808806;0.585636402317333;-1.0232868888980882;-1.459820989703012;-2.311285752323799;-1.0816982570103941;-0.6658490048579514;-0.5093683329504737;-1.363844887326673;-1.2087668642861034
484;0.5222788354310584;-0.07867276377571764;0.7379174947596875;0.8816369962899021;0.5197241806893337;0.4746402772050064;-0.9974797335874157;-1.0800687390595844;-0.9317036280938787;-1.678798854181738;-0.7880277737920826;0.8273546798749815;-0.004701241060296571;-0.34383232679881964;-1.3206238749510528;-0.46870933782799895;0.2774727753969836;-0.7698798481388848;-2.3959854133620224;-1.764626484198983;-1.5389049098728693;-0.8442978920113244;-1.298475129879309;-1.5702568321490467
485;-0.29367037831443715;-0.4692674017632249;0.1768028378221097;0.7671373702352141;0.760386063697325;0.6750743851940226;-0.5090675694257769;-0.512411007963782;-0.8349076363104302;-1.284659946427789;-1.046026153890912;0.47477599620424527;0.11570398501725698;0.10191848215300382;-0.9039485873284295;-1.2150548015880647;1.5264641133531642;-0.09281140900012398;-1.8535681757469469;-2.3189953429945462;-2.125240782326785;-1.1754744242992357;-1.052183079112909;-1.7325343680142138
486;-1.0579005279134854;-0.5467784016085268;-0.4575767233379413;0.4791781116237204;0.7711375310603857;0.8242783264092662;0.3111331655740655;0.013775167810690077;-0.8265093269105772;-1.1123387610012567;-1.496825851231474;-0.19153214271487043;0.35988147956855376;0.2487406231242566;-0.2748804375567639;-1.6158420185129172;2.2068760093909052;0.3182422364041138;-1.185488827340542;-2.6556820319269527;-2.2036763317236043;-1.4850157448600474;-1.0318056099471942;-1.700719722386201
487;-1.6195794891906015;-0.5641200728222009;-0.7096846757703899;0.16376660336862728;0.6507445179329504;0.7880334066569823;1.1486446093790759;0.5089704532089203;-1.1075498364211744;-0.9315263664518867;-2.070421552688398;-1.2397662927076252;0.2888876332587416;0.39678655051233336;0.0786604605386896;-1.7466587433541338;2.5086625582947915;0.6565473171428109;-0.4398383604136919;-2.3681035255880856;-2.121440269563038;-1.6219809974458756;-1.1572281023965079;-1.5794758576568593
488;-2.0597818840995257;-0.6716026233599118;-0.6124610356190084;0.006248099960660793;0.7408040494540329;0.7711116877812376;1.610792245166148;0.7948299671167577;-1.001230518258023;-0.7102186981047419;-2.246276050491824;-2.1154312346543205;-0.0056036604985362564;0.20090654300357005;0.1458062881367522;-1.3154040145999835;2.2882698490035516;0.9504248546665048;0.23420497650697836;-1.460893693836787;-1.7087363558719462;-1.752152367779007;-1.1545328487348745;-1.387338896522388
489;-2.091777020427176;-0.9963020871667517;-0.5949156461935254;-0.11437508937798878;0.797847403695706;1.0309595419627817;1.5884335959986127;0.9250198919841609;-0.693109815957112;-0.400307547135963;-1.7014913948584247;-2.4290663560510315;-0.6094007767714837;-0.1960587840247434;0.05436822763007964;-0.7865502566587909;1.6305202426849947;1.3147763237188805;0.7403666583170446;-0.41167789119811327;-1.2116217954073876;-1.5269185173407838;-1.0184060570720466;-1.111094535615899
490;-2.0825177754307287;-1.3704597163423569;-0.5304465633482409;-0.2875951839028524;0.7501849708261259;1.235796824748916;1.1519008158867279;1.0400814737264643;-0.23345909659003597;-0.24033340278083062;-0.7778176112797007;-2.209135984834406;-1.3206621571521577;-0.6378571940379599;-0.08076649314059633;-0.20572730818472945;0.9036845549337289;1.6420170809772123;1.3749187635325566;0.7983736148012356;-0.5339927111409092;-1.1083528666425908;-0.9245072404972136;-0.43771973012614773
491;-1.88349470518154;-1.6701171229105933;-0.5875903308599904;-0.36356536280612317;0.514270636908174;1.1584965789503272;0.7408532272408611;1.0245106555199126;0.3745563631435283;-0.19868454188944343;0.089780956162777;-1.4838160909462161;-1.863879284724291;-1.0213437444840627;-0.4255762763638739;0.42768193360019724;0.19217221501875228;1.9232266644276992;1.9664843797432512;1.6945574170294786;0.1931552372056466;-0.5644631278654142;-0.664208058911547;-0.027942155365590974
492;-1.4557706939225454;-1.6693674161451653;-0.7299539134743809;-0.47145477989118717;0.020754360320267874;0.6886224997154676;0.6096887391484739;1.0722342681168755;1.1067367506678933;0.01007354561303532;0.6341494210483481;-0.5845643008444287;-2.1267515604507965;-1.242237276747993;-0.6404209888234491;0.36309308119438716;-0.32343169653636694;1.8165770931962246;2.0701807564905232;2.195439694428633;1.2029707471443258;0.23750578444027112;-0.21022315573612935;0.01494726171207493
493;-0.8788929403302526;-1.26330105937632;-0.7448117252266816;-0.4513343834790752;-0.4114530736932996;0.05191549049389794;0.6241144792313206;1.1301356632547668;1.7935996317018388;0.5932142423911909;0.7919353762881076;-0.030283231084213526;-1.8995840695122406;-1.2794961699078247;-0.7856340051822375;-0.16230606646556972;-0.6110920081073203;1.3673674615915397;1.765139917194839;2.5103110746367316;2.098835485751093;1.2309503030688647;0.3254213002635743;0.26082913737760266
494;-0.2693192979601226;-0.5728654983780676;-0.5673423896314432;-0.3557553457784555;-0.8248758831890194;-0.3894409421862881;0.5205271676822218;0.9785303708173616;2.142175766167625;1.2260285306501135;0.9311532067324193;0.39122791493889375;-1.2801679539735866;-1.1539733959662384;-0.9505556959751609;-0.6092829785056443;-0.8742971124948656;0.5228689057292243;1.576067084266327;2.5478272752788267;2.6761088682987064;2.269572697380111;1.028996352654321;0.6879826049487743
495;0.5401767936930678;0.054767908922653465;-0.5846071455971048;-0.4922453644683844;-0.9827830703616662;-0.6369119952465726;0.13237284833667784;0.5720137028477809;1.9739505370398582;1.638764810883691;1.0440998526967;1.1214558363892932;-0.22613909191613868;-1.071938274862873;-0.9387283593633426;-0.7413315069099952;-0.9954598079867558;-0.5261974143927155;1.342513904899003;2.1616004525630625;2.8574942178904075;2.669839475954184;1.7054314754815714;1.20712140380495
496;1.3347400970183878;0.3018588287569058;-0.7156924481760656;-0.8251218516862241;-1.125475197875943;-0.8843564718312398;-0.4140774873245991;-0.19475031931263612;1.494821669568613;1.6382867243800308;1.335356000414532;1.730645303970201;0.8879702999044559;-0.8179892678558213;-0.8771209337013758;-0.6476401486394631;-1.0367669421474643;-1.2826148578928227;0.7208785807941029;1.39314522210798;2.212133707606497;2.373132375440647;1.9544843048132796;1.5780449119567794
497;1.6301386690143302;0.5051509018062461;-0.7416055777632349;-1.0853859294373203;-1.384538235177737;-1.167034012012401;-1.0893119891900314;-1.1500970137808335;0.8243565933776922;1.7612468048060044;1.3824496824121357;1.9908105371756275;1.8109477638218614;-0.1846166140922589;-0.6267232216721697;-0.545613016745522;-0.9397714528395802;-1.8204781226890199;-0.1551921382756775;0.3278949986800579;1.153182003653108;1.4511053593733045;1.9482243238170127;1.6409181768875163
498;1.4619727215203537;0.6847161252425548;-0.585149321558876;-1.2994921045371939;-1.3748399235629705;-1.6156999312144507;-1.5936239412540658;-1.761244152353043;-0.019722180037789697;1.5412376397306655;1.337996090695786;2.1688783849914732;2.5663347274426394;0.9052301771300487;-0.09128301691802938;-0.25015500609872665;-0.8838978899263291;-2.0518920277993105;-1.1975231205609953;-0.6669040847338971;0.18554758426331744;0.5522673493097529;1.5960453310694764;1.0792804016624453
499;1.3498189396793838;0.7872440397148193;-0.2079566579605554;-1.219524294167724;-1.1141133013835627;-1.9267896037836472;-1.932087973394111;-1.838944591253146;-0.8179696151173492;1.1375005465459116;1.5144287460489576;2.1162198011325146;2.9609113686621544;2.0745238789253815;0.8707990264362262;0.17165756511276273;-0.8886323458200825;-1.8481385884441022;-2.2431013595616953;-1.2940420117551104;-0.516076199565951;0.007332392167109902;0.9020043807257521;0.4356764903065755
500;1.329613559410921;0.9387081371105214;0.4003234497248655;-0.6920045536713716;-0.715005059257721;-1.9664724458147322;-2.0586013892262662;-1.7398092963568108;-1.35497185067839;0.4740257827149607;1.5390744316123166;1.658392520617584;2.743718504907637;2.8183964794898495;1.8029980962401089;0.7291114306441875;-0.810839361040367;-1.2824625575467876;-2.6768620665343175;-1.735856930059739;-1.0217424632833798;-0.23491037749997898;0.059184317774752845;0.09972374028104918
501;1.4337543292061459;1.0683643192058705;0.9790865592987293;0.07137023407983596;-0.4846696847367418;-1.4031520273318034;-1.9480419347346105;-1.523725512137563;-1.364815764435889;-0.531477583882038;1.0366722661679795;1.0343345551274332;2.0813370598097163;3.1126422197489902;2.4817494209859525;1.294807691576196;-0.7911705670108387;-0.5390591301211354;-2.5328602077274156;-1.8365573033386722;-1.2970685404811233;-0.4411985546112674;-0.6421434717630774;-0.15132160501333944
502;1.3051113534074115;1.0013785624264762;1.0956586192834286;0.646478014980482;-0.2955462767664239;-0.6594274192995934;-1.5302677522154966;-1.2212146539717181;-1.040337630318647;-1.3299769158948878;0.23866734457067845;0.48499252384941444;1.4877676649362312;2.96054898587978;2.4713137760862565;1.7889714388715119;-0.7018926996991934;0.12873598891289417;-1.8963594163653654;-1.870712812576098;-1.6474389012991835;-0.7022685531703745;-0.9361729808838816;-0.0772602352206296
503;0.6521124946178181;0.7162163643511347;0.8954199446600287;0.8488365210668699;-0.02225077263769992;0.13355633109577797;-0.8881018625477242;-1.131301724831348;-0.6430041750874065;-1.5945005852216505;-0.45766309132210103;-0.001024139093022439;0.8196560755794342;2.1034183959890433;2.0450930378010166;2.1451057988367155;-0.4352496011261742;0.33936167353438057;-0.9903740672840478;-1.7205512117796877;-1.7718469318629264;-1.0714668517703616;-0.9157714779644891;0.1418418184449818
504;-0.38404364900945553;0.5930155200116751;0.75189426963343;1.1201954660961877;0.4562143625380395;0.7263154722893652;-0.2248164219151602;-0.929828665411459;-0.10737093488331956;-1.7675229335974483;-1.1233671520621362;-0.47108098664917414;-0.17700722798399657;0.8981903743352451;1.4355590742439717;1.880560368795996;0.211178420705596;0.238188809776277;0.2153380656531936;-1.246379878705082;-1.534201701102396;-1.3113788955381867;-0.7556071830998657;-0.03986273741395447
505;-1.0578650311175064;0.5590931516489774;0.8265288900118744;1.3451581517463866;1.212141319070103;1.013847286303871;0.4682733695183775;-0.31016646147556287;0.06592997590169679;-1.5363696959141617;-1.8482410225260277;-0.9612135503904908;-1.3539009969235425;-0.3123059527770873;0.7289129629988035;0.9728770675739107;0.927597762580305;0.11103304337396777;1.3483889656137666;-0.8150218851415968;-0.9359294152578946;-1.190658959489981;-0.5090688967274455;-0.33335876943684156
506;-1.3149246055291621;0.3801945986410323;1.3406551164478369;1.7262388165712532;1.6116847092681263;1.1273969608609455;1.1046615754661677;0.301919325492777;0.07416385479157546;-0.9394094346580504;-2.328028498409644;-1.7303438354120142;-2.2234496259370577;-1.5348089299129948;0.06915286697897886;0.07423977814246625;1.723486208962869;0.3416524810679502;1.8264066896868318;-0.12666605580978504;-0.4168220719107547;-1.113412612783614;-0.34563278962023225;-0.41926001785670847
507;-1.5014891932993029;-0.0453875548350376;1.2473706382445109;1.630428498215481;1.9152466296704085;1.4361480304391194;1.797844147257177;1.0401345397872317;-0.008488402720306794;-0.34074625293011973;-2.3756024859019473;-2.508661383803379;-2.525896010877217;-2.3685743401615427;-0.5327894749170866;-0.4898902140761614;2.37257532133574;0.9254387580802702;1.6122134926530867;0.7830505377893363;-0.03030677528430097;-0.8307055368461809;-0.1601299879940828;-0.4036839905443591
508;-1.246409242253035;-0.5928156360889787;0.5682731833432358;1.0182141621121448;1.962640139104371;1.7771700297563622;2.471613577742731;1.8304120793282919;-0.07162035345053935;0.0690813853323639;-2.162441786605988;-2.832580804693059;-2.6248275234365086;-2.773493043971236;-1.4997000047091957;-0.8991823428482283;2.577396684879138;1.4333652397202343;1.1019018139067127;1.6138671738148351;0.16364565360760347;-0.3202896649199199;-0.0006519646831351716;-0.30258776419518524
509;-0.8194341462044241;-0.9938388290967324;-0.11250514220347131;0.5558055531903621;1.60009411047389;2.0243384159758144;2.7358668736128973;2.4299840997688658;0.14424872986319517;0.23416656120891166;-1.4644334754566524;-2.5576523908349906;-2.41814748463545;-2.8747005772967595;-2.5484856302684475;-1.1270157140709864;2.393813989171035;1.6903805239557204;0.6967014615880871;2.215836612558519;0.43107825365744085;0.11929638083080758;-0.2317897776618844;0.05905276439072636
510;-0.53941220852123;-1.3016259619842176;-0.8541366944730523;0.15301880812634355;1.0697532832371202;2.0247553366659505;2.352193411863565;2.6737218657178943;0.359879195852534;0.2743745941334636;-0.5385009693937671;-1.8634406471142106;-2.003280318123685;-2.7980102512736886;-3.0686326601311342;-1.2936167084456476;1.8946283988855177;1.9550648547975018;0.6377449191701855;2.1568619653742256;0.9928761935251963;0.8056380382852134;-0.24694200527479357;0.3037248451011908
511;-0.07971490419337895;-1.3535246137662513;-1.340664594587135;-0.24524982031790604;0.4422832474485481;1.675003888222378;1.735875317528953;2.5947946056717353;0.10160195131270831;0.25761556918384393;0.721501563896636;-0.9328084622661341;-1.5571369073908845;-2.3768460149002006;-2.925172631839474;-1.4705193660495557;0.9421993712248611;1.913368327615222;0.6893410233126653;1.508674104724611;1.4994909035901074;1.362171968264551;-0.05161919042613023;0.37692272851257225
512;0.29210126445620965;-0.9458524322989141;-1.5614417297342749;-0.576130833633278;0.06651353828594038;1.1784625349417857;1.1573522834357461;2.0281466001762083;-0.4021335646736381;0.13567278597157395;1.6795500712012925;0.10640483892204752;-0.8958694821983857;-1.6459762344996354;-2.254201288261881;-1.4112768657408221;-0.3226135865671805;1.4138606848659951;0.7915773224548567;0.7394476308095278;1.949076060624507;1.310158538820044;0.3303964405721221;0.21035036035761093
513;0.6552405496823486;-0.4285621698158818;-1.2949829002336763;-0.9963165342612215;-0.3679721208332276;0.3483326903840798;0.3976971262512036;1.2190470110168021;-0.6729850175413891;0.23096012661812232;1.9985707552004537;1.1775174383401683;0.13106130756167478;-0.5933227436023382;-1.3372249627506312;-1.3775631963592203;-1.4836109846702104;0.5260297629938216;1.0308742863024734;0.20238187696608206;1.939615945930747;0.9890307701022739;0.6775422306035067;-0.3132210865501191
514;0.9303297959325841;0.4264560044041553;-0.7063625458864501;-1.4318656525092734;-0.9212654317671273;-0.8279581577899178;-0.26327452490050146;0.4600310077412432;-0.6483312549982687;0.439958685961936;1.6740853991137958;2.1366219559579362;1.1490776876669053;0.7685479316466794;-0.32514438958299835;-1.2905872443526454;-2.3573049731414244;-0.4014867455521971;1.1373883470981652;-0.08937653557146949;1.4775072393837037;0.7981841356547669;0.5604531529724726;-0.922383785254856
515;0.9965195366388377;1.1710089658460148;-0.18484474246631866;-1.718107707351698;-1.6127229867794008;-1.7918548134398986;-0.8923160486424965;-0.27485780747519145;-0.43311970927894833;0.45981158472856487;1.122111554429664;2.884990168906055;1.925918131742932;2.094317808069122;0.8338761301055464;-0.7833868736552615;-2.773002913310141;-0.9963558458787062;0.9109236147384505;-0.09708768982516497;0.6472734380995161;0.5077622894679489;0.20001251838787518;-1.1082776030849109
516;1.134285386407526;1.3174151628069068;0.24175244896920273;-1.5174209488764046;-2.207055155530967;-2.3167727255361066;-1.47880055008218;-1.178597562118872;0.07066184913426826;0.6365600125666987;0.7711334668821712;3.1343470114909775;2.897755125368908;3.005890426734796;1.9658149285027389;0.04410340033004968;-2.8636157636751083;-1.614674282587766;-0.06945319555337628;0.143770865394287;-0.39950579311737827;0.04253026553556319;-0.07736590789296556;-0.954925745828993
517;0.9379641316118202;1.0664022960235675;0.7842640477372759;-0.7127941079654769;-2.2898394783852756;-2.4399686524512605;-2.0463894907755593;-2.141338453869309;0.7783430808749254;0.7303650333474465;0.6545641841504103;2.665630562018836;3.5963698641050668;3.401895902075327;2.8574521632509198;1.0771627696775208;-2.38707022368013;-2.2947840005432556;-1.164965633182477;0.20898529487467807;-1.103924472928127;-0.04452474455243591;-0.23840568356685285;-0.5401041457006979
518;0.27241452670275235;0.8766868825849216;1.1025224752203777;0.2870809681590077;-1.900936513374899;-2.35337298597989;-2.7929348818962247;-2.7480649468007075;1.5017097824217758;0.6367256610010321;0.6814618916644762;1.5770730600859164;3.3894750108919225;2.993898183708286;3.4304568391375305;2.1698401848284825;-1.7856794594370358;-2.752392022651086;-1.725848352019236;-0.18159320536513887;-1.4274661591347448;-0.13683937611582664;-0.3324324717666407;-0.00830199744632343
519;-0.17301656876629656;0.6699008159668478;1.1214035637339994;0.8124990308321862;-0.9255659040536827;-2.0768738404358973;-2.899306956368601;-2.9539830643078835;1.6571844782149836;0.5120605877435702;0.6963889712624367;0.4561041149653357;2.311584341019889;2.4272644176888516;3.5032858862426774;2.8586469014450913;-1.3062921156679057;-2.710532286226603;-2.2370704283485177;-0.9925867983672195;-1.3180529831592496;-0.4422590952899623;-0.2896539424082964;0.4860323559899326
520;-0.21459998415259;0.08022187759068755;0.866966789759187;0.9861981642018982;0.2081774428064233;-1.4229694583908732;-2.201868308280377;-2.66156556375269;1.389796728816215;0.38357106037780414;0.37083377454769995;-0.351233086625708;1.1174869446523006;1.8323290179078404;2.69929162722472;2.676934429696038;-0.5909783035439219;-2.667982916224658;-2.5481339131312057;-1.6664012534664576;-0.9778471422788662;-0.759814518105136;-0.13704030153755628;0.7252815942160811
521;-0.450400471419761;-0.5622320200290356;0.4380642817742158;1.0327215802958358;1.0221642511461093;-0.325294183414874;-1.332557054245569;-1.8405075595424765;0.8861892723117835;0.3039943808472108;0.01617228250315737;-0.6874207133623114;-0.0452984664016591;0.9628879165961539;1.1432248539234837;2.1783650127769194;0.2641769118653176;-2.223583314676819;-2.73542227947402;-2.21419781376773;-0.7027041952711579;-1.0871548383223912;0.11108832005758655;0.591974060347764
522;-0.7667360978761106;-0.9935554099783347;-0.2323961564289885;0.788998215837956;1.4106661774037086;0.7850443514850219;-0.17563961705525438;-0.7700127326429136;0.6102149491709087;0.3022344876922576;-0.42106147749634915;-0.9365465334093828;-0.95991434811726;-0.07813603140510632;-0.31215088088584897;1.023640343515067;1.1339521034041886;-1.2126392017198684;-2.655524179283053;-2.344783931499166;-0.7824098631843397;-1.1964939572723174;0.19594485192246594;0.31270258214699254
523;-0.9929876432070476;-1.0504177993903623;-0.8076361620050836;0.46743871739150045;1.7378238019047976;1.600236784563422;1.0739071556511812;0.1636096560119622;0.3245283929601809;0.13255750922416676;-0.9404432026190049;-1.2451189533106544;-1.7375889494506203;-1.0807106524923098;-1.3337112469462984;-0.30481069463151467;1.6940144616480672;0.06597111568818805;-2.2684707032359994;-2.1360869287240756;-1.1032626793974696;-1.1581799773375974;0.19405392748365718;0.2819338489764093
524;-1.1374357343370862;-1.0350134080196924;-1.131865711273947;0.3000775278978483;1.868075875827318;2.5636890366466365;1.9793028848776353;1.077144016439438;-0.35136901841941387;-0.02824989922082079;-1.1682261456867675;-1.3427685238418026;-2.3641120819828925;-1.989604051227743;-1.9409750434738309;-1.3956517513247144;1.9423197365441176;1.2734688195245296;-1.3669339747111258;-1.8622544309262596;-1.276595876843542;-0.8722172883309609;0.004565027166207916;0.4620647140689664
525;-1.033525625049223;-1.1092129223446427;-1.1758323748659774;0.12454360785185349;1.7324480728120832;2.984149506092366;2.5733118032443114;1.8943855209775864;-1.0169374279646157;-0.34936300655898544;-0.9108289789906617;-1.1709606798863503;-2.592819814498231;-2.7344547579911715;-2.4710176635956267;-2.176798783613332;2.125477942511013;2.2886621046218396;0.0516881562455482;-1.382095285735553;-1.2273335122362095;-0.5074017199517895;-0.4647368773442965;0.5784240386883092
526;-0.6042849091616121;-0.747002019685964;-0.5781497825004474;-0.29851474344353834;1.1260734973937123;2.6725757197190263;2.890895945198687;2.360077844037594;-1.3791049895663288;-0.8196908808213612;-0.7193614770748499;-1.2237628070051598;-2.445956325168013;-3.1317000215040887;-2.5230917433430746;-2.354461152583785;2.0080568307082687;3.039805532039382;1.4434724985983842;-0.7901698702493002;-1.1123959695526857;-0.10612976169637883;-0.8820419901505061;0.5513908101437643
527;-0.14585919163672117;-0.191911377390823;-0.05199639631304225;-0.6736639454054942;0.13405998832161015;1.7168945386074663;2.5730447481919274;2.4676384293127036;-1.4821703079518493;-1.2083316527619745;-0.42462630994049616;-1.4134638456367767;-2.0192250719928335;-2.9438039188198766;-2.1084149543544735;-2.168078518076202;1.5993934124198383;3.3785470792701497;2.6314636413150554;0.10338415306165032;-1.0194066161186812;0.015751122874203164;-1.0094521010634803;0.04551188292693312
528;0.20583643863025544;0.2446381064530614;0.05463421057113007;-0.7940240391654523;-0.8573471181053843;0.4059956893394603;1.7439304377020022;2.2232835478091024;-1.3323925176750209;-1.254212786303578;-0.28883293300120044;-1.2200909984012787;-1.4216078480807774;-2.3443615016212855;-1.6153933367179056;-1.7536458054933888;1.1489121441567893;3.0857837278526006;3.866386320797917;1.4424786630733704;-0.3776227519016398;-0.16185808058314988;-0.8364020298576897;-0.4762670666561518
529;0.5546154732098223;0.6239061742822544;-0.08845246492521694;-0.8514093452818531;-1.6225788175808975;-0.8885181760725914;0.6686427382034754;1.538628350470195;-1.0598122081335772;-1.0456554841190902;-0.5675373752501545;-0.850570136355467;-1.0190951575948657;-1.541779353174529;-1.380246321283941;-1.2145772359073288;0.6897886562470544;2.4683406440376716;4.370559785489612;2.5866677673549785;0.7399651953210528;-0.14902186261794176;-0.2246608387263373;-0.7965746917819945
530;1.0014469651592255;0.7066819764602753;-0.034742515470839036;-0.5668622803775428;-1.8338520858340477;-1.8753164752980351;-0.5258703518365111;0.4961597559550941;-0.9533169914251282;-0.7851779002680361;-0.9174703734534364;-0.6412252062329155;-0.5962252144650717;-0.667157659722299;-1.2180136211593584;-0.7170035072021103;0.32839695851048106;1.5656921903569807;3.81796664995813;3.6772817291300606;1.780427891832772;-0.007732338161426481;0.256962437111536;-1.0341856698366052
531;1.193515866065001;0.6540137787045822;0.19093585676908126;-0.17947005623499446;-1.4595679682186071;-2.528269075711969;-1.6026327377069336;-0.4851833858770549;-0.941719168767025;-0.961698647005615;-1.3420060755074794;-0.43308625794196026;-0.1651637384611411;-0.09182881109494605;-1.026648652490221;-0.39775408631666537;-0.08402409463705676;0.6163897639389477;2.81453304054104;4.46046438882011;2.4327496168720235;0.2551061737684772;0.400630649459045;-1.1380669995134738
532;1.1641821601681726;0.6662812451163939;0.6425383319995257;-0.06238474282914772;-1.1086973852243351;-2.622588105088817;-2.4637511641062915;-1.1854787860282925;-1.0423367136206003;-1.2281016462067746;-1.3798905010888238;-0.23552116976260912;0.27904560632159975;0.24399484043585704;-0.6670808575195959;-0.1967985745362533;-0.7941434643650924;-0.13887367286745694;1.7388757038359273;4.222998245649116;2.767796199044076;0.6239827099958465;0.3276227215369608;-1.0605074428547765
533;0.8789327272506996;0.8460999070964759;0.7641658915141714;0.09679451671197438;-0.6445713279957818;-2.1297966988230423;-2.908947505526047;-1.767105331716344;-1.180344078495015;-0.9853927651864566;-0.9190730775974115;-0.12886760541538242;0.7730151437776711;0.7770620355985475;0.2857409288010908;0.09201286674390131;-1.1869914536234745;-1.035574873001591;0.4933959313836344;3.2806715503197577;2.9974858276797867;1.2885711764643568;0.19145952667819768;-0.5796215275483249
534;0.2181061290383879;0.9531657327333575;0.7018709505533414;0.2595873312787709;-0.2244183557943279;-1.4620515593081578;-2.7234904100081616;-2.11740705155091;-0.8964246752940215;-0.5957279348164523;-0.12816672799246928;0.23793929169871336;1.0309577453717471;1.6558558411123023;1.5207595260547973;0.5506907925689819;-1.199516467964962;-1.7575987956324117;-0.8376623559779516;1.585725187623143;3.034520041198055;1.9165617213633854;0.23603405992434856;0.10288042060423501
535;-0.774236844326108;0.3955888369477376;0.3255909886592073;0.3234276192484185;0.10672941000259485;-0.7427539923724794;-2.1408802123675974;-2.5597245760143865;-0.1350521062069617;0.01473423276232234;0.5883980918523678;0.7268640569470699;1.283371799908319;2.338024260069506;2.4267776105787893;1.18350658982578;-1.278836525117514;-2.123090062574904;-1.9084061858755441;-0.3810855282914471;2.5756154767695616;2.0350612988762338;0.5092653827773314;0.6822936276877823
536;-1.567193727964476;-0.4811842497703052;-0.04979631097646263;0.1072733500202881;0.18443987216751348;0.08048042295067556;-1.3582384423444105;-2.315482941455758;0.41688753854544297;0.6337227760692309;1.152738499370553;1.2716626957124604;1.6037319065940225;2.3634921531388735;2.7169187368786356;1.7883169858417571;-1.1482214602361451;-2.1428767572954737;-2.6327688850094333;-1.696380500341966;1.197369183724784;2.11860656384162;0.8021444395902445;0.8391440916744984
537;-1.922632150378794;-1.2430009126628607;-0.403906386533915;-0.2825004449393973;0.2870501030686287;0.7371174489573133;-0.2091258796859824;-1.4160487070942902;1.091741785365;1.2087785992767057;1.6908999549380819;1.677024222964621;1.7692283865009684;2.0844893097745967;2.4954037868896304;2.0764010156812884;-0.5912918808852512;-1.7677989994825096;-3.018243535661752;-2.5647469870026063;-0.02455821453502586;2.0945592849578536;1.2846091049418487;0.684438095518003
538;-2.0770332489266496;-1.6358879899980032;-0.7943417445271617;-0.12736294324035538;0.5534863525604411;1.3325859445732622;0.8723817758404937;-0.4202253315092315;1.6995640366112699;1.6601577448052853;1.795424076367347;1.935896844944696;1.833108092271054;1.4936421599023288;1.9077142189807972;1.992828259356027;-0.03669825397597909;-1.0663574766718646;-2.9320867530828436;-3.2546474137526893;-1.0608718530797208;1.5752369627314717;1.6292588652085593;0.7063150232888489
539;-1.519831152478645;-1.5527813229153549;-0.9643818436827261;0.14740682902477042;0.6705303673017112;1.4845706957695306;1.8063929594366062;0.6400085632150636;2.384800419931744;1.951084626141198;1.8612879838585858;2.22051515427771;1.7049616377784536;0.9263035538013602;1.25639462707736;1.5033541198480416;0.11044678054643577;-0.39574392422142624;-2.251409438832696;-3.428001338487381;-2.1313312311177173;0.7138161155279522;1.7658189545839376;1.026251679621197
540;-0.5244902295670535;-1.4168013332095923;-0.8458662996231635;0.3683959238067594;0.6517990349481364;1.1420619369238842;2.143819939196512;1.3430802044950962;2.930457944026147;2.2686727145378422;1.919280189887927;1.9682377163413016;1.394108444777743;0.5171164777036386;0.4515461001912899;1.030934768618724;0.10571679856937928;-0.015103872211105408;-1.3444362018130565;-2.940754904470889;-2.7181041935473713;-0.2672728011373388;1.8799928043256628;1.470226603070731
541;0.67811712716045;-1.1778061926285643;-0.7161118409219781;0.1941685694401986;0.6675406298501759;0.9524857620412671;2.2018648746173355;1.7188059421955577;3.1309079090025937;2.4588823046331627;1.9119164609124877;1.4194265233693495;0.9838264369308025;0.35236506075951507;-0.19739534778329365;0.5995608198580714;0.06037906240710371;0.21557762436176908;-0.41298247341602756;-2.0254032664645565;-3.103062968274343;-1.3215113897500732;1.7177159426305573;1.9918400455818197
542;1.8882868551375518;-0.46113140602147656;-0.5348688284474359;-0.21532728362751666;0.782365483299621;1.0775548883211084;2.033190510308734;1.945202314234234;3.0377306053646898;2.346558040985119;1.6448106244008422;0.751875564235665;0.564216731153298;0.37434462778841887;-0.24107714167793456;0.039711490014563096;0.024709268884683125;0.4965046833619494;0.22291851743846688;-1.1442612818208702;-3.1617529977519525;-2.1451295205924654;0.9319523957460778;2.26712402059233
543;2.5220117397550306;0.5599310072940807;-0.27172686073520036;-0.18259481964526117;0.757511412764317;1.1864918101803354;1.3487919175497032;1.9763099113212443;2.454806339847839;1.8467233418750209;1.064399934114557;0.060992325196597856;0.09171059868703547;0.3390450950363616;0.020108463872604232;-0.5833448011541813;-0.2890522002428848;0.38963558371093204;0.9302736596554232;-0.32066657265329696;-2.5669581602398104;-2.5611858656382114;-0.28160852215284704;1.9944528605655063
544;2.7572216149635134;1.6625935274184365;0.2617620817898479;0.028487733170397385;0.6976265402540026;1.0438827239059865;0.6309280563822856;1.8544941647259965;1.646321094603585;1.2503934068446705;0.15628312252308502;-0.47491639628138693;-0.5530780847843765;0.3244771989251564;0.05748472929439143;-0.779696436731963;-0.758180364294302;-0.03402554211193987;1.2712535754643546;0.3685166883161233;-1.5131610993457747;-2.97478262964498;-1.6791799875314033;1.0274645365881032
545;2.4510681241743444;2.652107537522563;1.065503442122881;0.378697511863479;0.47966602649906637;0.8284005313965029;0.33360799561366006;1.5064220254439618;0.0642640582310988;0.19320130769762187;-0.7007420297037905;-1.031443854433163;-0.8940758219889748;0.005118221169609207;-0.0735489595715834;-0.7897756557776195;-1.0910904595527668;-0.4960194062461338;0.8934905901814084;0.9878099579982179;-0.5449110027333718;-3.179974652181017;-2.9527570687214557;-0.3724608886205536
546;2.265027760070881;3.37014596125744;1.8190519426905012;0.6913741616974709;0.2106460121393818;0.3448243964629356;0.21227588528951236;0.8039683273361427;-1.6331837124647715;-0.9848340589144794;-1.1394883006725856;-1.2010973997803023;-0.9654602786921452;-0.8479090698002649;-0.5781241715084603;-0.6028766197385838;-0.8543251617304553;-0.7016140687403465;0.32259131708645883;1.3357439202130128;0.2945926522195309;-2.78983832450794;-3.8469598490385897;-1.9633352047386958
547;1.6804813484075152;3.5469994660793973;2.340069997911977;0.8910638713898011;-0.11391432140101394;-0.24982664241785024;0.08749149303943816;0.12379780679890028;-2.736883295984533;-1.7621834165699182;-1.47187255037526;-1.2145135722967695;-1.170624600901772;-1.4491121344079638;-0.7786864266937742;-0.20325198457116475;-0.25780344480307155;-0.7015275126769016;-0.14140739582212658;1.1702766711482582;0.7337566346031201;-1.7173051013203742;-4.17049174998184;-3.2995791093011366
548;0.5760645995684678;2.8453620269769027;2.4926602677487417;1.1385405963397999;-0.29627266569569877;-0.5884925656792651;-0.09664661431931129;-0.2765034578518151;-3.2114644602456752;-2.4432109158602717;-1.7134900578292198;-1.4236954354151734;-1.7248575539365865;-2.062160087228894;-0.7483533747434399;0.03350128704081468;0.20713699025010604;-0.44614228683175755;-0.647744836747957;0.8669416324671277;1.0458906913703692;-0.6006800093600833;-3.6232482697282125;-4.146907736468836
549;-0.6179623908572044;1.4975884283987166;2.305536072423736;1.2291403267796046;-0.26157677414616276;-0.6725693256202367;-0.2798134220339555;-0.40974693197520073;-3.0858550865207754;-2.811367545075336;-1.7387907369127122;-1.5640053227563104;-2.1526153467673197;-2.239890808719307;-0.9154751308086719;-0.0330907184735596;0.38441507995973545;-0.1868237586385572;-0.8225339662101671;0.3640225411593618;1.3249555345594388;0.3254218213415654;-2.3881495029134454;-4.390542864304364
550;-1.394009861128585;0.0580358391672598;1.7220613028208034;1.2733813150761943;-0.14078312751464642;-0.5940213058284738;-0.3299047048416431;-0.5334462384815959;-2.9906454522670067;-2.7394557025485833;-1.7411047132109265;-1.5592290432261866;-2.001977396182573;-1.859995580429224;-1.4310592246711937;-0.5796649554718782;0.7027741582783507;0.46074334704160985;-0.4794318154848328;-0.3888334949605489;1.3009675177211801;1.321534756574681;-0.8750696224701311;-3.907567680190532
551;-1.6217781445680952;-1.2644004886737918;1.0042021787266986;0.9921313329097721;0.30217521129894065;-0.4936692578015623;-0.4364184616271711;-0.6273707962676018;-2.920474762264429;-2.353919075751018;-1.5776676114591128;-1.4096453753898066;-1.4883501417914817;-1.5553801066241095;-2.116947460001026;-1.1099980438974717;0.9326630024732661;1.1520750728479;-0.014549010378861386;-0.791168712163329;0.7700254005901315;2.08343739296467;0.6242425854370022;-2.7184220263366843
552;-1.742819726023991;-2.190978006430883;0.2465729239172873;0.5494229736448039;0.6493850053108849;-0.5379953027943138;-0.7486776414452871;-0.6483747345428477;-2.613562308742585;-1.9904940336869865;-1.5043228377116464;-1.1994731656952227;-0.6979658046210698;-1.277299937285157;-2.321713458210994;-1.593947533455972;1.161419963249414;1.4106527112630864;0.29499310848642923;-0.6903251448557497;0.18504097093102628;2.361230682531254;1.8224631703182241;-0.9518202029470516
553;-1.7641734622992056;-2.7985480691722677;-1.1725757008137248;0.11423547311112321;0.44327168183613064;-0.6639252436011309;-1.2941452356151215;-0.5700357366496615;-1.934343333347761;-1.6073404101256332;-1.1912430750070064;-0.682207537295445;-0.03486184577766354;-0.7466338134845555;-1.9739929988411795;-1.9360874790743385;1.5899815101872001;1.3302185374425022;0.8122924959219132;-0.2887797986351949;-0.014063979275561751;1.969307468138575;2.6051815790118504;0.7886935215166861
554;-2.0680488105606947;-3.02799185177723;-2.5479406843526875;-0.5809090097006638;0.055249977114073305;-0.5998422892165678;-1.6953215097609475;-1.0457503779161568;-1.0525273678209255;-1.0930358834022733;-0.7624081295162634;0.025395704167643987;0.2876023194450436;-0.14589793328189035;-1.2143818129534718;-1.8709129063235292;1.620784037037493;1.1011831954297662;1.2927438048395374;0.19817920026726307;0.03360109831618251;1.256512220178753;2.9065465588385813;2.3909821849179145
555;-2.429499380510993;-3.0489863746785475;-3.7831921766462346;-1.4514288626281229;-0.48544679027741444;-0.2783913531677914;-1.6338080065707794;-1.6130642712311394;-0.049853136022576156;-0.39307121193074424;-0.32900581865642414;0.5756603006611408;0.5060690371119732;0.4410958434017557;-0.06783773451339428;-1.4610091712789792;1.0818308688723837;0.6537596645461222;1.3876024442845547;0.6978500967775546;0.05166078374135519;0.6575964897217484;2.842915678599283;3.451215756178529
556;-2.756010539908872;-2.982310066288936;-4.395162714360245;-2.192752920853618;-0.8850899943001806;0.052790126015417785;-1.08820508879096;-1.7429128237375264;0.7427287348790684;0.3523706250537253;-0.021200278068393533;0.611302435541437;0.6996220757699121;1.0877304276291384;1.0457349564464946;-0.5992809938316408;0.5868775915364538;0.15001731128120277;1.1644916554649272;1.0108450511519202;0.09512724528755112;0.2217287136576853;2.333314383970197;3.739361816584932
557;-2.8551537401876805;-2.7201587406151155;-4.034103592505902;-2.7439106595800755;-1.092567269965978;0.01519441527425848;-0.22772521610650343;-1.5911224365023244;1.3532125925986653;0.8704497307134454;0.311249338862719;0.18002271127371428;0.8400225648640373;1.5091138052755957;1.7977928147069113;0.32665579210718587;0.17142678775963388;-0.05544107327511389;0.8977733793174292;1.413668768945919;0.1719989764179303;-0.1944907721101708;1.5159981061717498;3.3906110073588955
558;-2.4144596449007065;-2.32471733263205;-3.1894035299255727;-3.027345520084224;-1.4888446909990058;-0.4207871179061065;0.328296561407381;-1.2855885558898505;1.8795876438075494;1.13704052305148;0.6113370764334544;-0.03381237160152944;0.7526476518595764;1.6989881864426535;1.9260430868643172;0.8701179860661856;-0.04490251178267565;0.2531834655426259;0.6622812607980266;1.7164765634217558;0.447073118563984;-0.4468012398282315;0.4593435671791868;2.5039093263615215
559;-1.6088354729657983;-1.7052920247171324;-1.9323853534612783;-2.9902393245323036;-1.8627857254267994;-0.6604209145985965;0.5226026912537816;-0.41134398351202667;2.2246733137051087;1.2997987147907328;0.8299385521101513;0.08772787191442373;0.58429124463561;1.3697637394538504;1.7772273315575975;1.4554966920915613;-0.1648220620070811;0.8368807972761961;0.3969963088336327;1.772045762521951;0.9167210840122961;-0.3430167242433172;-0.35602052366012116;1.4410209325878116
560;-0.3908413442986009;-0.6710076237911621;-0.6004538954802886;-2.851868624081074;-2.084692302020597;-0.7245616041068944;0.5985467153896485;0.4755563299151121;2.33028645257777;1.4746425590969348;0.9302746168451667;0.27538525759863036;0.35763764190285;0.752503864631855;1.5283291934353977;2.108428246529624;-0.21954801851534772;1.053057698015821;0.26570739417333283;1.3225772870931356;1.4543049207301535;0.1551840735512171;-0.8544708318541825;0.4349951754899416
561;0.9955273963253249;0.36996314311622647;0.48925789173305356;-2.184927776392304;-1.9651739995908348;-0.8187608495149871;0.4995160161522685;1.219712432981363;2.2148395588516094;1.709276151851754;1.141164753657408;0.6315697923261137;0.1274323114411832;0.26648112945153896;1.0737803396794772;2.550284679903676;-0.20212286364861698;0.6529009689829401;0.2611886629126409;0.551568678155529;1.7812832829521805;0.6463805329904425;-0.9898485996030896;-0.2486610128712213
562;2.1937240197829126;1.2901293648699783;1.2852657586510021;-0.7174213600007063;-1.384365885034833;-0.8654251532138608;0.33196105265566217;1.849073512921654;2.057262741131017;2.0099865579906;1.1884861156954822;0.9433120399119802;0.10942515143509905;-0.022678420644409582;0.7706100007546101;2.4019865677859458;-0.4499322770887855;0.025425229830073087;0.13789389955689194;-0.08559157052122585;1.6542346262121552;1.0537884398052741;-0.8505647996011769;-0.8964674008924853
563;3.2019850760883504;2.121757034803355;1.5741469006275328;1.1994903486075428;-0.698518179089668;-0.901609194478016;0.17479641318400008;1.8232247757724644;1.7667839390067406;2.091954318778608;1.2978738064874122;1.1507348791949912;0.20875698191808684;-0.0801461442067614;0.4073548893387848;1.4782291559897487;-0.9095456327901739;-0.4896114973491808;0.1954726912538787;-0.449112048250045;1.1056283417994932;1.1667876547557994;-0.3030674833451966;-1.6427361173553532
564;3.9763532321312502;2.9654664077494908;1.9812000695397651;2.6304783723182488;0.02736752870844294;-0.5977837990039057;-0.15434940670386693;1.3238795113496336;1.429809839335352;1.9055641677849735;1.5815474807158896;1.1534933244576795;0.513480162647876;-0.023114607750170855;0.027300457804226;0.36706483107209714;-1.4243056882739173;-0.957421853868884;0.23761982366680454;-0.7730445908765827;0.1761549557412739;0.9971982678104097;0.33972775020785334;-1.7975892138824938
565;4.183246858746243;3.5302663917939077;2.4863774452929226;3.2815484075716292;0.7144893505657577;-0.2086711883095048;-0.7715662590367451;0.2976660137037126;1.1470566084815017;1.6132577213079577;1.8470322681984694;1.0840706307773744;0.9756691082455269;0.17413964124803383;-0.4369995488965106;-0.43920940946938536;-1.8387840338876567;-1.409346304305949;0.011413832315339316;-0.8897515725867514;-0.8129066894210457;0.8053114978846962;0.7875610243081113;-1.2363728571506407
566;3.989746074011817;3.6350880275835498;3.0372945363254895;3.245385521255213;1.423927549523996;0.25853962131202834;-0.9662844931058727;-0.8162936524343573;0.7480453541250025;1.1779666094708088;1.8942152156154373;1.2637587737710263;1.187477519218058;0.35154643336070457;-0.7102801557612325;-0.7780758406394284;-2.0395690271862708;-1.7852098004481272;-0.8743404887372639;-0.7575772954294334;-1.4387166340159427;0.6059384551003508;0.9347116290466074;-0.34435446811599774
567;3.600452710443302;3.556796778889371;3.3638160688749323;2.7209439242755273;2.2437161760927298;0.5088620480335384;-0.4876245360472507;-1.2473118789094362;0.39386327123575166;0.5709021793202036;1.4244311067176199;1.5860882472784132;1.1859776049087638;0.5734489707857443;-0.5040419723750683;-0.6409977598839159;-1.785976710836562;-1.9856109395220214;-1.8958569163409138;-0.5353330474126773;-1.7353362436577366;-0.030135858588395438;0.9859353198972606;0.6996058958864944
568;2.6882453926174525;3.2703072544020237;3.0824043697781534;2.2215924497827975;3.0768236371072564;0.8533722713423844;0.12935423660369194;-1.0239913650299954;-0.0008902873480902485;-0.04833951167416858;0.9033095072476591;1.4292438304114157;0.9279144348255897;0.6647767186336021;-0.1520798963374798;-0.7335998311648199;-1.1495621465189378;-2.0047129828281696;-2.7024926016142157;-0.6620750152354784;-1.7288509376033248;-0.9169048054644378;1.1372155535448878;1.62198990496138
569;1.5762654496285617;2.6643188255592696;2.4920034142930545;2.012851478665567;3.533445753195327;1.49632470107097;0.6130837434224282;-0.5305176003613359;-0.4470596043669923;-0.4015709438649781;0.3934893167441373;0.9093927568918648;0.44203569513229524;0.34075514640328664;0.04829497616194322;-1.0476361822253055;-0.590502447895622;-1.8972512072145162;-3.0209177623657153;-1.2899636331860014;-1.5145260085453527;-1.6653824526743917;0.6765180272308214;1.903297663700601
570;0.4803671922664816;1.534093511383274;1.8468158024962806;1.895500940180689;3.2847230546917667;2.2628849382076117;0.8485534743598776;-0.18284464670216272;-0.8144738630261728;-0.7473049921791801;-0.452945930398326;0.1519484212964329;0.146723469531636;-0.030661183618635374;0.12795692152144789;-1.0118924668003728;-0.22759676497878673;-1.7035480760858916;-2.5963283617560293;-2.2089058955987033;-1.0417530182948862;-2.1428140956271324;-0.17195511776307867;1.8273210056544371
571;-0.6632282505354034;0.4063791917804258;1.0932237557450242;1.5826548675705174;2.449860225546901;2.561226881954114;1.061766777996862;0.20755211668298687;-1.1838975209519447;-1.2437708091121988;-1.4111959528245739;-0.5584011473357221;-0.09128740233798535;-0.16066482563928136;0.24750599543814242;-0.5421267896816631;0.11242416456387906;-1.1046964199529772;-1.749212207181015;-2.6222573780063625;-0.6360549494611436;-1.9894098029851366;-0.9956536833946206;1.2067598801928667
572;-1.819800048022227;-0.44051868608075867;0.674682310520407;1.255565092160598;1.1000959686489606;2.355958681009014;1.1521044477944344;0.47577409474528065;-1.5671976592207801;-1.4845341578030764;-2.0780278043556097;-1.1812803947048425;-0.31085115902572075;-0.07436292869782964;0.20639935553598515;-0.006065550813903341;0.690521166351273;-0.18461351397845308;-0.7562895817809421;-2.2307698779863765;-0.8299950030285657;-1.6089380340372026;-1.5661766655712166;0.09916668957609692
573;-2.8235327373955954;-1.206888686843458;0.23522223743490214;0.829033197362454;-0.16877295588056623;1.9736887716722196;1.1311721203508345;0.7649948580199174;-2.1589250107421583;-1.5207287841841306;-2.1475365315535564;-1.7482304458501234;-0.5193871526749988;-0.09826244292937986;-0.1211845706329016;0.21780669097314906;1.6006547264748567;0.5474490348699916;0.2443934316574991;-1.6035545756838552;-1.3240482996391192;-1.342920868150721;-2.243505310847569;-1.1012674555322375
574;-3.512963616590645;-2.132705056329322;-0.6242969294308098;0.01783249225550895;-0.7427390314032264;1.3628434580628888;1.2642256778503196;1.0424359386806008;-2.4548882809604025;-1.6481648045676551;-1.900960653229434;-2.067156543564996;-0.9420053837311542;-0.09756807075902389;-0.47700582939395597;0.3605005784194752;2.4038796401141784;1.5245670279310368;1.041368802626453;-0.6049298073516646;-1.4600393059144972;-1.0404506477517714;-2.8046640796079023;-2.309251358338734
575;-3.622621282236404;-2.9857785613097243;-1.6017320831567121;-1.135746787885259;-0.7433962079174037;0.5660783325168838;1.5415430016562728;1.2440446969888443;-2.2939543258992225;-1.7116531793094238;-1.5351082298497754;-2.1286537320348873;-1.3821678985632295;-0.2759906637891344;-0.44713064284090587;0.7779557865915709;2.843141795318819;2.6960010333541287;1.5175444423975906;0.5457413656555581;-1.320348504504982;-0.5414482952928017;-2.906942572167943;-3.351890120358578
576;-3.5132730035769404;-3.4735788056708445;-2.4757558217702016;-1.7389185351103722;-0.4948260164836655;-0.24219858665712315;2.0369704777395596;1.5421218699507382;-2.0213093791835512;-1.6874455782103879;-1.305719212479574;-1.7391144784500407;-1.4851628521007845;-0.6539294024262421;-0.05984370850370683;0.8782648177765372;2.802213900136442;3.5007625213762767;1.899341912240666;1.4106972231687271;-0.7927637683647509;-0.3003814043061335;-2.4395393357852457;-3.9116679407067254
577;-3.1965368996614423;-3.6560718468624085;-3.24969718142789;-1.7681837118212063;-0.561406157562938;-0.7521624317088553;2.0369670942188276;1.7472549141861358;-1.8079438854613297;-1.7826827251022501;-1.1823468395365266;-1.2385791547371756;-1.363699872101151;-0.9667978500661035;0.37821173223666166;0.2928981497855102;2.0123958279265897;3.342462127716811;2.3700245067054144;2.102652522063261;0.015460974187968199;-0.4027465976372612;-1.4303997006965399;-3.752651919463195
578;-2.9651646855551226;-3.8046600940568425;-3.4773953430321503;-1.8189468384987892;-0.7388867183129075;-1.3481407999558745;1.1850548063306088;1.7154067317180806;-1.5343243622111653;-1.8005063187105927;-1.0076434320941385;-0.9522560616091789;-1.315320361912478;-0.9954341372679372;0.49325412613589426;-0.07435348704395552;1.0221329871250127;2.6748467683864794;2.67319924934093;2.4584378483194294;0.9343634970593068;-0.7364029129241935;-0.16274751009927815;-3.0149523071487954
579;-2.508965668301699;-3.4276053781411835;-3.349111987511309;-2.1851086165076943;-1.265742292261107;-1.459441276186388;-0.21280230791949434;1.3485862497341934;-1.0730357660080654;-1.4410131865432796;-0.8028557701080006;-0.6187952266308234;-1.1779460302244333;-0.9467574456611987;0.010922593289249943;-0.18071043452391858;0.042963831799462844;1.8184216875419001;2.910670069798513;2.570381516429558;1.9283440767661588;-0.5142175162514222;0.5597862456794639;-1.6968623781344472
580;-1.635449958268;-2.567287884784754;-3.2884615467765697;-2.855178088801021;-1.9192813553516523;-1.3988098794416584;-1.6176024517871435;0.830673845501374;-0.424573123985083;-0.8372274430320583;-0.4621589169253052;-0.2916385951920772;-0.962834874513507;-0.8575529843767256;-0.6060762076626598;-0.23506836831765687;-0.826069702071164;0.7702850630781121;2.822542000317452;2.6041163238395844;2.7066133569693696;0.406514742561884;0.9650951311634355;-0.12046361274932633
581;-0.45197670948310353;-1.6359891445307346;-2.9858408281087114;-3.4136598514956957;-2.389866280913836;-1.4365364857677292;-2.595577539798041;0.07383348631656478;0.5005202528500429;-0.13653421136280966;-0.1249223470423627;0.17426014928039152;-0.6077792022895749;-0.7196114026582358;-1.1945504279912873;-0.20878726829371572;-1.458562000350472;-0.34556034142696723;1.9989409417267248;2.2038145762655827;2.7640466926280722;1.525580840990394;1.2136871217556766;1.3756131335012562
582;0.640464888708822;-0.5142684753924429;-2.5184249485016115;-3.394340453470811;-3.0213454707096004;-1.6381282392202818;-2.9618193069928886;-1.1103955055571426;1.4896209598065109;0.7511332220947691;0.1887308046754678;0.5565044929045248;0.11748551908435356;-0.748456264209091;-1.4994694203324987;-0.5844189362701276;-1.6613660534003054;-1.1092327173109984;0.7134258572702471;1.6183640445600616;2.4183275206693264;2.5965411242187098;1.3990182200172432;2.656699940919914
583;1.5975939640740664;0.44533565304298317;-1.569730542821639;-2.9535046790797694;-3.2724195281722572;-2.1601813679728448;-2.8456125881279495;-2.3779683152377715;2.389765449702099;1.4415124386192633;0.3186868147701577;0.6916234749931908;0.6871146303763235;-0.7068715773638613;-1.2614287098870345;-1.0157213091036579;-1.566597333587163;-1.7906130166581558;-0.8694957849735806;1.0085425535624362;2.149662331997629;3.2265365790546854;1.904405769463462;3.333996706411076
584;2.3253959359149805;1.1020608692988079;-0.2744446618287604;-2.173445955786845;-3.0074449327651784;-2.854963184533379;-2.5739960526210783;-3.3908430200817063;2.9993380764230713;2.147250884108416;0.5233139430455412;0.4252633268890293;0.9384889519002376;-0.38175041508800334;-0.7632011160286502;-1.29789980655407;-1.414979412974291;-2.501836665048473;-1.9736997544206991;0.43401785782750385;1.8820867673858637;3.4163672672603527;2.4942763500482674;3.420129016943666
585;2.571075385188016;1.5948124240985528;1.2300079090203366;-0.9273299710821626;-2.4690915217932994;-3.0220991423341297;-2.3404827248866615;-3.849754460819022;3.002756695605165;2.6006005265437766;1.0113419592470225;0.17143019870863854;0.9494774530480553;0.31876105623934103;-0.5224094089400926;-1.5860894598285098;-1.6755751524194658;-2.9426728456273192;-2.556600166505426;-0.37815869049749273;1.24295221511012;2.9917487395603137;2.946056136955367;3.1307391864284186
586;2.7119450761107515;2.3786125910116476;2.4708166970612386;0.5668649939271109;-1.4083204117740318;-2.6976025305009004;-1.9919567106174925;-3.5856251082569255;2.6682095340999856;2.4663924795578547;1.7655627007202253;0.4999559547817684;0.9140669616289292;1.0845828755623002;-0.3121433075379726;-1.449399228397232;-1.7766018803800137;-2.8085325475478107;-2.7586527221993133;-1.3958778777318328;0.20447983790870666;1.9939041421314394;2.9553662636707827;2.552256025491963
587;2.809120698710786;3.079779242581439;3.0489704417737915;1.9022388330270652;-0.12102118812965716;-1.7086851194680592;-1.3902839489513301;-2.6378913856132935;2.1380949842536445;2.065244953260812;2.384854405089915;1.1190829632686965;0.8250017431790925;1.2662529150614505;0.12742046537616575;-0.7454263651376968;-1.6595471222123832;-2.1291206309377317;-2.9068530583204955;-2.2678461262854137;-0.868192502227929;0.8977094897113729;2.5085550107703543;1.8566229432235897
588;2.6808454598714633;3.2921046691729217;2.9760514077357563;2.89773419484813;1.2401502624655325;-0.424575889445428;-0.5632664595634805;-1.4207859020616602;1.301369029898156;1.7885264827193867;2.403272686090238;1.5743481083282824;0.7570428047053297;1.213322594961769;0.6660013683419893;-0.09153920301763255;-1.0010061102596073;-1.2210893000651861;-2.592039378120728;-2.9569148365978752;-1.6361233888098619;-0.3289748826118079;1.62108303336156;1.4484736544027839
589;2.2799621279830284;3.173095380018671;2.9450572504340733;3.6401201111540846;2.5351406534500964;1.1654499479727733;0.022608138622167276;-0.22329751878023943;0.482743667690384;1.4606268392300013;1.9776753266225051;1.5119642222473568;0.7311224258341716;0.8817358757230138;1.1820071026685706;0.6032725585012384;0.0852531901940989;-0.3086009763608002;-1.7884446148499547;-3.1332137962168876;-2.32432681240783;-1.429831067852909;0.49522359320561976;0.9708095067629491
590;1.5180540053543763;2.776464119959775;2.9688243380517374;3.9302603610009683;3.537732165751395;2.4251496658334277;0.41112245994703916;0.7290573059166761;-0.26710451235912896;0.8826466302773972;1.3123224847231958;1.3526282847050155;0.48033333873120765;0.6066327597165765;1.379884845791624;1.1877901416687227;0.9631692035399886;0.477703872834485;-1.0607435044066598;-2.5776161787558958;-2.8712659478772746;-2.2641252616918193;-0.46789202356626863;0.6113671465202283
591;0.6587211023665569;2.10482491220247;2.9630255742751244;3.746962833899954;4.093747589132595;3.0591299776294005;0.9291346955102867;1.059879870420184;-1.0496486129990683;0.02733511881622208;0.3947891427518528;1.0838866344489142;0.08379975285531577;0.5392980622035699;1.2759652269550907;1.396891741865794;1.4642164184156141;1.1480333856420244;-0.15748873909507155;-1.5734726129398484;-2.8316047254577223;-2.919526911294304;-1.4961195164035557;0.11283222212336326
592;0.1111648543710944;1.6547791986409692;2.5964073051360774;3.1731744605401064;3.9840599058140174;3.29624223540074;1.6722370018287296;1.1445703309434214;-1.317972309962251;-0.5949724730802312;-0.30830252407978337;0.7849009525294706;0.16504046198089;0.4119101499133971;1.377023397300568;1.5777026067533;1.6909323408093218;1.7556687991980524;0.9869408697138331;-0.540389914224523;-2.45107737327115;-2.9737349629266556;-2.508735695724754;-0.734005694794762
593;-0.27358736568134534;0.9251007070038618;2.002384850016319;2.0918020747301154;3.198988323684538;3.1919620934020427;2.342557801079641;1.2334325789880598;-0.901675866148183;-1.0536859383428037;-0.7857075939972328;0.3202779740612908;0.6619291722666655;0.2178368468555328;1.137895665901283;1.5472833918044053;1.8687031439014548;1.930657515373278;2.084562771104945;0.3156328060713948;-1.5107840012708251;-2.6017895162995073;-3.0271742496966874;-1.338169462748014
594;-0.10867202734008465;-0.10015004346707668;1.0344651011030173;0.812875790194563;2.0431089086970244;2.711999619295695;2.6891511179685494;1.126820949277975;-0.3807124776058573;-1.3938867039875866;-0.9234490948710906;-0.38323159049677247;0.9113923530242133;0.08918290054291773;0.5677456846616175;1.4506346090069848;2.010816887940728;1.8767064092719583;2.689072448122226;1.0157178538802294;-0.4986621683939281;-2.068653346882844;-3.2631285031237094;-2.148252683286403
595;0.10608672603186171;-0.9559571116649044;-0.13347725644654515;-0.00047035891150925115;1.0094997552819518;1.8317941604297971;2.4307415942784667;1.5223010662940444;-0.5175223284263066;-1.6383083415376674;-0.8770143136374265;-0.8959897523932193;0.7698284307119426;0.15720341411795988;-0.19079870530298523;1.1174872135705272;1.8699533558915584;1.713025666574102;2.367694159790261;1.7532988847423754;0.2947310815132943;-1.1894967251829809;-3.0644155477252113;-2.8168684773950634
596;-0.2126153115176258;-1.5477368857786644;-0.9122057462032751;-0.11088431920110776;0.21234248404617856;1.2232832275593808;1.8265799377911056;1.8985586931918874;-0.9623554229257651;-1.6136608900657101;-1.0194788073602281;-1.1926403615993348;0.28416460152885936;0.2035669289744209;-0.4836792551965024;0.7205326187639819;1.4735300411016217;1.3391461873974972;1.6917608326083264;2.277065687692248;0.9964413677052104;-0.32195058938839277;-1.952440125700247;-2.9191452214062124
597;-0.9040386698404163;-1.8362856958386464;-1.5181958040805443;-0.07849973253577319;-0.31171266935059827;0.7859608105689289;1.5652570904461143;1.9044586230137073;-1.3973210039832258;-1.288194519432261;-1.1118057879902308;-1.0301587750558725;-0.31213659699392227;0.1427230518192518;-0.3622023171797109;0.2590698426701462;0.6663199656888393;0.9051513289752625;0.9795932119047109;2.0427195864919736;1.5506517575329328;0.44518216196395105;-0.695881106907052;-2.888016140171692
598;-1.5307375901514004;-1.7810275258830488;-1.8331697881348366;-0.5363561390197014;-0.639193888984527;0.36588810157491686;1.496726891731244;1.898403223150952;-1.6908312718969594;-0.7906750729647455;-1.1006026809137461;-0.5778238155852365;-0.9125521197147319;0.130755677560005;-0.12768004991935003;-0.39153512434098786;-0.31072538128296057;0.3890546963609592;0.45582187146091474;1.5964377945044694;1.7652341667711553;0.894233887411371;-0.01198837557636076;-2.5374501352743777
599;-1.9916920259836013;-1.3553375020178524;-2.074533420100929;-1.3382582886252337;-0.9665247340566119;0.15855434945070196;1.255640800804886;2.006853224521346;-1.578044014364706;-0.18975002445552824;-0.9157153473232698;-0.04043868148842254;-1.1095566794529808;0.06430934066063758;0.0010626937572157727;-0.48632161505832344;-0.8898822645095981;-0.019791846940850684;0.12803841634299176;1.293884518127041;1.726962673495239;1.1852824318742203;0.30335760476165874;-1.4527352799767321
600;-2.212410670930157;-1.1003434166268011;-2.104193591918111;-1.792241843787958;-0.9419248559413685;-0.17403771348926614;0.8617937267806333;2.0882373795477664;-1.0447008494560424;0.3000805508938846;-0.3910957897594019;0.016723386050998407;-0.8073397460548206;-0.00824826496684513;0.1395979637368374;-0.5569482638708791;-1.1386359207860757;-0.25167208915671735;-0.13234317687545077;0.7868905503612206;1.7724972439519922;1.4524698365424737;0.7085231577418561;-0.29449525769784063
601;-2.055792114579262;-1.4236353772115087;-2.018547806204145;-2.0341439928995984;-0.822975314763431;-0.5334945676638276;0.6137862205091347;1.9056253981292655;-0.20696511835081868;0.4129237331915121;0.03486859786119123;-0.3727877500492904;-0.42664119505488646;-0.18853659578857715;0.15151031679182475;-0.7423524791749032;-1.1261814570488826;-0.5627677806484714;-0.31992068784222655;0.37226062913651214;1.7748578389359388;1.7677663090422016;1.2776310224634886;0.6568283333397308
602;-1.798789168354279;-1.8724052737840584;-1.9772542340230073;-2.344489020697524;-1.0090084585074872;-0.8542718906262451;0.41353230756390663;1.5479283501405006;0.5624974428146656;0.051006817181396984;0.1375479774550955;-0.5517003929060821;-0.13061854992670158;-0.44211172916285507;-0.07392485049549462;-0.8053068015501553;-1.3730595221950024;-1.0383010672328743;-0.3626671024066516;0.026837359871315254;1.3567447569934774;1.9111488468718703;1.7635084040310984;1.310785214712259
603;-1.4408173254810657;-1.8973748726047173;-1.7551156970179775;-2.273387712739504;-1.2088445953548577;-0.9776929721270637;-0.10017710275403117;0.8269580213708743;1.1553116730079778;-0.2780515688605357;0.1883309873072896;-0.7502257357963217;-0.0618478490001078;-0.5789216221998695;-0.06149762992322288;-0.6754560921277672;-1.7306934898957487;-1.3925791234311045;-0.3561182188226479;-0.5280137940507179;0.636402407913458;1.6950550547465888;1.8821488663339774;1.758661462384568
604;-0.933297710674628;-1.6143837070888454;-1.0747261485423878;-1.995465269891862;-1.5890721886997372;-1.1762012102877542;-0.9281468747379623;0.017587885471840335;1.2500878874278527;-0.40269132406620706;0.30278181650151326;-0.5674694342073682;-0.025709595788150498;-0.6932858505672753;-0.03599346943201021;-0.17935209741829422;-1.9072911213287496;-1.5530080740251693;-0.4692443597716581;-1.0472810781798954;-0.14295625389268138;1.2403690227265318;1.6513332003702825;1.9831933312289274
605;-0.30262807276870163;-0.8447912076494971;-0.3880763237489303;-1.456752262142945;-2.0714207797770987;-1.4643013065906139;-1.7458815494076145;-1.068553982567186;0.9387019916026372;-0.336771967911251;0.43515251717551606;-0.12239441083080295;-0.020447964172527002;-0.5240875616828412;-0.3815800651207555;0.25669564790154953;-1.6984947827277352;-1.8719280557316047;-1.0060094083268032;-1.2950114511670892;-0.9547515901245415;0.6706599579121524;1.1997492981147067;1.7979006784756824
606;0.1958237419239491;0.20496920071170965;-0.06838455361692662;-0.8402229237713635;-2.381340724672675;-1.7465247680509197;-2.341276191893776;-2.0564296562478837;0.4367449924487322;0.21881201857880608;0.31006920999541443;0.48993640399689325;-0.22951536219540364;-0.3630850328750709;-0.6937021773144737;0.28216466727016387;-1.4665814258133816;-1.9259214815224206;-1.8183679531384223;-1.3365978754918892;-1.510197449585977;0.03706711677475812;0.8881968560655572;1.5438544833384678
607;0.64221667513612;0.9644204178984301;0.36321225315108985;-0.09775219102239707;-2.1541193691935248;-2.123020066336233;-2.786023587070368;-2.7367610061472654;0.13215560506483187;0.7335090175372401;-0.1899894503468342;0.7607729950667808;-0.5697459536805782;-0.23550214857430646;-0.7697947161621848;-0.09930888806175549;-1.0889294280934987;-1.243818587415084;-2.2386917551423333;-1.2364361867205296;-1.6284423167697497;-0.6827176976977327;0.7382013407598975;1.291161752283241
608;0.8428296905774916;1.1940836195724147;0.7839367933161464;0.6731635453242933;-1.4435405413626106;-2.550062058321924;-2.777593172854807;-3.1754569201075866;-0.17946031957631822;0.6521453219420016;-0.5577629334510891;0.47833989806055316;-0.505908752302234;-0.16294773093723858;-0.8598732058528087;-0.4900138857075679;-0.40655094277202125;-0.6558543449762928;-2.135911285380246;-1.1638320335048766;-1.6427223321136928;-1.3419641211622446;0.49691479422318857;0.8259761415944544
609;0.937829627299219;1.1852943275017582;0.9098891233603846;1.193835182805574;-0.2746323568813991;-2.265538169716267;-2.417176978545162;-3.310395575296514;-0.4141388843553849;0.23953243920600642;-0.7092305247009132;-0.02926289655862655;-0.148222384415143;-0.16593492212736893;-0.8802893580208786;-0.7703514071669948;0.5652824360735339;-0.4606369954277287;-1.3405676682470298;-1.3079132266917644;-1.5384052614760686;-1.9047097415444267;-0.053341214899533904;0.5190015132560716
610;1.0290154420602156;0.9882989420683501;0.9779251128175082;1.345378356873761;0.7883041177227277;-1.5278931284140351;-1.7991467045765532;-2.981414293594967;-0.43129362875582694;-0.37149149073425497;-0.562582059647901;-0.5240370006708033;0.22725786387350821;-0.24536651168643145;-0.5022570940983655;-0.7973380154781621;1.476591823327843;-0.15466802222602893;-0.4362695640440972;-1.1758694012401176;-1.3615584962694849;-1.955109123458571;-0.7859837885554716;0.43252104127983365
611;1.298609974304805;0.6083652783964351;0.8755376970185406;1.1837066764252602;1.4886958036516051;-0.6267600115918361;-1.2735964416580032;-2.343726944038298;-0.4352817335877411;-0.4754969396346392;-0.18109391165725464;-0.6246295860652189;0.20542320395599728;-0.3199542808045682;-0.1237855657363453;-0.5578616382499072;2.3796581283449;0.6540667290990717;0.45544582616824786;-0.7777240684926093;-1.0768885821957566;-1.436396871335132;-1.4599113413247378;0.302156645929294
612;1.5194567487038406;0.3380077200599023;0.5980491128073927;0.9117427972326405;1.768778320426857;0.4842336564231357;-0.8747562698132626;-1.6988817633275193;-0.339755640095613;-0.48605222118597335;0.14708661312140703;-0.6695550697959454;-0.008720868239941008;-0.33498131750577637;0.19816355286512877;-0.3987378140004801;3.1437479726809907;1.8700584282665522;1.2257677682405128;-0.32397533059583483;-0.27637715666565343;-0.8825554710540264;-1.784127224697353;-0.21551909083115378
613;1.4069269614127082;0.240487212381353;0.48246398440369287;0.4621145199208201;1.620562987907055;1.4535886384888885;-0.509092004082752;-0.9456476878270339;-0.09975352824320188;-0.438034577813454;0.39232891896799665;-0.6276814642634245;-0.24024490250331035;-0.27446493389365284;0.37713381485909825;-0.2997633784660697;3.4810012698584236;2.5755205616025028;1.7014213615456744;0.34182704986592455;0.5765995671120192;-0.4863776701837118;-1.6418990224811778;-0.8338686664184876
614;1.046449783305748;0.4321958718864735;0.06956295916831928;-0.12517884537542606;1.212993778929857;2.0511655996820415;0.24313354358433456;-0.2373090975712622;0.20769636659929805;-0.153508627597465;0.34417278797173845;-0.38371711923576457;-0.4374358449117137;-0.02170591895667827;0.24536511297627858;-0.028002997044853605;2.7736705395166346;2.682813219268429;1.9103993753548425;1.1687911035601126;0.8878479069899246;-0.2501064392935016;-1.383140812906858;-1.2117404694963834
615;0.5585511748277756;0.5524688891244329;-0.5099269992534153;-0.5591641167307628;0.4790053630069577;2.181664487612292;1.1052996683769964;0.33378432145578857;0.5405926457979674;0.2536396326612876;0.14679368360221437;-0.30120847215281543;-0.6277137771001826;0.029779993029388545;-0.05766487976486341;0.27731189618726393;1.297584849375841;2.5619805050484583;1.9290101172562049;2.0909008450059425;0.8898498800447373;0.1635745280342214;-0.9152799812230804;-1.5102359980548121
616;0.08286989994324513;0.6219620838658656;-0.582322973628221;-0.7709314045389584;-0.3581843948331247;1.7335050675838548;1.8079052602387624;0.9439175145539433;0.5931342145012303;0.7241915270048322;-0.14386468502176103;-0.03740204270119728;-0.7379215619135313;-0.1491021781748729;-0.538053858770809;0.2899000239051428;-0.28285993361221784;1.9971877560027622;1.6798330215039736;2.3112450705518466;0.8640165290118103;0.7054653197974348;-0.22162887426444125;-1.9457761724832157
617;-0.43136537437320527;0.6741276433996012;-0.25782272807792495;-0.8176350728309312;-0.942241561824515;0.8488731102288836;2.279348978196416;1.6216766529713749;0.36111434359605094;0.8642954529081828;-0.11860000123579108;0.4234516597241818;-0.4450033235878628;-0.2820761150050794;-0.6812837432919701;0.24968327578337438;-1.7024342814503866;1.031033419301995;1.4534996307907058;1.9599321156723812;0.953692260950452;1.2790831662223803;0.24743360185209365;-1.8361324137931636
618;-0.7475763889400044;0.4985919843660721;0.3221519282200387;-0.3739663971709318;-1.0035237936506731;0.02498790491616316;2.2353958334987887;2.1491613177036903;0.22177752411143667;0.721963720860174;0.3402245558814484;0.9942790381483145;-0.004625765777102933;-0.217264784855531;-0.31439042953894086;0.09167591587914904;-2.528817026935622;-0.17876149852827125;0.9840195525825381;1.0861060887410432;1.1258362590514808;1.509376247936897;0.7152457787988906;-1.050507970855663
619;-0.9750905249107769;0.06074060240482521;0.9049820469198675;0.4349090721784574;-0.5595532567597515;-0.5138114389523742;1.8471282762469396;2.533140277732632;0.295660711880051;0.5075255284398278;0.745818743041021;1.190122640700067;0.42474238239037115;-0.0839508115836061;0.14253265015379035;-0.2336865744405135;-2.8569422048216717;-1.4064481192097191;0.37987164497316517;0.30557116609247875;1.276395191595351;1.3240154538010604;1.0414016493758702;-0.3309268478474731
620;-1.280219382074684;-0.582907477257889;1.2599612178418955;1.184561886566579;-0.054363239086511576;-0.750692372120551;1.2408867180046024;2.411522123427268;0.3932851026694388;0.23883188337378042;0.7157358759232393;0.9216912244022568;0.8020909905472252;-0.020186633274058757;0.29777399702945107;-0.4473208166170743;-2.700768791481156;-2.280923335998118;-0.2882548029200263;-0.08256254512414914;0.9461888076719667;0.7015472066692408;1.0209749507811448;0.35210607062255145
621;-1.1070503397164768;-0.9520131358684539;0.9798753025941411;1.4348560949584186;0.3300439695708536;-0.5126179551215736;0.4081198884713968;1.7855494168100225;0.1290886751524836;0.09425125672010587;0.5430356603066206;0.3800103280635564;1.0678489820148;0.18373183426539544;0.36887970529463304;-0.2965648673857804;-1.9409579151075307;-2.8350261648199604;-0.8879118207206192;-0.2674953780731154;0.44686931044278083;0.11158666940930334;0.8505032232017904;0.9886370102215984
622;-0.5543731482928501;-0.843566282004709;0.5028839548717554;1.1068479406887715;0.8459311989756905;-0.2695013450393977;-0.40220558694867603;1.0523558014644039;-0.011100663921697765;-0.05636691767685035;0.41814073124523427;0.024882090327489854;1.369373519785407;0.7780332585032925;0.35781410800180463;0.10995186444398966;-0.8754306991182198;-2.8457788758442955;-1.280080370165864;-0.38266153121629526;-0.26444984766747637;-0.2818876928708662;0.7145873897234126;1.3353491666673383
623;-0.020765416189651605;-0.36694550531986553;0.092968137967627;0.9215892583956186;1.6327988356133682;0.02138958940022956;-1.0009631723029035;0.5496060675910719;0.10019387369153464;-0.06679114756881016;0.29297837159571977;0.0630683853569011;1.53194441103226;1.233121225112763;0.6581437394239033;0.6580095642297406;-0.04107484737066491;-1.9494931979298058;-1.6804568505554816;-0.533865873209529;-0.7293700672069657;-0.5181368164298435;0.6327099582104473;1.4497298411882313
624;0.4505996962604905;0.03657759311704703;-0.22717101978065204;0.9107993304870137;1.9872251252283581;0.6249288957617347;-1.0628284388496514;0.10066563581468976;0.2756127873965793;-0.013809811989208718;0.33420316751064305;0.4944029534655533;1.4067266321380574;1.6585680399899283;1.1196080952618224;0.8254751011393362;0.8174525820015219;-0.7870998521734374;-2.0397031419111493;-0.863931489072233;-0.6812690546955341;-0.23361362723455656;0.4010403303590849;1.388189357150324
625;0.8535495594067131;0.635300510028163;-0.4835761309587067;0.6947769422945748;1.5681123111115884;1.316089588177995;-0.632412624242186;-0.4870167071589256;0.07822572492690358;-0.04831056331971732;0.3066374029369708;0.7001701450738119;0.74693935855218;1.694169821297736;1.2758461137381552;1.1579366351610945;1.5243945963396537;0.3803497298717655;-2.038911522643238;-1.0544649777926003;-0.5147456855273388;0.00383148827950546;-0.23597452491817955;1.084846883919709
626;1.2520680304521705;0.8654549838707166;-0.4869966688361003;0.29842102188904657;1.0481051372602617;1.8101136114635932;-0.014265955480570806;-1.0897087222720412;-0.3194706807773446;-0.20072333934966327;-0.05211758572857974;0.8209447776919685;0.12860092394032957;1.5123214240306662;1.3263275212175312;1.4091552964497789;1.8181395852901157;1.3121289416138615;-1.5927559143573948;-1.34067735830879;-0.4797190475641005;0.17833833353990855;-0.5590358534717418;0.35343810316676816
627;1.4676210653100885;0.6713850051346621;-0.018889067581126788;-0.3082994586639073;0.4560219986407611;1.690310439147143;0.8166133644372099;-1.2239179545288221;-0.4374891484340716;-0.13636127708096485;-0.1759035863095388;0.6234682420614565;-0.2653205227689737;1.1481383576858888;1.2780567734568957;1.304652570436546;1.6659209642303154;1.5778354537631338;-0.6013070377730823;-1.4157099851603567;-0.5378223752424696;0.21200713999563775;-0.5221314699719743;-0.4203692567193993
628;1.317166095378954;0.49228144388508666;0.37083932469950476;-0.6063959263929017;-0.02419609612167948;1.3740065149355756;1.5328621915198954;-0.7070091457254047;-0.3050337874206493;0.0480961167737818;-0.19074585602092067;0.2521063389428108;-0.42063710629351214;0.5568457453319393;0.9501920590473777;0.9069298218598365;1.3302374765414307;1.6407587071932423;0.567448573914016;-1.0804210957020466;-0.4384585606169984;-0.013232957539094738;-0.2934782886844745;-0.7079683839283405
629;0.7592082809382574;0.3878147486441167;0.36668128387589616;-0.4717010295099321;-0.3199302839478893;0.8853292123234905;1.9438828311144025;0.19409273689961487;-0.1516011318406568;0.02989501100656089;-0.3689556731317076;-0.34834397368952774;-0.3968097910062777;-0.41761153844878723;0.492053466902403;0.36546740944148065;0.8544682354255737;1.509740820665041;1.8428089804895802;-0.4182757777766521;-0.2537680977883934;-0.22156718357104155;-0.03254664891270965;-0.7281312862228413
630;-0.0820725982152192;0.38975650959313274;0.29206392298070344;-0.3962880708759266;-0.4427320848314736;0.3721224034971542;1.7890786475629041;1.1149327157638544;0.024760999437465313;-0.027617412315290288;-0.6505805698717686;-0.9678244612665284;-0.24373685062197042;-1.1855036178910292;-0.020331749804941086;-0.10311445840921094;0.42547113813693416;1.2630973262837415;2.5842935553248534;0.4896901667333837;-0.30925216855256754;-0.35735805826821776;0.3245586401170154;-0.6091762877826644
631;-0.43860843887130047;0.25154469018676795;0.23133674060360052;-0.4208794348201841;-0.6490244432439011;-0.2480990346919649;1.28059776177601;1.5854592022962715;-0.03739960729561429;-0.20920067059402073;-0.6670104090462785;-1.3360573183576792;-0.268982601480774;-1.736377662136837;-0.5584015183597296;-0.3924698143601326;-0.024667137064901895;0.7759832091345129;2.543446777904268;1.4121966478276586;-0.2927521932656317;-0.4158176484830837;0.4112611060617768;-0.43501837005466754
632;-0.48571718341309494;0.05919642356570537;-0.12287485397554318;-0.587971523709461;-1.0395905772129514;-0.9917673649029561;0.5862547181646224;1.708434646205938;-0.023717968423254195;-0.1365464158278645;-0.3647020617638358;-1.486044551362894;-0.7597059066314229;-1.8740282524652057;-1.226785574628756;-0.5288191600212266;-0.37561306870563077;0.21372230619441884;1.600053267973411;1.8578861691937825;0.039030319600503086;-0.3375948758619344;0.30931095949726034;-0.2247680714554786
633;-0.5869976560951531;-0.2987205744708284;-0.28104662820295395;-0.596406762361792;-1.3733298894803951;-1.5433650243440207;-0.3851512815358525;1.3245139768368774;0.14095489483487544;0.22071808557607156;0.0477863738751844;-0.9881250270435938;-1.1242712887800932;-1.7055916234640311;-1.8337261042237127;-0.684606813021032;-0.3903578458143945;-0.17451687508220476;0.3331038392036924;1.7226907946520098;0.44299244161892387;-0.3072889590856708;0.14604010152878372;0.1845904768756883
634;-0.8652291084456964;-0.6536904024485563;-0.3639921217374979;-0.22631459436847726;-1.400793109023798;-2.007423783131453;-1.5166978930912884;0.489838076539353;0.38990951085959236;0.2694426858023312;0.4223671752796005;-0.33864787121894746;-1.357552663997713;-0.8040060387175162;-2.0818041747546094;-0.7994088768049278;-0.47935129685427674;-0.45898239026702375;-0.6443212486060136;1.2215026018978268;0.7126683871191202;-0.13663115764274966;-0.4458480803517772;0.6410710973139482
635;-1.1697228748853394;-0.7686986078713992;-0.6394304926767644;0.06420022711856753;-1.0870595162306333;-2.0634168814650633;-2.3692834015113613;-0.5305658689026426;0.4078754155178398;0.19138908188614476;0.4919017230077067;0.25441312463568694;-1.160647231534851;0.17240054251199435;-1.5383354919663557;-0.8471158873055687;-0.8967386505447242;-0.7227407971079999;-0.8260336608176571;0.527206236733453;0.8815939245777784;0.34876730839427494;-0.796803611517562;0.914556407890895
636;-1.152315645653657;-1.0969478139589857;-0.6708779423507146;-0.10308673592250645;-0.660989857575038;-1.6079293471574836;-2.5842448260652575;-1.5857906798846666;0.10056318123045689;-0.15399609596197672;0.3086190150873912;0.6863388471644224;-0.5419894779866797;0.5719699533336022;-0.5393629321449175;-0.8237061749601488;-1.5949615681305307;-0.9641331041395966;-0.7693304423304972;0.023046293352842268;0.8739140809677394;0.5832922801878118;-0.5072282050689613;0.8879686199510521
637;-1.130464591144404;-1.2683165723823795;-0.6707671093698231;-0.7225415818210468;-0.26324189841589607;-1.0619963405440154;-2.270364456406585;-2.370904937726073;-0.4733145002117827;-0.3539296770728582;0.015163519401024693;0.9881704139650922;0.33147240781236964;0.25759230592040816;0.3214545553018798;-0.7118283759757167;-1.9910714661803492;-1.2041256612946587;-0.8043792279558325;-0.5501861627302419;0.7038561660538576;0.4206899560362233;-0.015026315707282486;0.49974042799985635
638;-1.0570718933552241;-1.111561479132817;-0.792523063082011;-1.0707488800263079;-0.12480837208081694;-0.9109661236085241;-1.9459524500944168;-2.8000603645796036;-0.8745437115701179;-0.1617909497202565;-0.06289860260876912;0.8219133925994989;0.8712290238561384;0.039374933852332726;0.6660965143047105;-0.6269823727089582;-2.0278177221146008;-1.280112706535082;-0.9839316962613295;-1.1078698268203493;0.14171674473500376;0.1368442722389573;0.3665571527949624;-0.06432698793316485
639;-0.9262439908313005;-0.7260825866519866;-0.7907844205718688;-0.8257771052400913;-0.133056703210588;-0.6378261568693552;-1.7323120583352625;-2.7456667708474467;-0.9635351153054122;-0.2198906131521486;-0.22516330263762438;0.3050271933153599;1.100249498253712;-0.07026481564307932;0.6472838249549505;-0.43096097207280076;-1.639675178576242;-1.3976440040617437;-1.0819188566921996;-1.4782389728789467;-0.47072447776447596;-0.14761212452473574;0.4679612304672955;-0.6960532129878242
640;-0.7182027619821953;-0.5027082665098209;-0.6232688359701876;-0.3887250130660807;-0.1039800832970617;-0.25833186113298734;-1.215668768894951;-2.343219714956749;-1.102515018523651;-0.5870293875815811;-0.5917064980669771;-0.14481206969813903;0.9999795897950906;-0.1922291838466894;0.648146723218503;-4.582554310023963e-05;-0.545104092700056;-1.387504279502483;-1.1174962368646224;-1.3408189976266263;-0.8631761526332501;-0.2078249710236333;0.23748966031237828;-1.0480730635189992
641;-0.3999743292537166;-0.6051727013057464;-0.6113531299062634;-0.19516250121210255;-0.16016274446625636;0.260285682739744;-0.38806075726628353;-1.521189133761139;-1.0438127899982212;-1.1147257365666532;-0.7805960809807063;-0.6202481526036444;0.4000333421211286;0.09524737878698453;0.42016391458871205;0.036927330055259305;0.6668786301746171;-0.8939400684761438;-1.1767885651461438;-0.9771622696649149;-0.9886195437900226;-0.24583347548120765;-0.16001745836371628;-1.0442246165556963
642;0.022256887986888105;-0.4572172560447813;-0.533589916137398;-0.06504481882228622;-0.16982258518378826;0.7571401702720226;0.6184786392246847;-0.5793239842668477;-0.9925503631021726;-1.4777469003817278;-1.0312349100650928;-0.9714513038583504;-0.03980207485444338;0.33861512647222386;-0.1670888875165793;0.12651690565556722;1.4293780784730883;-0.30348016840915043;-1.0670741281513063;-0.7439031380786828;-1.184942701627521;-0.2633849834563545;-0.5962404583108942;-0.6664138299935897
643;0.4698398444105674;-0.1591351639630511;-0.31680131981781035;0.03702494448865998;0.04273668634653349;1.081313296738624;1.4677105522360954;0.27739322511320313;-0.6728821402317633;-1.3454694115965062;-1.2699039539465962;-1.160390555390505;-0.585607992975669;0.23381589630644056;-0.5021403274817958;0.617489953323485;2.1825708056432114;0.4689757372657837;-0.5405548671982877;-0.7740985525214803;-1.196043301685439;-0.2965851462023709;-0.6249529373777184;-0.17851645034814972
644;0.7794849108887995;0.16297591106817633;-0.0558222372624165;0.06027369507339277;0.3238151747230634;1.0418121625139578;1.7705510774016293;1.1383556693783277;0.14875019026978628;-0.9034392259860154;-1.1662684909508585;-1.0521588906503234;-1.0947708317714817;0.10395688535388689;-0.5609637761510367;0.8451748316454903;2.549757589002914;1.1355801328333044;0.05218986032364244;-0.8050597149428941;-0.9960033100678946;-0.41481083612760355;-0.38746864731342723;0.1605856761541317
645;0.8538361368682502;0.46996448823092146;-0.018648172922113498;-0.07654509662839673;0.3557275316168088;0.7973588581573706;1.6826694973355318;1.5989941184643954;1.0055975658526828;-0.22174671688043937;-0.5554737557224376;-0.8688881431174743;-1.2108557352262972;0.004571679289348202;-0.4458428185154843;0.2487466309484619;2.09468058396501;1.5110811876005987;0.7230537011664215;-0.444171671682554;-0.5527964144543386;-0.569700322144886;-0.11821679118447008;0.1687327180591343
646;0.9414511302596335;0.7461286312102428;0.17515355316707332;-0.13282115245866177;0.3604984104151505;0.48853632684921583;1.5284864529295838;1.9439156631430392;1.5481288519954561;0.4864041022220661;-0.07481391742742201;-0.8373424920501317;-1.1193017445262339;-0.325083912182088;-0.18409690152784935;-0.40348314369051674;1.3790084643492995;2.1111015134824522;1.0721494809451984;0.12415343408950344;-0.11221796868509097;-0.5956946136881528;0.1712586043260322;0.10320955576949373
647;0.9859426766146192;0.8312628668945857;0.856870767437273;-0.04225389690734008;0.38870686625312173;0.2153805456176775;1.2215425204508503;2.290547953934317;1.8759243710547335;0.9719698178590436;0.12010448767581876;-0.6357562675708218;-1.1680537396407078;-0.8747906212387867;0.07191547139876368;-0.5787532497691898;0.6142500175738866;2.1652062574544013;1.2571358767335976;0.9298785612130036;0.39763246452213474;-0.4050589349486615;0.32139639556903565;-0.13597917280198804
648;0.9926091636234303;0.8740603131423044;1.352142427507785;0.41322173877133717;0.33432407881098425;0.127670303443006;0.6546958470598904;2.300204841362726;1.7101917208132003;1.497192322899313;0.3605697384485847;-0.09925892405791795;-0.8803036525415184;-1.302939082504839;0.11377562610178907;-0.5615954658929566;-0.1024334349345524;1.5410790038609357;1.4971016365837932;1.7009938316958666;0.8287919405048867;-0.1785585518324159;0.23211579329232954;-0.21035170649560223
649;0.8870912868915639;1.3130174784167779;1.2681298629972568;1.0331324213038036;0.14230870449470612;0.15232049347948437;0.26918855207953263;1.7280559917289002;1.1414412662766036;1.981867332359244;0.8692667634421851;0.5173707530541664;-0.04917525155807279;-0.9873977683090097;0.008891793999575862;-0.3016271688285426;-0.6291538696896003;0.6986921805540206;1.6965451708429569;1.8458221205260739;0.9582316604352786;-0.056426828302861776;-0.12154256890781782;0.0727921057349664
650;0.6220603152215401;1.5733200101761728;0.9702695497988588;1.2771553027518108;0.12039189291111431;0.19598515339698408;-0.19237385452708888;0.6901425303301549;0.5620639975341085;2.059238141845866;1.3659085091007612;1.0857705496289471;0.49459573261383805;-0.374750401907854;-0.015456488300775492;-0.15875072996285836;-0.6292811132557244;-0.03637257195438281;1.5698589813679333;1.549651659329826;0.8928523312368492;0.1928737584986357;-0.52417303870364;0.24134807364148392
651;0.1655403841635496;1.0679127912893185;0.7479611362714234;1.09706750553652;0.27802541977151957;0.056984920892517756;-0.5971350045387821;-0.4428549755593646;0.10596604315545018;1.587436133626886;1.8372678524167294;1.3891023353170409;0.9064281788541066;0.1928095797096254;-0.0946829235317255;-0.19341357306018245;-0.31678168641097093;-0.5270353989107152;1.1368034031446956;1.0676622006795784;0.8565143714211106;0.46306543853731547;-0.6495883319454813;0.17286497224641909
652;-0.25062592609372164;0.3898734138531536;0.4086210310730684;0.7004448806169989;0.46374794780851986;-0.16533845893998916;-0.8734176337311137;-1.2183004103631871;-0.1508215438566989;1.0788170836747601;1.9175401378327688;1.6130537936371978;1.3564081932890084;0.7296799429215493;-0.04825351436105369;0.2649155719350094;-0.1732626120703819;-0.704759837638172;0.4176804501965362;0.6565878694324222;0.9001625009402061;0.6207883786635203;-0.6347012061134784;-0.043347435636099864
653;-0.25758225339413315;-0.1799817808125224;0.09926755531408668;0.15695972960817983;0.49779336489014797;-0.4397648966541259;-0.889351986957042;-1.5535087755643586;-0.5091114968276609;0.5549322009157084;1.7018064915588458;1.7753695798847844;1.8080354818654618;1.063353083720515;-0.14871511296148274;0.42271724189188703;-0.15455282459316755;-0.5726199128324496;-0.19875859821708916;0.32866142787898156;1.0178335770788631;0.7313950603555578;-0.4064802877494208;-0.477245054575522
654;0.1471901113377;-0.6343929881796337;-0.03108983247580894;-0.26856527305601674;0.16371409589922617;-0.6810391244561684;-0.9341739177245244;-1.3841442949420475;-0.8340720024273345;-0.035477218011902505;1.5518587942304107;1.6903825895745022;2.247044105290896;1.5075332218001154;-0.08735067191443392;0.3481653061365043;-0.2178640923300668;-0.3825651116635113;-0.5568917395005174;0.039053850818865324;0.9106009731344494;0.8633352419920719;0.22975074598745104;-0.8260495185597815
655;0.4402638798975826;-0.8603974765441347;-0.20936177783357776;-0.6912039090318258;-0.410062994205077;-0.6684829494373625;-0.7710075865914041;-1.1462294930883359;-1.1215223344984575;-0.6971354772735828;1.2668193482187142;1.717509449483239;2.074486538056236;1.7388028555775352;0.29124137433292535;0.14454748615324964;-0.4491244812898183;-0.12035721024716406;-0.8354388017974077;0.003854387055731359;0.43465589201077365;0.9765064779046205;0.6867294178641683;-0.910074379886719
656;0.4917032849652004;-0.5385823942228538;-0.17408452913947595;-0.7680280814823182;-0.7290979765339367;-0.4874843141342214;-0.4930201628836572;-0.8457390074836092;-1.1607896960955448;-1.008938269333544;0.44199641728193534;1.2901906018402027;1.138177621953491;1.521925600875147;0.7510673248067755;0.041257676152954365;-1.0221380710984393;-0.013729386137054173;-0.7480647384393174;-0.1526443758607553;-0.05975364086129315;0.8883417818894555;1.05690336548983;-0.5710438042887703
657;0.19295873912394754;0.10725666333848588;-0.17286502380756544;-0.35261122890773583;-0.6503008357506067;-0.0899854502468161;-0.255915716905124;-0.5999286843095173;-0.7509300895057388;-1.1672659333774613;-0.5473998613582705;0.6928371055511555;0.408979781095282;1.1869479997940522;1.2535135528178452;0.13319257029239645;-1.460798763118462;-0.47416169337786246;-0.7703245577238439;-0.35041450708616034;-0.24297166669877152;0.5530585799511715;1.4917027547796349;0.34394532216796386
658;-0.18516575111215328;0.601785345030554;-0.21312974328931406;0.19777974927440375;-0.3262644175821633;0.31621853076483564;0.07029300809848901;-0.3133473342022462;-0.41316352067752815;-1.2063608227116507;-1.4157634788310145;-0.04060965350157022;0.06094357670124494;0.6930856869306741;1.3444351402622705;0.266449627615116;-1.5733340773551785;-1.064020614826807;-0.9002507717915998;-0.6965863086794699;-0.19011731818559263;0.4509690664219607;1.5995767739369893;1.5845565531958372
659;-0.3734419308325472;0.9010909256708618;0.01667255963983639;0.7423128946559018;0.3365817470112133;0.6002145207092744;0.49143967929927074;0.10862522185924726;-0.1251426797572774;-1.2234217938525906;-1.98115174111197;-0.8692300961604161;-0.27280103043983445;0.23143742316821708;1.079592816657825;0.3621458456720016;-1.7734135881486988;-1.3092455576777564;-0.7803445523130703;-0.7727316369519504;-0.17343331377523213;0.443810057291664;1.5159168835909123;2.476133779007036
660;-0.16809044643650414;0.8318221204933648;0.4934973462585155;1.194050482037501;1.0970915118229632;0.9293003855786167;0.9811797475410174;0.6471993636927516;0.4555221099659445;-1.1435217847612569;-2.3176235127269096;-1.5606416650614994;-0.7643949423854632;-0.27827763616776113;0.6500050773658245;0.4501048572692963;-1.7599765013962834;-1.5032548253714098;-0.5124906713977968;-0.8123680763645516;-0.17374628613081775;0.33207656454830714;1.3114719949462812;2.660228099268312
661;-0.11923398793088888;0.5385442151784934;1.0367089442450395;1.3791962148322687;1.87704390279401;1.3484730556065403;1.450807230543141;1.3001088186404655;0.8156320906214118;-0.7709832687017156;-2.1236877357707304;-2.241535200563977;-1.1432597663708313;-0.7923067241101303;0.19550729729987362;0.8528416186995817;-1.3047971143863286;-1.5097492962883827;-0.5888909382542422;-0.8673143519797005;-0.2144411589520931;-0.09275983868262168;0.7393426507874109;2.167798624831607
662;0.12660343214960945;0.06632044727189225;1.1630679742759304;1.2599441404570708;2.235420134418153;1.734150350817906;1.761331911686908;1.6553446636624514;0.769874246566177;-0.28365504756240684;-1.6103149953187714;-2.3836166892818236;-1.2244193525903646;-1.2189570947646733;-0.047854537962458504;1.1573171312261277;-0.2515002706033468;-1.2486766440619197;-1.0426880493641297;-0.974076085828969;-0.41446425229190914;-0.4200332103407813;-0.23670721995072222;1.1857645760733846
663;0.21067447832934813;-0.633856448185439;0.9160220972823072;0.7455450091165184;1.9052464161543476;1.8495460388900855;1.7046945371845115;1.7162639834921825;0.31888697198415983;0.203416180714378;-0.8736434365396109;-2.348523547034852;-1.4528171548958364;-1.183240065810726;-0.12801789150384546;1.128143148286593;1.0038649037032037;-0.8467704364673586;-1.223494586179717;-0.9276051149765981;-1.0108715558905974;-0.8990321936850315;-1.0210880297010785;0.04466374630332936
664;-0.001943336367358872;-1.0200002554034677;0.2029199971921027;0.13010482089191414;1.048503539054159;1.5997810077374564;1.526754940809852;1.5764936191900065;0.16134805929145035;0.8298311179174069;-0.2165272621235226;-2.0876166271328396;-1.6254516540493094;-0.7397950741929243;-0.642252283294446;0.562649025826739;1.7465264759563943;-0.3633166274559262;-1.0506791104950888;-0.7959062423350755;-1.7003063277323731;-1.607795271286364;-1.57537487090087;-1.011617630064465
665;-0.25448365476976154;-0.9123760782477515;-0.8776611371441483;-0.25749162197975844;0.03980544501983273;0.9848116446091499;1.008722860707549;1.2296655129018321;0.17695338012186068;1.0958902722182204;0.2932358236852095;-1.230721625668554;-1.6262483740542777;-0.7109771653615408;-1.2958886143047914;-0.05454207789047878;2.3094708761680818;0.40321861038752566;-0.568469485774009;-0.8817773919894689;-1.8123729296113282;-1.7154640055109158;-1.8042119125846596;-1.8689729040599008
666;-0.6976713736821964;-0.6328221603900077;-1.467185343683112;-0.7267713157137909;-0.9124089184569986;0.20271583054874165;0.45345003867681366;0.6800484763757834;0.27780127186856524;0.8501182140817225;0.9012892200326612;0.027160368899363338;-1.3450064441343934;-0.7310716657604156;-1.2417772086815952;-0.7370884107393387;2.6548149552722453;1.3071271591850762;-0.0788334591092862;-0.7211597827371571;-1.3327500435207122;-1.3792508144023585;-1.8238363325628681;-2.198500582096158
667;-1.2433689228628626;-0.6504598741289486;-1.6521759046238893;-1.1236384644921504;-1.5277246777369258;-0.6816233410758545;0.09842695806511743;0.34515362828635837;0.3022719523902995;0.4474448665877768;1.2470557127574773;1.042378224803747;-1.0558068113555223;-0.6106527275154626;-0.698301041640829;-1.0314928538300476;2.4380445632358105;1.9985980250517406;0.2683826485573994;-0.43660356821938195;-0.9961449929733948;-1.2399163302859955;-1.7793127873167744;-2.2332625346438175
668;-1.6148680470739862;-0.9426031886790552;-1.5727526170754964;-1.5395761043149114;-2.083093814171068;-1.5689271409706156;-0.3491291916583759;0.21657941121458885;-0.08825232156402518;0.07311093010336218;1.3446753870434325;1.5880653015623054;-0.39288555677871656;-0.5981147365874437;-0.38492547181009834;-0.7699948129444345;1.890370363002766;2.2300547750458217;0.6150646569949239;-0.1214257047273486;-0.6929368951826337;-1.3966411525757094;-1.5511065265977313;-2.0542290411113973
669;-1.5118684593635578;-0.9521174907072729;-1.443738388588279;-1.946003005539498;-2.227237797364361;-2.191296336872029;-1.0028392440698901;-0.15439584323673053;-0.6121881781749113;-0.014240052815906994;1.3254665249224922;1.8858205710544471;0.6052671548625722;-0.6233380313038405;0.030537315534503517;-0.5579262341211777;1.195189569884566;2.378011814314935;1.0895032879109352;0.061494885814600005;-0.09549300889359953;-1.2277185826673107;-1.0891213772979074;-1.5746919567437931
670;-1.025983406401386;-0.7325017705140711;-1.1793662883162743;-2.0393920227753872;-1.9629431856746762;-2.4483708891995364;-1.7451904081397909;-0.9593630462191586;-0.7052020841024687;-0.1649805637928968;1.1298479431902657;1.9127010614053492;1.5853196854633136;-0.2873358844195708;0.32789127561539794;-0.507555140655015;0.3657622906395379;2.1906090410887646;1.6373324008316548;0.4674179523418913;0.47057228499564474;-0.5940589277981101;-0.5440649320509096;-0.9681262554131399
671;-0.3710482460830693;-0.6156897226878126;-0.7678653866147215;-1.8619607326187906;-1.603687248370485;-2.407650765990376;-2.451482856273259;-1.5992906416418817;-0.4380111528420214;-0.10696304521742812;0.6261738681788518;1.8567434066513553;2.4557493561282686;0.38304940589075614;0.3186127653794925;-0.33172151687999757;-0.20818975144240387;1.5415339139695206;2.1609358450341487;1.087715678791562;0.9226855956525158;0.412031308049235;0.05562923750018786;-0.07840732974075376
672;0.11085463653371463;-0.522903160707101;-0.5087007207434329;-1.5041143582335843;-1.3661821384431176;-2.070821413540355;-2.805934338449107;-1.9965199432525496;-0.3380592914841996;0.13278224832243063;0.13319460618744497;1.4562722881696728;2.7630293590911816;0.7683215636825964;-0.025453280505667867;-0.12301562048582462;-0.7010376328403455;0.6506950419720309;2.4567810257578735;1.8009301632694457;1.3245460120978365;1.379002725326741;0.5683454236310788;0.4168922513209586
673;0.362909825377344;-0.4427009803906952;-0.2925422735560434;-0.8584184767988061;-1.3450426368618096;-1.7684034604053331;-2.5828676102510664;-2.362304393272195;-0.1586743063627859;0.18488949701834642;-0.35981073603296043;0.6666944713833008;2.0282758768206306;1.1884380415330489;-0.6417455052430099;-0.03752108375584346;-0.9876311872597028;-0.22880461138747454;2.2496557180877175;2.341117143853138;1.6620696348169848;1.6345616904188338;1.0022608214495805;0.4154136898974955
674;0.6208839383495297;-0.34807097215261995;-0.2277706202098308;-0.0935119243152923;-1.0636131660180133;-1.4051345642085693;-2.0574809594039696;-2.293150702388206;-0.08215510025558154;0.0726229333301946;-0.5647743518708922;-0.2426595486397114;0.7514887376012435;1.3211619854102916;-0.7231246701792736;-0.08788230045933192;-1.127062945255026;-0.7937414629404137;1.5042069005325172;2.5938772329527366;1.8482673967516887;1.789812283053481;1.0260086509429789;0.34060480802699156
675;0.8165854292743332;-0.11417121934016741;0.10693863431471393;0.4619902275119647;-0.4045239498976595;-0.6754672566005883;-1.38529817553628;-2.155812941506214;-0.0881236672546118;-0.3709669726722705;-0.6125479327827085;-1.0338825372067095;-0.20852746648889903;1.3949958843699561;-0.39670412880661277;-0.5371741522195564;-1.0827299029747086;-0.8876612980490197;0.4812604864065413;2.206166011090475;1.9060320148744594;2.225650282360946;1.2692683943701897;0.539751473790526
676;0.7235213335936085;0.32368818600622146;0.6092236087021408;0.7898659168829947;0.2626089645095412;-0.0019541406111497185;-0.46465051951560044;-1.7557423899893951;0.08344099427684891;-0.7465808959239473;-0.6051639601958786;-1.5311366141531504;-0.9620394359265936;1.1844193095323874;0.17842657365000505;-1.1114068766234741;-0.9807457010517757;-0.913275442576098;-0.22250833640493142;1.5132720369259194;2.06753478469729;2.2152256243594746;1.6047337703735383;1.1668205063268733
677;0.6371770838152012;0.9770278149508635;0.8458172667430938;0.9575702092252428;0.6895939561382297;0.5635749096237174;0.3618033018692096;-0.8711496746577818;0.2186740302857851;-0.7979538905530205;-0.5755546618808258;-1.6301878928669296;-1.618513538700977;0.3843734810873925;0.6106308278053493;-1.3459867092803472;-0.9491214007628869;-1.0310370923766257;-1.0273415086160667;0.9282723175101849;1.9380649573633257;1.6623854774081868;1.8520437291916776;1.6036889676946895
678;0.5967424679635754;1.5888713817051225;0.9299852374606203;1.2742492925191333;1.1380037242163892;1.0095308774132017;0.8101484330633448;0.29307312096460353;0.33373293058214704;-0.5016405222610995;-0.6805948570657248;-1.3246116349905135;-2.011125092017571;-0.9187047705993461;0.703329451094981;-0.8065843954647715;-0.8812269498569141;-1.30982199051406;-1.5720021860264555;0.23146899595626694;1.4022436766881963;1.1241336831268272;2.0578387554367925;1.813361272780528
679;0.8533626360989977;1.829083642974859;1.0933107487454126;1.5616574331331252;1.7471434949832934;1.4893137777046501;1.0711071115835944;1.0565270681621217;0.15529034516878323;-0.0822252613207245;-1.00088047481817;-1.0793479986282126;-1.8699971973730134;-1.9958790607325827;0.5849573625982111;-0.05501410189517857;-0.6724605717044089;-1.0952509615044659;-1.7725560592779468;-0.6868204441010547;0.7083356700868825;0.8867359863284687;1.722796466860492;1.6696875303174996
680;0.8937033557328691;1.6492971840272574;1.1783492841296184;1.551729293757956;2.1100131873829016;1.838075364502057;1.5504667207947231;1.2686349975102702;-0.20038315393922745;-0.0025681474786421613;-0.8384064320789225;-0.8309944393671238;-1.5238802974655792;-2.372662256640789;0.21603343991435384;0.504430262576735;-0.5596660451759029;-0.7216644554036074;-1.4975958917392787;-1.6719044764954094;-0.009434145070465106;0.5939912024723634;1.1186674848944504;1.4124415972248814
681;0.6745080835898619;1.0160191143519903;1.2926832693676096;1.2173275293114818;1.9453372051379691;1.7615491097694185;1.8824723353605464;1.4887588223940063;-0.618172758925572;0.1062888245201329;-0.43928749860650423;-0.4384494428354017;-1.0214345207765607;-1.985974025147883;-0.3018207033303433;0.9664158241941677;-0.36771652415289635;-0.7478908311739687;-1.1347002294610518;-2.4029311774615403;-0.8659061340942549;0.04108649556840431;0.3155019078204093;0.9031244959718491
682;0.06267925195343231;0.29980603389271965;1.3077653114935213;0.7099240290728079;1.729222430054095;1.7825901810351392;1.9041947216752935;1.4265366224226026;-0.6160294872932468;0.21304592042608778;-0.02681604630181605;0.15533202542007818;-0.4285963660242701;-1.1582853327256604;-0.8547615209277113;1.260323159984541;-0.14164564671760588;-0.6415185083244492;-1.0991093581208218;-2.56167026438487;-1.9994966746427563;-0.8672337366893867;-0.5231878267058421;0.5157710416972189
683;-0.27569819884508967;-0.14392905807970285;0.9238750874819883;0.4156506907648352;1.4586383105081955;1.6355959883827884;1.5963437581018338;1.2421779125389427;-0.22850185131393427;-0.021692521696250137;0.4970100878896083;0.6563980625302575;0.3776014389529964;-0.09295307389602582;-1.2069010281001915;1.1739684403115054;-0.2617281156301168;-0.5367805355920606;-1.107656806384499;-2.2882724478302032;-2.8999977222913453;-1.3991701343867478;-0.9488705263481516;0.1020350250151902
684;-0.06827090160933087;-0.4137722557429928;0.6376180087382337;0.6364333232838584;0.6258474336739163;1.2568466236830018;1.2325661990824213;1.0359909542184274;-0.0024495726794688836;-0.046722773825788544;0.9474815978882527;0.8726227265820045;1.3247793109454098;0.7519769334787745;-1.1209834141565675;0.5839118695868312;-0.713202816769214;-0.49680666381607075;-0.8362776710704171;-1.9283825885791852;-3.022963008898688;-1.803767094252088;-1.229084835233767;-0.4935300214917306
685;0.1892308631101624;-0.5372043134392347;0.24134642763897374;0.6719808948804182;-0.18895773687765638;0.8374699720068887;0.7611073918207317;1.0093754011519103;0.019229979266487063;0.16448545508029858;0.9616453714159048;0.7697022685064752;1.7472410821401605;1.4537836467328848;-0.517857348727825;-0.04719222620422885;-0.9639706770002623;-0.6200304836038271;-0.9301642360253265;-1.4553340512462525;-2.65242217404904;-2.1812344232864485;-1.5570169889246077;-1.2188969186189496
686;0.12368775591369781;-0.42946596597829617;-0.33730070579043636;0.3791719457055896;-0.6260217429111379;0.3235180356109697;0.04789493444702582;0.894186956539883;0.025067619809238953;0.1445449010331966;0.6504675196149818;0.6163025360424188;1.5458079054266816;1.7325524436760744;0.4845479181925638;-0.4111712653830163;-0.7290432748758121;-0.8765170655638835;-1.1469513722514297;-1.2522235964302424;-2.3744524530332125;-2.6504549378172326;-1.8813090679655373;-1.8349687150410718
687;0.08471024356999302;-0.11465960656013084;-0.863425834923955;-0.06189690758649806;-0.5621930092146791;-0.2573077019861137;-0.03527152770497692;0.6546069921660356;0.09662341420491587;0.10447185590501575;0.5219791686195724;0.8022141445123804;0.9400962407711655;1.4132171577538961;1.2692137218191657;-0.5345345219391208;-0.27315250158605997;-0.8411360594678159;-0.8822235928808466;-0.9151636435042388;-2.138277046985646;-2.8932187672858785;-2.2056248870473234;-2.1426832459493252
688;-0.1277942190005164;0.16879842394076394;-1.3417189340983409;-0.668637540507707;-0.5404926201729011;-0.8863516677267127;0.12898388535151642;0.2697567071561962;0.43674310162551117;0.13946128226158305;0.3082857598032929;0.9092664209851649;0.5486513801128096;1.0076769118453626;1.6827145516490012;-0.22380804065013699;0.3654421834356536;-0.43949110373379496;-0.4627336756103124;-0.4184173610773316;-1.424840459960507;-2.7136171910983626;-2.4324031205877885;-2.07207828411855
689;-0.2946899060077662;0.10047114545207951;-1.0930065254836647;-0.8336661534097328;-0.5133224993040237;-1.313539539771317;-0.06799720786630915;-0.10209834002392508;0.625991272932083;0.17786675706407276;-0.0678695497453816;0.8528494053536977;0.25554504589873933;0.6515261724073773;1.6848810436104544;0.3279828475622815;0.8864245015213531;-0.06810747771697942;-0.3719286348450815;-0.09580444243094349;-0.54904166265901;-2.046826940079899;-2.232770681041234;-1.8724010255329202
690;-0.2611487775771373;-0.13874940122557733;-0.43190869106735735;-0.812112580422612;-0.29283820973679336;-1.3492138104262386;-0.37762965162880996;-0.17575767807545759;0.7261783408984862;0.3431304075560901;-0.26714536753568674;0.2813257333797873;-0.057466721923760546;0.3080791852368173;1.1820782356530009;0.7484440337456589;1.1939475430850193;0.43420407892984464;-0.015901534586261305;0.16103210340460686;0.3618817731565203;-1.148525826301647;-1.8422949757441571;-1.652840356314972
691;-0.27900078367562237;-0.4035725004491594;0.22615442765291108;-0.9392071732269978;-0.30761562274321336;-0.9414457162037763;-0.7532959962329601;0.0713635702239127;0.5592487990974617;0.39627620918281564;-0.3431085317590005;-0.3743812418468111;-0.25404183962560245;-0.04725326812638751;0.5280984511828402;1.0737997601844322;1.5100242146848584;1.0698822512928396;0.7241926291085281;0.3385527824685862;0.9837546403614886;-0.2534759389175276;-1.3595501242614876;-1.1329594932791553
692;-0.4727843579992386;-0.4021841816835109;0.5403709314722741;-0.871349185221448;-0.4784697261502728;-0.2314941583090804;-0.7561628987779788;0.33183562408735096;0.22890706751980733;0.37685080451945807;-0.24775843091854946;-0.7659048520344277;-0.21943362759637103;-0.22680257160589776;-0.06343160180326839;1.0969912974769456;1.6733325614950436;1.5797778140803584;1.3583541455432169;0.6114401920584281;1.4548284756622043;0.7311753585747726;-0.58233296864504;-0.7495597557063068
693;-0.6236377911523622;-0.3022415368506376;0.09511603429977347;-0.6503320956701218;-0.4663178287655652;0.3130222150279655;-0.474700464646554;0.24256422986511003;0.38274919130171947;0.28885339390287507;0.00290476735393952;-0.9626481239318543;-0.2649048045027517;-0.3654111843143193;-0.5393643684582576;0.7256098145761236;1.5840312514552934;2.0204350932784085;1.816772694785693;1.3334010919831139;1.6631812531548362;1.8166850360346791;0.5495743473454813;-0.2163236102906988
694;-0.3737638149999718;-0.2308711205378254;-0.5234315793591309;-0.26179434175787897;-0.44963263830855416;0.5117353903754928;-0.18614099694239594;0.1308775072490607;0.9041565067350942;0.010405542423083265;0.036362591628412995;-0.8504507710555586;-0.3933917907643854;-0.5442891596993735;-0.7080790050135702;-0.029633752883533853;1.306491523448194;2.1172319028495528;2.2371674882544745;2.124301442185436;1.7148407382861404;2.768885333647922;1.676927625338454;0.5454578702726302
695;0.18610180919975908;-0.3012660432088682;-0.5947536975613309;0.1897449392922849;-0.5176943554262747;0.5169315854087794;0.13799246451974204;-0.011374231680999741;1.08719457350878;0.1389856583293506;0.08953171919921744;-0.45193321944652776;-0.48588600618098476;-0.7137017573638584;-0.7132792823543661;-0.8004537269760768;1.1702321821545993;1.9933598287551952;2.2434850789533343;2.7957260125788355;2.0162160977778116;3.4756676984743984;2.366620889961013;1.2570273744586946
696;0.45698211447207754;-0.32577685439173293;-0.3260541772026869;0.5365595804457943;-0.2908042151792179;0.40008968415329244;0.4581645111534055;-0.3380381983028895;0.7462926704520504;0.5543328845795042;0.25505585014733867;0.06678542575948951;-0.5121757094753253;-0.6344107334822128;-0.753654404335654;-1.2864030708242884;1.1072643970327074;1.714305576079371;2.202055009381312;3.0806969687079477;2.504332887846247;3.2950358825884325;3.06150096990824;1.8297727798290857
697;0.5297446981279068;0.004291880449572436;-0.017116805625636684;0.6387831192719469;0.3399864906017732;0.14813815632335822;0.7832118330076057;-0.526576143224765;0.30854827389003553;0.7812454029594219;0.4100424227659554;0.40525121300076183;-0.5991741043762556;-0.615237649265947;-0.9275457906326655;-1.4257445754597737;0.5253686104124898;1.122440641652072;2.1730498712212714;2.776131570641072;2.8412414807077253;2.6427623808886658;3.5266775094884384;2.1916581152603447
698;0.573843964518159;0.439616667152407;0.23456669824853707;0.41542797704598733;0.6821695097606908;-0.3275373596951179;0.49376197632019353;-0.4388172203699948;-0.1473454200497941;0.6903862972980411;0.5560677603117905;0.7386759243607476;-0.6042869079846669;-0.6206076879271715;-1.1163495822522231;-1.2784468687445956;0.07227357189325227;0.7062777211607781;1.6371271644808458;1.8888142578729235;2.5821810982626427;2.0600647127056684;3.3506188364137284;2.298002786194341
699;0.5032636802006275;0.4286906188247865;0.2828213784516291;0.07688125210274789;0.5246282898450976;-0.7211456672790106;-0.1733826614190717;-0.43822456670554133;-0.42728301079784964;0.5159820138042042;0.476605608908194;0.6875598777556796;-0.35019066364755397;-0.5191185687047969;-0.8752077146335147;-0.6251130620658828;-0.11889467241008361;0.4204741140952131;0.8313990552830396;0.920697114112487;2.030037643028596;1.5624067650688853;2.6348112931189647;2.4575714437698273
700;0.4067114064259553;0.28734356369716;0.26920529014657074;-0.2848442741688074;0.09633733735630699;-0.6598632200838314;-0.7480341348699426;-0.48511360729194924;-0.6252774916088761;0.24311077431953965;0.5609722174883927;0.3021994029869251;0.4541865981585336;-0.12122281558138398;-0.20533258440031632;0.17056940425246614;-0.32244291819573295;0.14697101670820367;0.1827531768595241;0.25229327679269076;1.083677741210779;0.8590661672009674;1.6728424248826397;2.514513401493012
701;0.197590387406664;0.33613568353265066;0.2729364663989957;-0.3710712694615925;-0.23309420890805654;-0.5415352768880745;-1.2235709268708304;-0.6120939252557892;-0.8069479404054817;-0.30265637901697795;0.4951433023539728;0.2120712517159636;1.0676327756532484;0.2610604547079774;0.5339978477817648;0.5448926234657847;-0.6823720811282087;-0.36857130009836647;-0.39959474240239956;-0.07223502418178922;0.09430083643881909;0.20946152985499603;0.5689422025456227;2.1074096048873527
702;-0.08720563083917234;0.41634545511747756;0.2285008741408443;-0.25721405495082217;-0.4888713922323049;-0.49726271790061327;-1.444389187495314;-0.8459363638273844;-0.9222066845311754;-0.7946967094486248;0.35755765046907184;0.41694628438206205;1.083929930332183;0.5915859573926322;1.0281716949243411;0.7531931701370301;-1.0480517743539703;-0.9476815600320578;-0.8086795782364383;-0.6610473751726769;-0.7566428132992908;-0.18774962878207752;-0.5332409655793784;1.1007044054106319
703;-0.7151143966248142;0.16066556764920967;-0.10438906167941289;-0.2510773204286912;-0.6850416923915844;-0.4482112919059772;-1.320136691772245;-1.186124948107194;-1.077134469352007;-0.9373877745573646;0.025529609480862296;0.7915699637748655;0.972854862667257;1.213108118650351;1.2774779359752533;0.8415466393946046;-1.1262055595200473;-1.4080159243729975;-1.2752154828947238;-1.351865597238833;-1.481946737177134;-0.7547364700159298;-1.4196000855216488;0.03359964898965393
704;-1.1754273787202134;-0.4232083691252242;-0.36816134989710875;-0.15663190574279331;-0.5725344272381524;-0.38983613568426295;-1.0583496746198384;-1.413153984761445;-1.0586083449873076;-0.7371844198241565;-0.16294124807355165;0.8986525679511513;0.9528406046719341;1.6892566240469298;1.4180830577695587;0.9697796541597686;-0.9138361571814146;-1.7610664239393243;-1.9056712995627978;-1.7044846126961564;-1.9427532076650342;-1.3487368309726453;-1.7229209533736127;-0.9831966704246065
705;-1.6811837872639583;-0.7183072182757166;-0.2566168489404275;-0.07927571658270685;-0.48378466315801383;-0.3500905465589927;-0.7274720241721436;-1.3439310621545704;-0.9124069650006637;-0.6270987499721055;-0.39950800827362276;0.530356799052445;1.1369487643520073;1.6433197667282895;1.3381971581306333;1.0811952926315047;-1.0317165826631045;-1.8854360038435067;-2.077256835546922;-1.9138966418791037;-2.256521452659431;-1.7791991182416624;-1.615716995578611;-1.799846300541024
706;-2.087965934641206;-0.9869603334075046;-0.24858374849353004;-0.08499278254825791;-0.3586043102227486;-0.2949717466033838;-0.23582929566927138;-0.8305900955596924;-0.7522504571967096;-0.6039158265265475;-0.873205271232557;0.12920951481224902;1.0376900525640904;1.3911426004378955;1.036131658881769;0.9921225784013792;-1.519987838232136;-1.903861146498316;-2.088214723071351;-2.04661497880097;-2.298854050410712;-2.2622647400322964;-1.6380246068157462;-2.2172161698575508
707;-1.8661361636370077;-1.3469454634632994;-0.2818829681813997;-0.03813457681335937;0.029380271356131294;-0.10981740428874838;0.3478834440120076;-0.24374630557564778;-0.5953343177962688;-0.8450454991805826;-0.9328465102430765;-0.24418217152253852;0.7216130069791328;1.028290094694344;0.6239414481566509;0.5286202093908137;-1.774348162160163;-1.7579417561314141;-1.95225626434899;-2.08454306011634;-2.163037017659998;-2.5488656911268843;-1.7098710419988579;-2.278104649188345
708;-1.4423418017361405;-1.2369498200483764;-0.47981452633483884;-0.05943113899614888;0.3499710956317319;0.4535343575975333;0.8084962255746944;0.4594433171014276;-0.5773161837285677;-0.9791173212710392;-0.8400133357658451;-0.7407800020790394;-0.17479985820342805;0.37792358753355565;0.2636162338666562;0.031053233530192657;-1.9036421055891377;-1.5089930331685821;-1.6698138027440066;-2.1139058401006325;-1.6504454474819081;-2.30971379382834;-1.7566459417111602;-2.178498431131837
709;-0.6210525985849088;-0.931556681079345;-0.48476816603994455;-0.10566712928852666;0.6816777667175017;0.829677018490092;1.2007319768162066;1.3215362993967046;-0.6569549524347232;-0.9593303790043256;-0.8569015056932302;-1.2669277239174064;-1.1078842179668933;-0.5199297507811195;-0.15534427590769292;-0.4007786003856917;-1.812042174332737;-1.0660508349004356;-1.371940036780383;-1.8385448910796964;-1.0665019592812768;-1.734699294926613;-1.500988299603558;-1.5829506101019115
710;0.5609825372941629;-0.6711998184552957;-0.5048847399870487;0.07566097704807206;0.8193534736131154;1.0298332881888006;1.6217842792986157;1.7796513963671494;-0.5782160481992021;-0.8061755181835839;-0.9396160433855972;-1.563425868592863;-1.7660439566932493;-1.5015974877516116;-0.7073639606632379;-0.7220634626139927;-1.1469861754651987;-0.6720701380621162;-1.0684810261005175;-1.1623666624693192;-0.774183129190954;-0.7872125983766234;-1.0922691943128133;-0.7576117068267558
711;1.6227768870576023;-0.3322790117460029;-0.4745421017487217;0.287898052061012;0.5286912522796566;0.925679935949954;1.4888003029477992;1.8474107940855802;-0.44782602631023083;-0.5619516471371603;-1.2929054729934737;-1.954916206545327;-2.264822716907057;-2.24840962991432;-1.24637330421791;-0.897415955101777;-0.3330560674419695;-0.6825667943295259;-0.8952742468674484;-0.5160525361774355;-0.6275336748956712;-0.04659134581195214;-0.6368793364456766;-0.06300225598132003
712;2.2409319195893986;0.21812832144039074;-0.4753526002592289;0.026227492965987344;0.3307085151890753;0.5383230665999068;1.0018254194428153;1.760562539695575;-0.058941898398233994;-0.4329196371263506;-1.3910729396891264;-2.031929174565567;-2.595288554422107;-2.6104504891814244;-1.8782059007610183;-1.1303283402372597;0.408568046819038;-0.7048345789210092;-0.5608453341960176;-0.05742967277920083;-0.45931004632055633;0.24188351078471224;-0.289430073272238;0.02891689464135168
713;2.5461075827647877;0.7344460559705467;-0.47063588334243167;-0.2882575774578929;-0.035905961961657455;0.049927207522269215;0.4638275756918723;1.516931102137615;0.30668142582450114;-0.4373046512331795;-1.1705642292696736;-1.94873307779155;-2.650890172469875;-2.8404604348057467;-2.4082764690813065;-1.388764026632137;0.9354238578084875;-0.2936692028134801;0.20372909035210107;0.25123378402626917;-0.1626052263579608;0.50978340046686;-0.08018034169600208;-0.1291624692473915
714;2.3317931642339427;1.1891970249477273;-0.06448836338404927;-0.5690277154198499;-0.3860111239372255;-0.13270564620930023;-0.0721976487292121;0.9413432871983594;0.7122923121856355;-0.22609344944540843;-0.8101382444263029;-1.6539651763688117;-2.2871435204957278;-2.61877735322808;-2.57377822355781;-1.567374880519879;1.500687353931558;0.36867735416064007;0.8674199077395667;0.4174706272558;0.18063016968670792;0.5475833500264796;0.37734413181350634;-0.021867539989698433
715;1.673416999755238;1.8022660255257505;0.45704726845701676;-0.6784650898616488;-0.541010158309226;0.10021914954827393;-0.3412180441730199;0.2531682659615594;1.1736040421084284;0.20386620635207378;-0.3432014849078921;-1.0265659365009343;-1.6037282969550828;-2.1456536491266043;-2.313803435296792;-1.5475106915197183;1.819244424560311;0.9706362847734343;1.1482114555889742;0.6637640729750076;0.5914779406926849;0.1142157572568011;0.5900086118374085;-0.0015440809762288293
716;1.0451298604336914;2.159447185356387;0.7589001802557934;-0.469529164416254;-0.6780417085331892;0.1227541489438124;-0.457711067879057;-0.46574009431151053;1.365395223869095;0.6421459389024907;0.09505090501243926;-0.1497726926848869;-0.9884740492985111;-1.4415813552797587;-1.5709196358033488;-1.2498861877154004;1.6945170080742538;1.8127380199482737;1.1729632865054191;0.8440344010431328;0.7999621621076242;-0.04581924540262256;0.508247973969592;-0.13327991552283963
717;0.4270443202850139;2.0090271247725098;0.9898023869097771;-0.1636914721277698;-0.6547511034313659;-0.324893531871871;-0.289049002302755;-0.9020792677646058;1.3130483470718024;0.9319313383299201;0.6556715202764117;0.7396024718243532;-0.2099942571389514;-0.5276878950278419;-0.9022756874938499;-0.8892953200133219;1.2436052093703551;2.519978510395705;1.1017400527221763;0.9806733721331382;0.801608618995662;-0.14553331896022192;0.2502672000065057;-0.06073509924701839
718;-0.029213955395176388;1.6382121566896533;1.3173495127725425;0.3510488825384244;-0.3460994825285249;-0.7097928896492735;-0.17204062306852158;-1.0451078189578509;1.2690048635289533;1.430739052345071;1.3026108447290736;1.0591083068352767;0.8487818119020532;0.4536888293016454;-0.19831052688506012;-0.59751462546343;1.0122427074668936;2.408957045744123;1.219788829910951;1.2195398940141275;0.8512856074322939;-0.04455646296047991;-0.06399241607128629;0.02988397461852043
719;-0.5587218033085881;0.9484528748525435;1.6854946414525782;0.859211985615338;-0.053457126151076347;-1.1547494700500276;-0.43049390003899696;-1.311623301112527;1.3682311305680088;1.7199650469406138;1.5056683253681022;1.3667869807869824;1.8988183056724974;1.416758533894616;0.6596291955796509;-0.1851139410029281;0.8909084691343607;1.863987717390085;1.2237872618382526;1.2823760746304547;0.8512836447316133;0.3893120747301031;-0.23141555395204694;0.2877925867359922
720;-0.8939506324405844;0.07123827934619621;1.6592558644101165;1.26071006034336;0.15243493896552068;-1.1804635547274984;-0.9569489394890117;-1.4357643296023328;1.3392550819862963;1.7649287110576748;1.7084088854661736;1.8836480286199297;2.73826340491228;2.271538256995894;1.5724854720819348;0.5212077598934275;0.8555000213303167;1.2837206532581624;1.4258540557225565;1.2147813633777473;0.6790253360138081;0.77046437376833;0.04332275321765169;0.33094286866623746
721;-0.9059060726402485;-0.742367069933704;1.3475656787252028;1.3007344681077322;0.31004474280762373;-0.761113797517845;-1.336059489620311;-1.2176506147552424;1.1561877894185975;1.6724763468407033;2.0072730987522385;2.4726188590352263;3.113258971472675;2.6739860500827093;2.351181148944225;1.2009841967395367;0.6169778107295039;0.5417464600304298;1.573479536906896;0.8025872170578581;0.5196081602340602;1.011153661711971;0.37360078471123476;0.4539609125078105
722;-0.9007286702846461;-1.364516091996211;0.6931668292667684;1.3465143812608449;0.4802795697381401;-0.21441910959023905;-1.395412712944724;-0.8946887570679767;0.821988109365618;1.451608188243743;2.167262493096879;2.648430568271221;2.9586873130122604;3.05115925976472;2.6801193717800484;1.7572517195650723;0.2574541094049401;-0.2752647806812023;1.3273501062213129;0.3451836812641493;0.37719062190268476;0.996624875020125;0.44310478243001045;0.709575772809857
723;-0.43743273014226514;-1.4361577942539294;-0.07310796246184294;1.2897042222110378;0.8096975717744844;0.2523307703064193;-1.1243154165013203;-0.7684220141507155;0.6895055360620695;1.3799091957009306;2.375976045832414;2.63712902154797;2.4422670579612418;3.1734721258798335;2.554594001499133;2.314301896449892;0.06276811069142049;-0.5133273360755295;0.7689956680959104;0.22284502320888097;0.5440929230257985;0.7412819029016238;0.6893458564620562;0.7801792613320239
724;-0.0735722364965796;-1.0220157457014658;-0.7002180280434124;0.8708615328875619;1.1064282528041642;0.6635321254097891;-0.7771799741756087;-0.6721504692023175;0.5891152280049965;1.19295315132563;2.355675955022694;2.285565136322812;1.8959892649956507;2.6463297676731385;2.500673401085597;2.584054198025121;-0.0010082380130130555;-0.3204489470216739;0.03452940531989656;0.5279962609527273;0.7290366140035367;0.3612742277289763;0.9021871337329943;0.5869217594920403
725;0.04003870567899656;-0.6020164552447377;-1.3383715229263613;0.1509545766157115;1.0435505096938669;0.8791866266497308;-0.07100854118152508;-0.35117723045294813;0.13285306538786648;1.0126723220747358;1.8220520657228303;1.8043779995424714;1.389892641733353;1.9018097005161638;2.350880583766328;2.3062315206833683;-0.05372962113872309;-0.09224447180251333;-0.626454047887432;0.8701730697682459;1.0286809929296687;0.5115338485562431;1.0059212524710255;0.48536563259547066
726;-0.27973590808417137;-0.17805600079793263;-1.7714845691779089;-0.6980128293541351;0.8692826513949252;0.9748865162113658;1.1557133777789286;0.2730816319153881;-0.3668550949283041;0.5280615604520936;0.8957234031492847;1.2539255312205384;0.8468696183116403;0.9833784222991352;1.6995010110433766;1.6287121702351355;-0.02244575268493423;-0.13979448685684046;-0.857932030798334;0.8659597556430803;1.0673698198885486;0.9640748809896743;1.2562738554931703;0.45876639562901533
727;-0.6828945019914522;0.11203623536732818;-1.598060363347968;-1.058505248666956;0.6331933380816465;1.0405510234604933;2.0128850992787815;0.940975137338319;-0.9885408945275725;-0.26906284393992885;-0.18416336928986438;0.5499492864157038;0.675422497147901;0.17442023036095783;0.934540069674543;0.7486725712927745;0.19184128450062038;-0.17619659584755357;-0.620521684283625;0.39539928785625256;0.6592308187968655;1.0812945078045757;1.5202797263772858;0.7615891985824295
728;-0.7604510035456526;-0.01945593218611728;-1.0313571009773321;-1.1671306840302444;0.10469231035304831;1.2188423842029927;2.4180254296865376;1.391788484125748;-1.7395252855852625;-1.1962934139929455;-1.206403483281547;-0.22351610580221382;0.49267707373248476;-0.5009257354346105;0.029845005523271198;0.2139233326513051;0.12729846188959393;-0.04295459171087402;-0.37320702344935186;0.019927798542860618;0.2912221018310495;1.0829594808906426;1.3323776109655414;1.1052248308984307
729;-0.7361173787942552;-0.2596544600892803;-0.3654458379511527;-1.294821282698676;-0.3010781339631851;1.4175008340167623;2.2195273685581878;1.9413537417529054;-2.4741640891126946;-2.0130184184364097;-1.9738286323897263;-1.0201501472606402;-0.20443409640353954;-0.8448396485974349;-0.8418726789651472;-0.052528011644235865;0.02734241841821956;0.17559577326648845;-0.025098686062950407;-0.2566427036660081;0.32647901626855375;0.922711531651477;0.6528060439430826;1.1550296555368011
730;-0.6157227437184121;-0.34476269343575855;0.3441661895650292;-0.9520774110339643;-0.1872954008762797;1.370524050635883;1.5904565891426827;2.125632209878134;-2.788720141790845;-2.5178168954949367;-2.2061439106755794;-1.8839784656621712;-1.0782504427012534;-0.8842909616016587;-1.28199369555013;-0.5165692818683552;-0.024505038140062104;0.3021742239624333;0.25488088883186766;-0.4525314465259421;0.23849107253010587;0.4317751573991559;-0.12775409264176443;0.9314627887222201
731;-0.5534415822571814;-0.5586767198959612;0.7664290209349391;-0.153299751583249;-0.09790862999833863;1.0556286917674105;0.924835145250593;1.9941088940920049;-2.7523542456619854;-2.8273022480284706;-2.2651440634240063;-2.5457891661491288;-1.8183961767593748;-0.790130089729125;-1.4164490612966278;-0.9436004017262043;-0.386332279012181;0.27022084816795133;0.6756556596964283;-0.5083848156445818;-0.08893633170645539;-0.23724146412752536;-0.5976247692853481;0.33508322856335204
732;-0.26986242488711565;-0.8573351849147639;0.7982772319396835;0.4016806148196297;-0.11464068873944926;0.4113517817578964;0.6006943222051335;1.7680080461949679;-2.2721316801105047;-2.8279948063519766;-2.5502120111683175;-2.827409013231075;-2.212469973847932;-0.8719455754384046;-1.3146808389257376;-1.1267970716778457;-0.6697808335283546;-0.010540854017337354;0.7131849113877023;-0.24112929168983235;-0.2215517777788165;-0.6656860831505251;-0.5653778159120786;-0.4272415948826831
733;-0.31633842480865537;-0.813837876807249;0.3224006895100781;0.5415543304049778;-0.4599654013591967;-0.4625878773012017;0.41385182014361327;1.1805108447932013;-1.203880419053436;-2.454222039127572;-2.487866653904011;-2.8277171995779;-2.433797356280816;-1.1590636146443596;-1.063473277603689;-1.070750910143136;-1.0432602926236567;-0.4378710194341543;0.11172877268664042;-0.08522510643686464;-0.30577422375844715;-0.7604988180885748;-0.42042936733897446;-1.1578966763255438
734;-0.2964298291889644;-0.5769804953602728;-0.4102442538119704;0.35654201568256993;-0.9709804971687684;-1.257272618357532;0.14591211915566224;0.5376939178108991;0.19100694225650294;-1.5721336044970968;-2.273250437299386;-2.4800280702098325;-2.3799093265880344;-1.4737509934215136;-0.8444445343836022;-0.9779863232914412;-1.5574083268712422;-0.6971140434043981;-0.4807303385860017;-0.26170149834486145;-0.8426282317790091;-0.9230523346679513;-0.7864298122127802;-1.4399583260557371
735;-0.07181279178045614;-0.06347489037409192;-1.0456174279571218;-0.010901367028778254;-1.1874984691959556;-1.7294880234076735;-0.46115203094498597;-0.13412902010821295;1.462358686776895;-0.6900896799534019;-1.7850974886131783;-1.7573810595907895;-2.1644893641315845;-2.05747520545165;-0.6906691332931044;-0.8936780675928542;-1.9780834308868234;-0.8609211956253261;-0.9988574372143808;-0.46654073092403064;-1.4900528760877667;-1.0887684294218742;-1.0602880757448512;-1.3603608976269108
736;0.3307031764341976;0.20719029424675728;-1.2934154240112383;-0.4677542450319543;-1.1358777809105318;-1.8851898399778493;-1.1608402082996347;-0.9814637912720653;2.303327836424485;0.25896831871155895;-1.0489812454414664;-1.0816637981430217;-1.987862013734616;-2.2833841732540376;-0.6439666681643301;-0.6400776915021471;-1.9645820133326;-1.52753341971184;-1.342255663229293;-0.5900478739205887;-1.6377422509357906;-1.1266143737101084;-1.2463592269998194;-1.080650542749284
737;0.9296236194611914;0.4476897222102476;-1.07689489516746;-0.9652561327164941;-0.894805902893317;-1.919530203977118;-1.9899172630853792;-1.6045357579140793;2.231314070561083;1.0690997758296712;-0.23890989173847166;-0.7248394222979266;-1.5501031803404048;-2.0197226879400976;-0.9832259486186925;-0.37985479827190166;-1.8675227998603798;-2.2470751757822383;-1.6429717883780406;-0.9801088010020175;-1.2798414963436193;-1.283450442953498;-1.2196673292619877;-0.6725466986895395
738;1.3277666503912642;0.6064756832910019;-0.6738513822474768;-1.3331382500406814;-0.780008087340031;-1.8485523464774583;-2.794350749601233;-1.9889937268667255;1.4849589588367733;1.6830989592471346;0.5706041956610438;-0.35073033865096975;-0.9174329551916931;-1.7149490461367378;-1.3775648975291468;-0.41854912700667435;-1.4473040802585797;-2.409419246909893;-1.7226075081445922;-1.2817707490444368;-0.9115092156750739;-1.1886607365727304;-0.6361454868486631;-0.2739405198974971
739;1.335022109333458;0.5906543011622221;-0.10864791218167397;-1.5815224956892222;-0.8774460968468398;-1.6002405160561746;-3.1514461873174366;-2.243741522650433;0.8055631496349954;2.1079396226949028;1.2974244644019526;0.047618080754744996;-0.5597333871442616;-1.1925040701033125;-1.5894999282191402;-0.6946232119069237;-0.595286648943003;-1.787711210094519;-1.676545564152351;-1.4139785660017046;-0.5345774001699404;-0.791776318061244;-0.29447770489798264;0.09298643295379666
740;1.1302606568166478;0.5368880299821757;0.4281737511379368;-1.272371709100002;-0.7561959969660267;-1.1169611920870026;-2.623066910700563;-2.3633533455292013;0.36730221017406867;2.1160025207190065;1.7225404852178843;0.5054176900154642;0.007193426777425002;-0.5358113201581629;-1.8248879168113379;-1.0686832177696668;0.47616828030781694;-0.8341347681228319;-1.4298548703060734;-1.6204484979272735;-0.3091899097303502;-0.41610362130690404;-0.1516613928296839;0.3385262220681867
741;0.7620018630200363;0.4780363502083223;0.8386599223784331;-0.5977080247411813;-0.40913711292225236;-0.5230839146277997;-1.6303985568330945;-2.316863431969719;0.12217662213543636;1.7088920674473358;1.7413308551162205;0.9779364085474179;0.757252759636826;0.14803426785145593;-1.4985752521575217;-1.4072547040008205;1.0905515533362697;-0.1776779135228432;-1.1188764823392667;-1.444077014822319;-0.38204944016732995;-0.15130762291131275;0.07029638811219195;0.3633654007911118
742;0.16264701567416098;0.5412360315988464;1.0435032726151843;0.4026793264276822;0.074144737358409;0.17590787058942584;-0.5537702803837146;-2.2576048115412566;-0.0048177066976703;0.8850810763384802;1.8337070547655276;1.5320633736069076;1.3239897693330953;0.7028037189701931;-0.6203691675506794;-1.2096147558680426;1.4704198872973304;0.20069019129875415;-0.7703958425418544;-0.904860618650129;-0.32217404497308366;-0.03476768256975789;0.035850387831034766;0.43454997519997846
743;-0.48043107907637966;0.6110411615306452;1.0342570472437214;1.3191579767903878;0.29616020987398145;0.9285723011689656;0.2531482502212559;-1.6713940432005967;-0.26271529733025434;0.1064135230083513;1.7204685834394815;2.152714107032041;1.794447147568366;1.0563672246227795;0.4948231212249711;-0.8215594752857301;1.874729624863236;0.7979279639914202;-0.1483814940424661;-0.16369661585010303;-0.1734237782488816;0.1319334065902743;0.10077092161990928;0.43267827800942926
744;-1.0716883191547169;0.496050376706737;0.8307326474543693;1.7833035107105057;0.3769410518735502;1.0289879498125345;0.9397375194177104;-0.6118348696552722;-0.7464472374830363;-0.3552786014633572;1.3335660329079027;2.298588316916017;1.9837549427232672;1.460656431211105;1.457893313961966;-0.1690003949839558;2.180272850245162;1.6603592169949744;0.495107098619444;0.37767965751764443;-0.22955109687576378;0.4442189218019673;0.12090175230623929;0.12621758647290976
745;-1.3187275965948773;0.2669314611749312;0.6926358803839142;1.8878492728173717;0.6799058623253198;0.8888059407634997;1.3372454640677474;0.5220593996242231;-1.1260898724957689;-0.6052191131629111;0.7585597713644089;1.9893182545151082;2.0253459490223213;1.884720397742464;1.7500851847988927;0.2958755778903494;1.9234574270488256;2.5269285924230886;1.2839282479753926;0.5383370149958155;-0.17217159463582019;0.501897723095316;0.0383522383886895;-0.29281996773808155
746;-1.0641011238159075;-0.023965842086889264;0.6576547858379967;1.6530854398057568;1.0623474145546001;0.6932124598984828;1.622673772761127;1.4780058958606586;-1.0307210378901352;-0.6519214684127992;0.14164541316016346;1.473215303839275;1.7972957202411988;2.3129584289209157;1.7240930632871467;0.7757781888481611;1.3506250262584114;2.6267107494022093;2.061803910848721;0.564605201269619;0.008629291702785726;0.21479090554773245;-0.09632114186495815;-0.45635994441363276
747;-0.46267281591894044;-0.43559248943166096;0.7409169176865746;1.148080822844135;1.50038702284639;0.7404128499764675;1.7032436440060024;2.050073347841704;-0.4697908004008603;-0.5126165396997138;-0.38865818476038705;0.738207360964515;1.4714963954099605;2.189993615796405;1.5967695293317479;1.3325627550339916;0.8713284116142893;2.154619145751409;2.3067241031694503;0.8658641293021624;0.07793427941468417;-0.26886551817305804;-0.1649376753391428;-0.7760653680271358
748;0.10925625444094579;-0.6429636279573792;0.4547301873022242;0.7085117349553457;1.8957313543743173;1.0260555779370535;1.4969866036719028;2.125532782244603;-0.019929974501703817;-0.26150705719734846;-0.5078464721370558;0.07574553947217408;1.0215852959717133;1.5704938565806978;1.5946330724740023;1.739192448530033;0.2407041835549372;1.4166994070347727;2.265530205943337;1.3954514618647282;0.12528651744828231;-0.5766459658580092;-0.2960892827698993;-0.9057828370195703
749;0.5703711011972769;-0.49369580489499043;0.00024030452609077857;0.4529118286777466;2.029602049818282;1.3400940397540637;1.180156162192285;1.6845844101425884;0.5896283198976787;-0.07273191755459484;-0.5862681588444709;-0.33420954152384824;0.46492107925666254;0.793971394772128;1.5238351916433925;1.9561618581804052;-0.23027633265497943;0.674405165100153;1.9594045298780032;1.807544096394424;0.508422577074896;-0.5642855414172251;-0.20295152262290572;-0.6063670138953096
750;0.7849865334775021;-0.3899781807627771;-0.4453982176405239;0.07025441490121485;1.614765990371796;1.5449578969000821;0.850022841033286;1.3277766296363196;1.416047954798791;0.148972287655113;-0.6155815757356751;-0.8119063995149851;-0.07917840608212777;0.0023555676817765127;1.3647982050002991;1.986362841183172;-0.49113091516882484;-0.14973249879218306;1.4558917327807586;1.9514009592776742;1.2994007749819412;-0.24217547331434663;-0.07582492623250761;-0.33361671248938457
751;0.6936188406050382;-0.2584611766366098;-0.6330873103347451;-0.3741574562500028;0.8227104866511887;1.3610348448424876;0.6644645684145778;1.1171187272826282;1.9470149636400624;0.42694722379128924;-0.3371332715257646;-0.9310427297162577;-0.49275057583995185;-0.2958071762516214;0.8988897756677777;1.7453928291099314;-0.5265607110188227;-0.6230271809620757;0.8416317004187099;1.8320626765712724;1.644858314147131;0.15026272064547486;-0.07707435468469306;-0.08733950854827754
752;0.49821377711663795;-0.2252334941750762;-1.076411941123225;-0.7144308777812264;-0.13118909194810865;1.0624865239326962;0.46888298466012546;0.9609255255086676;1.8406762363841662;0.5214959412066137;-0.02109508293646464;-0.7528871657563344;-1.0325890581798767;-0.2730136788274348;0.4066735777385094;1.1582226585275408;-0.5925465944788177;-0.7953356758208207;0.03663297201340077;1.4048360073339332;1.7186025143151793;0.9268112428516522;-0.18517907945436723;0.01166065702131767
753;0.41801757550009966;0.04957596884803863;-1.3049266841527443;-0.9184833515440107;-0.9378588596036037;0.720125625738088;0.5622929659292613;0.8464635950049537;1.2649073076661794;0.6498545689421912;0.08969184266489626;-0.7160280197368218;-0.96404907507756;-0.31101176810767406;-0.10054600804903878;0.4364418553350551;-0.6855140855964321;-0.7769126377524823;-0.8670365565126393;0.8630724491944777;1.6752881111437812;1.643621854893825;-0.04014391667260565;0.12426045332311786
754;0.4568139225624277;0.4152329317983022;-0.9010449926318962;-1.1323479886652539;-1.5043110503670232;0.1863621031365302;0.7047678863967642;0.48742609876369825;0.41020610160004806;0.7995778728216323;-0.037111269561748615;-0.610352564223722;-0.7026611337843347;-0.448459499197764;-0.7373107244714762;-0.46967675341543147;-0.7273353943794297;-0.7365590446803865;-1.2704213087397391;0.0801570773812458;1.4402711726836641;2.0059874608142407;0.2873053199132429;0.19441675887476767
755;0.27773764256407624;0.5672933859362349;-0.24052188439244088;-1.0604090476354824;-1.765155088983598;-0.48563529438408326;0.648950230672192;0.40990965294238546;-0.39197469404260993;0.8286991872795457;-0.06304608444840984;-0.254066206985005;-0.5395093878994864;-0.6475074776005005;-1.1997732457401107;-1.0541230055311137;-0.623913053165341;-0.5976504075889955;-1.1806884864025764;-0.5554737753604471;0.9566116336899598;1.9128222275174012;0.8176176921443592;0.26001532781221764
756;-0.03703150573540358;0.7602472507571751;0.08440604514045409;-1.0418247090925474;-1.713753714175878;-1.2936759043637858;0.3717878199305331;0.34617439393857913;-1.0129166965319734;0.6698513825663259;0.25742830544570244;0.23700908592669692;-0.42219269307538837;-0.8750716338083736;-1.421390340635436;-1.303568360747482;-0.3594935494965114;-0.2795025645678529;-0.8167626132641094;-0.8822059060600564;0.2552278947070372;1.2857471917747545;1.4662962139838873;0.4557477914345713
757;-0.13896711545464513;0.7412790955736259;0.5365693359715846;-0.9828172179034919;-1.4066539394614175;-2.0091759507698987;-0.167126769737757;0.2217071285331358;-1.3598074129912463;0.2288621728219002;0.6944801590459546;0.4241472177539928;-0.49307493834701477;-1.0143918835764707;-1.4099427473117856;-1.4948977078271695;0.1029111341749851;0.2151488159228751;-0.27512979221985234;-1.0998008108832367;-0.3458971642407796;0.5045871707346;1.7696129831028151;0.787718731570939
758;-0.1966327893840732;0.6262861877027452;0.9567990206906047;-0.6220901963575892;-0.8772991295930985;-2.2828456656412484;-0.9076393447840057;0.10525902079056745;-1.3822165300033116;-0.3581770810763725;0.9183816152479448;0.2234673657178341;-0.2696004705760699;-1.057318990444771;-1.0275086001927216;-1.463807660087858;0.6454324234666832;0.47414152367655876;0.10501917699258106;-1.2117784713734945;-1.064135486490189;-0.27504913450976354;1.554160411754413;0.9848750715626108
759;-0.45576637572898754;0.12328405616839007;1.1086240233304536;0.23314642738159627;-0.3423999457550806;-1.7104165887645648;-1.3164783811256504;-0.2748537814964108;-1.2853564070326708;-0.92607334533053;0.571447059436804;0.1001968229473565;-0.28564752936744014;-0.8281101428608109;-0.5664510322578457;-1.147461960069821;0.9809918150947547;0.22028361339113126;0.12749819705921395;-1.0391404628643301;-1.6420182541792008;-0.7929525935333825;1.04501685386909;0.8682294001179581
760;-0.5513993755150037;-0.3680328405498016;1.0667338712760004;1.1606365746020422;0.16299772447603245;-0.8069575810209301;-1.518220474440409;-0.8642435705005372;-1.14864151597366;-1.5565018254964986;-0.07487194450365534;0.07822736215300667;-0.3307857091976544;-0.5471126806776804;-0.22308596158196214;-0.6896319366735779;0.6901639772705539;-0.059741526358230754;0.21907715006284234;-0.5882151419613961;-1.713565001574422;-0.9463982717485938;0.11457635897421613;1.0738778727169467
761;-0.3387245964145577;-0.5688018982439805;0.7598097652980009;1.7390110814642936;0.6922695035084309;-0.10089675285356524;-1.771736609254962;-1.4734328612839453;-0.8971200814346876;-1.7750889680158473;-0.8099208197807909;-0.08019975706520843;-0.2146488531454102;-0.34039809047560093;-0.3450185659979894;-0.23548120322091587;0.32284581887774416;0.02005594832117763;0.14787553266194664;-0.18450702347235173;-1.3380114396507945;-1.130257690306066;-0.7872345454493236;1.2570065102638892
762;-0.48157010743056794;-0.9098224974695143;0.22558655487514126;1.7873729049827516;1.106770919962219;0.4055102635341697;-1.9150307358350858;-1.8006956161211607;-0.2845928285312367;-1.4339022781592605;-1.498636658240463;-0.3524144546758691;-0.25896926365803463;-0.1923237790792265;-0.40866161178585375;0.29453379642537525;0.025433986674955056;-0.1202373191382969;-0.11570404599477091;0.14816457287795365;-0.7599299655844823;-1.0815471919978332;-1.030835181355715;1.1260741036298318
763;-0.7295273104353924;-0.9257670911171664;-0.47310178066097486;1.3047404020992182;1.2144296430912846;0.7107969698987687;-1.5025853158141118;-2.0214017191358695;-0.06547331027703458;-0.9621932356790236;-1.7734072415027928;-0.5514120591773608;0.2317087939224846;0.1647283049742479;-0.09691747132777188;0.4993677608092565;-0.4575233698931587;-0.42861171982874635;-0.38189632303475374;0.18407531499330088;-0.03664700330577377;-0.6840622012383257;-0.565047741084213;0.6988388999094628
764;-0.8911481141756912;-0.7416729085703297;-1.0759442433746373;0.47470619699021793;1.0820535222014611;0.7069009503662101;-0.7178373975576386;-2.0394082936872873;0.05832190557784785;-0.3963044629210591;-1.6725259698277704;-0.357132740952459;0.7804741649478925;0.5389267632718739;0.2699430435596314;0.4434919124926263;-0.8744128319768963;-0.5663634242205161;-0.666861118935098;0.15920381459967084;0.4431818271277888;-0.41858385809845955;-0.07969993509417636;0.15267351225688178
765;-0.987540065813645;-0.7200886984601353;-1.4681933485811656;-0.4710483772128538;0.8253183971216348;0.5965366911082394;0.07789270492281332;-1.6152112008850226;0.31546909452677574;0.10038868672258398;-1.0217042308152136;-0.17307917465481157;0.7806453205069452;0.8593187776558044;0.7111499747872007;0.4787978666733667;-1.2038553815377921;-0.614679341740668;-0.9351799014855627;0.12681272558338438;0.7029861425926606;-0.1303359059710907;-0.2105845492679127;-0.3488347409784807
766;-0.9200511933526362;-0.5794059854303956;-1.4065339048969965;-1.415193346917137;0.12002874915371566;0.37014263944017595;0.7093705801647414;-0.9235692268202795;0.38885069331462585;0.5368588820229357;0.07944282512419919;-0.3168027277609045;0.592487408957158;1.2576893799087165;1.036763947476033;0.48716096297388506;-1.1574130970807406;-0.7446914236725647;-0.7886822252555464;-0.06585823317456825;1.0147176245479532;0.3106995131154108;-0.22316688149689723;-0.5913340311159192
767;-0.44824730462704176;-0.6770386641611226;-1.0867043641862335;-1.8791751186441814;-0.3436284789593279;0.3193951493304282;1.3480806248550163;-0.1136513128930737;0.4163267179296975;0.8716228872203434;0.8172081282732987;-0.5055506630414348;0.3076157266968243;1.3934560075872624;1.1931005110742017;0.38818958975475243;-0.7904264337077238;-0.6877155301426082;-0.36844796248902323;-0.24280805432375432;0.9123089563224623;0.7885845748339004;-0.15080252588836418;-0.5709839022782506
768;0.15951723547393357;-0.6012228090160792;-0.812045115339433;-1.8010646450109373;-0.7251697662978873;0.43400309438428075;1.6031712389309836;0.6583257788623893;0.5223169496207546;0.9358934286989462;1.1591356971336129;-0.3724034490515604;-0.1740461198575651;1.1181303065376234;1.1146771700531335;0.24739171652436995;-0.4071140765712483;-0.6208944471689088;-0.06836079537706032;-0.45480410344283967;0.3103097712111698;1.0422973780867868;-0.05759038562532436;-0.43890146689246806
769;0.6489026243006235;-0.2196041494775885;-0.5384857052810187;-1.3570811600885195;-1.1232258700684847;0.4422809227268212;1.3087010986865104;1.405564850835864;0.5993269732985637;0.7084386190620329;1.1465552555604401;0.07170272723353449;-0.47016243169168304;0.37216699942206005;0.6477777003849777;0.39288535474657216;-0.16646098992278635;-0.18782487968521322;0.06397252363088374;-0.6366574735853814;-0.48019285925962985;0.9057324940122086;0.1825639799461399;-0.2543353116921968
770;0.9137366273017252;0.2899995189375323;-0.006106864068176472;-0.7755946927292643;-1.0894591915633154;0.2915095970048345;0.8275345343928683;2.125442510404139;0.535648723128256;0.3294330071467572;0.8577726894168849;0.3733788722505334;-0.6255676993284836;-0.7031620887425621;0.1549440786904758;0.7527599645254102;-0.12152855610075325;0.2512212681133001;0.3201445305271198;-0.520306572399045;-1.0117091779782066;0.2743997336441308;0.240419227624599;-0.4077798921829428
771;1.1273215892540185;0.838585245405014;0.6296848792639437;-0.16041367846235252;-0.6905694573510623;0.12299581167179231;0.6075016713953519;2.42499014262572;0.33844310048771364;0.13317804045160542;0.3827564856157825;0.6049241024169352;-0.7268290618215977;-1.227847081051755;0.0010910575839328642;0.8453092822997602;0.003175596016519291;0.38805102988994206;0.37137899418722137;-0.16897161211275355;-1.081620850697498;-0.6205645559791086;0.06394617991048528;-0.8999373577931319
772;1.3222953251050564;0.9878001831840656;0.9036564602979046;0.4905020219640264;-0.5885385938529929;-0.04867745466699515;0.622700000495288;2.0586968149202476;0.10693427472662877;0.1988458364731349;-0.09060314694535647;0.6089238356571375;-0.612446575885455;-1.3562651226913498;-0.39438803915379655;0.44661969833548115;-0.07116897641338853;0.1520813631150216;0.09704584547578325;-0.001419177976333199;-1.2046290095452032;-1.506696245205539;-0.31878144579229967;-1.1113218042305342
773;1.2321975905556195;1.0285549269749947;0.8831703440830619;1.0636252698686979;-0.5906081184196308;-0.4063976165237784;0.5067126626460304;1.5864285995648515;0.1213891100624285;0.26791298024322313;-0.2271837581380705;0.3964761858737056;-0.11918970865362648;-1.1107738181036082;-0.738749799010728;0.06064848264604712;0.0939682149177255;-0.016680252815388125;-0.31804421327447296;0.03645245217806318;-1.1265121024681624;-2.2680512862601763;-1.0682033806517797;-1.2379341370864334
774;1.0304774406626909;1.3100229283620743;0.734146724913291;1.2385577410541324;-0.16045428742057471;-0.8449885500145347;0.07109663359060797;0.8951951016181614;0.011772195937790187;0.13992336527121238;-0.3047065702584995;0.21644766136496074;0.44188729179759784;-0.5439679471348934;-0.9272244725527049;-0.43208524471952925;0.13703896337401641;0.03182709286391149;-0.4615122349240112;-0.07949948661122522;-0.7134381332074334;-2.1110441308947254;-1.819758262062786;-1.2243564493052983
775;0.8507177842004187;1.3439747788738867;0.8505537020579751;0.9867372707276681;0.6678099365281097;-1.1493263874721746;-0.5119952807519083;-0.2364282997888299;-0.010383188699124352;-0.07051489869485886;-0.15696270322876013;0.014470410706866109;0.6887838113389216;0.1930284545102577;-0.8897558695117472;-0.7377315737812361;0.06547182626398328;0.057232352076375836;-0.26669085304790097;-0.29177376899526514;-0.15442487277157715;-1.2941977227590553;-2.0516000325226966;-1.1793928955923032
776;0.7615218726197074;1.1355738082614608;1.1353226250424644;0.7437630506314667;1.1048022651499594;-1.1014237878206845;-1.12528665790506;-1.1704124877170043;-0.23338971246303455;-0.16274159036085203;0.03825146920655376;-0.24367734714757927;0.6189667318647409;0.6590036324715878;-0.6777356573804627;-0.778268116600279;0.47489005840480536;-0.04057177270276484;0.033679232091324354;-0.29747229914285317;0.2826767647019525;-0.4677286034437845;-1.9769920032752843;-1.2488716164110585
777;0.5220241991700932;0.7714995628488611;0.9607603309857085;0.6992622256941597;1.017712340527881;-0.46552352663315144;-1.4236859597166216;-1.4555967789638318;-0.280883250529697;-0.14010411311008847;0.4260074768055493;-0.2391507038284905;0.31054619073279793;0.6090163665680667;-0.1519842326300666;-0.7348274919265443;1.3131910459055383;-0.05617783462775687;0.18065224232879992;-0.13013715651647334;0.5132884870883228;0.11296760063857665;-1.2928033733809488;-1.166698141553797
778;0.011484507944261358;0.18660516276848688;0.8610720242204354;0.5341599130089493;0.6179485051292404;0.2738922236898387;-1.527716876618271;-1.3923840491352695;-0.35783526416965605;-0.1517975589449677;0.5451246780205999;-0.14192381528054837;0.03714840564301028;0.3488927235605475;0.023954839508569088;-0.9168236763832154;1.8996614381392074;0.3173375247722536;0.23338963529359893;0.2453822974393248;0.6602632584285625;0.7806928505230322;-0.39352183709898647;-1.0990385590220872
779;-0.5547798620813299;-0.10309685100922751;0.7538813107010938;0.47292327238727677;0.46399683539201814;0.5903406911763449;-1.3633896113790784;-1.5210778134850749;-0.4236901827878169;0.03830507336489386;0.38568018479370764;0.03134938615865678;-0.25810244991254616;0.16533625671446156;-0.023619337008875325;-0.9755262144817893;2.1574274621934015;0.734110690008975;0.571807857999185;0.5598521053253475;0.5979311015950673;1.1828788933446386;0.5117959226692391;-0.6737718818379832
780;-0.9978611491988245;-0.22874788547100927;0.27058400467266536;0.4766407171928306;0.6356151167990147;0.8024281600010355;-0.7356847159094498;-1.301976041334536;-0.2140379749517257;0.3439866481004469;0.04115175852612489;0.3821028999777254;-0.499609188936703;-0.16247433677347592;-0.1676065444066986;-0.8095297887064312;1.6070002705240207;1.2954759549873622;0.8127339299015736;0.7601448154438837;0.4152939748305701;1.1519259546260758;1.2469465168074458;0.37253683607844046
781;-1.1379537715770183;-0.5664006496354539;-0.2698785616642393;0.4002088066759886;0.570286355833192;1.021725668077389;0.14263811420696584;-1.0477291080182611;0.395280897622463;0.22812682962594666;-0.32213243447031203;0.5048650663025389;-0.46907375426651904;-0.6438334543179279;-0.3533189021484692;-0.7220839701533169;0.6242315184895683;1.669610563037279;0.7608974538413739;0.8152349097883813;0.3509387022164729;0.9520695606739917;1.7098201357734912;1.3844206266872179
782;-1.1539155111132096;-0.7032668256124498;-0.5146822788373128;0.23862152494452576;0.2723498624025643;0.9753367393287266;0.8423195540519356;-0.7915778328886433;0.7113567797990352;-0.004185728972988446;-0.4158446358868731;0.22516286249588438;-0.19776888828258565;-0.9053939630770613;-0.5392684225918882;-0.615313120221458;-0.31064696660183144;1.4706876649757255;0.6062455206148495;0.718571204661051;0.5149695818688661;0.6162616830435172;1.9143741815280537;1.795699771640341
783;-0.9582226588406623;-0.8301452928529367;-0.6862648706638732;0.09475618004683461;0.07533255621658472;0.6871446198123545;1.260736152390911;-0.11989421260816455;0.7626624691489772;-0.17618740424643123;-0.31255041625455443;-0.20724417435591352;0.06999978717660099;-0.7799679467541575;-0.6401083325986971;-0.45449522659697006;-1.1115685301297076;0.7808906267834507;0.5470405344343993;0.43742864505833184;0.4651170839692778;0.6510029764297054;1.7079748326804969;2.011916864256673
784;-0.6453621659985344;-1.1842909929559937;-0.8852785702339254;-0.2904090632124589;0.15637704240987002;0.5330726979089796;1.6623070257141144;0.5860048136773264;0.5748991801400593;-0.19909449694280293;-0.17945503879539945;-0.4623416578880487;0.18941028077086117;-0.32041853695137185;-0.5804075181345376;-0.08518149329156285;-1.653853495754721;0.18160945443430285;0.6899561082545844;0.13287477727753175;0.4406902274318577;0.5961677053793936;1.436986136792755;2.070395894016797
785;-0.6763800447107169;-1.3721990784452431;-1.0846733768171477;-0.7237950227497786;0.15918781385727943;0.5544053886488258;1.71655210061105;1.1878854769648695;0.22936912580886268;-0.2165511096486602;-0.1614116747665078;-0.5960581191963049;0.2584590571066537;0.12371887536571775;-0.15604164925198677;0.2860297114806719;-1.8064516425649813;-0.49951704067790625;0.45706136442409695;0.04658425225269544;0.5042464681137833;0.5824975398258097;1.0907590821134636;1.9746008940772664
786;-1.1067650050342315;-1.4718148089121132;-1.1507954653501764;-0.9161252284279185;0.036188177595954885;0.5496337323782082;1.3523394362314243;1.8407223866580202;0.09503187654829619;-0.09624879817838236;-0.18418517884285635;-0.5066088283068455;0.13891044830506322;0.7331253506258156;0.5973756709622864;0.6128390852265562;-1.6029758186324072;-1.320749800461209;0.28599598772209456;0.19222834598241756;0.47394861995534476;0.6365001018735374;0.7678147775256758;1.561800117844871
787;-1.4276986529695477;-1.3580859230777862;-1.342286153517483;-1.251585091360663;-0.3699981665345622;0.336765772367647;0.9866042317146074;2.056218736670285;-0.008563453806129911;0.1944566582046337;-0.12119495977235789;-0.44107374875279876;-0.060982239985338325;1.037989710006175;0.990896654244953;0.6373954934492941;-1.3022315127436088;-1.8666005484629817;0.0789132581108907;0.2761194253236796;0.45058541179225287;0.7387097047344888;0.2676203516810074;1.0881609126960354
788;-1.2845047664464475;-1.0188885090455746;-1.326801658860886;-1.382102427070858;-0.8825750263853541;-0.1732459127570476;0.604573045080269;1.7967886311678172;-0.29134913116478695;0.3817241887614222;-0.007478112994455935;-0.2624964052911276;-0.3827101182523883;0.9226036778939802;1.1831080982901478;0.7014395574463572;-1.0165465860592462;-2.1147649390313803;-0.44137951496334554;0.369573793443175;0.5411092247293885;0.6657357849129371;-0.019177174989643053;0.5100398275995265
789;-0.7580862473252162;-0.5672753169332021;-1.1426543509584135;-1.1660450320888471;-1.1556647324711815;-0.8605012983593309;-0.07578407297759263;1.119333938478049;-0.7322814900698015;0.15131152879099424;0.08227723378529472;0.13824710059906622;-0.5730201588684345;0.5399615693818981;1.106654713011575;1.1563162468378012;-0.49722931091028544;-1.8384658109922565;-1.0498212787419272;0.5743640668376315;0.4439479408768658;0.33826964653479624;0.06310111446842899;-0.061404276646807546
790;-0.19222873935197565;-0.09490476425855973;-0.7941648939167071;-1.038219568409207;-1.3202537359337327;-1.5050081705568141;-1.0122055555740888;0.3285146198844914;-1.1439333156338256;-0.14214586251309788;0.3323087662819461;0.5881892892278698;-0.22766927804990156;0.1534447333237296;1.1120975834590157;1.6727887846509057;0.25440689189364146;-0.9252032110833904;-1.4729001182830204;0.48853705133978764;0.3345511603743414;0.16865025539644005;0.012252664204644697;-0.47513081719708533
791;0.6108697622893571;0.3007070044755951;-0.34463695839755537;-0.6884843594045672;-1.3897726995067545;-1.6058840118796274;-1.9354780579607298;-0.5202578431257501;-1.2846501302048257;-0.39620512446501127;0.1989903775100685;0.6431493476578342;0.4053816540152267;-0.13159885286202525;0.8861241608288938;1.8935494063741434;0.8824476055879867;0.1911564608510415;-1.3501354454440397;-0.016168479250322606;0.22439642568338017;-0.014726410539231436;-0.04203393549922703;-0.775512587443786
792;1.8403732267925237;0.7533281845875361;0.41743033290688486;-0.38004900468477004;-1.3385946546950414;-1.4627219274864514;-2.2515961194301926;-1.4401394104580088;-1.0221873381536135;-0.635277189888765;-0.03790616953949836;0.6209858006276143;1.1157276064203923;-0.0957923373071231;0.6412362447645065;1.624498067942021;1.2664000738984071;1.0150847169737998;-0.8311226766480144;-0.7054376624934517;-0.13001517571181584;-0.2955639391409635;-0.0008006056372094165;-0.696020184588429
793;2.9604272731128396;1.1267904448004626;1.1195857327679817;-0.07383310280653399;-1.0926134823188736;-1.5094831881997877;-2.1218434839611104;-2.1662162478570215;-0.6244944304357742;-0.9811546690936188;0.10556449168729694;0.58843416261531;1.272160948055845;0.15976291887177232;0.6786498787646122;1.172954707958397;1.6761763328280537;1.2583185977927067;-0.3964113493076985;-1.2841044128336097;-0.5587161318321882;-0.5817158680374912;0.0334659257761307;-0.21822844257431437
794;3.2704465649933443;1.6359742048721917;1.4542725368924379;0.23637154719576284;-0.6479144357323698;-1.5404595966309649;-1.9332718409245286;-2.3483204116283747;-0.27890869475778346;-0.8481795739516602;-0.028192300187322536;0.29949071247555265;0.991739870211983;0.7001294722307434;0.3602368226771671;0.7384889102993765;1.7240857345827811;1.165593715852433;-0.030943603796375653;-1.5797440717343971;-0.8455137536473063;-0.7148205784319359;-0.3924531928295244;-0.025475435558997818
795;2.698638044265361;2.151738408128061;1.3825499421697505;0.636929747901309;0.01644469046816884;-1.2141187638187712;-1.3319697701749835;-2.135840404751618;0.11044263011510934;-0.3868702448948821;-0.07536175064864559;0.38108265620758314;0.7961651798692657;1.1755793449721927;-0.03457119434471401;0.20067825375187281;1.138883319762958;1.1071568268658372;0.37634799324968143;-1.4201571341285495;-1.143388887098477;-0.6549798999507085;-0.9343758766419261;-0.31009724417615164
796;1.6047245517043545;2.072628042725733;1.1328513827380065;1.0229120138166066;0.6877505701150856;-0.32788206895896754;-0.4334004817620299;-1.6468830531979113;0.44121818886928055;0.11578360385136646;-0.1810999061081248;0.36107164733689984;0.41221019937056824;1.1362576913137903;-0.27016184864641873;-0.4498947729161649;0.47534931845786815;1.0111805834537044;1.009023686139896;-0.9228723837133223;-1.3047935697907098;-0.6945000689925214;-1.2295903140654756;-0.9012956412791935
797;0.29868708711028213;1.8638286865072824;0.9333385563007588;1.356509701374822;1.167411372224478;0.794389460563238;0.3650837541142208;-0.7499141489535363;0.6200783982849992;0.2975526843996377;-0.3559444060953959;-0.14614036978450146;0.04059766610275518;0.6689972917518379;-0.3671610393819013;-1.006744765385221;-0.047782668033400415;0.7128105382963436;1.3789127857835368;-0.4163390589111712;-1.3534415681230736;-0.905257342840925;-1.2747323839192408;-1.2343104158785367
798;-0.6526020965587146;1.335490842025218;1.184762670352288;1.5228389109065463;1.5044343158327553;1.7458201987908317;1.185678641579908;0.3664689722231517;0.9029018996108954;0.32461758125638135;-0.5391090908829242;-0.8362347633552524;-0.6055437828533325;-0.08003131404763913;-0.3005166724356862;-1.298403896379885;-0.6301579705883465;0.3208309235535498;1.0766686386134412;0.45422066275266343;-0.9820667489246501;-0.9537586875106452;-1.144973522427918;-1.4678234445951177
799;-1.3685826872898215;0.5429869121061556;1.5388203943363972;1.6876498153112756;1.9122672949480515;2.366749537655528;1.926248078220549;1.4955991293745456;1.1773266960160946;0.5961060789790278;-0.4600112427728775;-1.302310970260782;-1.2347065373681834;-0.9602028911154411;-0.4139746255716816;-1.4908681683403038;-1.0871494228439782;-0.13349565864114823;0.5965344002016462;1.0256450418855079;-0.5561906943459415;-0.9497548297176419;-0.8490420296236174;-1.5390832531855105
800;-1.666256233738497;-0.23966591148314853;1.2504868082156846;1.946595977043426;2.12990428105905;2.5938459354294725;2.2485756131830636;2.1442091163462558;1.3697782571558248;1.2172874354771173;-0.11025847936066989;-1.2163110169601123;-1.6269659639552871;-1.7087104493477536;-0.7092864637938409;-1.6370917800502756;-1.3206342722318667;-0.6418041458315487;-0.0848911887345613;1.3008528380809377;-0.022939290692771407;-0.9807154695313014;-0.5844741130272404;-1.1497948728712954
801;-1.5690123845043116;-1.2393360958669253;0.81882443847069;1.6276213299856623;2.2509952835531375;2.3881185579768878;2.234731361292454;2.2457474750411217;1.4160597939541497;1.2588185182079161;0.39256982472144186;-0.7110023490656155;-1.8735245746687315;-2.3517478044803517;-1.1204754384559408;-1.674676208269591;-1.3811087870750929;-1.0634279413799528;-0.4012891057682327;1.245259355915996;0.5747303915555784;-0.6182738024371534;-0.46093153570188006;-0.6107639702313572
802;-1.371931926516972;-1.957384049661107;0.10372008820288721;0.7409759961354347;1.967803209748363;1.952890386199581;1.911791217096783;2.0499680167650722;1.3430706598134365;1.18285579948655;0.8931158839622785;-0.25011404647576496;-1.5889890074699424;-2.329708483663396;-1.7416847059522733;-1.2590750062838891;-1.262711789295797;-1.2883762804568009;-0.5830948461540291;0.8303943968584068;0.909732379448496;-0.24475413223417142;-0.35207185329287466;0.027880525345773496
803;-1.0528173198191655;-2.0859119686993703;-0.6832904111570982;0.04942621050272129;1.1580056714051035;1.3422814424110576;1.5810614987285732;1.6070444733193794;1.010167841780591;1.2917743349525566;1.1863374532488138;0.236575328281935;-0.8589772206513541;-1.6805924479681513;-2.130277899830008;-0.73997786113921;-0.9214580081916494;-1.2237198324286476;-0.6937175234875641;0.07599379255558739;1.1133294724891858;0.15010499616420178;0.08758968378337612;0.49812117385092636
804;-0.7568656360449517;-1.732122015027114;-1.392006115484048;-0.5858298132806804;0.10865081686859851;0.5811472561348138;1.0157308366168971;0.9304018232132688;0.3244017297443002;1.1174808952981559;1.294992782890836;0.6078842663011993;-0.05811709602310534;-0.9607401398358619;-1.8681240511433046;-0.5643234195197535;-0.3906500931154446;-0.9567684061089229;-0.8251834292788925;-0.586402421646195;0.967862905553379;0.6781748851914703;0.37194467850317525;0.9020271196328804
805;-0.43113552823378765;-0.9788607018999324;-1.8370014302778102;-0.9505255127859766;-0.8169501306236387;-0.24969459027180735;0.30857909136348893;0.4865483051560373;-0.5242845644050133;0.4025346406145242;1.1873792169790351;1.0868716204165259;0.7178937115604884;-0.16956522291794532;-1.1745523860371023;-0.6131741635294035;0.1025936008545677;-0.7121695363340808;-0.9798536295313737;-0.9426115988042123;0.5257963090715366;1.157991741318423;0.6978830156366123;1.1790928951480555
806;-0.18150692341715627;-0.22341460102777141;-2.0108036034409293;-1.1917956885976535;-1.487698578680715;-0.872025568922816;-0.3813877729166806;-0.03699358486115923;-0.9541388745058775;-0.28656267302931737;0.8564492571874202;1.5295696185866967;1.410375426523077;0.6273736916157835;-0.4640871385762791;-0.8641882809255103;0.37538818154155346;-0.29033442574441265;-0.9176478064399533;-1.1284597081469014;0.2564038152254942;1.487162740113731;0.95722208014681;0.9774133916594536
807;-0.08414101389894252;0.19523152319197187;-1.7385994784810817;-1.4742592758542004;-1.8293489285587998;-1.3624421686227937;-1.1434958065069607;-0.526954847650081;-1.3124562534797768;-1.1204297329851194;0.28179964346570974;1.5528790318951635;1.7629185865354395;1.3088319819259961;0.3951973479206282;-0.708381243007093;0.7495737104808302;0.245870928670117;-0.4396329866585123;-1.0068345037676485;0.1762466550971609;1.523923768934492;0.9598649231978775;0.5607442243355956
808;-0.1085868335858061;0.3613036104018466;-1.1733714541495626;-2.0142625203197952;-1.916726217416565;-1.7832635750992474;-1.4872847701422172;-0.9958985013822683;-1.6472862565954534;-1.7195787952543984;-0.5493140267055823;1.1752238624854945;1.6187372950003063;1.7938560238509302;1.2235033256465007;-0.163171425796657;1.098555046380674;0.7720461415739018;0.212228755896689;-0.5556184899681225;-0.34734408129140776;1.1393775329285778;0.9094072690270671;0.35269663503424104
809;-0.10961108136914094;0.19932088764025202;-0.40314987593172213;-2.2879431207354135;-2.065095574925269;-2.0337291016604855;-1.5912251968870283;-1.3453971707836516;-1.8827039482125432;-2.012393415931248;-1.4537457540891685;0.19223692803005119;1.253390683581128;2.105808262483492;1.7592813184539713;0.4351364217769521;1.3506632008540675;1.0259496292521983;0.5911517855091729;0.1824613807396809;-0.9079527411806884;0.24440149945707165;0.8672755064276779;0.001434074574025467
810;0.19970188796452146;0.03342731892483516;0.3090411174322045;-1.8481109090540193;-2.173857401952035;-2.245643799769515;-1.6646412183651136;-1.430096188618416;-1.809316448483911;-2.084639111771367;-2.0500810018173676;-0.6929020554092109;0.9395885686436471;2.022230544474697;2.257355187697063;1.4616408441682718;1.3135129507906274;1.2289814594573383;0.6103670305525336;0.5585081675632657;-0.9201953752951725;-0.537617715135954;0.5998156183173874;-0.1659034879729852
811;0.5117323733359006;-0.19793007469893018;0.6034314398910101;-1.0589774516487882;-1.6748480123357246;-2.115179261458223;-1.6966301088821936;-1.4149523401110307;-1.4281890897940757;-1.7401499525152968;-2.2074327492575603;-1.36647748519052;0.45723070068922794;1.5745931580497232;2.4972028228535588;2.4165219506350186;1.0702094637054822;1.3587219598980227;0.6917607874618158;0.6605838318529383;-0.3769438127370255;-1.0477568309698306;0.08554402737466799;0.12485394476013961
812;0.7746660555833692;-0.41327735555757894;0.4110472828966561;-0.23372326311300262;-0.9088897542339556;-1.5258697841341216;-1.7988718495588512;-1.2949672643706458;-1.0147115722010682;-1.3943184712588;-1.849688812337078;-1.7543157979832869;-0.2473888348921427;0.9461770821247465;2.389417398673547;2.953199874299204;0.6279787237126497;1.0771940428765034;1.0663342342650972;0.7661597866474877;0.07323199614283804;-1.0798300921591293;-0.42441239077100307;0.14971218518900156
813;0.9191884870141409;-0.3605379855124344;0.20217312930194387;0.6072150558497292;-0.35257170546867855;-0.7996683128760514;-1.4629388552491833;-1.1053419055107736;-0.3398862603698238;-0.7757257922230819;-1.1550497902186754;-1.897126326044561;-0.9308811675113318;0.13922281449020305;1.6736124215630004;2.9903929039885786;0.16991022719748858;0.3845079044087377;1.158810439391105;0.7615838055793067;0.4243361992711132;-0.7693619500857196;-0.755407024038656;-0.10854493468700145
814;0.8822362526207844;-0.029031811649916743;-0.06437488759253295;1.0706869764045412;0.23846875202130197;-0.08721353536268354;-0.7600752307584976;-0.8523389501259975;0.510615703988039;-0.07152836595916279;-0.7261067081183904;-1.776907183203213;-1.677091086720362;-0.6766110801648567;0.5975844267190518;2.3520223629352133;-0.381773941175244;0.010692646988326173;0.8739047969649343;0.6598674035609743;0.6756200623659342;-0.38554823435680075;-0.7621200925184919;-0.052008430470888344
815;0.45622357582308437;0.5514144307525217;-0.1940947521573897;1.2993178408715147;0.7520497509246854;0.4714964292409544;-0.020976301572861133;-0.7690418458323006;0.9995474548589378;0.6099687318564273;-0.3911934667017756;-1.3548711399816087;-2.227215202390507;-1.422696424891377;-0.26444559758163594;1.2738255113211834;-0.9630238297252283;-0.24694174947429293;0.24394554279216568;0.4306651334434813;0.6652324039763808;0.08685684211153263;-0.6011012292020951;-0.05572953668584179
816;-0.07939773151493777;0.7798391649798664;-0.08339420404547841;1.3288145928628539;1.2147324800817354;1.0284842254130189;0.5088205883586094;-0.2096946531238912;1.0486799415343815;1.191839300648315;0.22849256501637283;-0.8403707728703929;-2.247566447743945;-1.798830412112658;-1.087570230779724;-0.03352782304661171;-1.382401333886217;-0.780897516803286;-0.26850438445727;0.11329914188084322;0.681468852136368;0.36291614309062975;-0.3126645656234846;-0.025522555456919307
817;-0.5177814860368716;0.7608082126710304;0.27971660451224317;1.0354461912578705;1.6984349842551971;1.4079052804372127;1.1057988720565473;0.7709984640322924;1.3997320017030643;1.7842449024884672;1.1777345486778878;-0.1439228846537843;-1.5019346517408467;-1.7940291987204253;-1.7435805384940148;-1.2632739393488484;-1.576454069386366;-0.9920747055324033;-0.6260850563052845;-0.12021451473187425;0.3525102297329707;0.729484333961696;0.1962799866046089;-0.033920328897065165
818;-0.6992963645334184;0.6440896783834553;0.5547448823575636;0.4268968642463859;2.053149159670974;1.7021508138758166;1.592628411415528;1.2843157464748824;1.672836304231899;1.9599037117833737;1.8611498076643724;0.8284806638818754;-0.5461913255175509;-1.607795262401867;-2.1568241678536046;-2.057724458164732;-1.5057929343678955;-1.0689430255755832;-0.9358570676310087;-0.38764191381951024;-0.013652245659636197;0.945309181940288;0.5314645047309771;0.005113569422585393
819;-0.5505131199539645;0.2730447122576107;0.8532604068984707;-0.041020742786159296;1.787699720693674;1.7487807894229959;1.7486479930780177;1.266656453541354;1.4653486901194497;1.7639092899747564;2.101748080770869;1.6470543938352664;0.3002622082325811;-1.3687008186467065;-2.0923761567447383;-2.302320164174603;-1.1087608573563372;-1.0410164140295521;-1.040851634347698;-0.5717889013916425;-0.330496335419817;0.770106653507935;0.6685374945124618;0.22308080568046945
820;-0.08586555176038985;0.07551445381920802;0.9216204091596983;-0.12498030460714753;0.891877687033653;1.4427243817844606;1.5882469629515246;1.0003944930776478;1.1624998831847042;1.4337977616662063;1.9994318950521672;2.0981220101108713;1.0241140306367986;-0.9877979589395143;-1.843617638907158;-2.3320472554012026;-0.5055319191534916;-0.817937841391696;-0.8154785265462446;-0.5254821052792188;-0.35005243947394715;0.34936085812738504;0.724834613632274;0.4702913549940741
821;0.4095620522890771;-0.14543475268474743;0.7258477400416112;-0.07135866163942912;-0.27202878074580367;0.9760809009203814;1.161085901813908;0.787883154826911;0.8461198997562361;0.938801343680511;1.7322327917451374;2.257263712441095;1.6318776276805462;-0.2696723461918401;-1.463641585517202;-2.34931122194503;0.10723397358189685;-0.6456310407936473;-0.5211720244181843;-0.5168445430161595;-0.5061204796574625;-0.20261891883777416;0.46084496245539824;0.5692244348218798
822;0.5691545897784578;-0.3130436135785496;0.4235734696950738;0.1014351516709983;-1.0256733818701975;0.2773171541407904;0.5121695046139809;0.7048749632915852;0.501114174118264;0.39444460371350465;1.223564105721647;1.9824329056113619;2.037965293288081;0.6893107622927075;-0.870630070961789;-1.946945651276732;0.7116108312313987;-0.24135222853660346;-0.3830751585229676;-0.4812823948875193;-0.4120919506383131;-0.5974841842131925;-0.07756893296131115;0.2556977900722061
823;0.36577326675604627;-0.18741507489956344;-0.03276882156281935;0.1554453054097751;-1.295653446206877;-0.7653407750793997;-0.1804586534220056;0.7596276487226089;0.05190512174911007;-0.12223459857516475;0.4260072433664188;1.4202076753687047;2.2593708345237262;1.6744274326323443;-0.1417023883212107;-1.1829235501535258;1.2050896813854808;0.26862522039877107;-0.20151897853528167;-0.29260072155065303;-0.2499696399288094;-0.7814571172136151;-0.46956749013343757;-0.09084202208832991
824;-0.05148424219174467;-0.16427990462568817;-0.39606624627052317;0.24969201114651413;-0.8634150846209733;-1.2808200125759754;-0.555747785429048;0.609465147577522;-0.44096609332733566;-0.4604202748685887;-0.40030394925895296;0.6320685216564859;1.9061799807223898;2.1641093792454575;0.6363867152773993;-0.4738384197638663;1.6357758511949565;0.7041459460730853;0.023058858843411967;-0.14227746323144444;-0.31676394416357995;-0.8249281996807208;-0.6761373421925012;-0.4981746944428703
825;-0.4130184210645534;0.08712903324821963;-0.5002613104645117;0.27576205726473374;-0.3631781435526846;-1.174900699467007;-0.6724773455980453;0.23422792545648413;-0.6897742905734088;-0.7388391236518349;-0.8726658155229755;-0.17077843228393194;1.197806435340577;2.0433155925592357;1.4182172779395181;0.0830395021614216;1.878891593900917;1.0903577926103618;0.35517767259219757;-0.19970157527500815;-0.5215133009820883;-0.8939647163501347;-0.6713692369235493;-0.7672628394062758
826;-0.8450413425064327;0.38138669349408766;-0.3828032436861898;0.11363949135813761;-0.03041843993565819;-0.9189456662575151;-0.6650675177873588;-0.30607734833623473;-0.8519513290145395;-0.735593668319524;-1.155739161708338;-0.5394612584092686;0.06940741103206359;1.5481349949281846;1.9372150120266054;0.7908995338039633;1.6174926850660332;1.2572687742147126;0.6062682354589869;-0.1886689656459108;-0.33030219371212516;-0.5706145438571227;-0.5222245835375315;-0.7602688704326166
827;-0.8556547729423153;0.47541929035468167;-0.13168105643931025;0.02130096429063492;0.3671013875846448;-0.5797669193259226;-0.8336620605214633;-0.8787878080183841;-1.1777116624482338;-0.7132385883574801;-0.9917928952081836;-1.0633321014003194;-0.885708321681861;0.9279914130788556;2.088441908049294;1.6113496962281781;1.159684715891128;1.3703009607926808;0.8745581061675803;0.2822627038895177;0.055640342178280185;-0.09224114238629112;-0.4297795490801461;-0.7027381939161068
828;-0.3984888446845204;0.3008753930299864;0.34684496089920475;0.014026962573245878;0.8860562579006697;-0.11596203521368964;-0.7435850284347926;-1.4019608017031655;-1.6499913059156808;-0.9983881491408511;-0.7904053781115943;-1.6966926966026161;-1.1471979853599774;0.33349426190369713;2.0554154105935543;2.252552717824565;0.8629747762117623;1.5707385427255258;1.2807115699798521;0.9193972625626037;0.5256481984876208;0.4324584187450836;-0.47842721648462677;-0.4080905112838254
829;0.303940334195211;-0.14528190979712005;0.6068769041696604;-0.02145000285243122;1.1478239282932445;0.5810599676562489;-0.3860483623485647;-1.362230664241261;-1.777756235109623;-1.1657416085964594;-0.9126871666342308;-1.8947938429792635;-1.1345018136183458;-0.2814609353218629;1.475349022127611;2.560408527676447;0.2949190353811004;1.500448653444125;1.4817830813802704;1.1381757756119477;0.6272182763402515;0.9531173649254293;-0.1559428594496362;0.014491969556677075
830;0.7077446170280142;-0.6148270377274992;0.39536088342570364;0.27645731089391584;0.9404728258278162;1.3355377744964914;0.10048025007844727;-0.819818441203697;-1.4471484535799255;-0.9655337863170586;-0.9448173155253712;-1.4829391266117775;-1.1862100953863257;-0.7627526670707148;0.537957002110717;2.3325053117296397;-0.5927489273356051;1.1772319475979345;1.3680720283360444;1.2324161125974706;0.7405205060451611;0.875594417937209;0.2630702177202578;0.07585859857864556
831;0.9849894870396961;-0.833723942252242;0.026197208259428145;0.4733924814987931;0.4083049737105094;1.4304790755200372;0.34474251487069363;-0.17991708315255742;-0.7602203270416313;-0.5073559633019935;-0.8397245230048799;-0.5500209182223016;-1.244297793421536;-1.1751215687001428;-0.19895161076773907;1.605144086817802;-1.3694006620086623;0.4593966398714597;1.0124390915813755;1.2472757913190373;0.8937142970373076;0.7274577037788259;0.7125148047713874;-0.01678991959467696
832;1.0883174681663075;-0.676548607026922;-0.41608249267224484;0.12542307594284952;0.019980664380497407;0.9788653885215945;0.4429089961026226;0.13237590083703998;0.3275365764801157;-0.1957675225895632;-0.5209513547626703;0.061368467564275594;-1.1220441028775645;-1.4229279599066706;-0.835805607603439;0.6645473559864503;-1.7936839983010162;-0.6794351782506329;0.4692874660331053;0.8908575347562595;0.9914101208504467;0.7333556003764871;1.1254258469398324;0.3592746202190125
833;0.8216726487886409;-0.2167525416808156;-0.5790010766830607;-0.2997990600968249;-0.23011793901088365;0.3603894689014937;0.7349493987935176;0.410640267947513;1.5452036041331625;-0.1109796218728852;0.0023481755988006593;0.250300739312526;-0.7149500350558714;-1.5700565714166748;-1.1434224934252901;-0.3253375582471071;-1.778880708937721;-1.8996196397586438;-0.3851315751148939;0.26466920806946925;0.9552577453553034;0.6612264647292309;1.159219257352978;0.7286378962209542
834;0.33312610225753153;0.24869538580726738;-0.8476930106351656;-0.6102967190411954;-0.6455549454115651;-0.15830778291881814;0.9122683223202519;0.8698236640693926;2.114654671023827;-0.005919616232051749;0.40816473931945235;0.39113811358651074;-0.19627496728119947;-1.259659892809435;-1.4185791325748969;-1.1977304586778108;-1.5707693086845393;-2.6679152759626197;-1.2159855264733364;-0.3384474898036125;0.5278554050614886;0.2295419052757162;1.0369494987361558;0.9620190342204051
835;-0.07898509061915798;0.822581280312564;-0.929632658896355;-0.8212367423242037;-0.9952590882589405;-0.6507991751443643;1.0114862014965753;1.2452537324231712;2.1026326648106686;0.4855109178527415;0.7128543570684427;0.42644504484185725;0.21205079531866833;-0.5900900764960062;-1.683865420494107;-1.639851794368818;-1.2283393903338453;-2.764444245690813;-1.766976456108805;-0.8713975286189114;-0.02686496397805415;-0.06674549001450701;0.7215437662028119;1.078170787358369
836;-0.37690893501390643;1.0496555514865833;-0.34805101391416154;-0.9857593184605657;-1.2328113951566027;-0.7995580209032306;0.8924499002981178;1.6598701998567809;1.5793700119729708;1.239627421803676;0.7643438254350265;0.22027585165284197;0.6423599799986879;0.21550961741800007;-1.4776860359300745;-1.7625106283573566;-0.817673962245599;-2.1984045008868422;-1.951544809586505;-1.196917118207288;-0.5863164499732532;-0.16198154012234944;-0.024808526253083628;0.9581160430473298
837;-0.5002428992149954;0.8690503459793651;0.19571369961354082;-0.8199691933373471;-0.889795370507708;-0.5294958499259446;0.501763869233737;1.6704183952346072;0.9443868843015417;1.5541503853212155;0.6599234149171748;0.132033944822837;1.1800357146798313;0.6600511010167273;-0.7755991820263165;-1.4839018859039228;-0.4634987619416103;-1.4133960755790587;-1.9247838669049333;-1.1647332674403847;-1.2830698475568367;-0.30266403666495056;-0.7259891650028784;0.5441089048022227
838;-0.29930497186373456;0.5135393467603151;0.6410560290323989;-0.28148065056694743;-0.2655988135397502;-0.4922587099720774;-0.038620547118071565;1.1562813466465742;0.38854036106741796;1.3841560756239115;0.36917999227861;0.6354548791624867;1.123457545064269;0.8960553746744397;0.22494117628344323;-1.0956627525423575;-0.2993314961139354;-0.6436280107068683;-1.8749343900867568;-1.2299870371322024;-1.5092680509159515;-0.38729175218978973;-0.8537445795097198;0.007609379143144075
839;0.05943345766473302;0.07942207479711033;1.046977879505771;0.35843285767467703;0.18809576519328958;-0.5631079646561398;-0.7233290926938076;0.3137591190920056;0.014414503317261535;1.1369872010236728;0.3693298154772235;0.931218930316878;0.7294071331418942;1.1344327986832106;0.9452391866696225;-0.6310306571535503;0.11962184285398048;-0.06397968777943977;-1.6312794124868404;-1.5412830625315035;-1.4437211939935752;-0.5539021052962763;-0.5377545251394734;-0.3053664514291431
840;0.4824993434317848;-0.31308479440639847;1.0051084845516094;0.7030860939902712;0.3411620168949878;-0.6685473733405409;-1.2669428767649749;-0.7313062567084279;-0.3415492379318683;0.7478978167686745;0.5535156919041369;0.848461050156772;0.3207040634609501;1.2421400584334081;1.331358347430303;0.15966000573940295;0.5862394891012942;0.6598469205184081;-1.048414797630514;-1.8017872918955324;-1.1610877541795008;-1.0658761502185636;-0.48686027385905406;-0.8115149406423973
841;0.6026664617685715;-0.4061687102624195;0.6679287161647823;0.8075003213919543;0.17878164748992995;-0.5072492276214162;-1.452386452859024;-1.2561528401965236;-0.43769918436512073;0.11836247818105591;0.7533241667193883;0.5008552607346147;0.17066587611682477;0.8912514935743516;1.2594786778839668;0.6489686360648423;0.9107289851443893;1.3173317172156345;-0.09351378822048766;-1.5628872187764633;-1.0056477868710496;-1.431989897116949;-0.8210672218669096;-1.3433210149831976
842;0.39990767332537425;-0.31251159055775496;0.32358033696380634;0.7405446042589773;0.03250874084012762;-0.06262072155304364;-1.223176418383979;-1.4383565305589248;-0.4096309877535647;-0.3333556090182089;0.7200719867078211;0.016531436452562904;0.09162848845433315;0.443991662311406;0.8857350490423552;0.8231405922033511;1.1470123346438224;1.6686857324221829;0.8497440546389564;-0.8321024483662735;-0.7513101699795164;-1.5000616548682615;-0.997354948979471;-1.6573837820251736
843;-0.2936441353777429;-0.14921240816817313;-0.06940818235483628;0.4979286869255326;0.3407291951464441;0.1824842761204104;-0.6512365705008102;-1.5781584225737382;-0.8712223629018384;-0.6892987889205446;0.26718972485780484;-0.21564524927958817;-0.04585954239971353;-0.16557474975274655;0.37083281019099945;1.0222633483881916;1.429142733673414;1.6582573120286785;1.7227619579753346;0.24808431480179702;-0.26820371704528495;-1.0317444630599466;-0.9675442515894656;-1.4060092838844969
844;-1.060102083361155;-0.010456995811783321;-0.26592497158297945;0.42195869154732474;0.5296983536138763;0.14589058273254596;-0.3706410161307205;-1.61281251973418;-1.8652449920019254;-0.9631536563550316;-0.013005120580083455;-0.031541693557557156;-0.12495237239726666;-0.8463973260097213;-0.06768050799383515;0.8723917146755238;1.5299276925156198;1.3759922946266023;1.9917926552422613;0.9916891591236631;0.13764685205219188;-0.31747705446131896;-0.7929579769152185;-0.88567657324793
845;-1.8066349714180676;-0.13037106910781535;-0.29776417388241216;0.41494736378133285;0.5596141035385547;0.3327383562703289;-0.39874651079784096;-1.5742298972075404;-2.5449199158011724;-1.167278934204947;-0.26390906755609156;-0.22474298011616883;-0.45036674237480734;-1.2496555971383532;-0.6562389445214111;0.41488977804353955;1.1141225536598587;1.0488217047373543;2.108705767610426;1.520703172212105;0.32246335551935806;0.36639877274929405;-0.5698102675090571;-0.21857246109131034
846;-2.0751840675068705;-0.6132847332328382;-0.5657863448754678;0.24855614909463744;0.5413561586427029;0.4773948370749446;-0.15876609916945675;-1.1254244061703214;-2.283559402135564;-1.2874943398577108;-0.7991346236408575;-0.7023910418408241;-0.7789566617657389;-1.0452486403798618;-0.9781412900974086;-0.08184408248818749;0.6424599065987887;0.9107111561810112;1.877520783028806;1.7681701024780927;0.2980089977297981;0.6557257157542713;-0.27993768966978444;0.16984447952448722
847;-1.853214020159266;-1.2837234442065402;-1.0764654827774396;-0.06303787420282288;0.44155946490626297;0.39783198536347814;0.3684701525695297;-0.40771135461823227;-1.5033890837423405;-1.461818724950468;-1.5168830043951607;-0.684136297337187;-0.8272581212628615;-0.6139227502620778;-0.8833614063785636;-0.47824144878327;0.2727410406509793;0.6658781031715316;1.2158897780860625;2.044909673495762;0.3677134519625078;0.49211533206783614;0.0710461814777654;0.1883268173926467
848;-1.5427289015063268;-1.741385282877505;-1.1294647318128088;-0.6302294563701167;0.0885407650492991;0.2618293077156962;0.7318581363710128;0.23491628523032948;-0.6451345254219407;-1.7142219480948873;-1.9431436219873477;-0.5300463324201984;-0.6963842514936899;-0.17562313674044663;-0.7870462159985352;-0.7327161968446736;-0.06775494760130796;0.13659879015202164;0.6195896019331684;2.0114219237965916;0.9940483393985077;0.33282492529051166;0.4170314173933649;0.13571124838129767
849;-0.9275071983758784;-1.7126277424333354;-1.1173349733024114;-1.432421344187142;-0.4226962885669762;0.06662223808471389;0.8278025744559704;0.6225426775260683;0.06952167279744764;-1.887255439526264;-1.9788532997084454;-0.5795912604482584;-0.6160298310366913;-0.11305273841434035;-0.6953950119402901;-1.0710135183386111;-0.349786022982653;-0.23471111152255647;0.3132050530651226;1.4651733866934955;1.6153198595536653;0.28725736983528766;0.7189429974599305;0.011114121681052783
850;-0.14830320253257384;-1.4911310292691806;-1.0880341629801709;-1.856103404918872;-0.7696748862744808;0.06871881867758604;0.7232842642491847;1.073910613689596;0.6602072734710243;-1.5516926991208315;-1.489122452139759;-0.9787112625724669;-0.42700012057290165;-0.1163538820170168;-0.5115651808177837;-0.9922845918142424;-0.7287246203017759;-0.3919768339788504;-0.010865485308949091;0.7340885766910029;1.8326821919620055;0.37823238479665816;1.0005126708321;0.11064562452849097
851;0.36394085491816947;-1.0350370863222416;-1.042323908113008;-1.7807114813769092;-0.9801736396639648;0.1360802603451712;0.46361273259096375;1.2283995355210846;1.0227238573321025;-0.6335436353957302;-0.9111891864681853;-1.3831585915906952;-0.1372151531732057;-0.14503084503102917;-0.13578422274746724;-0.6379728850204645;-1.1320725371064415;-0.3597309262177874;-0.5861625922769768;0.036549428111075824;1.6309166403426003;0.8277312832068259;0.8775024891307169;0.6790087635896568
852;0.9385035332051183;-0.32791716540397137;-1.0316347833438626;-1.326001919365248;-1.2278875320849036;-0.3415534592419592;0.2248125612700139;1.04891116825643;1.4018948044778539;0.6049961060899669;-0.41061440921284165;-1.1466362945989699;0.13456808020356698;-0.27082623561191455;0.1605945324875761;-0.29228173180985034;-1.3323014128198616;-0.6313345232161581;-0.9041500507068577;-0.4014882207799719;1.241787890564084;1.5090750656704108;0.5798515877405014;1.273724589120313
853;1.5898392536253656;0.4980554220112589;-0.9172076171289586;-0.8394296126374958;-1.4290587242884536;-0.8824277898266029;-0.11769328457812778;0.8392379362379587;1.523960142856687;1.6761540372678374;0.06673589228936384;-0.5966492635780316;0.010819681471891307;-0.24498043805020944;0.32951640375038843;-0.0982411280573363;-0.9615888521771176;-0.8698234410454879;-0.9636354496401726;-0.7581354267576351;0.8435982270036478;1.9124340398011497;0.7908438749128236;1.5035003612832412
854;1.953270910990445;1.4042036233461825;-0.3063929026496429;-0.10957576108265976;-1.409835997560405;-1.0850825507064352;-0.35025804425811397;0.7432108525725295;1.4556339694355285;2.368221883263876;0.621836710466889;-0.1978444307774834;-0.326404771009672;-0.1976788880619864;0.22285416885576073;0.07437122784230897;-0.3937847294510282;-1.037137665104962;-0.9389168571180527;-0.879141198415306;0.19825151805266628;1.7159685047778124;1.310987898447761;1.5433560267768658
855;2.249745859616533;2.3090565236311935;0.6808125523242711;0.4198771543570539;-0.9008847386958039;-0.9043224411444387;-0.5053144461685469;0.46060912751531746;1.201042094573328;2.77181168822619;1.3410161575955475;0.2117043785071993;-0.4235064513332058;0.03830008190434631;0.03244535411771509;0.2859717389693486;0.07833618027862059;-1.2389999888556071;-0.9188246682689836;-0.9034764092216202;-0.29130537450996263;1.2929149976922312;1.483739157442728;1.2242790302711848
856;2.4136083179261165;2.717622451883507;1.8467888520930116;0.768623639502489;-0.05939711629368841;-0.6669452367681392;-0.6708435069355116;-0.17170947763586764;0.9752542324210391;2.193910916989032;1.999906769008556;0.8770842712785195;-0.26586124674580214;0.34410869246735976;-0.11076559315174206;0.513587663411146;0.29014431031161775;-1.0198727568366657;-0.7973334551121033;-0.9571293399885508;-0.7209722395954731;0.8896757134356517;1.401222295562811;0.8247233065054781
857;2.1436412138690715;2.5603201307650196;2.5854265816072464;1.273964143310764;0.6840778357710328;-0.6668176940991021;-0.7770069289484149;-0.9540049804288695;0.9782443739458128;1.237737046210593;2.3214552649244014;1.5480087736537806;0.03273090117885896;0.5510450352847194;0.03706733561185486;0.6807929247155278;0.3594329526923905;-0.34702561503135426;-0.6883773289381495;-0.9081699776522832;-1.4378860168650203;0.1461084609006023;1.1169099651518872;0.4711551945731947
858;1.8171297648566695;2.2166293329266527;2.7143816784180204;1.5617471171840376;1.1106575280327955;-0.446204055849361;-0.8153998896432441;-1.249585349089504;0.9628459735652353;0.5614202681233005;2.2920073248887434;1.7710736179818571;0.32509240849402865;0.41984206029891874;0.3698415626426366;0.7696107072644385;0.3227336963702276;0.2160628948714843;-0.3490478567702802;-0.7776762332692065;-1.8727931612145106;-0.9678052142471647;0.4458334719707924;0.03896943229402345
859;1.2548579478402233;1.8336001299693143;2.5859188117732717;1.7919263764650992;1.458156303881259;0.14101238296307772;-0.660862436068076;-0.9170936454448387;0.8568521326636485;0.22115105274753424;1.8780907863338692;1.6150428527590404;0.7001520275978337;0.17450622147042053;0.8681442382814888;0.6925151255897071;0.3501708025713756;0.5957131676144577;-0.051654776138835436;-0.6966577832176761;-1.69074415082354;-1.9116696613501818;-0.2456020197720086;-0.28641116983119097
860;0.4410588813614036;1.27155987839568;2.330375723439869;1.796162612956232;1.7635863969214236;0.8892504564387194;-0.13521031236604353;-0.47958057030106577;0.7150475529810706;0.220390104244956;1.2025714608891327;1.448718968931673;1.1573609877565492;0.1797988642689734;1.076051250005396;0.5830155883777026;0.3873153752672161;0.7308053529815803;0.08098200273244209;-0.6373962613845054;-1.1796551323180426;-2.485912162156689;-1.1012628873914196;-0.5406470523514035
861;-0.47645451061704586;0.43740572468830063;1.4998963675479724;1.9502844067753837;1.9581443224776998;1.6098926298458962;0.53963635342731;-0.0023768209152844554;0.5505899703914546;0.18296126997823497;0.42591880061120446;1.610701754818943;1.8280660075384367;0.640050778306468;0.9802491578276942;0.5517507436355241;0.4325269830381389;0.9443176188401626;0.12095191518645469;-0.22403342780744154;-0.7082693508635663;-2.548358154427994;-2.171756483106139;-0.7173750964380584
862;-1.227139090479414;-0.4548651260623242;0.45156697185152656;2.0935067721561804;1.8603794592360976;1.9171037553669004;1.041004613862212;0.13862571130231252;0.3386906048443413;0.22868646180712238;-0.14200232959162398;1.5626763528998249;2.371003281605166;1.1764084426686365;0.8469422301227706;0.5599315625937329;0.1252593992260922;1.20936656236634;0.407890454606922;0.32641901957537117;-0.39019296912375;-2.1334269562367902;-2.6973870286824995;-0.995833530637836
863;-1.610561310912868;-1.0311431740359298;-0.46521792006528984;1.561620426135965;1.55264294456429;2.091186766975269;1.3655879844767869;0.3568523531645682;0.06631857476795446;0.49173140947397004;-0.4780372040559893;1.3109657522687497;2.239069426435053;1.391205753361004;0.5973741295880565;0.5518085608845095;-0.32641083757812045;0.9760649974282196;1.0663005398023366;0.6563113273777349;-0.15934605700423574;-1.448393983370065;-2.6539844190063797;-1.5563838144246418
864;-1.2876092993011328;-1.4720912526570866;-1.2103076197180334;0.5794145525240582;1.1782041964822574;2.16657143438173;1.551475196402818;0.7434798889008469;-0.3548695980864126;0.6700977210689306;-0.4998452635466982;0.6412542313925669;1.6445373337145102;1.4434514515255341;0.2603886585087464;0.6274518557509444;-0.3999418614404015;0.3905112926081347;1.4132468774727396;0.7986040156410208;0.18075223897934709;-0.6760195617239444;-2.3568164125773836;-1.9742611369042273
865;-1.0759620220921615;-1.7989145201670396;-1.7503755052415353;-0.4534915747215082;0.7520269069805823;1.6493283551515348;1.6741421856374605;1.222666202866663;-0.581700594605205;0.3623383475202524;-0.2618433810209062;-0.26327009666856777;0.8612268863056626;1.2920426921167663;-0.13773703303849763;0.4605886352689663;-0.018788282493574397;-0.025091854071563977;1.3561829895978181;0.7429215601597852;0.5441026134060334;0.05879430868207672;-1.740101710454413;-2.0596810111737027
866;-1.0530685670584001;-1.7300345744978678;-1.5899080552680602;-1.419515998855227;0.18405631285314222;0.936314464362092;1.7457116349582433;1.432819778200869;-0.9716889215872268;-0.48292418708742146;-0.04281882792206244;-0.9591937347931556;0.028304539263465905;1.073505156048943;-0.10749343706315789;0.1509023802781232;0.4437285626274734;-0.5424017237286124;0.7848273004195109;0.8281147736820078;1.0072610330256448;1.0181564842824293;-0.6295297903631806;-1.6926116988816151
867;-1.0320019089931953;-1.2605915493346813;-1.0866033586835036;-1.7448998958581907;-0.48123754667079566;0.1118990773581408;1.4634619340690525;1.4103342194103083;-1.5570959843084118;-1.287801600482261;0.02093308754538812;-1.3718930426096327;-1.0134624286087839;0.6388062174487609;0.347456721297093;-0.20868175418912138;0.9017131545136561;-0.7012722929807715;0.04720141794978709;0.9244664518685726;1.3331418754577757;1.8011051662772086;0.7026491655030076;-0.9988877934778955
868;-1.1545978048748746;-0.8228765247704436;-0.7424765089676886;-1.7266511599506198;-0.8635129807437375;-0.44390709769278286;0.8938393984609981;1.2794147098201814;-2.1776859573236136;-1.8144213909137017;-0.2997677673998566;-1.48723313236945;-1.9034226708982238;-0.09153793874247988;0.5811495144509085;-0.6195059638654908;1.093252477397922;-0.4538395764841586;-0.5114462391735314;0.746371848902624;1.3002533007313306;2.004638093261709;1.6208481945162165;-0.085910907392797
869;-1.4773199307497447;-0.387997280816838;-0.6826363032057067;-1.346209140733389;-1.0004959108576932;-0.786198124491067;0.3275606102123417;1.1045973870282568;-2.3093825997693624;-2.1357589098610497;-0.9759837440486494;-1.4819115953764925;-2.0767086658586296;-1.040096769615392;0.4069505126481455;-0.7683760878920084;0.5891528710969839;-0.15464781274616415;-0.7908596366803172;0.23449462374666055;0.8879115170254089;1.5531116107809448;2.28045501606095;0.7475650932095146
870;-1.7437752107504312;-0.42046372311564767;-0.8128624666458177;-0.8831487584037916;-1.2314717670099555;-0.9762793416079263;-0.18248730574112343;0.6176809158865176;-2.1881023207954557;-2.02335256105304;-1.7944260686797862;-1.4262516031851604;-1.9641156852090194;-1.9765824007342256;0.02979700426216378;-0.639203266672599;-0.20317116681349645;0.011620098498091556;-1.0986538970428648;-0.27735730231445516;0.48867347821349727;1.0994087276071194;2.490992184959492;1.382358058588855
871;-1.657230344393793;-0.9641621587543718;-1.0087445257876595;-0.6700522172313234;-1.619793697305714;-1.0558181331894592;-0.8610460863443056;-0.0158552513938145;-1.7959673421169164;-1.867257801248242;-2.2673012525865133;-1.0188429975858173;-1.6406008768685323;-2.5937452818087032;-0.6213181621012533;-0.3306528951091479;-0.5860935315306476;0.019571552391494197;-1.3379912594870602;-0.7187541002459996;-0.03671518318461868;0.7777902737907291;2.314895493508997;2.003399842702966
872;-1.3154446820120296;-1.4599261165777055;-1.2605976494967919;-0.7051285953077036;-1.6689993603483098;-1.232770881073062;-1.4975624531494642;-0.43560035112333795;-1.347427593255797;-1.5809975062883868;-2.3390616647344005;-0.8702215842732315;-1.4796129906811122;-2.5029009018307877;-1.4342677595760904;-0.1890909512174282;-0.7352985417563866;-0.08052179928033236;-1.2068960637503419;-1.047781374688125;-0.5292260909534808;0.3377267087864243;1.6643095146299907;2.6098412175901156
873;-0.6652760787290269;-1.5952909678934473;-1.1715896947131397;-0.8336220904253409;-1.604057811567813;-1.437511249965961;-1.8643332153077798;-0.8593715505832261;-0.8941088915036418;-1.4261336840338565;-2.142718388226245;-1.3167319728550533;-1.3871846678623985;-1.9642243089389386;-1.9014042923101948;-0.48429503262131923;-1.2349690971066094;-0.4142103592943213;-0.6924727089308568;-1.2146385387331005;-0.6725816811487525;0.17867543347755602;1.0760876927598702;2.738000051204995
874;-0.03187773235157282;-1.277852320814498;-1.050416957310002;-1.2310765649392152;-1.4115340943219832;-1.7218676311154346;-2.3107481437220843;-1.3493426056324633;-0.2165050889962727;-1.1908391320374576;-1.9216222795502584;-1.785761985009652;-1.1872629793725868;-1.122363572645425;-2.2614205687702222;-0.6584460947856887;-1.8779365431942996;-0.6712923998529384;-0.04394693680479941;-1.087698217301834;-0.46459613399677935;-0.1081118151187925;0.4332007905426496;2.1802128337110043
875;0.612295245031891;-0.7865166697482598;-0.9805709935201955;-1.5810409078980447;-1.1458529777292816;-2.089801623334475;-2.2738264694376875;-1.987587395089259;0.35776527279944176;-0.7946210752765394;-1.4442597366435375;-1.8381547107702152;-0.8954761404636223;-0.5558416612967122;-2.2407941791661186;-0.8324771873136062;-1.7844671805078853;-0.8784384047564715;0.7554056869051329;-0.8235945141350928;-0.47948172396436595;-0.8967543789705457;-0.679370441541749;1.05879257106412
876;1.139821425678088;-0.2355061772911803;-0.7953000125083035;-1.5169382100613844;-1.1865565786682075;-2.2351384138779906;-1.8894496268896486;-2.5033787405871104;0.41296886469506666;-0.2665030352486398;-0.5480679989417376;-1.5647002835417934;-0.5632612834474142;-0.4995997414659431;-1.5850514770320838;-0.9682964123549238;-1.1876602830447953;-0.6325828613964807;0.9004288709746066;-0.2261727161605888;-0.8134243070909026;-1.3241328398908048;-1.6591045618270823;-0.41532423311838973
877;1.4687563926229825;0.6195771248524876;-0.4883005124000496;-1.1570064195713516;-1.2772964695467757;-2.095538006661899;-1.4548218110036553;-2.477213931320107;0.6312511182701022;0.5565332192292534;0.6130561357989439;-0.8039857537578956;-0.1989031663405973;-0.4125507019037406;-0.5761572907422357;-1.1038857715560204;-0.6613907158205404;-0.37685884522565116;0.3889716044295492;0.20586653422245957;-1.158793957022822;-1.3895767493091407;-2.005133387711811;-1.7851887481373108
878;1.7930385891389475;1.4548594952116063;0.10428707910415044;-0.43584146454225575;-1.0614662371384511;-1.32665699026441;-1.1490451273241216;-1.9925792401565527;1.166827090844906;1.4340120454854397;1.3479253613362991;0.1632909676636628;0.14398416985448143;-0.06370044955375433;0.4432138587940463;-0.942835655955029;-0.1771457418766367;-0.3281519828178032;-0.2477117632463774;0.3413534285222743;-1.1729662933920233;-1.100299403030509;-1.7484721775376968;-2.509109105065646
879;1.9165383967161749;2.0082793915353783;0.770080077111521;0.32741365941540684;-0.49319370808841834;-0.5089707900801909;-0.8370686837656212;-1.38796087332849;1.847699597802761;1.6532837846139599;1.4789140276175323;1.146374250610261;0.29408935901184796;0.5661359669090322;1.0067512513603922;-0.37198313931066146;0.3731711587863688;-0.27392850729187684;-0.46518891969018716;0.5583575994856065;-0.7278055483141049;-0.7510692024164708;-1.1595762963656746;-2.3827060583465105
880;1.9621505187104349;2.3278975697054323;1.2692298094456527;0.818680771198452;0.10759993140821021;0.22752696325664293;-0.691687376819168;-0.8403499704811055;2.3764002685973113;1.5430349264072731;1.4641916775224826;2.032918079220939;0.47975670140244203;1.0611912738291063;1.2410588515415548;0.28882446592636835;0.7814861837327634;-0.06534146300604289;-0.4605470797722268;0.8065386862342538;0.18964710468737145;-0.5864156783697265;-0.8280604845940807;-1.8406626899988034
881;1.8676029741337565;2.292295385651474;1.7637270764625215;1.2765713693831555;0.8439363210306656;1.011362637494953;-0.41068047535943614;-0.3370275116324113;2.7325883795534907;1.9289040781154556;1.6081459782284024;2.254482641263914;0.8438430749289345;1.027243255483327;1.1598679357885555;0.8675430927835933;1.0851491356720502;0.07694407549728935;-0.3049232239958977;0.94390979033514;0.8676125108042376;-0.4265015765458673;-0.5687553600684145;-1.3209291683283824
882;1.617150930624358;1.7452220320929102;2.1316055260889835;1.714541316500109;1.6012676671362651;1.6781900700889294;0.10785501707019102;0.12648245617114542;2.848839078213795;2.3362132371662745;1.9185638259632496;2.0109234597263406;1.3008128231802334;0.8953135786120211;0.6682231331680146;1.0445718922127745;1.5790456286337549;0.4441856219564589;0.10082501150899413;0.6141984048678923;1.4145357685657398;-0.012658760473081865;-0.2637391493772572;-0.590666455417034
883;1.372475033363817;1.260430303323203;2.229376803497064;2.083850663870031;2.0472517255249234;1.6730984114293588;0.8097812498991501;0.3964814670615153;2.588608199792708;2.5288893828901235;2.243728802418085;1.6392441661201902;1.392235302114748;0.7700364757956208;0.2767154776260455;0.7905338711572824;2.0617668831097196;0.9088722174048018;0.2588521928686723;-0.06697138537793591;1.4392076065074146;0.6419238644041854;0.18410102173389514;0.32541286843945816
884;0.951530350098688;0.8238183068143309;2.050876064204101;2.0858898536754946;2.162815436922472;1.266660505383384;1.4954542256196082;0.5812451127496264;2.1429646355661367;2.5730173985168694;2.164434800950623;1.3030714069941864;1.4375498322020124;0.6773793808102102;0.19919278373571783;0.3448379193864956;2.192724248225222;1.3466677506291735;0.4325694621421044;-0.6889269346736687;0.9115421058846117;1.2933189482864798;0.7721380230248491;0.9306888152722628
885;0.37331157952547345;0.5145190685711842;1.6505721159632432;1.8759590017132122;2.0450261164423247;1.164611984867218;2.076438009835846;0.83526536165638;1.1477285258853624;2.1308672048473754;1.7604911185867786;1.2484864218317906;1.5900298167036107;0.48082957461495024;0.34653255837598324;0.07024174377418468;2.1037882227268816;1.688005803994371;0.7738208123253856;-0.6780291659910775;0.7007795419772946;1.6530677043590718;1.217434838621672;1.3913248653929355
886;-0.33018751319600664;0.14007792538053304;1.000148470253432;1.540814432046844;1.7186927969910901;1.4459227913579755;2.355627370672287;1.4094840006121487;0.08706114562465316;1.3671886401558673;1.1872096180770402;1.1259592132785177;1.6540552069574976;0.32208350739928565;0.4375508069782277;0.027132318323240354;1.7167269703129717;1.7389193122477058;0.8887352770865532;-0.194401206592866;0.12023602030691988;1.6472783661408448;1.4853949688284207;1.2241694369886806
887;-0.8721271588993199;-0.09853613153847736;0.15878787133685907;1.1386674205592064;1.3304054743915434;1.7531474628134607;2.295482164708132;2.14000693791488;-0.8145000207152708;0.6531021781027829;0.7743431967922413;0.9932090071217655;1.1647757257199147;0.709053502624438;0.46701856454334434;-0.022530427365912317;1.1433935260887382;1.4605927747098824;0.91841837272895;0.5962018823705736;-0.4944592925980831;1.1782335471007144;1.3978729087913542;0.8418432178730543
888;-1.0674210243946807;-0.07977593514725087;-0.4198454164408723;1.0015146477742642;0.9306185389882133;1.9133850982440568;1.9208153064959244;2.8240156485593793;-1.291620347747729;-0.021169209119973286;0.6094916135792955;0.8214758038561962;0.708084756170914;1.2018640837343326;0.3962206711156794;0.013886303386910165;0.5066825083539083;1.1328843905899562;0.9884658081250449;0.9932208341080079;-0.7176726605395894;0.27713337442307967;0.8573109317848246;0.5586715356230062
889;-1.2290189315043618;-0.028118393836692485;-0.6062714864199477;0.529581492019928;0.8257458338328892;1.9924580960219491;1.72722652184598;2.970048859625178;-1.375202661184585;-0.7632084135109407;0.4848508316581149;0.6324618945743055;0.4452326414233463;1.386612453771913;0.3561234668173797;0.3070055090144046;-0.386994559910152;0.9987450043306066;1.071238440938932;0.9330110111260077;-0.6631933990476111;-0.46480495078070116;0.22345638759548594;0.4369365613961638
890;-1.5452159057207435;-0.4242598717990188;-0.32505967996388024;-0.019859983998189955;0.9246312687852211;1.694322177268848;1.5646003733497313;2.6737683611807466;-1.6068799990182714;-1.5427041354421889;0.2516292959417521;0.5207928041647152;0.31849053185655;1.1871179025355836;0.5245940487736345;0.5980981038803043;-1.3025209634363828;0.49160289865505197;1.0669673785418297;0.6584784112839437;-0.4629656251692462;-1.1973401619044586;-0.2786280815240658;0.24967267532585227
891;-1.7554685877567264;-0.8098685460007344;0.04423407014390964;-0.41408342700423906;0.7685724982742999;1.0679075040751647;1.1425783555167177;2.1374160677214804;-1.9865997821519787;-2.097135710510476;-0.4133501451371992;0.25868745583185404;0.3025486916165878;1.013548613030581;1.0535976394660307;0.6750065848246153;-2.1050293244385716;-0.648000466176701;0.6882438516979006;0.20405187620028964;-0.12748052919244357;-1.5944347363401987;-0.4643766427755911;0.17047601783892502
892;-1.9086894730274684;-1.1820342977872045;-0.0964026176830165;-0.5940340788633046;0.3619361095138779;0.323814703256987;0.8865639638824699;1.3006780002999574;-2.3679080908243884;-2.34050365553084;-1.3195007915491077;-0.038756388764934785;0.41974505526176986;0.7223840864467743;1.5419068334469626;1.1121423483200494;-2.7496354885089955;-1.831642273502994;-0.11134979760336086;-0.018581783605624128;0.14581435323262346;-1.2156213537501892;-0.45283008868170044;-0.025889189928790787
893;-2.0503997921324153;-1.676170236152398;-0.5300428601291003;-0.7408047872504583;-0.2607436556189878;-0.35281664078188035;0.6271348578215163;0.11094448848542345;-2.826036876290206;-2.498495354965191;-2.029706748146726;-0.5212245998896526;0.3647103110571379;0.48460997304106973;1.624158491765278;1.4533381016864106;-2.9765495262132;-2.4080496714015056;-1.0781240888899664;0.06530530757738423;0.6025774722648516;-0.5490010981462807;-0.6742249181565155;-0.308300044225139
894;-1.948478226666571;-1.9127335969876194;-0.9044984922399024;-0.7676864824218859;-0.8923695275740207;-0.8684771624795785;-0.038081492577715356;-0.9127025870753006;-2.68568166367775;-2.4779449727296723;-2.4065064846559676;-1.2411639829170031;0.06079025551016558;0.23650720794786462;1.3632253787009754;1.5088535792125515;-2.6356055389441315;-2.514823291244784;-1.5740212092507928;-0.0076147460219875545;1.0296248398575754;0.2066490064174746;-1.021471950752201;-0.5826302509699895
895;-1.2555305116862268;-1.9732978450039667;-1.347106402317269;-0.8467297770588009;-1.320921260337498;-1.0885734150963735;-0.9934862449234728;-1.4618688200972498;-2.1362900626032775;-2.433582479423144;-2.731895609907003;-1.6420004905700787;-0.6332790089097002;-0.23781732924197643;0.689684862905043;1.3000728159772041;-1.8025103698780225;-2.2428362354913585;-1.5722746521634126;-0.053684378535137564;0.8810456962818584;0.9026846901283891;-0.954142575053592;-1.006789254314647
896;-0.26790228564457935;-1.8126543806069455;-2.014533757885007;-1.1096696791083613;-1.6601333544635422;-1.2883864749406697;-1.7408837962103223;-1.4485438926601637;-1.6855895162483678;-2.1631501507946185;-2.9487605792655014;-2.152559047469481;-1.3153243868190019;-1.0224446629248407;-0.07125255824662641;0.8259017231523221;-0.9284500524779277;-1.5504123557707352;-1.465905794671924;-0.3739401225465453;0.22618035664383554;1.252035422336456;-0.3316974294603426;-0.8210651292311604
897;0.511688862427181;-1.353255968976119;-2.492267767436964;-1.5230707791705513;-2.068171219925927;-1.4534395957815252;-2.1906372892827544;-1.421824335624995;-1.2323800112781609;-1.6585994001831705;-2.932590530289467;-2.7469073629343823;-1.9281103143303622;-1.5054661534917584;-0.825529853247572;0.39004027125937013;-0.10620591801444605;-0.788848773932524;-1.4346149692572554;-0.568294751688739;-0.12642897008075513;1.137718265232644;0.3054357469568517;-0.29683779031673374
898;1.1829849361960973;-0.7338224532816681;-2.49733574012017;-2.1094966260459334;-2.2282489274981923;-2.1441497543899795;-2.3547132036523086;-1.4421965328959685;-0.7407366233079712;-1.2232465025690693;-2.3939210704839717;-3.1908817482367384;-2.5054667193466384;-1.5525905695027313;-1.6079528962374772;-0.22577698473690774;0.5532361187833859;-0.4019431366393901;-1.240146817725942;-0.8442122914553684;-0.2547860519639534;0.7240423065105153;0.8251887194787532;0.1396636384069096
899;1.5233014283509854;-0.11126519521834789;-1.8245068140285963;-2.4457425891272058;-2.0206544672117213;-2.4459396738761185;-2.061254815865374;-1.5676206904428993;0.25025116096663697;-0.8866124712291051;-1.491516130302399;-3.227940663150838;-3.0929875992296543;-1.9029728972966722;-2.2941603976673295;-0.9423827206813726;1.0740552966110226;-0.147148077986934;-0.7601514594258919;-1.2906691531606505;-0.41844202712556966;0.20829418534204275;1.172643284434052;0.4149818391616009
900;1.6046010591944009;0.4986879940982086;-0.8929971915945876;-2.226888344402258;-1.5101226263106873;-2.153056554365819;-1.5012994277760143;-1.7840589928413373;1.7337731326805528;-0.2514575777834524;-0.6240476930621742;-2.804540332298405;-3.2206576410004693;-2.3853539039886025;-2.582820169208906;-1.7057799036917267;1.5093198784348558;0.1101928676188175;-0.16073511268906307;-1.376628457583643;-0.6290834566783928;-0.17191898760956023;1.1778354621229128;0.523300380274256
901;1.4225413209022406;1.123874247208612;0.21770975537322207;-1.597855171932269;-1.3428265291801864;-1.7115559729893721;-1.1722646818136577;-1.8415543637557543;2.8072962006028503;0.6314376857290355;0.29323573185368695;-1.728805738846145;-2.774765378707804;-2.687269457750892;-2.3437727255355103;-2.494789181493922;1.4227558114448329;0.5977086908996253;0.07539301756631121;-0.9982916593789041;-0.8542979197794286;-0.5150129889638559;0.8742045879789168;0.7360550853544214
902;1.1360190057570503;1.5787349622555193;0.8687532542728306;-0.6349361239446792;-1.058070363633256;-1.1685315646459435;-0.9761879125851899;-1.5422320490594297;3.3138237906497823;1.7912458801914646;1.18284916348871;-0.060925401493941704;-1.8908180365078275;-2.5745198430286096;-1.8998423258927595;-2.8726601660394078;1.221719009870595;0.9922870914537872;-0.010527429011734096;-0.6663135335649019;-1.0186418038642706;-0.8582085717889782;0.456307160613923;1.2299560336232056
903;1.0487647974075318;1.7572517283467113;1.2748227565987929;0.4806414890175418;-0.36977623803170345;-0.5803762551227238;-0.8735529632904878;-0.9203958901328172;3.3042722793830546;2.938331133243194;1.845494804660932;1.436629290139512;-0.7373822827048961;-1.7934525567141244;-1.5636741120643858;-2.7229299559195357;1.038186357575387;1.225323532090127;0.028357109906945753;-0.3810439353721066;-1.268294483861252;-0.9783875611563018;-0.2167812735153333;1.2942752966545734
904;0.6514721266231763;1.5603918479825094;1.6477595085858923;1.2383449933899915;0.13093375839190616;-0.03339274626390457;-0.8001432539636864;-0.341278308849084;2.9559461711902055;3.580149662896814;2.2433648637946204;2.6204122360197615;0.7138706410179284;-0.7697448267829516;-1.339963009114781;-2.1707460937586798;1.0541731947693118;1.2820506155848213;0.41821404501037907;-0.019299850723604937;-1.143836995714452;-0.8649562205807398;-0.7638458337599043;0.8494792209675078
905;0.13880675914689816;1.2473386222584617;1.703131194456425;1.4040399713727558;0.2337277537918985;0.5031667669834073;-0.5719234022289533;-0.003289561989616234;2.362882133557551;3.767877490508443;2.578792462843377;3.2965711381186904;2.022377420723511;-0.088444016112624;-0.8412046386798717;-1.4734099871469617;1.2858798651323138;1.2718027868167439;0.8907902759113194;0.27331922390779206;-0.7402412377346552;-0.7443691584208071;-1.0261644565678538;-0.0011747804330759293
906;-0.1210988116571985;1.2291668464177095;1.6354689935027837;1.4744362573904597;0.4989511623785116;0.6028171359452117;-0.18676471573989548;0.06982127494619532;1.498975506489471;3.329361773307817;2.970270544749752;3.3968451258359074;2.8452429795919327;0.848172211640441;-0.13223605854053186;-0.649991883642071;1.246711668680239;1.2741456765557555;1.1561515310622899;0.4914174592553513;-0.23257445634131532;-0.7685871622996783;-1.1781466058308827;-1.0420592989297768
907;-0.14190038646385322;0.964640534926703;1.4889368934164497;1.426214307833086;1.0812644974693528;0.5398886516064181;0.3307746502929962;-0.14284531757817678;0.4289623533990491;2.454046343257285;3.258009732815177;2.9870783093033646;3.281293196450445;2.017116129420228;0.32657608217521866;0.18483882799592308;0.8408987003360003;1.3480424963649977;1.3831191092260902;0.7762356632681052;0.22969553146883764;-0.656480191938396;-1.1619986209363962;-1.8237766424637714
908;-0.2313624548015004;0.24532307296849457;1.2682140693591883;1.565309360193337;1.342082768742592;0.44543416495274823;0.8375170309880567;-0.23872023374851778;-0.2958875420145417;1.542774884829474;3.021491283270355;2.231520086832313;3.472131123495143;2.782253570111424;0.6305915437626567;0.6812626192011958;0.4177965576647991;1.3165856574648482;1.4648850309785955;0.944212175540256;0.6312036735987615;-0.6128782202705509;-1.1461015997443054;-2.0607796130357428
909;-0.2674697856265692;-0.39419504609102085;0.877874668465031;1.5609352991875365;1.4359276393962122;0.4837640121222987;1.143015217616887;-0.054587118727007215;-0.9676512011769677;0.504669300495769;2.2988528821052547;1.6357104011257424;3.056632409749896;2.92411553093495;1.4037700790860999;1.1821232355388813;-0.023136973902576484;0.9812606194868929;1.2637734941591932;1.0923302713631295;0.9280684120567583;-0.6469757519767798;-1.175588622347706;-1.6257744728818337
910;-0.11909350965701497;-0.6724636180893137;0.5477661197627528;1.345505989502368;1.4934655819975033;0.7495749153402346;1.0377956450194674;0.5090717345921797;-1.5219600254257493;-0.7623553992893125;1.2544257885852994;1.025909830147518;1.9482636023339293;2.680494005646818;2.326996946901165;1.5838583558431436;-0.51384365846104;0.3457849881831856;1.0258475464263088;1.1883522469990253;0.9547389139712091;-0.2792166428176923;-0.978889084823225;-1.1584278151855048
911;0.18917729417192133;-0.6758640324090246;0.26090797646598274;1.2107754663837382;1.6592530730876123;1.0884462826784307;0.7191085747726917;0.9187792112309138;-1.8347507991696208;-2.0248002622895274;0.0009224164796896776;0.6401072859875304;0.6427240436565121;2.2137703565252993;2.7728721139500014;1.60928637629421;-0.8367565429611948;-0.3922316370869191;0.9024024755694003;1.319526441330877;0.8708249444913865;0.38356729542903634;-0.6180082471367732;-0.8246583275445939
912;0.22899172128568637;-0.5011153903212203;-0.15081008759437828;1.116350095565356;1.9184416330553415;1.7125942442711128;0.7771461372237838;1.09178951784644;-1.5476297238744836;-2.6868517205444;-1.2824000598720824;0.34658766350263737;-0.3167240636197109;1.6512646159627826;2.752062501576006;1.3740123231498536;-1.1139242617660046;-0.9771516620192856;0.644415870144328;1.1599514324346778;0.9155420915964436;1.1224012466459323;-0.01985226424793921;-0.4645742517289274
913;0.05325925190464142;-0.1619405830114364;-0.3526607833779512;0.9542396792570003;1.9504132941515733;2.3090149637813706;1.03751353552508;1.4463302963226095;-1.1010627716031405;-2.5870620303878935;-2.497130399081042;-0.17995816441385565;-0.43984369420140995;0.8925086053257975;2.2485520639286882;1.430068986648824;-1.3972435516674047;-1.1992925455798724;0.09300457780804706;0.8773811936922958;1.053176482589516;1.6296613150234793;0.6268282545757453;-0.27085554994156286
914;0.0036048379725599163;0.343840364651133;-0.41944922192448236;0.6416485750632799;1.6495041276391076;2.4783676269388866;1.5029517828095345;1.7331407121255653;-0.3846846836553035;-2.2636039023560484;-3.174094198257166;-0.7593471780306719;-0.2765427571770547;0.2963317844235874;1.2210709402781212;1.6729883601529667;-1.250999311308185;-1.2315123524864875;-0.7747118934421349;0.4597955658360199;1.0001015569983265;1.5310647956129988;1.06882139018474;0.0650265028177931
915;0.013680497167033024;0.4979331706170216;-0.25713539794530527;0.12548279422839836;1.4091754101464136;2.4295469861190138;2.0177869423441686;1.6788600415706119;-0.13364286236507625;-1.7669241876910604;-2.94762933110019;-1.0912650679996754;-0.2232175214961596;-0.2290652185758807;0.3920503040857115;1.7589895791702925;-0.950085845257397;-1.1275374063136896;-1.3329061873741195;0.10591023744127466;0.8896628167973396;1.0910033791481188;1.1936041083467641;0.4454490516342364
916;-0.44193671511045535;0.46829161393577173;-0.2815673712648576;-0.4535415933333386;0.8321814384177504;2.008389300544171;2.1915072924094763;1.1743989361335236;-0.2934247867126714;-0.9685970560978266;-2.092338668751114;-1.7975433347956813;-0.2955058199910888;-0.8200577638449291;-0.05420542388662071;1.4126330179489746;-0.6637082215215578;-1.023708149431085;-1.6320439598053047;-0.35406885588519477;0.6921397935066996;0.8738183706939501;1.5085516345207217;0.9007066541416281
917;-0.8458190006722106;0.14333496743424573;-0.35493199259092617;-0.9960479588259018;-0.11783629855496947;1.224876514806117;2.2295697426960266;0.8514209414088095;-0.4484072667897546;-0.25258794212554186;-1.4557506118771033;-2.3844189463854994;-0.3964774306655926;-1.1829589988760796;-0.3197579391904889;0.6702626898728908;-0.25054064880151;-0.849084008705906;-1.7255116788025404;-1.067651345779522;0.22915057602165279;0.6982913402077426;1.7185586219069073;1.4362536932339922
918;-0.7483417653303274;-0.47339265514748513;-0.2568435517191094;-1.3832934944420656;-1.0549144186030877;0.16530820700800586;1.796136036634997;1.2389968086267023;-0.9563032074499941;0.2837394852545281;-1.0784104439116677;-2.511491909857386;-0.9397799226124766;-1.0205253651323931;-0.7650367985269875;0.02155001895825114;-0.11597762895155148;-0.7536548692166726;-1.5013693125433112;-1.4452928835099828;-0.3536552744290893;0.5270133844321542;1.6274051896083535;2.0945936169954407
919;-0.7081568853701316;-1.0159859189912686;-0.33148942445467083;-1.622946622766748;-1.9559400234127913;-0.9308791121035053;0.9223960813802943;1.6254443431284158;-1.298273917269849;0.6428958095611731;-0.3576932146022532;-2.2652587963163593;-1.801705892521023;-0.8078205621283366;-0.999046386774854;-0.3540663647902851;-0.25409758713419345;-0.6164060192236366;-0.9811170411010878;-1.6677437024044548;-0.7930435146362208;0.4663586003001235;1.470540770072521;2.2460613522765778
920;-0.7802917972311569;-1.4075107995681202;-0.8178323240888846;-1.6622882070668892;-2.617712584944565;-2.1263355426556947;-0.12050336982323644;1.4802752279163183;-1.2150683722831046;0.46225561259162445;0.3316398669567911;-1.7328314232927726;-2.2338687735771106;-0.8263769045960567;-1.0869347071620625;-0.7166569660646962;-0.057633576749722346;-0.38773439250338537;-0.44409676375915125;-1.7645608294076038;-0.9829706611387579;0.12443021152772506;1.018715500039291;2.0420042493443975
921;-0.7735270326382285;-1.4841060660446044;-1.2067742745717105;-1.498982887384228;-2.9998435033573125;-2.9672351501200604;-1.3658027656318894;0.7108397946253834;-0.8940774627655146;-0.1455704806388688;0.7508023245745364;-0.9482131953560187;-2.3079766252530143;-1.0658307394673217;-1.1235837829811055;-0.9918445068476469;0.23185903812063643;-0.0813377382997704;-0.025032621093444972;-1.6058179953764533;-1.2478799156306024;-0.18815598837215855;0.3034893702989503;1.502799308452216
922;-0.988423200209603;-1.1224759227512997;-1.300938113958714;-1.299960480820421;-2.8168274221105007;-3.4143324346987014;-2.4798288870495466;-0.5366933889638316;-0.45454460955056997;-0.5397429538983979;0.8254872367251509;0.0750026437462201;-1.9978566020514046;-1.0499282833265189;-1.0592840755181265;-0.9362135927651575;0.21432337793344367;0.29687635625690895;0.0617608003759902;-1.1169101638488268;-1.3651808119732602;-0.5900237132212449;-0.3993498470904495;0.9211034617619518
923;-1.1163002815690204;-0.9248155498296375;-1.2996701527719794;-0.9587008042759412;-2.2108178051644285;-3.35180300219883;-3.556877412984815;-1.6569875790556043;0.13182703468372423;-0.6391345981501659;0.7078652093588693;0.9278458624288338;-1.4499059474248563;-1.259421583373719;-0.8874847212525965;-0.6722960466686515;0.4088274791090183;0.4984302220632273;-0.011098290951131557;-0.16087194890885903;-1.4794251767189808;-1.086433754557979;-0.7170650206587116;0.32882297856839504
924;-0.6495886229173338;-0.7115039620984417;-1.1596081073676672;-0.6617735641490954;-1.4180027877061347;-2.8041921038583952;-3.9238682519665784;-2.6212281200294387;0.5069717874777293;-0.6772257877298307;0.44020752951890013;1.5488557594340882;-0.5959859886547701;-1.6506565226740242;-0.6562253001512942;-0.5119485983715198;0.8309261805736932;0.636828685446289;0.1192533564201919;0.9132384619752992;-1.233898186480295;-1.5084726414767413;-0.8216954499578252;-0.16984773755728136
925;0.0030087654675297866;-0.2547575695740646;-0.9303608603126688;-0.4093839177150068;-0.44130772035032795;-1.9349462591361224;-3.5295283608458825;-3.339460943683003;0.8281139824244279;-0.34053288878319;0.08217237056530878;1.6039553025095286;0.47314999319261525;-1.5653053677079558;-0.4542625584179165;-0.5605715073176987;1.2266611584228366;0.6956128005060495;0.6212639546556362;1.4325921186618624;-0.7065120594398793;-1.6490599858942214;-0.6817128911899958;-0.6803890578460143
926;0.4324278374705296;0.10501029782805002;-0.4237689841691327;-0.2617984798334971;0.5592467148382565;-0.8776146614076442;-2.6461205649001456;-3.48823060858782;0.69023779030526;0.16134420578894934;-0.15516104208842263;1.1263799853740772;1.5142700846527775;-0.8570174675828122;-0.5134074975948839;-0.8626009217303433;1.033671017226805;0.8536849392251551;1.23517631879731;1.3600757889461663;0.3037288107184709;-1.2270961663624715;-0.7777465754113361;-1.1000800802836916
927;1.0076188359043958;0.3640539212256313;0.356024940898455;0.11527454994148989;1.3297272495417534;0.1361970521197568;-1.5919126252624758;-3.1908402259606694;0.407297369504189;0.4384915413921725;-0.45436235856956764;0.6258190673306153;2.3199985577583093;0.18285292303012735;-0.7521733315037734;-0.9653510893619582;0.6583212006044514;1.151273790730501;1.566717430981956;1.0535618997911362;1.339172329545533;-0.4989945821229789;-1.186911870094497;-1.3768152006428531
928;1.6914560354226715;0.8114598141931824;1.0456208260518702;0.7123831242862162;1.5574695028998848;1.2371946436021894;-0.19676232007989644;-2.505453032612996;0.5265012255200365;0.6976483864850049;-0.4140022432520574;0.27273802205571546;2.4181387767418268;0.9805323901272176;-0.6930274293387308;-0.799909259654917;0.14098434638972174;1.333925327557187;1.5969245157103562;0.7940638250195394;1.9702214227651629;0.23720269157647217;-1.5789012453787041;-1.5156988911532925
929;2.339695605301955;1.2392808848838675;1.3748434707235866;1.1153472027261218;1.400582075624593;2.088721473246489;1.0952421777082229;-1.519059049727786;1.0619026272133527;0.8716677770966906;-0.23265752780792992;-0.17701178808204737;1.6293161802529126;1.6669252394673266;-0.397727533331958;-0.482812610744156;-0.20554966361400057;1.2894169877759483;1.1464923841287968;0.7266053197470351;1.9369167284738555;0.656726427677997;-1.5085366028475273;-1.5557334771151223
930;2.4588011659770235;1.6439106325758934;1.490100580821083;1.324397866538458;1.049887747960301;2.2993079970677277;2.1117177015655457;-0.1645007382678761;1.6046744389658274;1.1016620927427379;0.3188329680097317;-0.4911687262928816;0.7002997211424193;2.2037996923003824;-0.1873427101951747;-0.38213022841837857;-0.5585642702447332;0.7768696422521362;0.715876112438398;0.9040864843416584;1.2480187033967989;0.8851069580090342;-0.6878952235574101;-1.6153810083959115
931;2.101815987569136;1.9410988498664035;1.694354584419128;1.35202092701326;0.8493052871808575;2.33733564821088;2.362411537175777;1.244272401828776;2.0509636177763118;1.4188914562189232;0.8425293573569567;-0.5843782787837427;-0.32108561804374963;1.9337118969715321;0.33957984305614236;-0.4568069132617555;-1.0287511512053573;-0.1452072591052649;0.21164368390033364;0.5915994136274403;0.26292227578094174;0.9360119768583658;-0.12489162906413907;-1.4698068544995324
932;1.4322085044966069;1.9961531301791116;1.6653039262277078;1.327951999330853;0.9817591711464387;1.8879920790281803;2.311895546855132;2.454650510727135;2.1770211421092043;1.6726010994711942;1.3046132873629013;-0.30188624404175785;-1.0642916710372528;1.0942931130244582;1.0793954487529007;-0.3231670253844952;-1.012530066614431;-0.996718143982589;-0.3713810024607996;0.006111120806766793;-0.7661219266146421;0.6205174733179885;0.10355557512456404;-1.3100246864313667
933;0.4907629256493211;1.5614719103999721;1.18577150171324;1.2101042550459515;0.8014885141300515;1.1747947118797328;2.3155225111789774;3.1105682060424686;2.013592408579422;1.8059710622095881;1.6618445870478529;0.37236639211363315;-0.9903317990069627;0.3088562043514444;1.5929779169116474;0.08411360298402475;-0.4518401166478407;-1.6562375671662293;-0.9328285178603821;-0.5477710815572212;-1.1997212017711893;0.09089809939970557;0.2467074098067582;-0.8212850761407992
934;-0.40865395365479257;0.7199131988229909;0.35616893102884056;0.8249932319623223;0.6344813659557113;0.5111886195585379;2.1334658476505264;3.2747569384907953;1.5311066477924977;1.622402071834879;1.853536692195383;0.9998465819511433;-0.462662607807518;-0.29738452957118905;1.805818673777657;0.6907705252559143;0.21350540538355897;-2.0953830422058233;-1.3964793855907038;-1.0601140717680557;-1.1233777043528457;-0.3931988406923823;0.45615104444900195;-0.30807781143948076
935;-1.2458109667290054;0.06031122230145244;-0.03527251598591747;0.34781354748548554;0.5261142858222392;0.026977533679089182;1.6226627141922696;2.8954335913771607;0.7470782024120587;1.1820628748892592;1.7769227542662847;1.568238322643442;0.11894311984592451;-0.613383958537832;1.440774434012643;1.297886527035211;0.6882463212740432;-2.012711623618477;-1.737776804448204;-1.5547537418347748;-0.8248497365377149;-0.6593043202775842;0.4819276789279521;0.24378630200293622
936;-1.819093116195956;-0.2585253334258687;-0.009901389776143712;-0.22629910933318584;0.09296127120451878;-0.3484592653258505;0.7823120049480237;2.1758483837365032;-0.09283648055579587;0.7238352880407273;1.3417885382915562;1.7839606563012624;0.6204849720311683;-0.7859470070509857;0.807012114014718;1.3201413354908569;1.0302961168029567;-1.160083963790757;-1.9786658800347217;-1.7927157864780863;-0.6384122266437271;-0.7419550418054734;0.2941516334178719;0.4937378919209814
937;-2.0638924595423997;-0.6699076552945563;-0.018241394355445792;-0.577352960675988;-0.37406732129253756;-0.6971043220443129;-0.1702806919764874;1.1814344338898648;-0.8053215498023945;0.2492413893595348;0.7121127300218631;1.5880089948107037;1.2666058915948177;-0.6484592148871431;0.1183127410969849;1.064970974232403;1.1466301419253466;0.19608988383111334;-1.819713786158817;-1.54779145393547;-0.4869527387167447;-0.6539515540274937;0.09013315484697887;0.8350037985581574
938;-1.8676392769627224;-1.259749255243152;0.07337942787209363;-0.5521874942293;-0.41109688795141264;-0.6160687327456159;-0.9507068665128203;0.12453407380967198;-1.582833640414761;-0.41383923140943296;0.20021109378736135;1.2459740430510962;1.4802163962893038;-0.1206149352188788;-0.5902670676572197;0.8679860127626885;0.8086087821676108;1.1530080440312847;-1.1129721299000481;-0.9241038800750168;-0.3862665433659472;-0.5112922060673945;0.07297925492075374;1.1617531577485665
939;-1.3638362163344018;-1.7425084775523885;0.011007232393482884;-0.16047633383788812;-0.2880124978848536;-0.2829845975741127;-1.3596406632553926;-0.7596887020953997;-2.2343196876880236;-1.1688725405740916;-0.444342802452079;0.6186320917884539;1.0210697640020612;0.5791978954610331;-1.0187958635053815;0.5537561383063977;0.3008153513328579;1.6002739514509108;0.07433076868886439;-0.23465594804326215;-0.4168285140792039;-0.4293095743274791;0.10276328311642122;1.0993370811058716
940;-0.7854097171155603;-1.8144602258074463;-0.466713632089486;0.30933766636195853;-0.06371165068226772;-0.026380918842603313;-1.420027069972316;-1.3277823246024996;-2.6949948603727805;-1.7640614435937136;-1.3780019583715033;-0.3589011061674647;0.6639201342832842;0.9569204742114146;-1.0826118782558631;0.10705964217153885;-0.1609896241829246;1.7443075944002286;1.3188862041345124;0.42858539920841965;-0.3565106269360628;-0.2291828132680791;-0.05384587241679587;0.6874174857752545
941;-0.25586722919754445;-1.5471663865895;-0.8814553045236999;0.4580612591940682;0.09781859548320321;0.06755180297190376;-0.8585449058258141;-1.5477204475486568;-3.116620801648645;-2.218385704680735;-1.925171971664281;-1.3971097198610254;0.17865101858610483;0.7728440584214413;-0.7614564693137229;-0.32421057368988526;-0.5735880878311591;1.5366362779601292;2.326356830808387;1.007902320382921;-0.03774416128898502;0.345147257745537;-0.1690425809754247;0.1635842231875178
942;0.13573161860116817;-0.9557641794624874;-1.077589828370383;0.28888807421551566;0.058447472562074124;0.11432810785150135;-0.42762312449368145;-1.5647183557357092;-3.100910367696743;-2.690930712178432;-2.27952491803742;-2.024472100159612;-0.5748676134066533;0.1669802039611133;-0.35411361413269726;-0.697508387559665;-0.9942591743056401;1.145401866345522;2.645390003334355;1.2912329466569483;0.37919177638725515;0.8222726848795483;-0.229555271007535;0.06952024780838617
943;0.014619559727198243;-0.45445919276044383;-1.5340026222153795;-0.01183432560127323;0.03497575954126573;0.033541887613863154;-0.1327743823830785;-1.3284940807751204;-2.509650767296715;-3.174683922893899;-2.479346761226747;-2.284961935009682;-1.3538543507526324;-0.47092072539154795;0.07644570009867648;-0.9264267815286191;-1.2202073474799746;0.4872525232180183;2.248538434885303;1.382292189948312;0.9645789159945104;0.7032575974863716;-0.020591264322834795;0.3134633072331315
944;-0.1584391781464037;-0.25878904569965455;-1.5626252583651656;-0.6237386928227324;0.3504782527024713;-0.13322188113864983;0.26835681604545136;-0.8857663029204046;-1.553821356211156;-3.331751006453812;-2.351885020096796;-2.341044172131814;-1.9359799724406512;-0.8743867050470655;0.22758126772099915;-0.9949555809916347;-1.1256128961262708;-0.35095919615785526;1.581387535122364;1.6737062351572394;1.4081473178117825;0.42602009080028747;0.44867372458222987;0.3196467124190638
945;0.032823531901615965;0.03305191591418995;-1.2392921609663132;-1.4162056089313857;0.36589425161076283;-0.09805922128727028;0.3940595573984484;-0.5186833449211794;-0.7994403829447403;-2.837203052336712;-2.390752755310318;-2.4645875485879323;-2.291405580105794;-1.0921752462346808;0.2872424583188426;-0.7383944608660971;-0.8812657412436813;-0.9186232315913464;0.7638481293195585;1.670281960046389;1.6018248696587496;0.6057124103323855;0.777670383980467;0.22916713172682018
946;0.41812913767843846;0.1858852252590122;-0.7628504375289621;-1.7412331003895973;-0.25832346435682724;0.10115874281440407;0.1986472549437134;-0.10839425951361253;-0.008710446597866992;-1.496450382768886;-2.3262130594516712;-2.36252092353149;-2.4569428642195934;-1.1271819314711247;0.2263323884746724;-0.17665211912324946;-0.6177586713158668;-1.3814275814938775;-0.17394604876696138;1.5777100048167905;1.7740023598705206;0.972451499706964;1.005903671248305;0.42232697064598285
947;0.8760493825004443;0.26140838446039166;-0.3518604102179733;-1.8468003205365833;-1.0680039498857654;-0.09237995276910803;-0.10826578230582379;0.11242813638167427;0.5887952679310675;0.09592712079634515;-1.840793971475836;-1.642829350104072;-2.0427484598773793;-1.1736340690049054;-0.15883494348987934;0.23810648137949159;-0.3449260649428791;-1.6155719815437872;-0.9605925410155275;1.3461406682754467;1.553360876075405;1.1016216613669843;1.2990140211608938;0.6522556981184006
948;0.8630882360984031;0.28004871436425444;-0.13980710673382865;-1.7135262990183182;-1.8579589838345303;-0.33245529245880695;-0.3824422058219886;0.2360349631889205;1.1591355993036863;1.2705540809350568;-0.6481096896661536;-0.5969525795942818;-1.2878971869751545;-1.1467394065266325;-0.6244438446661879;0.3545967217241578;-0.2536241373600636;-1.5096255928712554;-1.6449286542731878;0.7005781509275648;0.8953265158152184;1.367074651784831;1.3794883527555697;0.9391517871070755
949;0.42721542650417654;0.38256796717537883;0.2802321490179699;-1.2541790199065723;-2.2590708728092888;-0.7225113545697192;-0.5853258180599952;0.1754078217858337;1.6080489098093373;2.0523047735796225;0.7301462800215709;0.2104734918936902;-0.28802328946286204;-0.8312225798935999;-0.7512997145187745;0.3382348196733278;-0.114136650818082;-1.3183600934728696;-2.025872515880491;-0.3369953157384323;0.25973282005839693;1.4947682510872078;1.1925080507191497;0.8204053431882593
950;0.007883712373712024;0.5050482532367834;0.781263493044255;-0.4426592216041738;-2.0086197965518773;-1.4382432441637747;-0.5402197896825774;-0.04619127015891653;1.915026612499771;2.528534749783741;1.800443302590917;1.0791860663386583;0.8147830177300931;-0.35975685396754903;-0.5490836053549031;0.38082345283481006;0.17922342919271814;-0.9380246743839113;-2.1204694000512747;-1.8207841887961647;-0.27124499621923187;1.1306721842880911;0.6890365635739718;0.6261720050124414
951;-0.2900316637955803;0.3432924718950261;0.8721297996989656;0.4004275649864913;-1.3819303662511362;-1.9176468626068162;-0.46050929984010747;-0.2078514563785757;2.304878392497613;2.849769225225004;2.8848314762884595;1.626580329053682;1.6046483250558552;0.12402702835375863;-0.17511668725904062;0.41934204713859546;0.467790895526867;-0.35042959691022146;-1.9088306815040683;-2.9599703842403895;-0.5100061270366716;0.37155047687213544;0.2690655738979971;0.8444432239239501
952;-0.24028172419330748;0.22038613240977226;0.6266847704322145;1.1440434337624343;-0.5927746845859462;-1.7102403685658694;-0.5551260640922574;-0.12167107014848845;2.7127791223886875;2.961802259148628;3.56997818189524;2.0679373213897456;1.8361888045075498;0.6555545078153336;0.28426520011037015;0.26523023582115507;0.8072001660051082;0.31631491476544754;-1.6438215758787493;-3.0903642099611135;-0.838994301035181;-0.5823731594142249;0.1565197669952248;1.076023568194487
953;0.006386450350070803;0.3741305376830477;0.5300664314627069;1.5106946683646232;0.17945831096499895;-1.272681977369298;-0.9328717170957096;-0.044069045332583635;2.8483108128867114;2.6211932358855954;3.6343349656675072;2.54906464096894;1.7492244963699022;1.1153992700196704;0.4773620154028865;0.1094126747976333;0.8977695278629039;0.8363837203787305;-1.0510424712839903;-2.535003844212918;-1.718997226268168;-1.4691730408776913;-0.03824340119556238;0.7019015971955781
954;0.11496355493978029;0.35652149599559746;0.40162076498583565;1.4403285697907418;1.097705578020059;-0.6070705540003749;-1.2599689147960946;-0.029041155105940276;2.50148319664899;2.0643471129926647;3.2481794044709513;2.8513602849060447;1.5294573898662922;1.4329709152078896;0.3182967487912733;-0.15727781181117959;0.8650085862991084;1.0646661011260141;-0.06391378803747177;-2.0426421841402833;-2.8736907885085508;-2.037029297411769;-0.5504924258058767;-0.21948607782799534
955;0.17542326269873781;0.16843528545720618;0.3594135816620356;1.312279297031784;1.7656674532655414;0.2491683521543943;-1.0559262882339984;-0.027048350154899398;1.7303852634338968;1.5238620622915826;2.2982715306266894;2.7213270333595;1.7364980640203942;1.60838434414721;0.23634562986831978;-0.4595121956966031;0.9358478379902435;1.0620427501878906;0.7906544177829851;-1.2978449400270564;-3.3595610227421036;-2.266020458913867;-1.2369291943483374;-1.1184691785963168
956;0.20115322485689494;0.32205421381053434;0.4261403848525353;1.0178458904867667;2.289652018605529;1.1469202766120372;-0.2403005256842519;-0.18006792212656547;0.8217844162891262;1.0204080287899977;1.1212683775640406;2.252802958675645;1.8670522302928656;1.4419121480002242;0.3219694851706183;-0.5350308914467157;0.9415705051687978;1.0196786239313578;1.4941409050447692;-0.0329252798749211;-3.0166753817910643;-2.370750354979271;-2.1000077214254036;-1.8241749390858462
957;0.4598468915517601;0.46777784032287273;0.7758684232163533;0.5272910601993376;2.2490040134755644;2.021453382760238;0.7328706687029025;-0.27571713808473053;0.04065391547747232;0.5526673841231199;-0.23380204544415145;1.4460013149245519;1.5855050166861722;1.128435313397672;0.5067011733098551;-0.11703918199208868;1.035649767817247;1.1219262518485782;1.94148271734363;1.1132655439325532;-1.8463493405225873;-2.342999769584811;-2.997549833840534;-2.2937536054735426
958;0.9347989770540165;0.5141810531662582;0.7907333467593503;0.18144281600793294;1.857722184017812;2.3541112899420504;1.522673695051745;-0.0896977092330243;-0.5715669184790689;-0.057337228654465645;-1.0448968319008805;0.27989692307799374;0.7030984326979971;0.6309804444972781;0.8523211528035114;0.3918684387027932;0.7363923786205312;1.2589502990625718;2.106123395626259;1.9732062797974648;-0.23940250770810037;-1.9912211686975598;-3.109621414826571;-2.64217426786678
959;1.354643999496838;0.7953857036768879;0.6873256298732953;0.2289545105746348;1.0629393922415336;2.5157240551122504;1.9032323363718726;0.2481750239724384;-1.1302702690480368;-0.8330062584113443;-1.1521675452954558;-0.9753246376922923;-0.2602898639267306;0.37291917800139196;0.9771752027165543;0.586713721511968;-0.1523479205601775;1.1962590800919555;2.0105757310736903;2.542236473569438;1.4571750981928517;-1.1721610143078172;-2.3091278344068686;-2.673186595109156
960;1.361607717201787;0.917012700487266;0.6971423482346808;0.624583549153779;0.3004487019107954;2.436772633364757;1.949145112301917;0.6869720212754239;-1.4129221327068584;-1.5970700502205055;-1.2081465272751417;-1.8816284439444981;-0.6185934211163485;0.09911375388431996;0.9560130252324139;0.6738999477042239;-0.6998744221466711;0.7068058822805838;1.5318245226235017;2.7686086248027593;2.8594057715272143;-0.28328544541335765;-1.2995051153944737;-2.438070233886822
961;1.2684456640033712;0.6250647083331246;0.6697133378813771;0.9712239065290025;0.15385120357964316;2.0232620652239164;2.0325482340020624;1.096265381935087;-1.6167997839326396;-2.0062537884644907;-1.4461132085812094;-2.2588231625842408;-0.7706751350924462;-0.3196508395354731;0.7440334084745722;0.46240165275658496;-0.7232491512606113;0.06499041404098009;0.9292981681901493;2.5093148811637893;3.2652222605594057;0.46195248510162795;-0.5552581419326694;-1.9122162199704544
962;0.91277946669995;0.3549452655577365;0.36456000307546427;1.0017050504665594;0.3822300876559116;1.3113963869975918;2.142804206994057;1.5274595538636082;-2.077386200627272;-1.990131745017545;-1.4978662940976095;-2.184327529404916;-1.19855140059944;-0.5300608899662044;0.11528636336358956;0.2357932280428864;-0.31519657210753826;-0.5051548515190132;0.17319650016405125;1.8199862417757844;2.7729077080973394;1.356951457766467;0.2518411990985135;-1.3190492359527528
963;0.23680782807436848;0.3267428910046854;0.04840283900937064;0.9914848857015489;0.5817607627825353;0.3689753842881723;1.8953009572509942;2.0241757591307263;-2.1789040735155667;-1.585266599060216;-1.3489760201953682;-1.4778463840473908;-1.51106989809205;-0.9232929996420735;-0.5908491597605127;0.04769924235438549;-0.15159359740324885;-0.9915159358946676;-0.4719761836246425;0.6535879522955796;1.9168004082636851;2.3190253946746098;0.950708181918979;-0.3893595442038561
964;-0.7743641041611229;0.5321697993121218;0.1600874342671365;0.6661017255988069;0.6027804069207927;-0.6898931147005409;1.3134671170827992;1.9543224178998226;-1.7329872336678396;-1.1707235289178533;-0.9399243887029153;-0.6634202711834736;-1.5763414172978765;-1.225025001728447;-1.2433331877755038;0.0015328838343775177;-0.42178991206925764;-1.0312681411573597;-0.8812661776323768;-0.5686018653293761;1.1348296446912114;3.0116647548518602;1.390633899530339;0.810860171069264
965;-1.638913276972429;0.6101324827114373;0.43680533666022725;-0.06238568073222005;0.33897481157267095;-1.0006189133453847;0.4461005369577995;1.425762977853429;-1.2246447383159869;-0.8840820013513327;-0.6926969258333302;0.009877202741085937;-1.2130111852304448;-1.2341860448104296;-1.413065406735219;-0.1921399155207725;-0.732551865413708;-0.907198867521236;-1.0739594827756591;-1.1788363529288162;0.6567836085846922;2.9155370358141375;1.6307087130675362;1.8532498752485143
966;-1.9723122254591559;0.01132674577921026;0.2967450661948799;-0.6976987101329681;-0.23710250897603066;-1.0632940859600268;-0.5321590978763883;0.8108948060189808;-0.9840753631124657;-0.870067434047916;-0.6999034965382669;0.2799186931858276;-0.5678931146704823;-0.9438772526556617;-1.2980461278708266;-0.46344515882039466;-0.8447120407928422;-0.8505824115453355;-1.3452636565827374;-1.4179157843857646;-0.08646442292499794;2.246097640269822;2.2090441175572773;2.7845163273809166
967;-1.9991701382288949;-0.8860925356150494;-0.1638391198464055;-1.0076451241578026;-0.8426702847074428;-1.0558898643969716;-1.3569668447916106;-0.19464351103640942;-0.7341524698262822;-0.8631324334774757;-0.6688351949825035;-0.03650972315088198;-0.11425235792911598;-0.5546910906616649;-0.9915086122300077;-1.023017215614083;-0.7320373858380488;-0.7646710854869675;-1.5155443983536834;-1.4542563640846782;-0.9123732435374601;0.9881237859318688;2.878632507479005;3.2534598568546893
968;-1.865884456098738;-1.9326604428044636;-0.753094609163745;-1.1868115294356898;-1.1924593350840609;-0.8017784228973104;-2.18279878415704;-1.1742089013190613;-0.39882130907204244;-0.8240075733160508;-0.6653019267345099;-0.583271716966704;0.10610415965570237;-0.02653254894760565;-0.5402842205931528;-1.4553369363599116;-0.4713319512970519;-0.6987675864542935;-1.4373917890359271;-1.4084532337854796;-1.5713121949798676;-0.039079900818364134;3.0016605686099007;3.0850801146436293
969;-1.6517169502849205;-2.7116685807692313;-1.5086933179991477;-1.3787278059625967;-1.4404169547526129;-0.8176113440153785;-2.6688037092076526;-1.9515554039988785;-0.08098885173330427;-0.5765934292630048;-0.5175440084668358;-0.7531807988603906;0.3416470035424191;0.08803043880798567;0.00727892828656014;-1.3329171294695539;0.09090078608665157;-0.552753843050589;-1.0840289924980455;-1.3152126953980783;-1.5933315534117158;-0.47446218014296276;2.5593360985676763;2.6105026519768044
970;-1.4440883353290486;-2.8685584030963183;-2.1890010472566166;-1.4295318772439314;-1.9071112872728218;-1.1745952651156373;-2.6769305789767692;-2.6004506921209423;0.36587357549713734;-0.13717013589746582;-0.23013884722956585;-0.5975262457863157;0.2076296768301586;-0.06965551671306235;0.3857298678626222;-0.7996208370736639;0.539452405994882;-0.28018179237903235;-0.5002959930134249;-1.0814630444003157;-1.128457160520546;-0.6174973606163368;1.8332240346466722;2.285163384199689
971;-1.2188117733156625;-2.67969075947987;-2.533384975548996;-1.3164244006822217;-2.100349255188513;-1.9072998868051638;-2.2969815074899467;-3.031818900119272;1.0254522403487492;0.49317676169145624;0.013807828669659506;-0.38632652620578534;-0.23151609268015982;-0.14798756496613863;0.5431328968473157;0.023411521230208395;0.6645182081280332;-0.11491195432086167;0.041660297559423305;-0.5633057065272783;-0.644548889255587;-0.5847774924398644;1.0313340593648381;1.8405438084640595
972;-0.5198648314841071;-1.9114117487932716;-2.6755610261457092;-1.4971899766145063;-2.0261326853959294;-2.3478593888331316;-1.5804625346285832;-2.9701660206313387;1.4041214774039992;1.036110480872827;0.19826444236998203;-0.08659179416716753;-0.5800882188961314;-0.19153156794478476;0.48760409650927405;0.7673543537856488;0.40465062997174095;0.19217984544679276;0.6462265416447783;0.09810536500785806;-0.25917984204801914;-0.41872640114276405;-0.08780638910707883;1.2603634155868224
973;0.5464584750283922;-0.7892384455586855;-2.4779301641057034;-1.8633788235588904;-1.5636741335902173;-2.3740989581520755;-1.0185751018126736;-2.434706398988351;1.3673394976468802;0.884875898062646;0.3225982411950155;0.11869873266698652;-0.7235803049847378;0.05332349393745783;0.11849882865846238;1.3124871460160035;0.047785962632973925;0.7573952956694306;1.0490762549628359;0.7792780411109586;0.19566675566221403;-0.5166992785521385;-1.3642630730197853;0.7460165703843283
974;0.9948729768945257;-0.0026518927619778396;-1.835829845707723;-2.1735646055001783;-1.0262829625537822;-1.7183073261030744;-0.677122032106479;-1.402312195072664;1.0706096448380311;0.7802738052700043;0.4393887655002422;0.09397648640365458;-0.416973807951725;0.051272787755005045;-0.24829787650131452;1.3326529267996057;-0.007973033976222288;1.4655891869346656;1.1216146314093411;1.143090192555226;0.5426877300060792;-0.8734881552062358;-2.1039603949103616;-0.06348645537602368
975;0.98229033296492;0.7047946874220623;-0.8590210106345928;-2.061755403077037;-0.7017452979676155;-0.8923310023980554;-0.45942297685693456;-0.11314704724991499;0.9063697691309877;1.0092048847760424;0.5939117857871322;0.09555036692044051;0.12852795603648354;0.020109481523429652;-0.41069981197934013;0.9215923019846739;0.08228392259700226;1.5222159176124315;1.148436111178422;1.436382459034743;0.6320139323074219;-1.0677886690690475;-2.2973006691577966;-1.0212826952899847
976;0.9296375647693031;1.1827507788719758;0.48813398076674014;-1.1054037855041263;-0.5769351256550631;-0.1134717642275026;-0.11615482872400668;0.7733294907666194;0.7540614672452759;0.9932903547623774;0.8525483326659047;0.5022196804926106;0.7050649306854263;0.23935843652510896;-0.17458891467461368;0.4092779154588319;0.08884455276332962;1.0495302563081856;1.1988991957307031;1.5883406625754695;0.4408702830012212;-0.8908101572340206;-1.938918060560746;-1.9943323002684552
977;0.947076072488594;1.5157098658383954;1.3860305267838064;0.23985414714219855;-0.29815373785650406;0.8593443033686089;0.24656849245724405;1.4462938863334338;0.4509933858896191;0.8430913380588874;0.9259870072141919;0.9358827642090151;0.8158644199208088;0.4133553422531871;0.5572313892140688;-0.09026683592974256;-0.030859001354374267;0.09618585632178725;0.998939250243286;1.1620299894938824;0.3482536444424444;-0.43524855486769015;-1.617998436333491;-3.034256493537389
978;1.1609348688625116;1.9979790669975686;1.993795904408792;1.1902675071306805;0.2415872967412619;1.2876731354923403;0.7057282315333585;1.547354165173119;0.1740218096078516;0.9506585842974473;0.9452710049775275;1.023326423240265;0.7974727340736945;0.41875583715832077;1.1032804783910697;-0.3067870626960982;-0.30516205865060086;-0.6155285464394842;0.3779578976663604;0.35594600865091086;0.4090996098014126;-0.13845283841111206;-1.4935076379999357;-3.5539814588002194
979;1.4342153264705997;2.3364900199842835;2.423381677481269;1.8281568306776892;0.781250496584512;1.3768662475120474;1.3798904534050205;1.4692066974990114;-0.020054643900343717;0.7535798859259636;0.9473641218624567;1.038441429092212;0.7391601985337973;0.4861943219786049;0.8914613004412093;-0.2493778931931654;-0.4782917883308343;-1.022873635637327;-0.4117834616290222;-0.480463550988719;0.3591937930202403;0.035759730602613754;-1.2523235704440459;-3.455447043884069
980;1.5740209363129607;2.0920529509298964;2.598193612186734;2.203248238885574;1.5595440491873909;1.358876254095001;1.7857266902501758;1.4197188256140494;-0.26958343911822746;0.332637185441679;0.7499873373342117;0.8719350860452335;0.551304623466171;0.5199654491988299;0.35953683246915;-0.23855085356825298;-0.554345761225003;-1.088786583054025;-0.8141414653906875;-1.0332672142443975;-0.1807727819324778;0.054468683547940135;-0.9131796017102054;-2.7243271863657443
981;1.4824251073813688;1.6096095844906142;2.4612233129336265;2.677603948860005;2.0633097975763466;1.3878064084515904;1.825423272671592;1.078329286043638;-0.6030776037451262;-0.08575798671160244;0.5094677219580075;0.5122203844441723;0.36031423253103223;0.509680829859901;-0.1898892250941515;-0.12325893553027478;-0.7472518150051547;-1.071007961748389;-1.2769965260010179;-1.4144602105897677;-0.8551676251180131;-0.30046963037555974;-0.29881068742168343;-1.3743230066720007
982;1.2250453781216744;1.012891339153516;2.291490021738867;2.958268941704048;2.506762883391764;1.5336835579883972;1.5949993735625736;0.8898263260386747;-0.7715642517329063;-0.5240191551952942;0.2928848438448807;0.33144292613113363;0.3495812821508775;0.47100685826314953;-0.25288998361452164;0.018472743574188457;-0.7715342996363709;-0.9651718522344606;-1.8380498827939629;-1.4904374221268175;-1.273240848830386;-0.44791571843931555;0.2991699944472361;-0.1347302643805599
983;0.743703358497339;0.7159273772328412;1.9740348214827121;2.837908962492287;2.7520859211175592;1.5495204819394313;1.493776721771499;1.1398729212324321;-0.7338060329083071;-0.9243206291935149;-0.012597912951124165;0.1509674211606902;0.5962681009708337;0.19633821888999975;-0.3272383669961717;0.02371031661589249;-0.5741267386993459;-0.6978003828945186;-1.9380403693310133;-1.3181081521014586;-1.4449045225430421;-0.47834062050325676;0.4764634983180827;0.5787272339141585
984;-0.03530437370846595;0.5058099924505801;1.5330289591689938;2.466629069612631;2.5792709119637087;1.372622429494193;1.0935705946883845;1.3578741001661432;-0.6568821998817541;-1.3306377137800847;-0.3469040389485949;-0.09624189228547153;0.42545679617609056;-0.25717148158484077;-0.504767762930105;-0.10832765811376617;-0.15784471787431498;-0.7537520228128755;-1.6167755223112665;-1.1051547301299331;-1.1857682570221653;-0.5401753141395449;0.2996517885404047;0.822891188919224
985;-0.48209284067771124;0.40189035346331875;0.8484843930224506;1.8731013724906345;2.162086623162579;1.4597454640920562;0.748614021702261;1.3689557301120079;-0.5610307365704938;-1.3868574285583812;-1.0553606725712854;-0.3645795488959049;-0.10359629545239378;-0.6097549110793091;-0.695661979304037;-0.25897971821365123;0.23997657983661885;-0.7870511613304608;-0.9945091430325687;-1.073080579981033;-0.9241522499408859;-0.5483912705790247;0.07145747408280759;0.8622022734108019
986;-0.6737946714346175;0.07834851139057562;0.031743928927599085;1.3672034888227755;1.5772484251723098;1.5836137454924442;0.6564523541482277;1.0199352442044514;-0.06662122055370175;-0.7965514665174391;-1.55412536296537;-0.6225358724971393;-0.851510066007194;-0.3936062230305011;-0.3475073560784987;-0.3489737071971316;0.5443862630062232;-0.17799844050499955;-0.1513355538125974;-0.92571953676384;-0.643119854721669;-0.6128208772530487;-0.03895403665861971;0.6556281171612711
987;-0.688435361679316;-0.023326125887018875;-0.4754126253476344;0.5137713783126903;0.9996251046898671;1.6009864258725215;0.4662553242527064;0.1581742629253793;0.4536386360631485;-0.21590455307334988;-1.453306812690851;-0.6048643188526392;-0.9806989399215822;-0.1336930003990574;0.23770256887153074;-0.22294863904689896;0.6929860102118265;0.7249020423410872;0.7193909573518986;-0.34193043684647395;-0.5402103033275746;-0.6749477160021209;-0.15221624024434965;0.45062503375596175
988;-0.6229193205069662;-0.10986179162014849;-0.7585872082821142;-0.5548068770984244;0.5592701615743366;1.130859046072499;0.40774965651116407;-0.6298170053804037;0.9056476382639036;0.26866679229004353;-1.0148847587341598;-0.6532934864819587;-0.6071914537821417;0.04358339194784745;0.5263258389505783;-0.13228565159393832;0.8865112529320547;1.4934237295474326;1.342854719192512;0.2562002569902042;-0.11187158027158053;-0.45491122558041525;-0.15675912886844764;0.45129374908129233
989;-0.415919719949424;-0.5373945267368295;-0.9692540269800783;-1.5559095779660463;-0.040195541066736604;0.5051176389368187;0.16266333190367446;-0.9085600508821899;1.069748801121477;0.8243222561742013;-0.3879612117951181;-0.9026077434227433;-0.10755092256658247;-0.0009916147396955134;0.5394107025559841;0.05270875071176897;1.4355564674049681;1.7300609844601498;1.651581110858979;0.9816116152092944;0.5514294830041722;-0.06058905840172039;0.048119797375480236;0.6489905515894602
990;-0.16884629417376948;-0.9841296476003484;-1.2412726424989953;-2.2097014638983588;-0.8568356696566761;-0.32446085111003187;0.005253743761167141;-0.8747321265015658;1.0231044730436718;1.2629354804936799;0.38252968042590835;-0.969848856263011;0.028065299832342877;-0.05635861106404207;0.3107794610518296;0.14946951516894957;1.8318951976880578;1.4002477544592766;1.586647950949905;1.7548953861898957;1.253600570489262;0.784381134140623;0.409249032492355;0.9013151708574799
991;0.0675808964798672;-1.3384564864570154;-1.3297665327313344;-2.335224823247496;-1.8768501812940832;-1.1130062197686097;-0.38176839328077045;-0.8531255998887515;0.9887653685568217;1.3552676132363315;1.1021843645907794;-0.6893901248890419;0.043285068765068935;0.08276393948392163;0.176157427434431;0.3326498666489243;2.0324968366528537;1.36812127461232;1.474252531350547;2.269478522718631;1.7063298111141585;1.580554142360789;0.8307416636699664;0.9692894348556298
992;0.13198673309713893;-1.4884698900008304;-1.2980392143866086;-2.178857030208154;-2.8648520310055825;-1.7602411639550757;-0.765112405081667;-0.649191680324892;1.0312599031929959;1.2633929608354617;1.589844013364472;-0.007473961093800671;-0.23432797701402894;0.16417838913128444;-0.018795202259256866;0.40560984829594354;1.957969954817959;1.4336868998571886;1.3044479654354695;2.2038399736768275;1.7194779192472034;1.8257295380119463;1.1770323328385066;1.0172597601083666
993;-0.4122445551175747;-1.4613467246501721;-1.3018981921355244;-2.1309824435667606;-3.4833229620976427;-2.360622501271812;-0.8948077455001361;-0.3907481834504601;0.7144845885964244;0.9760300556261582;1.694228312630008;0.7690597972811015;-0.47583730327933876;0.21265834652291263;-0.10094844777974485;0.2527662800854195;1.454633520367228;1.2427728488135465;1.1812253639976542;1.6217374287369468;1.9164833299072779;1.9310406176107908;1.2693932577673577;0.9943321060512802
994;-1.1167784985007991;-1.0964331581331819;-1.440272043972486;-1.6925877376423144;-3.2077470553768217;-2.5651987506469425;-1.261582973478679;-0.25370530616579795;0.3711929445695558;0.42013207648171774;1.285117640971205;1.4588034285957656;0.022517635299086368;0.16546928303220992;-0.06268870191077448;0.24814602956833653;0.5470582485623662;1.020921225038183;1.0722779409853767;1.12124861949715;1.9093991772110879;1.741835556362467;1.5270550833704786;0.8975424276764967
995;-1.778997512760388;-0.8493853867986908;-1.4669119811468756;-1.044028467346451;-2.3786952892227906;-2.5884684636796376;-1.706160714844506;-0.4882283345082008;-0.20117746636977188;-0.06356192759135716;0.6869886339642145;1.9493743571150381;0.6828535451920252;0.08910550363967935;-0.057012963921598575;0.23153086922750113;-0.5040890203664898;0.9083509665756448;0.9488678721600685;0.790704127857497;1.705007782876619;1.4167572563878388;1.7229850188925937;1.006041640484472
996;-2.1120123867398704;-0.6612478823997577;-1.451822669062123;-0.6404598392653302;-1.4086954278239345;-2.3047431756449814;-2.020917801149885;-0.48661619942580286;-0.7574252326206053;-0.24989808755340814;0.37705932755691846;1.9505046901540437;0.8374175362664609;-0.20191635960046767;0.005933239044103637;-0.20251807047171014;-1.3421191494396205;0.6013635991101879;0.8489023069651127;0.629581049344795;1.2330055951985333;1.1309724481583296;1.6767963256115088;1.255386441116617
997;-1.821040118307325;-0.7685093416010409;-1.4296655050385083;-0.4796617443686226;-0.4174715659423498;-2.2080969323296262;-2.1785699034822916;-0.6409553074136308;-1.1368122161801268;-0.23575392116358487;-0.059074807863810606;1.191275946117504;0.8813098057006046;-0.3784137268350139;-0.0876171208706698;-0.5429745763760745;-1.841806960940344;0.12974092938754342;0.5772930141605224;0.5801274157814187;0.590941312728468;0.9529928563210012;1.2119289254313785;1.3837685847287011
998;-1.0271487490396471;-1.043256991139608;-1.0381083230479307;-0.623446007862904;0.21561107405690483;-1.4785478026394128;-1.8035228647181578;-1.0114364373668996;-1.5384809569211872;-0.43437967393634475;-0.4636737983106124;0.07726315901913124;0.9587430548853739;-0.2620170552513183;-0.3359371844112616;-0.5203536337360666;-2.1081333252039927;-0.7907091822914418;0.2472860654259649;0.6260145016175137;-0.028220467500792865;0.6900235509961375;0.7047231188453504;1.0993176045628839
999;-0.5211388734568309;-1.0410290993285622;-0.4092522817677843;-0.7656977158713197;0.4526487466710189;-0.30935152766966384;-1.152817721205118;-1.2747358002186981;-1.9472820446169206;-0.6261069710698871;-0.6748510783674116;-0.74603702156024;0.7340041748374468;0.04799047598937705;-0.4323776389009978;0.0028305737919935396;-2.2369463793453552;-1.6867436599957337;-0.041724208308163514;0.2084428120353419;-0.280334999861065;0.15951045954048718;0.2931201083759436;0.5397953186758604
1000;-0.02013497270606645;-0.8463301073117735;0.07724196123673588;-0.6754797803547699;0.6169867325690114;0.7367156822935138;-0.42516307318623264;-1.105305259665688;-2.258485715233567;-1.0281031755402528;-0.742660215688332;-0.9939363574829021;0.2289603595034805;0.4525054641542005;-0.05567903623026241;0.32761268293895796;-1.9741145045720219;-2.2964059765139218;-0.5716594908484678;-0.4949927791728993;-0.5345901453544099;-0.28638052557273025;-0.18897889580248353;-0.24736436817877983
