frame;kp_00;kp_01;kp_02;kp_03;kp_04;kp_05;kp_06;kp_07;kp_08;kp_09;kp_10;kp_11;kp_12;kp_13;kp_14;kp_15;kp_16;kp_17;kp_18;kp_19;kp_20;kp_21;kp_22;kp_23
1;-0.0941102364155919;-0.5059194779408036;-0.35501858081510723;-0.365831873994223;-0.3694427840953437;-0.27420746840766924;-0.6788296255045447;-0.5799550712120227;-0.7948350769031438;-0.9876311023938161;-1.1361676728151522;-1.3180055069478251;-1.4898259016699278;-1.8517478589362635;-2.303639483073912;-2.538735668607393;-0.22560324460486667;-0.41833682227134733;-0.7139380777740466;-0.9000330380257382;-1.2256747811821482;-1.3298880499373926;-1.0987686299504345;-1.1744393601155023
2;0.04346934311729719;-0.32780721978008703;-0.06070125680016369;0.08969413237931043;0.2960300173182913;0.5578037032962819;0.35842026944178174;0.6836066452666897;-0.8749714853200776;-0.9852141446850845;-1.050960349246204;-1.1141471578656266;-1.0968562022933765;-1.0921189871491932;-1.3672225850211466;-1.7527549764281736;-0.2561225778025942;-0.4750489092175137;-0.8176008297582101;-1.1694671983379608;-1.604525852466317;-1.9139837342550277;-1.990240733049501;-2.073466296704547
3;0.17701245862705445;0.09572803947295751;0.413749421257635;0.7548472531788386;1.1805952126764183;1.5143539320864843;1.5239351188896701;1.9122999043728617;-0.5834219785425299;-0.47752677747403;-0.3870254655497377;-0.3489072385461559;-0.17680756868536265;0.04796836061515249;-0.16066887779430747;-0.6756092234458142;-0.5923351462763182;-0.8133126428196754;-1.090261102755403;-1.4724245861711944;-1.8163480952218714;-2.108649234751501;-2.292228642686416;-2.244774533942034
4;-0.19570913697224995;0.07796249524233344;0.38288126279603085;0.9269713952350555;1.5938993158988057;1.9538386349088632;2.1907752493464985;2.553307278847364;-0.4055467434953931;-0.029454021293812534;0.3389488765485307;0.5094307105865328;0.7691846201350728;1.0340536904627837;0.8820124928776258;0.44764766076239093;-0.9104056338854923;-1.0611319793777387;-1.1328219980966414;-1.3530660282803655;-1.4324234119873243;-1.5856104409809735;-1.8718655370594741;-1.7795603976304133
5;-0.14611137698993204;0.1649102798968645;0.4210632631756499;0.9470402774959308;1.6062249536272493;1.935904690311189;2.31179670300233;2.681935709402789;-0.3744173428861628;0.12945531290856477;0.6092391109924381;0.86675014176638;1.1880368121534497;1.5513864497705823;1.663351874093349;1.5960937637044315;-1.0379986527544276;-1.0103298456064487;-0.8217343766511493;-0.7553619847752908;-0.5440344387566667;-0.5415156149223166;-0.9631364974192373;-0.9273661683019346
6;-0.366397937848486;0.052544475227783695;0.1992572767928044;0.5927516635343435;1.0861254485962426;1.2280628090081647;1.735514660306647;1.988787910236068;-0.21966083386595397;0.2915785464693335;0.8770550105823446;1.2711528769826734;1.6346614116497953;2.0669102194162132;2.485665964184757;2.7628901834795734;-0.580311368455223;-0.4049643201284934;-0.03853854950781662;0.18818066475266176;0.599871630744848;0.644620394845474;0.02380085079672787;-0.07804590162679652
7;-0.35313319020890716;-0.057606903078725936;-0.04467380275473225;0.06351166716341967;0.25774346394269965;0.22190765144358848;0.7423894244277933;0.8646856908290425;-0.04163357215699131;0.2783970454491764;0.7363008818048252;1.124807548614807;1.4467519991612001;1.8961210549534804;2.5208058463441994;3.093001782395123;0.09845928804892226;0.3879847114547602;0.7883950041098315;1.1319239064312885;1.586550197211636;1.7293993386486497;1.2784803589121971;1.1840093074882754
8;-0.268145867591315;-0.25022741382952823;-0.3870396459888114;-0.6075606628517567;-0.7241851427670977;-0.9081958441840976;-0.49480813394914225;-0.527835799162611;0.11425726398429809;0.17669526267276933;0.41648957642375845;0.693547917726281;0.8843189313705636;1.1919982463732977;1.749055838472037;2.3697380348524852;0.6680685498608605;0.9707751433839042;1.2719213220585137;1.6336404538671647;1.9885474012135391;2.2195334962483892;2.164887296511491;2.1805012273731195
9;-0.13173955236608123;-0.3225226141350447;-0.5886562594814803;-1.087820220613984;-1.5243610268963776;-1.8632153918321646;-1.7100908364238798;-1.900409246161078;0.3072903590329335;0.1514707199007384;0.12877616792462343;0.20282054226180915;0.18619167655083102;0.21631706051299193;0.5744527015257919;1.1624401807225198;0.865263665051879;1.1425934226684014;1.3554103823431976;1.7243418099024768;1.982075154044666;2.28117055189778;2.589031260398242;2.6732665097729345
10;0.263141081090219;-0.1964194202927478;-0.49255244168945317;-1.185603871736868;-1.9095728644758871;-2.2863945344803294;-2.463548541589181;-2.6694949799825873;0.3311926577767386;-0.022524232430863662;-0.339313601872981;-0.5125400638247615;-0.7296884188213283;-0.9227196022469618;-0.7504728533169277;-0.2525886727452653;0.7438702689763645;0.9427426378393129;1.0319294257743918;1.342640940893496;1.4433916852220534;1.7251605484246317;2.237914281300477;2.353415397665084
11;0.59878573864875;0.17086523406442497;-0.08033135601094772;-0.7783320519321811;-1.6280443615081563;-2.0004926751975476;-2.5191751742997206;-2.7443056852585417;0.36825396292607054;-0.03551744321890424;-0.5952716931642612;-1.0038523583245305;-1.400365831176432;-1.8613060589128771;-1.9626562261713645;-1.6134648955861053;0.1658125361973278;0.252717407048188;0.24823725451500941;0.4935090534685788;0.5029256230014966;0.7793782005024413;1.4203074885556017;1.5556906596208764
12;0.8743050520100244;0.5883842861245944;0.48870095592599755;-0.003149692270175711;-0.718668586872253;-0.9999284607284021;-1.7283843656498732;-1.925085097503603;0.3866575040234962;0.007535749497864173;-0.6518058069730137;-1.184701893448315;-1.6370622459412836;-2.2631949193995373;-2.684475549294036;-2.6356380675596895;-0.3656723839081777;-0.45642179480843587;-0.6242961967826158;-0.5966336445055205;-0.7395534460590522;-0.5661121387302533;0.049849929060545556;0.18342051883137492
13;1.0895422371931514;0.9383399228079209;0.9583077265073223;0.6439006140221456;0.07532834675880415;-0.15955255920824482;-0.9559888322121379;-1.1345844831190932;0.46320892577918316;0.12988867005170038;-0.5086996117301259;-1.0262860185487086;-1.4315664180522603;-2.0452765814137;-2.6249344152677105;-2.8895011756395412;-0.5727489348386556;-0.7999623414058351;-1.0946151240874415;-1.334105240023284;-1.6348402079342435;-1.696365537782953;-1.3837665419829805;-1.3506829820735908
14;0.9335834073681063;0.9768172734585363;1.1090714169283462;1.0892492648306664;0.87971175069553;0.7914197854570499;0.18486295593049035;0.11483906486859406;0.5713636850617673;0.38421375496688276;-0.05636927795299537;-0.44206171481725487;-0.7034791551577864;-1.1540819004357825;-1.7688943879478525;-2.311092000060828;-0.5096689374967146;-0.8139126387538446;-1.1702722921937159;-1.6165069559996348;-2.0212464992069603;-2.2935035872959597;-2.3209919933396894;-2.3744555843064017
15;0.1488408770340612;0.552701289039081;0.7577868698303329;1.0746124849032972;1.3296250370269103;1.41239972630205;1.1881051670860783;1.2381110114230613;0.6035516648253149;0.6176748578331813;0.5436323844606493;0.39986873520185673;0.32933889704594094;0.11755880378300458;-0.4474429237373249;-1.243810331586404;-0.12023245780964534;-0.480381403155353;-0.8727589817611754;-1.4848604494553912;-1.945984858395345;-2.3767423602885995;-2.654662608664077;-2.7261891060238512
16;-0.7143745339602527;-0.058268067198761736;0.1429771706709147;0.6620765355928886;1.2590809894288968;1.4606357075529575;1.69295033709797;1.8538978816317524;0.48695283479708495;0.72900747271358;1.0709900156320875;1.2148502503083976;1.329843652537021;1.3534300368504744;0.9665459571215854;0.1338213260021397;0.08154809842856692;-0.24345829099769484;-0.5270206660876935;-1.1284749880878424;-1.472327390871129;-1.9480253699819174;-2.456237076707955;-2.540323635943164
17;-1.246018222874885;-0.6634719754708573;-0.5039160678470603;0.002552868344951567;0.7166810782903172;0.9700185468120675;1.5554988473280977;1.7820978303672175;0.12912093760557566;0.45770225768134826;1.1126942664117923;1.5165725400686692;1.7822501541520634;2.0002146795788955;1.8253348425537774;1.1471816654341411;0.4493889042090158;0.20382907941118913;0.02556187592076902;-0.48277648487480274;-0.6985577617443329;-1.1220074883669398;-1.6524512364518402;-1.688479341632102
18;-1.3350194800074682;-0.9584598740153775;-0.8045176322396608;-0.39421487363889746;0.2345894468879125;0.47504182204115414;1.1682667806659672;1.4588994455782882;-0.48742665266177193;-0.17744991167885224;0.5313007760472694;1.0523871320468918;1.4358429530538281;1.909725773695482;2.1490126587320586;1.9953556185322392;0.6386514589836886;0.6162669708076025;0.6158682396498988;0.4321579987450686;0.4102806259490749;0.2026128514819972;-0.21287172851081393;-0.21574373847709793
19;-0.9289907144669348;-0.900257845219866;-0.683783036594323;-0.32932211772326037;0.1871801590618212;0.436304335019388;0.9201763223073619;1.2811806388971538;-1.1981027423526105;-0.9196028735260473;-0.3121678612174594;0.16563067289490313;0.5570719034078024;1.1447662157158296;1.7299895277767117;2.181495980893639;0.6624432977479023;0.904061679449692;1.0973027760813705;1.3143247343099667;1.4590102325505956;1.465476528128867;1.1035017743093065;0.9575612175647376
20;-0.1805412278356589;-0.5457161309572021;-0.3194882682984632;-0.10493600204905353;0.23883267558365734;0.41957206171014216;0.6441788872099171;0.9426246816143282;-1.4721679354367818;-1.217231279925248;-0.7148065440942679;-0.3026561137966242;0.05151449966742885;0.5786296799575128;1.2413417078383315;2.0218804117602107;0.7209067407355831;1.1069043020919376;1.4009207777188324;1.8759635292468602;2.1325629822275487;2.331789148084772;2.168074493681511;1.9999600977423284
21;0.30651398127211676;-0.1524218572112644;0.06763711577700557;0.20445665340359792;0.39809043360834223;0.4826235037329945;0.4554486586213403;0.6704301309171874;-1.5269990564335714;-1.2652668270163954;-0.9331921786011419;-0.6507387797125304;-0.36574270619609095;0.036737617669589655;0.6563058779371477;1.5852231060794706;0.20920775270802183;0.6421482346666273;0.9880794560309786;1.6373158454403607;2.012104863006012;2.4129955469124194;2.5214053501564324;2.4891636573688865
22;0.6300986481917072;0.2694699712900724;0.41612402581781127;0.4588318135135249;0.49806289974831947;0.4881711997977635;0.310731201756226;0.415469634784579;-1.029441401033556;-0.8120009649857085;-0.6888919129435641;-0.6047086094501056;-0.4607951736350679;-0.2906045452595917;0.10672052800536778;0.9462940842782807;-0.34553775167493317;0.011838033228297403;0.3301610209885438;0.98773531904231;1.4186143734103043;1.973444965275496;2.388316385751594;2.581916632519532
23;0.7237556561519453;0.554783469542694;0.5225254893424769;0.3498674517167255;0.1664294808535302;-0.0038711160719837544;-0.1832144609818358;-0.3015141775089326;-0.20018136065420533;-0.03785615592612698;-0.06149616117942211;-0.12036429114361999;-0.1299554927779631;-0.2603259572453825;-0.2520622382465465;0.21055512314685898;-0.8928090702084875;-0.6983104542708498;-0.4537933167561726;0.012533214299870882;0.4212705056909844;0.9831432451932375;1.5834639371355341;2.0052765247098066
24;0.6210946202974541;0.736367225833399;0.5440003351163769;0.1395407028842123;-0.3112593127559173;-0.6637726383068908;-0.8487013358245666;-1.184427002922623;0.6014860119384141;0.6381664029555253;0.4193999238427044;0.22459467832259597;0.07169481746838725;-0.26353109527652224;-0.559296307669992;-0.48141592406632466;-1.1759339568781826;-1.157611126059077;-1.0464912565245292;-0.8647085580888161;-0.5756023491122348;-0.0974484804001448;0.6374301380974047;1.2795935602077393
25;0.2938212987003236;0.6663905236182813;0.3364425075850784;-0.28309488540605204;-1.027159992609241;-1.5553222143657466;-1.764071309584788;-2.24927628124877;1.2169673662650762;1.0504050918566397;0.609838723408311;0.29204639621609535;0.0025114618155333;-0.44321044029636186;-0.840833494167015;-1.007974526077405;-1.1355727194910394;-1.2436452441123864;-1.263309632388841;-1.3518810238574446;-1.23109441774179;-0.948349956574401;-0.2998763886155735;0.37406721800414905
26;-0.729118479576307;0.010217380831035242;-0.30679108716212095;-0.7733902962874575;-1.4314639654101793;-1.9578583382148511;-2.161168529338061;-2.6425475646586425;1.3783266533506178;1.064319355101867;0.5849987470171781;0.21993469528245838;-0.1604568678652551;-0.6991567208627654;-1.1153690486035523;-1.414001574622057;-0.5924107656104394;-0.7977872212429431;-0.9654620166902481;-1.2507633165147887;-1.336418461023603;-1.3150613235108137;-0.9373436184690103;-0.5357164930540842
27;-1.4997301723002878;-0.6394343057994767;-0.875554316794163;-1.1211634129110153;-1.5721277732334176;-1.9880239212443978;-2.1974280843284357;-2.5618698204746995;1.185051959557427;0.7983308672990739;0.36171239072836303;0.004138993606330128;-0.41568541767056794;-0.9920399777640649;-1.3792056546047913;-1.7121701367112978;-0.03581151671877633;-0.28578061692057594;-0.5526787805984199;-0.938690933917602;-1.1968669472851299;-1.4055483615591142;-1.3276373866942501;-1.2657294612055616
28;-2.0527777365928337;-1.311103176571953;-1.3440141668529069;-1.1945424822658788;-1.2319977167589133;-1.3674904805579358;-1.6461439522965633;-1.7141912565863051;0.4632949507028164;0.1448832479330862;-0.15444682408410898;-0.4839791277684693;-0.918742026968439;-1.5242146414667668;-1.8452118918567118;-2.023935639352508;0.2954145402903214;0.09908065344893884;-0.13156663663627238;-0.4239683485846589;-0.7658881083988884;-1.1613068122665386;-1.5081709337570708;-1.9872336420054961
29;-1.6680303185921486;-1.3392252417337205;-1.202995370881549;-0.8647528454244443;-0.6023369680027488;-0.4640319734400719;-0.7189673186530801;-0.5105511080094579;-0.10010183654256187;-0.33047123551091623;-0.4657871305462569;-0.6962544252343871;-1.0303200270631014;-1.5087677024631525;-1.8025593307844943;-1.9486498772343852;0.6145579736184763;0.4479187385283755;0.2181930039451433;-0.04131967660098257;-0.44409115088005585;-0.9243084312299228;-1.4424483226429585;-2.1390006571064815
30;-0.8807022855698615;-1.0480952606773326;-0.7538074292742966;-0.35621465002545033;0.1537953435800497;0.5328339734842082;0.4334020817204726;0.8486821575948976;-0.850915919599469;-0.9510291769273839;-0.8323289447093699;-0.8303919608182704;-0.8802153049177397;-0.9945634386228358;-1.261665316564712;-1.5437914855517298;0.6856293062154671;0.5031920277341938;0.19132245655046837;-0.12099638553688537;-0.5828236589360102;-1.0203861498241273;-1.3677208748761396;-1.8382594363126066
31;0.299617893988621;-0.22341902293918778;0.13301298501040681;0.441979043393428;0.9261236750829346;1.3243894608647433;1.2795243965359708;1.695268252664101;-1.3496547064422992;-1.219473700943158;-0.9083206162397878;-0.7231041879896062;-0.5124970390064607;-0.3105915964200531;-0.42488407036292547;-0.6143520515406368;-0.02770129780517161;-0.11020280614513984;-0.2722460111249138;-0.4108813533712787;-0.6496661064537882;-0.8558463356713955;-1.058923077178806;-1.211483965735606
32;1.1706069122636198;0.5567710189365151;0.8841908127561637;1.0732989629333363;1.4479771545826867;1.7609899236317308;1.8656971542310157;2.2076846829868315;-1.316752974008176;-0.9834877332855276;-0.5470847377900612;-0.21689710328379488;0.21282978748802833;0.7039677161595486;0.7700098722548833;0.6641088342078044;-0.6460944673571674;-0.6348966695912793;-0.6426484554355841;-0.6475245394181909;-0.6503359236839451;-0.6376040607144854;-0.7117270925911455;-0.4823601177672102
33;1.7696620985161193;1.23747453725504;1.5111901998812838;1.631974690269426;1.906091921197969;2.1299838922330805;2.293426532333456;2.5698629227214673;-0.7461937778682389;-0.32640446359848324;0.10603219642878343;0.4552377411019551;0.9321217848777086;1.4975536614246197;1.7064094151031293;1.7412977022841443;-0.7328702682278477;-0.6449539488252419;-0.5070039134557273;-0.39251371787935146;-0.20344285002698542;-0.07900111566987587;-0.20663535016237808;0.11066943492774788
34;2.029314980588048;1.9031790783088953;2.0421657554218595;2.0269382642464566;1.997299576030995;1.9100742976457419;1.990033814603934;2.006863213569266;0.12697295777206652;0.5528239659809872;0.8788556274208539;1.1873836070891035;1.5977342054657513;2.081970048934673;2.4411397865616355;2.6876921871177317;-0.6075341525626824;-0.4348635949646379;-0.12214485961251781;0.1324988413173948;0.5501219896772964;0.7484214570964616;0.47279448147402675;0.7459146156137665
35;1.6877421012045866;2.0741635532537765;2.089345057368871;2.0915141211563593;1.961759553694244;1.7150258730589527;1.6903186349887722;1.5400980637923716;1.1656457660692119;1.5502808503404317;1.711245627266542;1.83431637990444;1.9917429767396877;2.1251121976890057;2.4490214642493844;2.9124480788985063;-0.16334084366519494;0.08515281020451125;0.5634768441326063;0.9946920609566579;1.5598046767844884;1.7819072054211194;1.3418405286485369;1.2813839139397125
36;0.6840281075839749;1.5879967197766476;1.4697246444810548;1.510270829938334;1.3307361025629145;0.964924801829781;0.896193543777107;0.6045565935501599;2.003522412719525;2.2401742937233613;2.233551244125197;2.1450112424007197;2.0142897961104076;1.75526768558298;1.8961970211089068;2.3740010875897193;0.48531528147850495;0.7032784110175472;1.1625424417348627;1.5854156106425314;2.0991297170722762;2.2725239903754915;1.8626685140143528;1.568812425082562
37;-0.5804521993145375;0.4995159328665342;0.3342584476863908;0.484674583470749;0.4482108689410194;0.1494917646807829;0.12447666069091755;-0.14742311404858333;2.129512310618578;2.1906580467496317;2.1137119921002463;1.876170647740694;1.5455501039507271;1.0164252851446116;0.9530387925034897;1.374929215208967;1.146697087251229;1.2944074307920683;1.5995991561595075;1.9498580508422836;2.2799815839568116;2.4572272019509054;2.351630862305456;2.002905670200923
38;-1.6550185611571095;-0.6796845313263427;-0.8415987918147715;-0.6495398037229857;-0.540611844420436;-0.7341285106631926;-0.66793928023249;-0.8890380844603621;1.702800565849205;1.550629330072863;1.4800710906490204;1.231688773926105;0.849280236723362;0.2453854513871138;-0.012761913745371598;0.16096816954799573;1.7845469207334816;1.7871249086169376;1.7786875807812959;1.892407568686947;1.8990052586473698;2.0339748715289154;2.349673500361862;2.1510240732253134
39;-2.2364498146495047;-1.6851268990063308;-1.7770469149850046;-1.6459639700390634;-1.4857568533721217;-1.5468746732977683;-1.4003578490718254;-1.4758145542749108;0.47086525027324205;0.15363768597021016;0.13852416833066722;0.0187005929911099;-0.23720334647158303;-0.6118187863570195;-0.8441458515126669;-0.8623696655313419;1.7278858267115604;1.62454075332591;1.3476744761048713;1.2436239498172177;0.9694688475934357;1.0116845265778736;1.5393951029334272;1.5377659834207815
40;-2.3435096247321576;-2.22836264737673;-2.20625526502059;-2.0794324187630604;-1.8186302804726346;-1.708896360469219;-1.4863487039915058;-1.3566421824504107;-0.6933464537503955;-1.0154245857400312;-0.8934136186069156;-0.8328394105906867;-0.915700644719379;-1.0086102685419491;-1.1075929707133687;-1.204761956802098;1.4086339476415954;1.2814688406260972;0.9238715629337065;0.715610904044537;0.3097507015220134;0.19330397224373738;0.5483005977099427;0.5281141496933519
41;-1.7927571482371916;-2.2501165819947584;-2.1326125843843156;-2.15962787889238;-2.041403019571027;-1.8442280870933194;-1.6949350153940326;-1.3459043170816556;-1.859335891584603;-2.150475301620061;-2.047082816309526;-1.9095708928666881;-1.842905784081713;-1.6331573358387903;-1.4516709137435058;-1.428784945114818;0.23083242539465104;0.1581889456189543;-0.12862708215679747;-0.30251389622331193;-0.666559803967895;-0.8793801526938123;-0.8431496260929331;-0.9201327345408685
42;-0.9859317448217675;-1.7582977985635293;-1.584717323247537;-1.7330616074093428;-1.7774999076198315;-1.5996678020855832;-1.5808369873199974;-1.1684458323452398;-2.390281050061551;-2.5921804458049995;-2.5274288765596546;-2.369380673128247;-2.205190085465598;-1.8305341391558598;-1.5027233650189862;-1.396147298060288;-0.7218360666028895;-0.74332772398262;-0.9368436186853626;-1.0496579370355017;-1.3074757463009863;-1.516682567034045;-1.6587191061485467;-1.7146274212160963
43;0.1511384656647934;-0.7608283965291672;-0.5820293943639451;-0.8462029311257102;-1.0966795202734216;-1.043806418993986;-1.1993722711512775;-0.8791865565927306;-2.3455005821806774;-2.404265920637814;-2.438170203867917;-2.344206084789742;-2.1331256449951774;-1.7222592049394196;-1.3655697049317925;-1.1640903588370748;-1.7907694979940665;-1.7500075930740044;-1.7932280204848534;-1.7556212354436564;-1.7926488965575298;-1.8220097839769611;-1.9191092375164676;-1.7802668553584478
44;0.8484743598762442;0.1465735436212438;0.3122288146868132;0.1091454575546883;-0.14990538232537773;-0.18215502417282417;-0.5181324739650263;-0.3768537817032333;-1.6301403916385933;-1.557438280464079;-1.663922667377826;-1.702797889469441;-1.5827956378069061;-1.4265648812670648;-1.319532815386282;-1.1809096139192186;-2.2224155808126853;-2.19937560641652;-2.149762902618805;-2.032716425727171;-1.927554293440052;-1.8220830261224816;-1.8447528642188809;-1.6541288488748216
45;1.340518921565637;0.9443102234772592;1.0594747999275018;0.885712525726201;0.6152485654927533;0.48928075159531526;0.12140804080011841;0.0841856660094377;-0.7820761410203105;-0.6061790301312109;-0.7421676563689444;-0.8453294958801714;-0.7647710087381475;-0.7470667669005605;-0.8105234865119653;-0.7310198021204505;-2.2261708294856177;-2.2075028058645767;-2.093554635060142;-1.9352901217389096;-1.7137577910221002;-1.4693744941776932;-1.337052652638872;-0.9850834543848456
46;1.2358544240303253;1.2268504011510293;1.3075393629955727;1.322784480768254;1.2831492307944274;1.201645712827117;0.9161941372616315;0.7762227298423243;0.08109615178430671;0.38586204212550435;0.3647933138496069;0.23230500964443374;0.2321737636986589;0.0021194946739838644;-0.3671511379990546;-0.43876453135167676;-1.825302824547138;-1.8525543234713076;-1.713725674677343;-1.5604237659335296;-1.2895888532953386;-0.9654789483158425;-0.7007836899767516;-0.30450878834951733
47;0.44696686380425277;0.9829778976665553;1.0701359574210172;1.3699267499511052;1.5688789360577513;1.5345819905477327;1.323205702891004;1.2078841613105251;0.6537346229080738;1.006318913363858;1.0587202309162327;0.8986858700508417;0.8042979179114121;0.44396297702792287;0.06774568012077065;0.08303028095186986;-1.1235761979252867;-1.1275030534417594;-0.9279043588114801;-0.7159312981108641;-0.41123913536531265;-0.13987188479347232;-0.05820190578432872;0.08096297558566923
48;0.134056791111646;0.9697090177354454;1.0329187315049242;1.4139767710779299;1.7473115862680446;1.7339677630921306;1.6907723750118693;1.557963002529355;1.528554123860712;1.7842098312575507;1.934869745550341;1.855796780441188;1.7427430543832747;1.3390049594407163;0.8694264932596985;0.5777956308606953;0.3380740705922589;0.19915922504634112;0.21940074004561674;0.12638731408643733;0.2008977803833808;0.19212191889906788;0.07073440981572725;0.019354168928950904
49;-0.16537259415548453;0.6572066990471046;0.693701557174055;0.9925285032757983;1.2455666117409094;1.2317706616927577;1.3399731145633968;1.3139652142865197;1.6877645143485145;1.7512525315706258;1.8569805358134894;1.839345367736156;1.7466679069045858;1.5483294093189663;1.392041864277357;1.1842279675712766;1.4717029687703254;1.3778062848513417;1.3443374957457084;1.155128012142534;1.0604591871349744;0.7890807988305588;0.334503683204461;0.00489813039799291
50;-0.8127873549907692;-0.02700285592944348;-0.006545901624122983;0.22082818856777495;0.4313184936464014;0.38648009863489874;0.6514124018800023;0.6762458974726308;1.3337060190233783;1.2577134183409857;1.4234465445013593;1.5370059015871291;1.5167338017521261;1.5242139772008125;1.6164564017715368;1.4613462923509308;2.1081983063643754;2.0352694542930676;1.9328959888528423;1.651792943659523;1.4442927272498836;1.0212484882949449;0.42965940738947217;0.0026194307706441993
51;-1.256759365214211;-0.6273676119720322;-0.6541597098801843;-0.579757873912668;-0.49571266288595295;-0.6015064884643877;-0.24009794773319923;-0.23149948338492224;0.793141912516274;0.6004839759555535;0.7736681877966972;0.9657972316089837;1.015073916788659;1.190556571253492;1.4438257612185477;1.367579381398712;2.189963290267539;2.1448202405448975;1.9859684688705306;1.7036327273494274;1.4523271703019525;1.070038193013587;0.6564259444529282;0.3749231394451577
52;-1.4575914695261798;-1.0408463360214335;-1.1085995871776175;-1.1224672604467287;-1.1642546483971716;-1.3464494892086858;-1.1429487713344713;-1.208351952572378;0.1655532546196638;-0.014814636996295509;0.11663441192082728;0.24628584527866376;0.22962842417904622;0.2785982591665481;0.5558040574743383;0.7459702290999776;1.4638470379118638;1.5271190958152823;1.5019848086076046;1.4805998959993212;1.3933141586705198;1.2131292997731515;0.9538022836080459;0.6686963212821152
53;-1.210808593553593;-1.1392096450306848;-1.1846665746480454;-1.2340181216741377;-1.2872453379417212;-1.4355647162403193;-1.411489647509082;-1.4905159694637484;-0.4941131384715814;-0.594509436875966;-0.4693705402379493;-0.39574211664061976;-0.44446174666085686;-0.5383553529246213;-0.4005813767994705;-0.09072118362560322;0.6457963641793304;0.7560440933722635;0.796718164574298;0.9777119869291215;1.010987279512671;1.078417996159415;1.142222028617934;0.9906735468212664
54;-0.6881724534521214;-1.0047873913961642;-0.9461960180654776;-0.9431343975361097;-0.9144426118776502;-0.9314767523892461;-1.1055665623510014;-1.0993644462066565;-1.204344282883531;-1.1854041740049377;-1.0450007910921784;-1.0174308507237024;-1.0654477797423316;-1.2504867819726015;-1.268444739912359;-0.9166068010706631;-0.16250753885570418;-0.04354706997802986;0.024807653127441688;0.3333730676910493;0.42979362161353;0.6640888360399083;0.9475339226128705;0.8984288348528255
55;-0.018938068792235634;-0.555523026020048;-0.4149842441967584;-0.4079385744385401;-0.36962689064170895;-0.3086044184950031;-0.6010580714830794;-0.5162524560170798;-1.515897075015117;-1.4263012948806462;-1.3357592526244162;-1.3447088094777773;-1.3502686463190252;-1.5004562078411314;-1.576228067735243;-1.240415056474652;-0.8746825018096597;-0.770258980143497;-0.6964184497749094;-0.3602367480776773;-0.21865366558383015;0.09772473499684249;0.47437625671945227;0.5540963199529176
56;0.5323685612842364;-0.12050542576523526;0.08367139435920247;0.12457650118775303;0.22554972986277913;0.40866424256364114;0.12664276510733324;0.33976066457158743;-1.4139938544997954;-1.289065883792376;-1.2457655977412967;-1.2806838123810969;-1.2456584940887705;-1.3140092533970746;-1.4094501436303957;-1.1771900658446255;-1.1638640201561896;-1.0943198351050794;-1.027644469786134;-0.7641977102448682;-0.6612760022980446;-0.43433579836757696;-0.21595401304133366;-0.16878651019709567
57;0.805828273204736;0.18305908009174965;0.40567590556204497;0.4253144658045858;0.5434910239435687;0.7725385521298911;0.6554813340631851;0.940805561916559;-1.1618476730212026;-1.0484796281989286;-1.0213315356179784;-1.012201947540798;-0.8620483747493947;-0.7115350069407006;-0.7990113932016398;-0.8529781926633008;-1.3028577205334133;-1.3392270998899682;-1.394475477271951;-1.3801713719036999;-1.4113561284685627;-1.3281265081302311;-1.1936413292292047;-0.9906842190815407
58;0.9890667405934103;0.733431475225046;0.8725849335065238;0.8456781387756287;0.8282234506916301;0.8829739594878929;0.7942212471074979;0.9301639416124746;-0.3023687144258994;-0.15597856444521063;-0.1826332803922437;-0.21012993977342995;-0.08394270299379725;0.039946353298397276;-0.020902694333798877;-0.1569741515858858;-1.4372495599751356;-1.4931848741043097;-1.479555851169999;-1.528824828207441;-1.47685139252789;-1.4565373110951692;-1.5523554330916831;-1.3599551266677286
59;0.6920332596305449;0.8098650357718711;0.8686846971975667;0.8730547015015547;0.8614078721888511;0.8125237772376136;0.8656070974794317;0.8982414368596429;0.33746950815413634;0.5488309702132804;0.6171198370311455;0.6455125600281101;0.764763899968833;0.8584993490108583;0.8660092063005902;0.758760875130237;-1.151340817108101;-1.184046161569444;-1.068940262084401;-1.108013270890265;-0.9444992642205786;-0.9636411340009836;-1.2853351780781122;-1.1796103894482133
60;0.6554113370008718;1.056820430600858;1.0305392694787925;0.9965618156435639;0.8584497768542072;0.6603868427245686;0.6517740824029656;0.5412413303655826;0.9519239285634233;1.1410343530878488;1.1288284925815733;1.0911449299773388;1.1069040666258896;1.054480359006619;1.0976514040976786;1.1550963975965738;-0.8126641513365924;-0.7918617929067928;-0.582772754457396;-0.5123608623227172;-0.2334907220103315;-0.20043176014110348;-0.5671313593584272;-0.5552512773951787
61;0.1836061682461897;0.9916029835923799;0.9174888440837763;0.9475091927991983;0.7477275508296514;0.45719790521037307;0.35796863120667666;0.17896782222184862;1.522595254137186;1.6011635553698662;1.4332411457215015;1.2601805950334954;1.1128626184420451;0.9073752834379333;0.9993996019961646;1.2296046963698333;-0.09348469440822936;-0.032034651694623884;0.19902101200279526;0.34269767010622926;0.6121423254579565;0.6182702593110508;0.20211391156976977;0.005325389148245124
62;-0.2414080619668678;0.5884789416186607;0.5113135665580096;0.5832910087475611;0.4579959689317556;0.17332052935157075;0.037845910371486255;-0.2132004683784741;1.4138039652000385;1.4266854608799686;1.330930753926567;1.1734387685511696;0.9708296002515775;0.6280469980014944;0.5416519491586085;0.6976647886375184;0.6548418150509913;0.6816169132027231;0.7986854994123428;0.9069623617384318;1.051463525119237;1.0893937676643601;0.9648263725635489;0.7997902274231413
63;-0.8628785131534716;-0.25938325223567166;-0.28575428116133006;-0.13334395140418492;-0.07776466724214519;-0.2382385114703829;-0.34184702618991325;-0.5244875369664447;0.8448242320311857;0.7617558227835756;0.7990397492163659;0.7105235950765802;0.5011822009534136;0.12000831149244096;-0.04773226099796458;0.05394168396541593;1.4044401010011769;1.3997581954556952;1.3752821901206174;1.426186037479586;1.385431854975963;1.3842265110509255;1.4239896762138684;1.1838661404927184
64;-1.4860158322179888;-1.1389273085309388;-1.0905485722749737;-0.85244850920085;-0.5714300395594436;-0.5689865071139144;-0.5589229857603966;-0.6300747673657708;-0.047128921366272156;-0.15615172718241152;0.0626871278427181;0.10752651773937047;-0.01266240822539543;-0.3041824092993674;-0.5263007734921664;-0.5324909821453628;1.6568873852930348;1.60991739431276;1.4354386004852542;1.4123222504483188;1.210962363387647;1.2163199900847907;1.494034795683855;1.350788976454769
65;-1.8301854768207584;-1.8069432606265763;-1.7281036793984232;-1.5380091623104624;-1.1618677497969105;-1.0253177666991846;-0.8130798235026503;-0.7421339639038866;-0.9530304094345189;-1.060388824125786;-0.7177047367730555;-0.5305369614245679;-0.5004821085588699;-0.5730676551860996;-0.771678505291092;-0.9011463366114378;1.1567516581959432;1.064719388117739;0.7804504395805631;0.6620453561011911;0.3776130502867126;0.4097205431109947;0.8958085358699225;1.024434535837522
66;-1.6959392323796756;-1.8441263520895848;-1.7537550779925752;-1.6473584776016448;-1.3599140045224263;-1.1898349226345863;-0.9574274522310188;-0.7724249564351336;-1.2670082462070078;-1.366484755868243;-1.075308037377857;-0.8823743661119152;-0.8086389289689323;-0.7484138497224606;-0.8005850184299781;-0.9159592610176198;0.47293412564413484;0.39620118931952464;0.17268090505371703;0.028549934839979408;-0.24430105479822453;-0.34848274801009815;-0.16878330240856945;-0.11883032914674121
67;-1.2792350225455345;-1.5278287762853986;-1.424269959646379;-1.3948456194849057;-1.257879132424151;-1.131450654805808;-0.9872771846129663;-0.7556070680639839;-1.4781469441368702;-1.5247891414234098;-1.3284451965380988;-1.1708790123429644;-1.0657855242724223;-0.9046294101247085;-0.7860907457408322;-0.7662527723080494;-0.37982616907280947;-0.39677516950797087;-0.4975969639537598;-0.5568047687568871;-0.7059241181399803;-0.8148771135026985;-0.8565878898458719;-0.8463667688928933
68;-0.8697492479600795;-1.1119158866412586;-0.9449667861510893;-0.853939971080008;-0.7129680364472726;-0.5618003018502813;-0.5170518515570194;-0.2141063875864155;-1.5390399233706737;-1.5004935907617818;-1.3872922260862943;-1.2957647621259702;-1.1727447126250314;-0.9593169440329398;-0.7498101491369862;-0.6077068774786308;-1.03377180798141;-1.0017118865584267;-1.0015117944433114;-0.9613188061078449;-0.9956335535523095;-1.0574246594056735;-1.229681091516094;-1.270119514916414
69;0.10668806937279748;-0.256834747951132;-0.11114898111040974;-0.1546481302302245;-0.21254190051591892;-0.1805867461346087;-0.3126508129356983;-0.11253508298232158;-1.2728208147778184;-1.181091273864255;-1.1642521180427838;-1.1307549028199873;-1.0161325154900702;-0.8487524343670791;-0.6440045794281593;-0.4373048527942692;-1.4921754563253171;-1.423549681006235;-1.322864440539277;-1.1896271085326322;-1.0795202755342286;-1.061539685694189;-1.2844077222490347;-1.3043165075049685
70;0.3013169160931901;0.06737926636338225;0.16727218434861452;0.1126992026280324;0.04398430782192297;0.024653294015581896;-0.09250204182601898;-0.003040765130552831;-0.818210634963296;-0.6796428552997982;-0.6791732867118071;-0.6949878605804165;-0.6121494740389045;-0.5536899837326082;-0.5072311155082996;-0.3981337171556735;-1.7023444411459245;-1.6717046360847878;-1.5593613045442778;-1.4458481230351912;-1.281275809605347;-1.179007704971552;-1.2739200722795279;-1.1531164595372705
71;0.9230687039427395;0.7339996827825618;0.7266933348294096;0.49357025953661854;0.24805729786703604;0.09657666408586545;-0.11396542770507476;-0.2632029430370645;-0.057003098400437824;0.029194834707343638;-0.03953532943501938;-0.11342545094140424;-0.11741503445077596;-0.27348364762571253;-0.520248379609803;-0.642875725510455;-1.2821231465357321;-1.3371317474881055;-1.3149896601124342;-1.3114391643644605;-1.2034752414105803;-1.051692894448616;-0.881460867715636;-0.5651245766529778
72;0.6224952301116852;0.805602429667441;0.8002009532066733;0.7882143036872955;0.7195453472992602;0.602754570686822;0.3351166654961496;0.14703771660615234;0.7214919605571155;0.8235279057493043;0.7638116328740457;0.5875590595259746;0.4211051869441485;-0.02396779147092169;-0.47597046868017395;-0.6571363756606292;-0.5959648473831533;-0.6935081088607539;-0.6710014196858304;-0.6888235076791882;-0.6168427299320982;-0.5432831163604377;-0.5012778579306593;-0.43567177657291795
73;1.0005852519443779;1.1561904712557083;1.0905074299506696;0.9481656754654317;0.8082591459331875;0.6392012734587112;0.5582948461161643;0.3203373496210025;1.1402904186690028;1.2297790305157683;1.23930502617857;1.1832170857151154;1.1271636805484957;0.8472345823253857;0.46357926944167804;0.1856791624779568;-0.04907530228332874;-0.16413063457089752;-0.1868838018212447;-0.2952231478123628;-0.24102073031232182;-0.16709258020439424;-0.03044051477909862;0.23031860190897727
74;0.6804258549111311;1.1513539554768435;1.0799407469738638;1.0930024012915593;1.0645709898098323;0.9035289713805489;0.7954877613921126;0.5455103583733605;1.683876014989202;1.7750546306428416;1.7632848447205245;1.6268459489968798;1.4536556079986886;0.9963404853408749;0.5378226857465636;0.2793423478001963;0.4470345090871418;0.32640783927074357;0.3236664981485106;0.2309759071273771;0.2791144006365997;0.2997132870909353;0.3245879360103968;0.37577906414067486
75;0.428569502036627;0.9665814384465944;0.914729724807347;0.982304770364192;0.9841951520448305;0.8698269134855822;0.7727818181378078;0.6100076252184937;1.8647065566463006;1.8346124736015808;1.7533063057738325;1.5783882090460726;1.3572767719484586;0.9208452609098972;0.5364907810767933;0.29666401312985546;1.1534000878189647;1.023751218073718;0.9540804395405114;0.7951972502998695;0.7075612329383254;0.5774186204913352;0.45755248509361746;0.31088067452718704
76;-0.039504865326703734;0.46460041759889004;0.5121686985347851;0.7458500376588113;0.9430445902353608;0.9874305603668484;0.9638934873207408;1.005573291669054;1.503165060164409;1.4265112993025846;1.3803201310260218;1.2365364230411993;1.0441770259431125;0.7413011723282863;0.5103535138249459;0.3727142165758003;1.5979669522228035;1.4981123935022302;1.3965210614701706;1.2359110557114896;1.0489897780437938;0.8148575962429853;0.5555648916813393;0.22425978910841407
77;-0.36560007395784877;0.09535003822608341;0.21767159866927158;0.547605505516247;0.8601137018078353;0.9949328631058291;1.0339634572189804;1.2046067413691097;1.0315651076475714;0.9499823558613512;0.961868452442198;0.8790653323680342;0.7532023596470752;0.6118838245161619;0.5436498478035005;0.5148703601133565;1.732314380455953;1.6775105689402605;1.5754575324306832;1.448819481205782;1.2322670100611117;0.975137485343476;0.6605994785388474;0.2685998138900054
78;-0.8041226743369242;-0.49054637132218676;-0.2823427688185463;0.11802989994301415;0.5734109519544036;0.8166892180035279;1.0035433841478276;1.302854468669848;-0.008745024668852628;-0.004419334477401313;0.20095388257187616;0.30408102097556244;0.3662623637849232;0.5243149897938312;0.6883712714143784;0.7880106611923993;1.4145817100934064;1.4358696948220198;1.3663320876503535;1.3183696988566724;1.137311078038089;0.9420795648824215;0.6612471027743507;0.3611574643447715
79;-1.0230573651066541;-0.7648803019650978;-0.5757810736987374;-0.21313332476074814;0.23477393381383804;0.43306873814821756;0.7339778130312067;0.9985682148672627;-0.702254987881628;-0.5476531872875563;-0.20945039893406314;0.012604943648683666;0.22301065416413382;0.5408112784488468;0.8438395906189631;1.1025536493710815;0.35113152803705594;0.45025609409709083;0.5037661812051261;0.6305243175766034;0.6815885064572778;0.737165475916598;0.6519646652831267;0.6279905779874873
80;-1.0659504581795542;-0.8920634482742031;-0.786259158829339;-0.5709873261999031;-0.24588116847528096;-0.17016209652135522;0.1838699542929129;0.3187944321552335;-0.9570525759146463;-0.7630220806174361;-0.3741381160635715;-0.09023826903881293;0.17372187528276853;0.5003760282844917;0.7851741097361645;1.0634798809105446;-0.20591128975547424;-0.08673248681185809;0.0019558332157694814;0.1886279615876734;0.3621405123908842;0.5917010807453668;0.7540203713705467;0.9903159362898488
81;-1.1772861885230967;-1.1165277651801522;-1.099810484813344;-1.009756407959254;-0.7949717068593289;-0.8271123031097497;-0.46148435054822473;-0.43008670232008733;-1.1843366463347724;-0.951978816880794;-0.5436729468900895;-0.24548648562435804;0.005817614173786293;0.2534136152787277;0.4932907726235557;0.8358440645648821;-0.8038246617071054;-0.643302782922889;-0.4758466747934286;-0.19186366111599923;0.11412035930754925;0.4901147886546289;0.8186025786149571;1.2082774266717788
82;-1.3910923552487235;-1.4443539255449291;-1.5175286106654662;-1.5748353781036293;-1.4960273455115785;-1.6056351214573314;-1.2819209860258514;-1.3256005333157326;-1.2760689607170934;-1.1169935845157928;-0.7885303305341728;-0.5472653888541522;-0.38377394247966523;-0.27120640135824353;-0.11848939771673955;0.22470134920168258;-1.0165617405448155;-0.8619823895858356;-0.7055167865303412;-0.4099146714521102;-0.1058913686601901;0.31996610752282684;0.8062174988905321;1.2609747237782194
83;-1.3625600572691792;-1.5169257249808041;-1.646702580399857;-1.8492138967522065;-1.9548961984686763;-2.1241429088369084;-2.00201966290309;-2.107296477494461;-1.2173399073941211;-1.1778134243966212;-1.0338475509770788;-0.9434576840468982;-0.9400307376799311;-1.045195850156052;-1.020882388365677;-0.6931085915071464;-1.121237183392481;-0.9933184432714935;-0.8698285566604411;-0.5748623520828449;-0.3248038104840179;0.0869431353630401;0.6548428998725432;1.0458238803284292
84;-0.916645506362473;-1.1808043160558215;-1.2870667767491635;-1.570929784339073;-1.8550839839523396;-2.0374374032900904;-2.169047540486751;-2.2496360900597705;-1.1104495365110654;-1.1811775325317377;-1.2488282558953137;-1.3146358158510583;-1.4253265911273558;-1.63584257262893;-1.6159450785927465;-1.2518133024169813;-1.1466633080554323;-1.0323604238312625;-0.933012548411856;-0.6367529328049236;-0.450720594401271;-0.12607590230471719;0.31172685168551156;0.5170512234720954
85;-0.31044287188472974;-0.6989122404609694;-0.7537128127041252;-1.0752456967665216;-1.4696167787852712;-1.6229855583248314;-1.9994216746704792;-2.051853090520038;-0.909296206355922;-1.0672061746036514;-1.317388689695633;-1.5318099220242218;-1.7464047305146222;-2.081720371456037;-2.165915182643645;-1.892050091681238;-1.0909788374002087;-1.0418014746986166;-1.0095471466323975;-0.7937467164477896;-0.7309977669529784;-0.5458606986000201;-0.2598899283927466;-0.23793828722803975
86;0.4111729764428461;-0.00810991139352083;0.020487994608081598;-0.26413496936997233;-0.7060720607959643;-0.8398147269254961;-1.386352712474575;-1.3880413676792978;-0.5637971165192313;-0.7670823909378276;-1.1429762909248231;-1.439454561622345;-1.6826410767142805;-2.013436551061588;-2.119276808816942;-1.9659820704315023;-0.9229414523831577;-0.938379031153758;-0.9629833938913086;-0.8834104144976269;-0.944053276814598;-0.9810630307665216;-1.0303556359793336;-1.2228865230617303
87;0.8547816608900527;0.623882187201959;0.7255523485998451;0.5716763590672194;0.22610317390784115;0.11495272869081431;-0.451846749365766;-0.43859581390515134;-0.09289057057772021;-0.2551829323776975;-0.6481395481753389;-0.9505437975593798;-1.1501239098398823;-1.4214421108854682;-1.6091746200744101;-1.692641941642456;-0.7562973665481616;-0.8590579867892584;-0.9633589444591207;-1.080357466710577;-1.2526974822611923;-1.4726020173396823;-1.7569879507354658;-2.01885143365919
88;0.4177715464803328;0.6424374253876814;0.806382875502177;0.961670783156321;0.9983448814748412;0.9892829629805091;0.6172356506347985;0.6190020528843813;0.3176076409545505;0.30736249077539374;0.1272370420008277;-0.07982877315839584;-0.19442793565784464;-0.4529034543882456;-0.8761079556430954;-1.3155048228467907;-0.5114087764850934;-0.743702832073643;-0.966663763909144;-1.2961790710261825;-1.5591581979618778;-1.8121951277396862;-2.005673307652199;-2.0927970479517666
89;-0.030220020139914736;0.3977140012919605;0.5934172892692241;0.992247111429982;1.368051829904948;1.5256740501860027;1.3952671938775807;1.5257886807574437;0.5354794273034955;0.6687328991524415;0.6983389097299587;0.5838260267137505;0.5168946981012169;0.30108051209339615;-0.11051771310624174;-0.5718848098238257;-0.25687983194719777;-0.47730209025933545;-0.6361801977431689;-0.9461101484117089;-1.151123555767123;-1.4264588508438583;-1.7748568912217697;-1.959140876427816
90;-0.438496608059578;-0.009243521594231528;0.19356235334219546;0.7298244216931209;1.42417324667452;1.740189140184187;1.9873993904728;2.2121611488341593;0.26886192034250206;0.6063009723230656;1.0139359306084437;1.1460613710154652;1.2533523743705957;1.211249591765978;0.8790951547308943;0.4597724926535769;-0.14652267681085837;-0.30960710385284895;-0.3654088739056496;-0.5682488301566061;-0.6181081148772013;-0.7560953945832039;-1.0267844520807838;-1.0743245779146469
91;-0.2734333012940851;0.04621392761471448;0.1511385584982015;0.537958978916424;1.1706934282411596;1.4220462893413952;1.8679672466380832;1.9904310728977115;0.4860064800193272;0.8547232969208018;1.4255085364788094;1.712285664841441;1.891586136114816;1.8909344373174033;1.6145339486482577;1.2367873563213334;0.39486400140122146;0.2854156642778999;0.29263116034787917;0.13764159071437326;0.1661680476892424;0.08620468785797597;-0.11830406710363577;-0.08203214041294508
92;0.41007322808821006;0.3000128077152248;0.3863953245896597;0.508553052512512;0.9041186995331256;1.1050813130259445;1.5529591086761179;1.6998279800528002;0.27066716194730683;0.5066476421421604;1.0458504229798284;1.4302587024538846;1.7062275991717002;1.9366821573648916;1.9398783365526715;1.7634615663225879;1.077240631357968;1.0719764764704849;1.0871509328231896;0.9976842710760088;0.9947237762425605;0.8967992817284732;0.6793093674621286;0.6860520591152748
93;1.256203158682283;0.8200008085567888;0.8157986619427996;0.5055564335085401;0.3041492548844764;0.23123803893351905;0.4651171595184557;0.5380623080394377;0.2859692138652755;0.27969782337131965;0.5128900425558153;0.8270905680019061;1.0881780474781002;1.5113080160397185;1.9614706183495914;2.2198380547350443;1.274619537281014;1.4398067083996227;1.558757205215269;1.6267398730545946;1.7088217000987853;1.6196617003130345;1.2652765336545546;1.198040113979823
94;1.585672768945988;1.1556214653631587;1.1046921171617459;0.6488660905465143;0.09939178262153296;-0.15826093714333347;-0.24505556097288103;-0.2376592860709113;0.3820135026209339;0.26859804953804933;0.14981176452622624;0.22442522297722345;0.32220943209106107;0.6552981151347346;1.3052013538020306;1.9516447714481175;0.7907926476673918;1.0937490661817812;1.3692901353182345;1.69087803581617;1.9278958324813131;1.9462004419631262;1.5421401251984619;1.3418345952672106
95;1.4488287677413147;1.3520872847771224;1.2915351947224643;0.9608266959654181;0.33755121289229434;-0.015870847755760278;-0.48598221228485067;-0.5548014628158735;0.5880596495335362;0.5484837559287336;0.12732254876739624;-0.1446488192594759;-0.3246811501760911;-0.39895526154333577;0.1307398842774938;1.0934984495525464;-0.3259313524792691;0.059181441159611624;0.5336196464028271;1.1940561494779725;1.6849185567079525;1.963916465811233;1.704588837231499;1.390264125558061
96;0.6718206387097285;1.1566646436550385;1.0920305859111554;1.0487184070025624;0.6596787066798141;0.3528373476218668;-0.22801903977907112;-0.3772159436918993;1.0799300213236773;1.1445139979027867;0.6570409431499661;0.13513712872142353;-0.2728584357072999;-0.8036384019334418;-0.760413215606334;0.06580423440456717;-0.8635037670213258;-0.594363022385407;-0.15824708946892735;0.5236679785496233;1.0548368582817982;1.5583470021457932;1.7687186330107338;1.661618704379752
97;-0.35253476747472173;0.5475905435146421;0.5155892506776555;0.7559719242566497;0.7724007531798808;0.6023845766032738;0.19840423076694827;0.003305381040185345;1.1995428169385607;1.3346564080577352;1.0322948847357971;0.5189304476543377;0.08517747042945167;-0.6482060406071396;-1.1286871155411877;-0.8027765683303248;-0.8468102249832953;-0.8145126331730106;-0.6455816772046732;-0.24693483836806998;0.11464301936503556;0.7064364452591622;1.4716468961149847;1.7731227492455073
98;-1.232392361248704;-0.15827598221453493;-0.12859510127474905;0.34537493345597914;0.7395960140193786;0.7519001615270288;0.5853229441731136;0.43680609152261873;1.111057073781497;1.2521437192890317;1.1851341502114732;0.803824076130568;0.42925615822942503;-0.32762579486430293;-1.115451771599454;-1.2765481806459087;-0.46412604889691855;-0.648706555948421;-0.7422073780055247;-0.7050142897884077;-0.600317667575584;-0.16369938767030207;0.6747037132640553;1.083099126106178
99;-1.8258174118030233;-0.8187748591646734;-0.74160164624393;-0.14474374596622064;0.5107118935379036;0.7035953405211344;0.8186478657924847;0.816677755825703;0.8422398835243242;0.977192864959648;1.1231642401928195;0.93071034207192;0.6821437965610551;0.0928960437159355;-0.6798854744084677;-1.1196110586129913;-0.05809425739674068;-0.3443278683574698;-0.5707356210556982;-0.7964193077674927;-0.9025727563246041;-0.7479280499457395;-0.2213299903579304;0.06059102889135056
100;-1.9920592118855407;-1.456669809172402;-1.3371206119159242;-0.8628885848666924;-0.19034431503324198;0.14154927329931244;0.6117207364717197;0.9117921539153407;0.03316571886297233;0.08577641747556923;0.3987713702069538;0.5092610754766645;0.5315888364241677;0.5030828000916664;0.24346895726907783;-0.21436336121906197;0.331317874437085;0.09170255931937521;-0.1632964437500627;-0.55212294682251;-0.8359507565686186;-1.076896909471801;-1.148958320527155;-1.116062213617863
101;-1.5587546872913285;-1.6120320755846884;-1.457782216738343;-1.310440679358538;-0.9460482838164003;-0.6584307954202101;-0.09989717152815202;0.38614593425894117;-1.0233669566906076;-1.1151817228511105;-0.7473668074000154;-0.36733782330301445;-0.07851894547055442;0.48658883371349965;0.8200051651965479;0.5490581219279906;0.6392595277450301;0.5139012963841065;0.24453813507408906;-0.2066001843580848;-0.5857270098070833;-1.0570572428075633;-1.501114866731664;-1.5528137097898198
102;-1.3701158984014377;-1.707108226925677;-1.5320622732131544;-1.537172149658098;-1.4190815725401296;-1.2084970428018915;-0.80192470050337;-0.2564096385703805;-1.864624047549964;-1.9848777062879126;-1.6800613244170002;-1.274617492538676;-0.9298934670052252;-0.1694696318901259;0.552057837216198;0.7335060700624864;0.2608066859959588;0.32279059885533173;0.21102219672941755;-0.012048470807408795;-0.24415195012945715;-0.6437877072647409;-1.2459506264719495;-1.4024888304593965
103;-1.289676710574691;-1.7095504970715607;-1.5611274911304107;-1.6044976120690324;-1.5897289034004602;-1.4783671215590772;-1.2397064498115244;-0.7821897305092701;-2.1252365659898884;-2.1804716267271127;-1.898772465309482;-1.5454458444870787;-1.268439986484176;-0.6429841000927341;0.18360680552518788;0.7420598398082121;-0.15258341346120163;0.06776297141082127;0.17071872118722095;0.24991565536068067;0.2647690114778815;0.03629105297604187;-0.6245228093497345;-0.9526813508516819
104;-0.9263026858823169;-1.4267723592117634;-1.4019893221940487;-1.620861711248981;-1.8518784388473888;-1.961159283211347;-1.9513098263714042;-1.7646541219263339;-1.9838360944537432;-2.0080123600747877;-1.9044586308969114;-1.733331978707678;-1.598722846698604;-1.2787208567261399;-0.5969293771397952;0.18185855791135339;-1.0072013596524612;-0.7027375304891166;-0.44227658827215544;-0.03528697759989878;0.24967740736478541;0.37112338728775585;0.0888932711320361;-0.1050939920952118
105;-0.6430360395037131;-0.8893319328493264;-1.0202243461172553;-1.3481327355894281;-1.7545046789527279;-2.062736805325048;-2.3147700186759312;-2.45006935413252;-1.2615374798733598;-1.2082614124909943;-1.3598262034540265;-1.5044518100673974;-1.6398426923713196;-1.8743851460875034;-1.7424049635545433;-1.096559663299428;-2.1003378292603054;-1.8572586083592901;-1.5471486847126075;-1.0027110465985323;-0.5442578114640856;-0.03383581060772594;0.40349479189956916;0.6386304919747938
106;-0.30365976944310885;-0.34705749617406556;-0.5223810460619382;-0.8703455567938728;-1.3094515707028542;-1.6506156104100411;-2.015994642184131;-2.2845353990914137;-0.48742665266177193;-0.4347157888517393;-0.7159146802526628;-1.0277196848614558;-1.3176245353866598;-1.8382484142371918;-2.0963665842337806;-1.7227405642911384;-2.1854607827465853;-2.0622150336103267;-1.8221177643462614;-1.3866880372285746;-0.9805471198860505;-0.3995562257101135;0.3774050619828521;0.8408844000835034
107;0.15473472470437152;0.20811000701740823;0.09278000338835705;-0.17006467487351645;-0.5371158440957025;-0.8093463948154829;-1.254257696242937;-1.5474204869962271;0.08951491200330222;0.10856830856215617;-0.2045825204234836;-0.5726095029599101;-0.9003242401888386;-1.5405001200951736;-2.084910721463829;-2.0822789881283854;-1.8632912407594096;-1.9178086089821504;-1.859085525799973;-1.6980182540277167;-1.493834163436191;-1.0760886597891475;-0.3622067905477858;0.08445345927047977
108;1.0870374772816385;0.8652844155674044;0.8951311893982465;0.6702279540389268;0.3695726872916862;0.2533180587315047;-0.19637709667089856;-0.3448911907322886;0.22614135887088951;0.12442841996979975;-0.18314573428058567;-0.45397841999546756;-0.6244977099251092;-1.0007037605053208;-1.5373309513804376;-1.8760031500953402;-0.8048068433392542;-1.005383924731922;-1.2262491161977744;-1.4204533161406392;-1.5856237265440134;-1.4991540310319131;-1.0429257547039121;-0.6892496106023622
109;1.6526113035961139;1.3019862756992195;1.5294940479970844;1.5823473429314885;1.634492467976988;1.7744555008931229;1.4227368999998644;1.518588686217144;0.2097253789411681;0.1910855574447656;0.06995356906846158;-0.04360396612850805;-0.029700202391188188;-0.12491598510965733;-0.5980068967575739;-1.1367567195429067;0.03286872951517718;-0.20616630800109484;-0.5151312187929653;-0.8845977837272413;-1.255147189149601;-1.4843380877380756;-1.479018685831793;-1.3939968886469631
110;2.379603872596303;2.04448631696718;2.2890312460112434;2.330736087550846;2.383505991405582;2.552231954242431;2.3413551334190594;2.541691453673979;0.7918499799612302;0.8107553255809905;0.7153911478440758;0.6909167836951038;0.827851049260359;1.0125268519436617;0.7669271394148401;0.1674708324752872;0.6128099599102411;0.4070564202789337;0.1337421193568109;-0.32646762261543244;-0.7280218057475312;-1.1799624866497913;-1.6278766602685997;-1.7276296545409469
111;2.4273912300856373;2.3391053067310255;2.5725443555664693;2.6959666078758713;2.7811067687341913;2.907303025253614;2.710955387521408;2.8675688564318067;1.2619140354128122;1.3376161829963091;1.2987251259310126;1.2862085965984653;1.3968978511427066;1.55359433396604;1.3922924070704847;0.9244448650253162;1.1195061497688765;0.971379654187502;0.7967938309993112;0.4246208316510546;0.12218438614921386;-0.3302026524709308;-0.9572779852903401;-1.2097133303078609
112;2.062075403728057;2.2982639683819204;2.469148443319629;2.6427663538887076;2.7962738468171233;2.8550077577618107;2.8459536767808684;2.9289235471060455;1.6075862103415692;1.8162118253842685;1.9620716736078583;2.06224936479627;2.2159284270174897;2.380277435253568;2.3443149323102825;2.0400563793139557;1.2359842023069099;1.1534826918123628;1.135717009695091;0.9105516840056826;0.8405383913309195;0.5248104561266558;-0.13694827616973124;-0.3879785390977339
113;1.1924548196721707;1.7767624455859112;1.7658276062663136;1.8079928478078273;1.8172311327413306;1.6767744031284886;1.909558513161183;1.8128410291567694;1.9604430343481651;2.138968023603605;2.3035321283473063;2.443848000186435;2.582167897079132;2.7201072088261906;2.839206291677811;2.7884263514069114;1.2722570407672866;1.2614191947626636;1.357913229100626;1.2899815032227933;1.4415145253462984;1.3704895790157152;0.9973973946644797;0.9633537362166688
114;0.1865034475635812;0.8859390367136258;0.7549341184887902;0.7412578138195087;0.7328507057776575;0.5132296002843697;0.9092254464243645;0.7557701021129358;1.7716831702155533;1.913025206170282;2.0862365236324663;2.2328348768706108;2.3212504990168803;2.4049809533991366;2.6876791355586147;2.9985590352871054;1.2196784487090737;1.3555536497132314;1.603698919051511;1.7889568024317701;2.1280446978672996;2.275803683078434;2.1154190231783323;2.091146962290202
115;-0.9173424260686877;-0.12428269529439533;-0.26888587125985397;-0.21182547508406321;-0.161051978479612;-0.3683514531585547;0.07303649339457828;-0.04755051592037148;1.3437169776580695;1.3840191642701207;1.5273388488307758;1.6325524430899927;1.6540224988740417;1.7226362848253465;2.1046268558356043;2.579776929844508;1.4575167171956613;1.651516759494429;1.8799872864492038;2.1353719133986493;2.4121863490590822;2.579970826316064;2.535407781051933;2.4302046411524514
116;-1.5943230753869024;-0.8819849747607047;-1.0031134131500035;-0.9157358293873714;-0.9091134119187317;-1.1253817004307496;-0.9362070730389735;-1.0626948978498936;0.7498224445101258;0.6333906946192851;0.6347666404731843;0.5787356109873706;0.43715264715394364;0.3151962742457578;0.6010126459728024;1.1595842402184613;1.4906192724165765;1.6966856582138936;1.8415293885978234;2.15897543882843;2.3011565237951705;2.4965429411932503;2.6722125173743407;2.477356225445589
117;-2.0431548253292378;-1.6250927428550235;-1.5984929292308647;-1.3223537485649934;-1.0593044980770476;-1.0960466467167485;-1.0601801481089512;-1.0920489740119217;-0.44078813194357874;-0.5149701099323147;-0.3458008604690051;-0.35085180952863415;-0.48423571406780885;-0.7140611173628031;-0.6648873585426285;-0.22345354664253242;1.2702756099771004;1.4088423351624335;1.4163204218095748;1.7125614209080304;1.7195713842726696;1.9588546080467415;2.380050752350545;2.221847616401986
118;-2.318730482437753;-2.124447030498216;-1.9428665646409995;-1.5148509399146544;-1.0373547757431165;-0.8883181887387672;-0.906711727462393;-0.7747757656894514;-1.6389329154954615;-1.6460623744040146;-1.3667992660067858;-1.2961860055136778;-1.3302777631880154;-1.4695586863265528;-1.4944631236260235;-1.1209051106963708;0.6083259829357599;0.6930889595362956;0.5970423027936372;0.8635209358181549;0.8022698426354794;1.089912904748084;1.6829753126089693;1.6667836984771118
119;-2.3496545517860166;-2.370484755244635;-2.123382433098371;-1.6877963413400714;-1.0973222921124937;-0.8007852355057271;-0.7126680532415384;-0.4436649522369823;-2.2623050707905143;-2.2438914294051426;-1.8978389042967558;-1.7508265259134788;-1.67236334815726;-1.6813196672572424;-1.8243402281289864;-1.7160433210432098;-0.06529402007718506;-0.0978661320020202;-0.3317479177515779;-0.25206919701461755;-0.42837341070767326;-0.20279187546720553;0.4603563604064869;0.6382020293500424
120;-1.8431900410026125;-2.2581801385856504;-2.0337975598852154;-1.8361141979222273;-1.3923888513218061;-1.0793087156301162;-0.8226153095826091;-0.4953469608160904;-2.7154411915542247;-2.6710334713074206;-2.2891423725041964;-2.023694269345695;-1.768301560645022;-1.5068367722419496;-1.6148717248642055;-1.7694550236586202;-1.030375182182972;-1.1342439983861414;-1.4146426529086025;-1.5349673434943816;-1.768428809709927;-1.6703490609188754;-1.142390744223998;-0.7461055035068195
121;-1.1326172983620644;-1.7923880149008167;-1.7064114503903132;-1.8781984046105549;-1.7972871801432548;-1.6814553757131228;-1.3282599784818576;-1.1225740325361695;-2.547805261331616;-2.471583171508073;-2.1216314565162215;-1.8035555730744481;-1.4690866394823647;-1.079590138711962;-1.1034566653178233;-1.3711007446560766;-2.0652430110103817;-2.17976479377604;-2.3638602677644314;-2.5708963284886672;-2.6739078263343825;-2.6111705463402046;-2.260051955282577;-1.6456464350705189
122;-0.7733462058174564;-1.3699777891553693;-1.3137946721855358;-1.5312199914880373;-1.614295373616459;-1.618579195691846;-1.3763871011549513;-1.1906567099654741;-2.2146924763346307;-2.0773186198165905;-1.8204269853024075;-1.573473059454249;-1.2957752232341313;-0.9472025168360934;-0.7930480963442234;-0.8656889833204479;-2.6063466303599596;-2.628170373877084;-2.607454245894153;-2.689268660406505;-2.6110334217374365;-2.605111988637026;-2.673807778933803;-2.2933432515838756
123;0.0014303625860481114;-0.48715097775485255;-0.4883856713511081;-0.8153459812912283;-1.2131817732152927;-1.4148960765112994;-1.508425687582262;-1.4509196441226553;-1.5236685096478666;-1.4283696449018768;-1.442385927646093;-1.3857273080130563;-1.271477372601269;-1.102965636458897;-0.840419446564594;-0.6464409622205399;-2.6172941611609764;-2.535861836199218;-2.356617281341425;-2.245672402055073;-2.015549066865644;-1.9893810782513084;-2.2907371096417064;-2.1488044713287935
124;0.5681760987882365;0.2498031631852665;0.2319102472250272;-0.022500188452746324;-0.4393028995471963;-0.6519836139155722;-1.0326751714967983;-1.0598044881862936;-0.5748523438694492;-0.4905849628095036;-0.668601753284847;-0.826931735077779;-0.9520260133261936;-1.1681203464750314;-1.0857525425439984;-0.8022097198024406;-2.071330490586497;-1.9591618662673123;-1.677034833637823;-1.4274871382219392;-1.1509007577588743;-1.1527129474600095;-1.6468242507013946;-1.8878343670197182
125;1.4407042509075338;1.1969720297272133;1.1801011011363838;0.8919947569947222;0.36449700403668245;0.1211399040028028;-0.5314598148511236;-0.6568499421264767;0.31683383126398235;0.28550803987971934;-0.12412175667575082;-0.47916233884798626;-0.7646019470094042;-1.2085503114723553;-1.333667081466506;-1.0978538315397812;-1.2306182269130237;-1.1686947287066025;-0.9716960144967356;-0.7441497879923317;-0.5648816460967455;-0.5505739181260632;-0.8730987061612642;-1.172243407492286
126;1.6226026342451123;1.7168043898091372;1.7622974571835985;1.7426320872848073;1.4914219476881925;1.355732561250323;0.6660608279285725;0.5396064002175226;1.13916931821887;1.171656736297601;0.7644115868578618;0.2987416490810029;-0.07411206189650722;-0.7178502382453205;-1.1338156321139194;-1.0052234482320133;-0.6412558665519604;-0.6432277296547979;-0.4942856293606556;-0.28599779557723626;-0.1241666966084541;-0.021066908937672844;-0.13336297048086165;-0.4124305840623155
127;1.6460874392733031;1.8404393793974514;1.951170600542449;2.0805936056329615;2.1287329280491503;2.131750526430929;1.7208115585886603;1.633354282422842;1.4846860690518426;1.520574572857999;1.3228575180334847;1.0303758692646459;0.8286163480168081;0.35780164759550276;-0.25073431487929715;-0.5578625959923817;0.3885617820243266;0.21309373897419223;0.07263009568937237;-0.05785294845645719;-0.14892937213656918;-0.10076885116049848;0.09262570741277093;0.13510718496909843
128;1.312945911153583;1.6674975988570797;1.7931160952692087;2.0154553933415427;2.2472218357361693;2.310700410503818;2.18459370239256;2.1262068517318404;1.6095731038263827;1.6970297807843717;1.7359307583654018;1.6535056824810255;1.6102701264803836;1.3561454322447672;0.8030890302405935;0.2571430437001253;1.0626969195658684;0.8148625297606721;0.5728505064789932;0.23112503305783763;0.016179362495353615;-0.10770458430565967;-0.06845913049070568;0.01130709687327525
129;0.4858647917553694;1.0238307682842047;1.146107599769747;1.5268083573171676;2.031822983152221;2.206795781655644;2.423225104800145;2.472189178845195;1.5606824436654263;1.7680794437220617;2.097002442503362;2.217299361905383;2.2758509636392845;2.156260538457425;1.7585058796118371;1.2061808199216775;1.4133616442658798;1.1916746815347774;1.020114134469413;0.6628670508808283;0.48991275225485753;0.2581783261082393;0.02322680013787405;-0.03383662384162062
130;0.24575360836473725;0.8338314796984293;0.9138734515378879;1.1459266648652384;1.4555725820592598;1.5068383567336587;1.8900334790983442;1.938584667623648;1.3745288687148074;1.4981880864765615;1.8488916642527033;2.114463178007168;2.3108190451168915;2.529384870231747;2.528689897630654;2.1244849527743876;1.7769862461847044;1.6280262456405006;1.4827095444652254;1.1132125788900236;0.9413693522603492;0.6250055449855255;0.23522206594457007;0.21021822658008127
131;-0.2088806808175459;0.37321478300617156;0.4468055976082724;0.6574856051749206;0.9145662341402322;0.9222334305625323;1.3551099433545437;1.4373050055241052;0.9014276032690468;1.0097099072825197;1.4060061547582408;1.744066273645255;1.9771397922321965;2.333261836373603;2.65654496247139;2.6223632014169778;1.8921022281691602;1.9121132506387668;1.9236209173802246;1.7681670092349795;1.7189699904562035;1.4445300414316649;0.9115122130108072;0.7231249653433465
132;-0.4591359507873671;-0.048728272395719176;0.0027496909762604843;0.16900367769388952;0.33662845571709443;0.30663106541055996;0.6065675518803593;0.6806077994001074;0.4787798791174491;0.5439700101049828;0.844131550914828;1.0836649200747572;1.2147742546636726;1.467585193378073;1.9187062227014742;2.285639097938607;1.6673449800050275;1.8533272158043248;2.028100270766471;2.1723568270173286;2.261973069634516;2.145098727094882;1.6696757025662419;1.3221362076902545
133;-0.7022202257551455;-0.5061081001233292;-0.45059800897636626;-0.27655712009306954;-0.0933367731752489;-0.10363856686830265;0.05796717607749695;0.12227618015287466;-0.11795748295647344;-0.029454021293812534;0.24124150571058103;0.3996143863135255;0.45354072395685824;0.5527399967003591;0.9472859509053336;1.5352893493676245;1.1823470093515416;1.4540410684047902;1.7056081833718177;2.081633815995842;2.271768326201187;2.3708601593238368;2.1616277091759613;1.8194913463783016
134;-0.8895640119341196;-0.8359210959461797;-0.7968548844558109;-0.6533642746979709;-0.49792098049100264;-0.5110311893526376;-0.4586921817257628;-0.40799804653601535;-0.5558267902864106;-0.4623058572297163;-0.2632474427316347;-0.1984561816259157;-0.20992951473907745;-0.24666151703412773;0.03774977834895076;0.7098013917059659;0.4956460597156428;0.7841301629693707;1.0453359442866692;1.5452232602793532;1.8047592083122856;2.1081509027144723;2.2390011692006366;2.0547109162450665
135;-1.0274365082765329;-1.064098759219657;-1.0596419647172932;-1.006681875376006;-0.9069081973103735;-0.9378257697049441;-0.9122873003356935;-0.8992507798496557;-0.8480051374611517;-0.7879013364148029;-0.6541931115953215;-0.6400976443907586;-0.6702488942789685;-0.7836039836320512;-0.6877570714209156;-0.16306272283063597;-0.15523493756462592;0.04984749632931245;0.1985681489245849;0.6323168703051176;0.8648807110268631;1.3122094024474202;1.8565197222260612;2.0012532711656483
136;-0.7349959425646341;-0.9202248631063958;-0.974183324821566;-1.1799239895864346;-1.334775627146401;-1.446587393645723;-1.480963815057364;-1.5474204869962271;-0.8732594157356035;-0.9400649139697407;-0.9545696742254377;-0.9852124376363692;-1.0258442859590255;-1.1602185574271964;-1.2648070223069414;-1.1183170000089326;-0.7558439605914095;-0.7304986708850534;-0.7734049712143121;-0.6360843340668;-0.5709121015410943;-0.23937060973614233;0.4055792248200542;0.8031489481102538
137;-0.3668966017618225;-0.5807931625811736;-0.6450733771298831;-0.9846933798279148;-1.336977615263328;-1.5302543421769081;-1.6703611467312742;-1.7897020349400865;-0.7873853011346437;-0.918912145114757;-1.0461075761036378;-1.106896753473309;-1.1483513036546509;-1.2515792272757305;-1.3774702094171238;-1.4098814671874451;-1.0257707902354634;-1.083981903348968;-1.197511989573433;-1.2304604494573506;-1.26279308000351;-1.1002614600766236;-0.6427676659113285;-0.23872074735593504
138;-0.29787406754345236;-0.4339514606935486;-0.4723809494168762;-0.7749753966885131;-1.1464442426472325;-1.3436929153464445;-1.588911459444134;-1.7049988508859102;-0.6317496653351011;-0.7795221167159413;-0.990251850913901;-1.1310078046831036;-1.2334231902253805;-1.4166551710434274;-1.6102479970956887;-1.7437187487475554;-1.2565605976380985;-1.3749200832647162;-1.519574328033855;-1.6437298479790592;-1.7356129076218312;-1.6959258468638636;-1.4333226308779936;-1.1507786096124044
139;-0.32939488996908034;-0.33252553903217186;-0.31778270791139956;-0.49848042379952484;-0.7744729452090284;-0.9248515440425591;-1.1882322076865757;-1.264048739050649;-0.45030509671648267;-0.5932992284480937;-0.8086410800565997;-0.9663181631371381;-1.0759176624774491;-1.2602345975018934;-1.483063563777314;-1.7141874275151252;-1.0691693272814815;-1.233014343344641;-1.420340132494808;-1.6386257962190223;-1.8164962077012337;-1.9100301888730893;-1.8324407854655782;-1.6745560110870077
140;-0.601779926144638;-0.43508346354248406;-0.3535974487571859;-0.2924343004125553;-0.3117196704341534;-0.3369120165905408;-0.571348079103252;-0.5603209681635734;-0.3352218230422365;-0.39103305351853934;-0.5228600915538673;-0.6874727872292371;-0.8204710516830439;-1.070844822509276;-1.3363120058453057;-1.542741799377476;-0.8812535414648565;-1.0308618098155873;-1.1674205733113767;-1.336993896442554;-1.4999891881916558;-1.6326749747706049;-1.7108496450475958;-1.7433161273903566
141;-0.9721951591577351;-0.5657067699940835;-0.41801536681591644;-0.08979644541306894;0.17094839221356528;0.25673645303518644;0.06410308985651769;0.15184514815623187;-0.22704035844990134;-0.17338087392371365;-0.18169377908003234;-0.3319973314797279;-0.4819509860265262;-0.7921061680659673;-1.0893927399601697;-1.246882208475224;-0.6752752057289727;-0.7992123022194073;-0.8654704218587682;-0.9642862343448614;-1.0746171796947046;-1.2183708402571123;-1.437315166376682;-1.644444733816235
142;-0.9611457345806508;-0.5803217242985925;-0.4101533294868004;-0.03184780266129079;0.3656044183376684;0.5122124279761477;0.5389518852347119;0.6715205782077115;-0.4006588913904582;-0.2386513584241855;-0.04226984904435864;-0.014569809066468114;0.0009007869343542923;-0.08904828662409099;-0.27330810103124586;-0.42749235409834063;-0.502331216650492;-0.5871563170493865;-0.6179778789397351;-0.6935026096786486;-0.7495966729724836;-0.8473882893722297;-1.0389262472602658;-1.1238561579028707
143;-0.7555164003012654;-0.7003259939469603;-0.5185934505039913;-0.21621609049242532;0.21079160775835715;0.40607600601588;0.6006008222549803;0.8109500700992059;-0.8870412700802905;-0.6682356447404056;-0.26486972734968456;-0.02785988584258843;0.15539995097333706;0.29710794669285534;0.2949446551529287;0.2190915458766165;-0.3054148312438165;-0.31592034710847183;-0.2980068874528859;-0.3244591739671428;-0.3373239920481115;-0.43529363691665823;-0.689052919160261;-0.7571768866483397
144;-0.06586036645373551;-0.30685698625550817;-0.17362797191158302;-0.09381504494433025;0.14927669688555234;0.26532880920370394;0.5058730229661269;0.6699757790970461;-0.8299404694244923;-0.633060427940056;-0.19219892652163775;0.14360721032447943;0.4216146154149137;0.6960106901943489;0.8065055020806763;0.7682116965103291;-0.126899990825032;-0.10245484769389819;-0.06047956105915586;-0.08279960765508085;-0.05060920938605026;-0.12474790372703712;-0.36199188759655565;-0.3199395191160764
145;0.6609143620995918;0.24053751718238434;0.33520803700356716;0.17929302386222004;0.1315716510297057;0.13074413617227693;0.3128084011612584;0.45224196015653234;-0.6435732179670728;-0.5472208968372063;-0.23079971045830988;0.10972848682552384;0.4318033873989932;0.8679011331272565;1.1794167814414425;1.2522144269718014;0.12257685874399751;0.19320905942861455;0.24136750690085845;0.2214320438584657;0.2607345277976865;0.16648760929725775;-0.113642775145399;-0.025150365840159908
146;1.2192155389605943;0.7047383901930844;0.7448546130074184;0.42372295389623144;0.14485033507062553;0.04053216134188467;0.08738466388257111;0.1627301954144763;-0.2852114684350239;-0.28235833190135945;-0.1306995946925454;0.1170120516810556;0.3638855282525543;0.7535774808206605;1.1476253951519193;1.3741125566702563;0.3115058566476408;0.4360815156860865;0.5373232478715901;0.5994555681054707;0.6913934367027408;0.6193064444713811;0.29319092927012175;0.30489099720291535
147;1.4586587072660153;1.0308455084930503;0.9976094402861465;0.6463364978053923;0.2542379573304466;0.09454521003403801;-0.08023652768203259;-0.09830680183914556;0.2755671637198319;0.2516890990030169;0.12621096290533215;0.0906735831157968;0.09916961761809011;0.1363952497457374;0.3579932166756188;0.7256857289986645;-0.10250197923525972;0.056847920641256065;0.25556017025749717;0.5115740849268332;0.72260725905279;0.8384147414938415;0.7191089905519688;0.7060520984248203
148;0.6399033241181897;0.922514461261101;0.8407186250244634;0.7368530943121854;0.46593506375611526;0.2783564098808009;0.0070802501685369576;-0.08915320461598784;1.1916072521498329;1.180443901016474;0.8527907197839578;0.5126537980208417;0.23802813601376682;-0.13664578940227698;-0.14605627967380033;0.30870041033128376;-0.22128630064843358;-0.07770482453365676;0.18060527328728887;0.5531587761803896;0.8536454828074577;1.1287772951122508;1.2041016051175593;1.1235293438921221
149;0.11098300477148512;0.714681228359552;0.6260179025365659;0.6517704643047251;0.5067417126070544;0.33712639519000415;0.08918951608149449;-0.04428730565041339;1.5148230107039564;1.4968815383746985;1.157409021935728;0.742695444470004;0.3881641937569172;-0.14170885544319675;-0.35180332807038206;-0.04410654533359636;-0.13394615941405058;-0.0787580694454636;0.09088661617421183;0.37030065530163925;0.6132646769024617;0.9159923081787932;1.1702027804975061;1.1661857152726138
150;-0.43969312834133095;0.4237288717837984;0.37765773307734724;0.5573460052864526;0.5959452599743182;0.4591394186859438;0.3074799633448939;0.1539314170081299;1.509555282550492;1.5109925856714364;1.2969217236178112;0.9622288642538511;0.6564789270017577;0.13977412459987068;-0.1991061008943256;-0.15015478073531272;0.135395045135919;0.07416168213013948;0.09790292334345028;0.173569435025716;0.28359751348009543;0.48197795801813675;0.7499171059547882;0.794073371177203
151;-0.6550929728002448;0.1618855864931861;0.14354656265378063;0.33770037185129087;0.4569805188310592;0.34211684184946006;0.28345806696671044;0.11121127345662342;1.2868492556738156;1.2551896345055105;1.1978388694777051;1.0220477530440824;0.8167119469503387;0.39677797287612315;-0.01483866739932603;-0.2780690585372253;0.5972303998909501;0.41625360024394864;0.26076939141691863;0.06863375716621459;-0.029791112490362384;-0.04387330059286679;0.11078632229031131;0.163894412073414
152;-0.3330854145150551;0.02958506520587384;0.06128056681053392;0.15824701494097945;0.3178971134273517;0.2857482136058835;0.37964806924508826;0.28866381828590143;0.6526155197540323;0.6078637684241617;0.7768395033024365;0.8637775940536478;0.8789607774211818;0.7583188263034807;0.43337184709004417;-0.036878083924845324;1.0249330657844065;0.7951540944459157;0.5096610001293226;0.1303374294219164;-0.13513121393100014;-0.3276226848880434;-0.29407234037434815;-0.18892240160935114
153;0.2657392909039735;0.08429371226738773;0.14231288138312337;0.05799494204403039;0.10722896064502939;0.10738054249919943;0.20418203612896518;0.18758592902973348;0.018994356629309924;-0.043226457934499814;0.22661409701375937;0.4649899729374573;0.6110190225182031;0.6986347896769408;0.5383221517327064;0.1361782737876004;1.1308543743494328;0.9638233792636863;0.7052549804228075;0.3532908660003724;0.06753359762805448;-0.205594481402434;-0.33663190760968364;-0.3054332398403289
154;0.5906829001162793;0.10338266710462458;0.17277679536648566;-0.02586536345709695;-0.09352105349313274;-0.08241429257795606;-0.06192746685524578;-0.021534450391832084;-0.34860210972087347;-0.4457002547510535;-0.2131226002946009;0.03123097352154526;0.1893304250995206;0.34410632432742105;0.3073369146908848;0.0584103887843215;1.082647156986565;0.9902713888881276;0.7921025579607299;0.5341946501169326;0.26626328218632306;-0.021066908937672844;-0.23337171665191025;-0.2949084904109036
155;0.562874728551765;0.15687600505532232;0.20704051276940102;-0.010534812990539785;-0.17256661140416124;-0.23353455227696537;-0.3164356752174523;-0.3327571527166455;-0.3463721076083413;-0.4437974653483112;-0.29304470033126356;-0.11833342965260274;-0.017748429992761446;0.07710293498840781;0.09300803691361423;-0.008693267197793161;0.876675973145579;0.8455988582534621;0.7340745875626008;0.6013225648694875;0.41925191801671013;0.199362089571528;-0.010998343128059402;-0.11626817449862453
156;0.26643881256047175;0.07134793347985877;0.11602717996447334;-0.021378454978825158;-0.20185779565801243;-0.29643223279281383;-0.43797523969540914;-0.4388673771516839;-0.287785124259435;-0.3533132609918134;-0.3184850374103758;-0.26113323059596383;-0.2441484142060676;-0.20836362698153357;-0.07663536053999048;0.06149790288653011;0.4231121262128722;0.482302797274637;0.5132886533366185;0.5600280484840507;0.5192301163699112;0.38339688694606405;0.1033209132118364;-0.09598341972734592
157;-0.7209496213787387;-0.41263127595670807;-0.3741558396011392;-0.2542342364564734;-0.23418522793585772;-0.31035643390834317;-0.4026629086656997;-0.39921642944126556;-0.11761411617988152;-0.08566547570726078;-0.07089519523786594;-0.12958759370946366;-0.22136453274263987;-0.35798108387849;-0.259614674991884;0.05012303404921251;-0.08992315235273234;0.015224768782676704;0.16822828028461803;0.3879085721650453;0.512274392126144;0.5490043010515137;0.36942780966641536;0.15676851778933837
158;-1.8549036188113754;-1.1217042789969696;-1.05898032067838;-0.6920726087994697;-0.43212436813950555;-0.4116788733259333;-0.3558132975653728;-0.24816688047242103;-0.17932734061041128;-0.09718350689456547;-0.08037934468494942;-0.20006346832797492;-0.33094661806434256;-0.48981797884067285;-0.38880247202824575;-0.04694914307522003;-0.5871929755452782;-0.5058405355868979;-0.34138733497852397;-0.11325328991872077;0.04775193686059465;0.1301463807607317;-0.019822856507637637;-0.2072067900827974
159;-2.4179345016350933;-1.5917352318588889;-1.508562689289673;-1.0291345463463397;-0.5968181131616458;-0.4775795796414871;-0.29417636220710164;-0.10637260169586335;-0.409491261902491;-0.2891950314748697;-0.22191860118791432;-0.3340265766029395;-0.44302300342465073;-0.5827559644172291;-0.5333479059823993;-0.25161484996743116;-0.9509558782875582;-0.9141656794386136;-0.7918960732587758;-0.6020575779056855;-0.4480390441917155;-0.3145749830809896;-0.34057220380960385;-0.4165530504627595
160;-2.6664521303628654;-2.0979934293384908;-1.9851788135779829;-1.4943883536068003;-0.9180259848097121;-0.6898357502474999;-0.3400448770265523;-0.07709901372684295;-1.0807693149604745;-0.9264237232240355;-0.6727792634033638;-0.6280202887122882;-0.6099504135613023;-0.6166201659660415;-0.5799371379965513;-0.39359175020143805;-1.029771332549006;-1.0162498276037273;-0.96380960435845;-0.8313086854056959;-0.7302537801752755;-0.5779676198451458;-0.4783678016745614;-0.4279249794924343
161;-2.5085882980274277;-2.3184624003471024;-2.172732191302144;-1.7397532158487028;-1.0949348467264208;-0.7865160804288817;-0.29300477147645365;0.03657960831732854;-1.7136152077998175;-1.5347824307788793;-1.087736432034682;-0.8487050947021328;-0.6643295867531159;-0.4685801076682696;-0.3873922861168822;-0.28391133906294796;-0.8757399226681418;-0.8685809098118505;-0.8917682995211644;-0.822920860921941;-0.7895421600782044;-0.637972139506518;-0.4371238581346594;-0.24846570439925142
162;-1.6271060420885863;-2.0292218844419945;-1.8926307031678877;-1.7513702325324587;-1.326793281074995;-1.0552117713257805;-0.5419051346810728;-0.18973616743119767;-2.206514875144985;-2.093223909169389;-1.6193239985143493;-1.2456320677478456;-0.9015915595886486;-0.4541677346798477;-0.2368737148343834;-0.13724619104428226;-0.8707548977237781;-0.8408358969567786;-0.9221950760218538;-0.8914250404247415;-0.8938743013176595;-0.7159917198808169;-0.38419744781915083;0.02227397421836787
163;-0.3250061022321042;-1.2154307690376327;-1.0730635725933382;-1.2293632489204944;-1.1256028534470968;-0.9613803410805862;-0.668209293804212;-0.37250780227942615;-2.3914728246287655;-2.324992365924297;-1.9339059614616854;-1.5246549935041076;-1.1060585113267112;-0.5463598028744153;-0.2591997115662838;-0.1251488745142251;-0.8531554188364693;-0.7895365844594167;-0.8788451340388096;-0.8377663641073638;-0.8456924259266592;-0.6734522060112104;-0.3261002340463137;0.16667357201674354
164;1.0889410930161298;0.05622948231299949;0.13282319419335437;-0.3523863479632154;-0.7708878123384595;-0.8700958189913781;-1.0101119244689207;-0.9023235552382712;-1.777441619588983;-1.822105875942942;-1.7761088641586182;-1.5592494041816494;-1.2686931033077948;-0.8267855450464346;-0.4916427161352448;-0.26062257000178995;-0.9962552885501289;-0.9071186057044542;-0.9344398170919137;-0.8368014348825659;-0.7795750190041105;-0.6392972183442649;-0.44557375009574707;-0.03355183381666956
165;2.140774475982282;1.1822710632358622;1.1668650813802532;0.46707129331295416;-0.31954564015777803;-0.6367861245778116;-1.0533490936880545;-1.1321463119605755;-0.9003944503781508;-0.9930691793893766;-1.1949714598117622;-1.1402807081315212;-0.9882620050414543;-0.7085036429291741;-0.4035674942307769;-0.1406560701301034;-0.9825153734082235;-0.876678843268249;-0.8173753615004101;-0.6770139315437549;-0.5399392349412891;-0.4324937900976457;-0.3925776901420834;-0.06929016481201031
166;2.0711202856048687;1.6278870096686675;1.58984740001918;1.0794913315542156;0.33958128890895795;-0.04291459630302854;-0.6191526462653418;-0.8233247204473801;0.07224814335577631;0.022437016938341398;-0.3148142637669761;-0.4789088212454647;-0.547861813290234;-0.6306868695999833;-0.5357521785835291;-0.28504732264517274;-0.9587328867010867;-0.8700055662606327;-0.7224342573784014;-0.5270773329571091;-0.3276358144846237;-0.23487232474262332;-0.3468765351532778;-0.2810406694445133
167;2.1853088695336154;2.1158307606523934;2.077119754612782;1.7853265571331547;1.2460294226009307;0.9480697664086958;0.27361508947201785;0.027603348066049943;1.3369854305710918;1.2802544442244448;0.8455032820293636;0.4593081948306852;0.15056520689424865;-0.3648105492971252;-0.683034141485644;-0.6659678588747553;-0.3615093468085536;-0.39053920514988155;-0.2952953473471675;-0.21947528047873682;-0.12163061323956514;-0.13625697360663924;-0.35181958131441565;-0.5593000928897158
168;1.9478305001396832;2.4407090513362153;2.388923777438564;2.3053920737485885;1.9285432635890345;1.6490173498126448;0.9848040514821107;0.7105976621692549;2.563565856262252;2.4712802345174563;1.9250570593195833;1.3718806146894906;0.8998836975248184;0.14078779536968808;-0.4265428754614144;-0.606896478646122;0.27879303992394894;0.14094437365520002;0.13842047478831926;0.051049679370950375;0.0490955443554745;-0.03966646396637772;-0.2543715292881694;-0.5451644372296606
169;1.4508348531983104;2.334249752862025;2.272592764203239;2.364374406354812;2.2627329324337184;2.065369560833533;1.6574697612891873;1.3777236647870095;3.39087269712104;3.279529498686291;2.8350944913986393;2.3296532578240696;1.870756817897337;1.062024210812746;0.23590229543782845;-0.3547384336394516;1.1582751147242805;0.8322314668604559;0.5799565924607166;0.1553066718835836;-0.04926616178243823;-0.2077332895935093;-0.20054217104165664;-0.29263280411387554
170;0.7473743850020275;1.7723910903352227;1.7807119313206412;2.019031977824892;2.1396883616738624;2.0492879107723017;1.9729559079291838;1.8202308318692888;3.2096395510757336;3.028213897700133;2.7943342895793286;2.528692602931186;2.281835399623357;1.8545459030414755;1.1862595228803616;0.3420474218300706;2.41122733727633;1.9783501978921356;1.4667744749396787;0.7253242308192432;0.2183766106261406;-0.18302517212974764;-0.22254852748204965;-0.21930070463151816
171;0.15453493146757943;0.9372027361200879;1.0341560591680292;1.312549396717722;1.600571777344214;1.6525448567451544;1.900295308372364;1.9549225834474033;2.072134712331404;1.9056975994221144;1.9885875628656289;2.0731690642973386;2.1240616397340717;2.2284432440334934;1.9838179766881092;1.2200553331547956;2.999393937695227;2.6433287675877186;2.1092667019299256;1.3514810868865688;0.746488242073732;0.19093987153928682;-0.05138740894567309;-0.08245923323476276
172;-0.5444708693570861;0.19440263718878686;0.34394439898727824;0.7304804241092557;1.1822609662625105;1.322442218759648;1.7067444804026155;1.869501016030525;1.2344792961223623;1.1617388871472882;1.4639159962401056;1.7149268058007072;1.8648668515674742;2.1343031359517104;2.166769066381215;1.7027812685599317;2.967234647721861;2.7604669728782953;2.389033665771174;1.8432290282047186;1.362762311327937;0.8523427238140167;0.4628726882648463;0.27850979196546266
173;-1.516723205127695;-0.7914519062478674;-0.5945256468192129;-0.06708566332632838;0.5447837971963082;0.7338543272041076;1.1784122681770157;1.4006801559039386;0.1640065006433523;0.21969500699783234;0.725845813486402;1.0884249023111972;1.2875918881461306;1.6144032031342126;1.888582818080881;1.8496815476736475;2.472491618422848;2.4571217131413343;2.314930240213061;2.0979418506563547;1.8405577613749828;1.5000200414253835;1.060607148479735;0.7239107769761463
174;-3.004396024963048;-2.2620243157866744;-2.0568792879095086;-1.3368721542551312;-0.48513090970605777;-0.22560221481313442;0.3712470924186592;0.6593441509704615;-1.217681889122286;-0.9652734311218952;-0.25752667734921947;0.182403598252788;0.42934106547987916;0.7854985139277743;1.2744800140931973;1.757163891201596;1.246728317246004;1.4615371629411074;1.601800871945304;1.8412771139642994;1.9227042978820643;1.9451583646208719;1.6979383032721118;1.3722809415301902
175;-3.803532756833964;-3.3162736236394514;-3.205612222035297;-2.559816083944242;-1.690731539747718;-1.4388715630756315;-0.7109582286971987;-0.43153507951334863;-2.1116025994007366;-1.810573969760607;-1.0561535714570238;-0.6014144043951809;-0.3529592656568817;-0.03207206185497082;0.48197170982372733;1.1902668559251968;0.22415512547300273;0.5512366655395565;0.8123816254667253;1.2917041724685978;1.552968525734945;1.8495302798787523;1.9368287907970987;1.7912096761705896
176;-3.5911537339750144;-3.509423595952819;-3.4981802777830193;-3.120558921193514;-2.4933842310607455;-2.357093755209703;-1.713319191434963;-1.518473639314788;-2.578176230492053;-2.3508468285138053;-1.721847473456567;-1.3217963587508852;-1.1019217325585071;-0.8452176545116881;-0.3877240952465049;0.3657996336683189;-0.5707826629868685;-0.22616636441304977;0.03084150224460049;0.5851175255643479;0.9132731956194147;1.3975929485321346;1.8454523156061335;1.9592289235840368
177;-2.937924328913546;-3.2997361216971295;-3.3509470182057655;-3.3034774974141228;-2.9965795173751046;-2.9738862539385273;-2.507728779551452;-2.394242672092284;-2.957399087829493;-2.8294430231173084;-2.3502376380663295;-1.994789859741554;-1.7892703090977553;-1.5826362836047574;-1.2703462540679034;-0.6783638326135812;-1.2932823406628453;-1.0239680635508077;-0.8720827330159863;-0.4067915181140085;-0.12081010984250663;0.4310922099878718;1.1800112822185431;1.6026600631121344
178;-1.670513417683477;-2.5758612053382306;-2.622063314511099;-2.9494673552170263;-3.0638984720398774;-3.093014842978204;-2.921831503105749;-2.7896496055755344;-3.176648751542589;-3.1888902236314935;-2.9690531407132945;-2.7213247084707723;-2.5344886588478643;-2.3045474682133906;-2.0596895768470675;-1.645348500230668;-1.9260153215839293;-1.7637527728642983;-1.7450955959645276;-1.4362976286473863;-1.2686572357513017;-0.8022244792436515;-0.018387999673298773;0.5749413269981468
179;-0.16836646082591072;-1.4312853730915645;-1.4464545476272856;-2.068013936931425;-2.59946442763173;-2.6876509844989402;-2.8924512905526663;-2.7529260720666597;-2.92656083285079;-3.059989155994037;-3.1689843249581537;-3.1131414583951784;-3.007266897982433;-2.8174884235050706;-2.62238469997459;-2.3396692041500837;-2.3876657060455844;-2.3188695402432793;-2.3739403449365515;-2.1919534004365206;-2.1249600131221817;-1.8140262517652053;-1.215908157708324;-0.6690875097501704
180;1.7867314169288127;0.34228619089576345;0.3572393483833086;-0.4623603376086684;-1.3545011790173616;-1.5239181661741619;-2.156423110841264;-2.066525029416917;-2.0000339772770896;-2.2012694412669034;-2.6856337820337144;-2.8877851822395932;-2.917222413891544;-2.8668572477300773;-2.7953800598303373;-2.6470548565151892;-2.592249069709129;-2.5979507350448037;-2.664957871120068;-2.5715594390749663;-2.5660073599856634;-2.4119582125490546;-2.079407953834602;-1.6897514809834056
181;2.6528429137529246;1.5890413980589309;1.5794539417401117;0.8257098380042409;-0.1431803710806458;-0.40448880864956405;-1.2306340015127317;-1.2620629776904637;-0.6306358259265176;-0.7942935588048192;-1.511067288632864;-1.9467209600573705;-2.1482633093429793;-2.354597235298643;-2.4761869541296617;-2.4339915997986354;-2.7076295967633968;-2.739116302655001;-2.7144699270318435;-2.6489831135290545;-2.599371762523413;-2.529038081388245;-2.4648247072893947;-2.283616253913132
182;3.0970662747436224;2.5877951830483195;2.619423701433744;2.18557891619363;1.5131004325887716;1.2656996864978651;0.44035922002024913;0.26733833085203557;0.828973946536188;0.8039782788130854;0.12432982798169391;-0.40089852591972736;-0.6599323023989275;-1.0896805324931118;-1.5689611036848152;-1.8495517279675369;-2.240139835896552;-2.3778115919193397;-2.3746870002902494;-2.4771578152823457;-2.460125177498438;-2.4675474717683903;-2.5599764674797565;-2.47575184373205
183;2.3306166907397796;2.50109713478977;2.543941953053635;2.486710419156731;2.2091441717793456;2.0878667540815514;1.5018969857303806;1.3838269980980742;1.9062141915151292;1.9659816751660044;1.3993911272594972;0.8556244890009802;0.5398280974336328;0.007016420746416042;-0.5521669698859395;-0.910374160314232;-1.350125828336666;-1.5136003422970326;-1.4919218298908572;-1.649573481106804;-1.646031072912955;-1.7369600836445078;-2.0356820210286193;-2.1495097651482062
184;1.8549174069075276;2.539393638156498;2.5965571545233925;2.874973973478144;3.0855284152225866;3.0628453950753136;2.7939326679354375;2.5941035586669647;2.7473212659691195;3.0177911637324972;2.918879304258311;2.6275834846616597;2.4061706864631436;1.7880730373866276;0.9375314192447303;0.179419903789194;-0.01094941650657663;-0.32088063497805414;-0.41675714818307613;-0.8028037085212677;-0.8442051742184885;-1.0062011921529912;-1.3125150780686339;-1.4075130779276335
185;0.6627153728173596;1.7378976217983813;1.8261327344104126;2.390854295396576;3.0018974587078557;3.1667725435822587;3.3413983528770568;3.311539023645006;2.870009141166547;3.190736764808348;3.419187016171707;3.3661791247210235;3.2679125851535455;2.871024542904588;2.1872071625491896;1.3634145684928198;1.4359338639817596;1.097604836042277;0.9170580583516639;0.4037269748614001;0.22905875502935782;-0.10320375968652713;-0.5541053386438157;-0.7463893919450765
186;0.1294618775180273;1.2029474666181477;1.3095399436408361;1.8785421316708868;2.5647586600698022;2.768615056496447;3.1842739172167667;3.23121657198378;2.561485330950372;2.7607630980657083;3.1588017657721865;3.317150769237476;3.356478295601549;3.2525767286979677;2.8761568108024247;2.1995193242781936;2.8775336515954204;2.5876340206808863;2.31211278197075;1.7918089744201993;1.4997885088216087;1.1268487570792072;0.764530828047852;0.569444339879213
187;0.08561376272855897;0.8772222345583246;0.9475553643263112;1.2735841775647552;1.7072590810931774;1.7811420855688276;2.2955181262359545;2.3271113042507414;2.016153396778994;2.0721869775453596;2.5147041678089375;2.8441246464045555;3.0140476855169362;3.23369135660967;3.3415866643130103;3.0592154320078953;3.565222741471672;3.4709158472567614;3.3069786791726203;2.9647089988662723;2.7240713282699067;2.359451347770762;1.9238761327443294;1.6616904395996515
188;-0.12724822378365255;0.2710774115708023;0.3099499789628586;0.41426767649095975;0.5917892122029723;0.5815731603092543;1.0604025684463338;1.1309656505105052;1.1164895824593049;1.0366654468057408;1.3834126341003716;1.732307863344181;1.9349572539212265;2.3537875632644747;2.8722935606003523;3.102538387152851;3.4532274326489945;3.5971687075375263;3.5813332321367466;3.5147060388052487;3.3655746682732683;3.114597636418982;2.713233645769738;2.3628417262441754
189;-0.14211926872479516;-0.12541586688431877;-0.11551060582204238;-0.1882831958218732;-0.2636544194689861;-0.4143520575105681;-0.17005122024289088;-0.18982676686682023;0.127058876640301;0.05865392978869172;0.3359538195235505;0.6352446307880745;0.8128856441007617;1.204040776435957;1.8437387765293405;2.451322106289621;2.518756469083453;2.8399617878626437;2.996584809468199;3.2451742340598964;3.285575720983762;3.2616371296691926;3.0319249626833655;2.6914256116479995
190;-0.5010087544472852;-0.57428724883587;-0.590076283036332;-0.6590542500414006;-0.7907433803992857;-1.0061840014241792;-1.0238658287471596;-1.136119617308162;-0.4772251591034565;-0.47614309231264457;-0.2641012779519383;-0.10530170275889997;-0.07063735275164261;0.02390305969648029;0.491376485204556;1.23482842922967;1.4527118861821002;1.817910870637308;2.076096965060239;2.55035510055774;2.7396989917837784;2.9151751191233477;2.895994367798261;2.5578605776076087
191;-1.2628259607090948;-1.1937897048621886;-1.2287860642095225;-1.2275012793515019;-1.3133053730873723;-1.515377885668739;-1.7041720907887332;-1.8469075946891904;-0.8253170914197248;-0.8293617515934312;-0.7319395268397261;-0.7599971173693812;-0.9036192581809015;-1.154670353107295;-0.9987037140242248;-0.34257021735064425;0.4622245611680595;0.7381522743819094;0.949007504286224;1.4581882629269771;1.6657526844534614;1.969201757509385;2.237189692248192;1.983005842029795
192;-1.8590727538304574;-1.6573191464003088;-1.704053505090358;-1.6486600120703108;-1.6582898560101662;-1.8081763320322497;-2.0326562233183414;-2.1598497942514236;-1.1611635686285098;-1.1232918676649615;-1.121188109735395;-1.2905412890709416;-1.5296981054535699;-2.0012860637952286;-2.150672103570644;-1.6740000049178203;-0.9674911567198828;-0.812937644591476;-0.657163789770464;-0.19893433030433214;0.04312401403550571;0.4793150568182053;1.0543358397409843;1.0767311332383338
193;-2.045238160820525;-1.87679858926058;-1.912047435137046;-1.8599905194660136;-1.7898671101409938;-1.8456040201905086;-1.9991529159175614;-2.1029765985403306;-1.3266666425687796;-1.2979468866179031;-1.3070972271157164;-1.4979696323106972;-1.7380666209450675;-2.2773425658842292;-2.7167898644562976;-2.6260700847508756;-1.7505119342451632;-1.7771236778675001;-1.774964297945857;-1.5798842271546747;-1.475738941170118;-1.1148080147335404;-0.44263780643043876;-0.20606850580297492
194;-1.6858088788936525;-1.8354882679960773;-1.8269249803359235;-1.8869303604567849;-1.8708364368364014;-1.8225792204373177;-1.8645625816477454;-1.8146576734377338;-1.5076129933000613;-1.579317057267503;-1.6338512302848558;-1.767563026968386;-1.8975406196143907;-2.1933665430966554;-2.5596209828092054;-2.7278422300191214;-1.9097718163997097;-2.051620757084918;-2.2075269520121275;-2.298788979837345;-2.413666665509727;-2.297816073988722;-1.8477418225042486;-1.5644110642727735
195;-1.4592811008161028;-1.699123743176505;-1.5974550630931108;-1.5713947386776643;-1.4266945132789834;-1.2707261519629678;-1.2065591784797478;-1.0016288129923285;-1.6290306353876087;-1.6552762572694135;-1.6125273646574014;-1.632295417311886;-1.6228225378486303;-1.6797255828201758;-1.9377531819414344;-2.255538455413693;-1.8738968286982671;-2.063184908502875;-2.265874549607883;-2.514009189075552;-2.726732916701032;-2.833767569688499;-2.7371170720309412;-2.5720745715311324
196;-0.9656252774279184;-1.3392252417337205;-1.202050614864321;-1.2210773945571347;-1.0942002442220777;-0.9203426359584583;-0.7790733322327651;-0.5003245974893028;-1.5641446953533873;-1.5879302697607744;-1.4739237190964074;-1.3715778993139534;-1.2339294897313031;-1.0585672609878947;-1.176494242198757;-1.5872285784592821;-1.5448291790463324;-1.746944699906036;-1.9860342177131454;-2.347321105627906;-2.6245395559848204;-2.878392591922066;-2.9975401224629863;-2.85559138450134
197;0.21148108902186494;-0.35564423095727576;-0.1803586229837729;-0.3036412106277206;-0.32350458041470115;-0.19719161712678024;-0.15805952221263816;0.11338794281911953;-1.3040185070381274;-1.3246743828833265;-1.2433835063107048;-1.0970325161466128;-0.8615413730144469;-0.5145933640790223;-0.5238135051884272;-0.9324710225568583;-1.1143709118649618;-1.2899065784488355;-1.5382323268229774;-1.9142336316393294;-2.210293287900334;-2.5014350483128838;-2.6880592384324546;-2.5059627781419143
198;0.7995219429073537;0.23732297209004835;0.48366560527918395;0.5825416628184625;0.7847843414895417;1.0090117755681551;0.9371012253843884;1.2463055826902223;-1.1418369082085544;-0.9206389628827495;-0.7099477397007976;-0.5756506357051089;-0.36709720730089856;-0.16128514302160088;-0.15303057540815218;-0.2465833735533477;-1.183703656446517;-1.1893627678908973;-1.1457313823682045;-1.1587936043759475;-1.162560236975422;-1.2993527708751056;-1.7015211567224795;-1.8150924593607396
199;1.3848412743573923;0.9013835567124474;1.1087858084862288;1.2019578164105693;1.363792226582073;1.5101785887262167;1.3760490278962407;1.5535878132633474;-0.6487137327769297;-0.3303847090758522;-0.09285348640057789;0.024034399701746728;0.20409151761996008;0.3102091834802095;0.3208942151775576;0.44838001696376834;-1.0024455419947436;-0.8969974426230156;-0.6788223332022976;-0.4566826528898888;-0.23885867332217964;-0.17424762878188244;-0.49590852147621006;-0.5884920235838015
200;2.0724267897620527;1.721554988807378;1.8620161758356668;1.8672531236812666;1.8854975707166757;1.9097026538700517;1.6901371391801812;1.7135987938711659;0.16460801503531278;0.48764121924221515;0.6442758306822846;0.7005926936959367;0.8192628457267151;0.8207261339469765;0.7999225836623679;0.9975818010922767;-0.555808217040714;-0.4151064552425777;-0.13209424514324314;0.16879861745410907;0.4769005982587492;0.6235252457750777;0.35692349215283686;0.277796829334736
201;1.9507438892890514;1.880743381710342;1.8919859298784583;1.8000923681475471;1.7275627933246014;1.6250685532448548;1.5590363778740544;1.4314738726100373;0.9381356086019079;1.2416138147239235;1.387278312429206;1.45783526325442;1.5559520109926912;1.510713677508352;1.457608670725384;1.6085996728637233;-0.06377829853120913;0.05722429337124661;0.32351546483607396;0.588029869907797;0.9302803369908417;1.1624550990033802;1.108188232516656;1.2258895554961973
202;1.0737124860240965;1.599678328774108;1.4815441311173423;1.3981969098838902;1.2366807847936443;0.9657583176910298;1.0158558824005088;0.7533158842959486;1.8291706525312414;2.011966955199121;2.048257763588949;2.0356344508104693;2.009934013727947;1.8468947355921783;1.7960584980873444;1.92504534758347;0.5490541574503048;0.6199641221518087;0.8425764111858841;1.014441348739148;1.3318391504548188;1.5227546827521155;1.5015460686541784;1.6099035432733069
203;0.2773315627494302;1.0397563603629327;0.8992220407580122;0.8991210306747027;0.7977229775890731;0.532094162040591;0.5988831503779414;0.33576697883773754;2.104846256926797;2.144992206846444;2.1289581979296477;2.043311560090759;1.8941472288888046;1.5972462337472906;1.5035568986542855;1.5973198064458505;1.281478529653481;1.308027757184549;1.435742075956267;1.5177074400813053;1.6880002730662986;1.7594448926654196;1.707986467649327;1.6418206550137349
204;-0.7763343433376934;0.11547926661873775;0.03908113368608045;0.23944605893727547;0.3120841817575769;0.15115417381721516;0.2223287136029937;0.0944333326882407;1.7518895275458712;1.6802943651242552;1.6358279423389042;1.4842228890947577;1.248157206414323;0.9192356053667037;0.9090202407719699;1.1179726941121095;1.6958194206719246;1.7392098257714157;1.8137918536916118;1.8976638955113334;1.9361724271928094;1.8983440989735;1.7296023684647492;1.3974291400312113
205;-1.22334128273241;-0.5639152104690016;-0.5730355584741921;-0.2898192938246763;-0.05601761839935039;-0.07853838962570438;-0.012225544256614623;-0.02361944822815182;1.1026929463983233;0.9829308875128931;1.0100755607856142;0.8833120805977048;0.6410981746456492;0.2895010709816575;0.22825270438659556;0.4151819613463411;1.8043279907331744;1.8315610885894966;1.827698216136933;1.8870762708216933;1.8095721443877917;1.7300686283277618;1.595530172427995;1.1687625330585003
206;-0.841468747436682;-0.809636079630634;-0.74160164624393;-0.5712672413015568;-0.29385726140756746;-0.2040177912682052;-0.1176627393324056;-0.059787224989819414;-0.0030771454075262336;-0.11173190890344066;0.098166304440736;0.1630047036710401;0.10595395109143398;-0.05908452466694166;-0.170050402457201;-0.11483728994008134;1.6609329702238385;1.6563667016950412;1.524221589301474;1.521006170473919;1.3384437581082418;1.310279351892841;1.4455786035009708;1.2469400015127015
207;-0.13952437144067384;-0.6806270948233837;-0.6182860299469406;-0.769847100059188;-0.71315192690523;-0.6294173610549024;-0.4973297758636184;-0.4117097834759541;-0.7636645411250798;-0.9379928780460843;-0.7344113602197921;-0.5438015072196474;-0.4068826307287864;-0.2791345083529777;-0.36565787688215323;-0.4945504794821588;1.079753508424644;1.006443902489414;0.7190213931568301;0.5738418648533641;0.30100774208249936;0.33260653165067194;0.8017532753178819;1.0612054325834412
208;0.48826481981830866;-0.3003451292164224;-0.28310088601036604;-0.7142693268655981;-0.9823354659954986;-1.0311128430696626;-0.9814333557903082;-0.9401882965735248;-1.0427875908377482;-1.2418969026901312;-1.1507208856953381;-0.9461571779548852;-0.7350145047501714;-0.44852056978000526;-0.4123597543305325;-0.5418131120666307;0.2790966186490339;0.20804709110171532;-0.06108272187402855;-0.22825673405614594;-0.4425268729803664;-0.40058789786526383;0.05336642513434945;0.5133399119134254
209;0.750176723480858;0.031852583122417545;0.03509679306576614;-0.4488258398753242;-0.8723576631390292;-1.018694681790137;-1.1299194697777117;-1.1426212711783243;-0.9840936826207289;-1.1446876946208682;-1.1720812012235629;-1.0509946059236537;-0.8906079259720755;-0.663029058071983;-0.5791911121000519;-0.6282091180166461;-0.3985199943163662;-0.4402721074950503;-0.6065443063819044;-0.7064996268259154;-0.811334514575036;-0.7764021457276385;-0.5041414519767772;-0.11939969288164799
210;0.42986928068156377;0.14458870633667864;0.1665129355420682;-0.12474709558178369;-0.5244194915136757;-0.7272225958855834;-1.0138875719122227;-1.056823722770398;-0.6262661042162232;-0.7049617122562201;-0.8514992598085819;-0.8979839967404626;-0.895508371891466;-0.8852757559148645;-0.7902320480380824;-0.7040450915519533;-0.95216397384377;-0.9483485175133834;-0.9487871479513168;-0.9362425417472167;-0.9184819198988763;-0.9565102771520319;-1.0786325076964567;-1.0428567790291703
211;-0.8257341379448889;-0.3429055802339568;-0.2964623884628111;-0.17183986196134593;-0.2727708495923126;-0.44412415025257396;-0.7656675461884197;-0.8311894218887999;-0.2417130050510302;-0.17234196101021065;-0.33521630587735424;-0.5552912841287924;-0.7448209897565187;-1.053437427770982;-1.096507525682662;-0.9046270458862489;-1.429714159175108;-1.4059693610839459;-1.2554328802783574;-1.1093477850197515;-0.9596623335493039;-0.9679783525094441;-1.2753469920318137;-1.5011840580654356
212;-1.7808426938807635;-0.9483836325958325;-0.894091093041181;-0.4899874654842831;-0.2398951155702339;-0.27623635497469934;-0.47868711239931977;-0.5146235109749971;-0.06215470084912746;0.10449509429169113;0.08773579961550913;-0.15903234676829942;-0.44107645619194197;-0.9724402871405468;-1.25166121377224;-1.1361906075037111;-1.392561161379745;-1.414647469002429;-1.2441049033728244;-1.090515606748767;-0.9169207878449375;-0.9017350766889418;-1.2008497413457468;-1.51971552038628
213;-2.1736840338404897;-1.4337298938838703;-1.3677154585600804;-0.8832083927525786;-0.40359256621294876;-0.2879482892482331;-0.23009232139795532;-0.15566875806361896;-0.32166932388777886;-0.1024660514462567;0.07362960763663634;-0.03911784377327661;-0.2249219946599284;-0.6477006959819802;-0.9366265797617256;-0.8834992244744981;-1.2404977754082533;-1.2702952689059743;-1.125241161199309;-0.9966287727762545;-0.8400408194828398;-0.7888354783997074;-0.9737814542709009;-1.1808145846473532
214;-2.427248766401161;-1.9139730038590115;-1.798828335852714;-1.2735815889640343;-0.603532706159403;-0.346316541793299;-0.06986454333909907;0.12862508908135223;-0.8495461436499969;-0.6414441196540778;-0.2689680873299194;-0.192872900387634;-0.22559960111409458;-0.44127179532902605;-0.6807969345443593;-0.7336118174014657;-0.7917359423891441;-0.8548587813623364;-0.8327818680056985;-0.8059216086810526;-0.7683428845741942;-0.7440282258410729;-0.7997557397479571;-0.8916222256511503
215;-1.9526653142467585;-1.9596836934244524;-1.794113876438333;-1.3880531675781131;-0.6991759225213906;-0.32280466289733345;0.1637398449002785;0.5257098684689676;-1.3925491644737664;-1.2295643686214515;-0.7111411383323947;-0.41873386581464295;-0.2290723073739445;-0.06710332486737483;-0.09631755198875437;-0.18928252333273923;-0.24711106984044987;-0.29720560247672123;-0.3819740420744967;-0.44828145874332825;-0.5387478895633173;-0.5670694359829647;-0.5534611753140873;-0.4989154489538006
216;-1.086051488916688;-1.7765172952427641;-1.6097205248000677;-1.5588407153973711;-1.1304690376852382;-0.7541087069248821;-0.14543613967563745;0.33086571292870015;-1.9887808138198184;-1.9647515479754654;-1.426573143484262;-0.9404207208965578;-0.5182504773523752;0.09348724769163391;0.34418445789327096;0.25405318240492125;0.1090767876759767;0.0770223378482255;-0.13428003937955021;-0.3121105575375469;-0.5283233606670857;-0.5866563472928636;-0.4203663600688947;-0.08224568692525339
217;-0.07055221497865051;-0.8901796471963684;-0.6718583417625997;-0.7351588387160186;-0.5854121498207258;-0.31155517526181786;-0.0023021675807952603;0.4910168777972991;-1.9525458679039869;-1.9687941001884994;-1.668849306987997;-1.2958490108565157;-0.8774269722641662;-0.14424035254782516;0.4017534608884892;0.6570235481657684;-0.04051077038423503;0.06286995572919346;-0.01787747018253878;-0.01234641489107489;-0.11163519569459496;-0.1354454552334695;-0.14870768066165052;0.07975200410435986
218;1.1225067148871575;0.3871194995584993;0.6640405591849438;0.6616080700581379;0.6812958053814038;0.841497955816515;0.708111392526284;1.0891014719056062;-1.4413312441853114;-1.3321748572192238;-1.2136055931013836;-1.040538007453918;-0.7619814765989371;-0.26336240475830125;0.2908694756725901;0.8417118052716873;-0.44679932121706095;-0.218873305518679;-0.04660644131068604;0.25431526355345085;0.4149157509720044;0.48515868534487167;0.19809242594976584;0.11729515151289284
219;2.4688462758997933;1.766689417985241;1.951266069044728;1.7537282993604544;1.448810789459156;1.3875427343597415;0.987338768870737;1.1460746504925214;-0.4929130120888928;-0.3354897221103738;-0.45614581671617965;-0.4631902618960697;-0.3032589196903498;-0.0069986807214514665;0.4637457111111681;1.122623063128955;-0.8718123359326456;-0.5909098366730714;-0.25702921503226694;0.22135748394828506;0.604510477005105;0.8378961624300698;0.603471900230575;0.5786536539430746
220;2.622941269575715;2.3166371257236826;2.3911227399035098;2.2085582115446543;1.8829929508992311;1.710290591171449;1.3072549120007804;1.2699800960523617;0.5179262586050526;0.7708774098463955;0.596818866031933;0.4701630395860962;0.509505463540884;0.5278679507790964;0.738101165489936;1.303726302405851;-1.0421499454814687;-0.7950120390251701;-0.39085852157572426;0.13152993008465685;0.6474615397000025;1.0315542801650808;0.9834172246119394;1.0888233181417841
221;2.610860592269286;2.725515301543374;2.6797078133112766;2.4652178714904456;2.1326322728612523;1.8688247046110744;1.5172237387723333;1.2337406685809233;1.6412789677316155;1.8961894475393126;1.693786765490328;1.48558490127225;1.4066975110728184;1.1218739682669285;0.8638421692171844;0.9851870142765446;-0.6771650273232873;-0.6176331833379963;-0.3709809226036989;-0.09061816588758735;0.32312730866051675;0.7474587532980671;1.0777640270562103;1.471098683958417
222;2.1559536718108556;2.764317028635872;2.650903906998748;2.4655006581159262;2.135881766398618;1.7450177623684537;1.464989167723256;0.9631815317410363;2.4666648404238667;2.631114219479116;2.48071933313678;2.2982304308720813;2.168495623313602;1.7353824539072302;1.175578248064708;0.8483946726416958;0.2994372682180404;0.1500559787714021;0.14777746084582202;0.06684548591173721;0.2533381534160997;0.5240706226721353;0.9773642220145594;1.4796281321241447
223;1.2728439776568414;2.2387730876560603;2.0690016624720364;1.951084211020576;1.663689643250522;1.207299698563327;1.023823074553649;0.44288954101170225;2.852739277354847;2.8932742783510688;2.8032284745646003;2.660840162748841;2.4754607123325485;1.9648319302934674;1.361811445628783;0.8556482247510193;1.2954257508964409;1.0583696169005674;0.9172094674542978;0.6211136392589915;0.6200737232691025;0.6513564400451004;0.8948000799457645;1.1922415626033673
224;0.1403499327816354;1.3093870359871262;1.174006746612926;1.2223268625262305;1.0917687230382;0.6849048029700959;0.5855941420129867;0.0780191043093879;2.721124896538157;2.5862499378800288;2.561548086303875;2.4741770939735748;2.260548509217554;1.7807637261017057;1.2566165311505462;0.6790944486884984;2.482831501618427;2.192892666526417;1.8761108152719757;1.3969606258213334;1.128162519425951;0.8873145067027808;0.9138174313216886;0.92902987230902
225;-1.399641602945789;-0.3034595132569547;-0.37832419019415275;-0.1552087458764604;-0.06163883245343447;-0.3093421104719175;-0.2778637830174164;-0.5449384763984971;1.8504397627073068;1.5658757496769191;1.6007490780704043;1.559058644190956;1.3126354811705416;0.9222854872169537;0.6468952169228993;0.2705599767229296;3.013594510944195;2.7995257819632;2.4649124974966656;2.0176149826450924;1.5871512548504054;1.1298899204404522;0.8653407365764528;0.479584059567579
226;-2.4266542470545454;-1.5472840971771578;-1.6112300855065587;-1.3517620879864607;-1.1783002336692592;-1.3287150767425444;-1.2689878331594278;-1.3766730936039178;1.0022572092978623;0.624186835990002;0.6453895414212919;0.5824685730925252;0.26806561552530694;-0.14263707382834706;-0.26102554574541553;-0.4023511860733234;2.740552705844306;2.6141863203207225;2.346152940341996;2.023700534994132;1.5798635338804574;1.062993458052369;0.6372862365404488;-0.035331765556078296
227;-3.2567029447585;-2.8997543068865754;-2.9410328478335837;-2.7627174083011985;-2.508005673139371;-2.4762912459164985;-2.246125026995727;-2.143652880690834;-0.6015887115739206;-0.9563816500829634;-0.8148614754425649;-0.7634582072229725;-0.9717072406200056;-1.1851840509761133;-1.085669810198521;-1.0023105101626548;1.6448273658886428;1.6196914573287708;1.4366525046789156;1.2983702718420371;0.9377728578970673;0.5564775241233444;0.2511674135117534;-0.35712536050980564
228;-2.9579068733709533;-3.1287949497189076;-3.1342795177402363;-3.1089955495536157;-2.9444833068953495;-2.850961074071229;-2.632898760775386;-2.4259780132141224;-1.766520516796643;-2.037250390402901;-1.8321420553313246;-1.692619085457254;-1.7655224467324016;-1.7931335133004571;-1.5664836836034355;-1.3537283125300577;0.41111386058195803;0.44429965256569615;0.33793957740942987;0.3406089271054526;0.11561367682779067;-0.10231834134445567;-0.276874287244973;-0.6808016266988897
229;-2.1709073769338962;-2.7919537304807096;-2.7463457390260637;-2.858375525665371;-2.826936093875941;-2.723777268479178;-2.623512917785952;-2.3616046488039166;-2.603865542816623;-2.750378365774336;-2.5520671995768236;-2.3831417790605784;-2.33993301163678;-2.247874431808872;-2.0037163488274174;-1.7412982765629692;-0.9596389294975622;-0.9043447001976312;-0.9524677374479481;-0.8505327472149579;-0.9322343028255439;-0.9786372751432637;-0.9992130141388962;-1.1395140821220566
230;-1.2681962926316037;-2.186069220933666;-2.024375936792498;-2.1192544083612876;-2.100981690287362;-1.9093484857722895;-1.9305215658687565;-1.5228925057382077;-3.1095001054486056;-3.1196937538370246;-3.0156268627784413;-2.9029432608935757;-2.76691305230152;-2.5346317099768587;-2.25093059225107;-1.9105149275672804;-2.142865534624624;-2.0573655996101583;-2.0489971413365224;-1.8495747016797761;-1.822420630358182;-1.718495573280839;-1.6289451757063123;-1.563986781391257
231;-0.15030303665748537;-1.1665950211942662;-0.8725277959494353;-0.8743536017399298;-0.7943282698208359;-0.511307633024623;-0.6645190862681901;-0.14733250126365707;-3.0396172778788575;-2.929398789059897;-2.9425084364768606;-2.9185191745441865;-2.7063292585461083;-2.358028396841034;-2.0946358744619733;-1.7552560189116437;-2.796507251190751;-2.7106220771483738;-2.683526103269492;-2.4321912889774486;-2.336166116364632;-2.1027238577026424;-1.8848870018364436;-1.6292461912365936
232;0.4783648208489614;-0.3335635593110195;-0.018022717486036285;0.11260568247622112;0.3101465635005561;0.6200523146527225;0.46665330650226433;0.9402598282450028;-2.282574086656612;-2.039142155422909;-2.0421630695606026;-2.080233689350961;-1.8723712552102552;-1.5843148774527451;-1.4724896165952315;-1.245992984734502;-2.9192028771225633;-2.858858694594561;-2.7706804249874715;-2.5157042128310194;-2.3388262349897757;-2.0548763875365195;-1.8600530667939617;-1.5378211183940298
233;0.860988968130376;0.36753957344100585;0.6142318516282238;0.7755606276275213;1.018877075409395;1.280996839540674;1.2589547967995385;1.6132966388645191;-1.206652761567191;-0.881523875718582;-0.8300284156518316;-0.8590004085526164;-0.6464017449889226;-0.4009785151293767;-0.3809219244620524;-0.28261306596882363;-2.57635082078982;-2.531245464388732;-2.380510831438112;-2.174905375152648;-1.9262959290691335;-1.6394186448958206;-1.5233514217452828;-1.1533998336302511
234;1.3887523664955184;1.2352927644068925;1.4149225822832683;1.559228334225531;1.7575110135045062;1.9195513725590838;1.981948934439629;2.180187913917338;0.1335887898985953;0.4649914438851625;0.5907374361512349;0.6414392849609698;0.8527668928278223;1.0726198665324271;1.0914783123526761;1.0714736149283577;-1.1316493949868458;-1.1059307436135855;-0.9541953414655133;-0.860626605931473;-0.6545780552662838;-0.5214093427121265;-0.6554308782023;-0.44007809244821033
235;1.7443610270286922;1.7951038234542056;1.9189039731522182;1.9790331481437868;2.0560474729269957;2.091585464062003;2.1333283461667154;2.1895054628587984;0.7957257959807335;1.0806695128281323;1.1796404015607826;1.2481881474356238;1.4509282352317117;1.6549217838803265;1.703733790591543;1.7041713583810045;-0.3348641966079403;-0.3081039259996509;-0.17610775838725995;-0.09374551650072262;0.12360308603352674;0.27332812319204647;0.18581297372013958;0.4133002947715167
236;1.6116637222971928;1.8614462170174348;1.9380917005913205;2.0100905970891723;2.0898351542921314;2.062208935938909;2.097884242613666;2.044478076071981;1.4138039652000385;1.601424963379362;1.7451344991590425;1.8339754349751778;1.952119798645484;2.011272744250023;1.9720163273087916;1.9147336922509512;1.0314042726401695;1.0268500403099812;1.0797267233412817;1.0873933818805201;1.1902596855153522;1.2304931171329532;1.1078277322997927;1.1539462328925052
237;2.0388613819364294;2.3347257840965048;2.341984519809128;2.29182590316039;2.172092839889359;2.001327052706875;1.951791612390827;1.769874441087729;2.0094917776727304;2.122467673457757;2.2151971677909255;2.283032660126318;2.326808405420674;2.3094164863632556;2.312634494226829;2.3203901178303754;1.8111257221278916;1.8522654075001859;1.9628523615267148;1.994626531009529;2.097096765193914;2.0374001551919507;1.7202761928293575;1.5698880134574733
238;1.7798031715196652;2.1438023926446035;2.072439886665809;1.9315121051447144;1.6534934743404903;1.395889997225058;1.3011829688022247;1.066442744476465;2.5063571722678812;2.402933112103509;2.3281848525520763;2.2773977493605133;2.168922908664009;2.037473667614791;2.080092242004959;2.1528250700786957;2.758265346733283;2.8155166064146915;2.87992794013338;2.876396444878105;2.8451182243949864;2.662308452245698;2.2835680387695745;1.937968300291401
239;1.1841364028670236;1.6635078070799123;1.5785957822584078;1.4565302078222022;1.1305344768951755;0.8057666323376047;0.6239260167511557;0.3463866744024564;2.4087832881462368;2.1887369604849236;2.0302606105885173;1.902599298426182;1.704521390397101;1.4786213505380514;1.5032227008622006;1.6013249199777027;3.0261838260267453;3.0706765864932923;3.0666978197268264;3.035171472900085;2.907893596686739;2.6852307737149625;2.362505401538633;1.930929751050841
240;0.39857608676063033;0.9773859411750497;0.8748680220428374;0.7910263048084288;0.48495284008788353;0.13212938791775578;-0.0726605065313593;-0.3614614757590346;2.0377831492188183;1.783425087865381;1.6038440899308744;1.4303438109497069;1.1772233771903462;0.8640048582704425;0.8496735193513153;0.9958693279701056;2.6783770664699755;2.712508730941851;2.6817870828230537;2.6826917127671686;2.5627211411028763;2.417172210017254;2.270450705029343;1.8828867374654719
241;-0.49044137752880557;0.16793500376514844;0.0675422409266483;0.06295063959040846;-0.11259343906307495;-0.4070698778063909;-0.5645053408147563;-0.8239575204768044;1.4810594979125005;1.2600631689036603;1.138698305456163;0.9709799447054807;0.6990567535097344;0.3098710789923564;0.20197971364856368;0.29511884072202965;2.006050205082365;1.9975494454846658;1.9421714195289612;1.9347618665646669;1.8268694405699535;1.7223347308905619;1.67090443828831;1.345559574666885
242;-1.6209470768209013;-1.105044997181212;-1.1652973033865544;-1.0883790759631204;-1.0667431512967143;-1.2033489905934696;-1.23898785054627;-1.346355495974927;0.2956838836562177;0.10830831435871159;0.08200774224818073;-0.028706365259947873;-0.2552432109592757;-0.6071015575238711;-0.7326620977708782;-0.6603773221766118;0.8530911339375172;0.8088214569030987;0.7165252264730492;0.7031336019038593;0.5994975342081702;0.5509280782034269;0.605198467698402;0.38797634468476044
243;-2.19381406804984;-1.8259109702969647;-1.8571872196308714;-1.7573179686992413;-1.6437174179824032;-1.6759485133226966;-1.6476687991849885;-1.6462325957393904;-0.44584674023330184;-0.6346161838934917;-0.6250324491642731;-0.7085820086682885;-0.9069142357191623;-1.223174197148566;-1.3722638050517162;-1.3579301248399895;0.1251556104333039;0.03915907353414575;-0.10171716863393632;-0.1623134087746074;-0.3042334976914481;-0.3569589189313705;-0.2574532492578598;-0.4024794914864007
244;-2.519286704628024;-2.3214621333313965;-2.3366395058589555;-2.291754473291749;-2.1688737279591206;-2.156398855405524;-2.035522633848134;-1.986855477593796;-1.1694582182759856;-1.3582093943238043;-1.2667781383212093;-1.243019855033562;-1.3426773472206366;-1.5146443606803321;-1.6366682018189518;-1.7451710210947098;-0.3362268045773787;-0.46310669324332326;-0.674235097757559;-0.8353169206503368;-1.0544094041880083;-1.1639510145339835;-1.048567796717471;-1.0686550301673297
245;-2.7162510313308394;-2.7314860375257743;-2.731494722742224;-2.7458605925993136;-2.666601190432682;-2.6223379486916003;-2.4445865025727995;-2.3038721049930833;-1.907266702021783;-2.070096453698866;-1.963265233328905;-1.890825801097557;-1.9146275026016801;-1.9309699615499236;-1.894455839058913;-1.9027743722076196;-1.0826024094837232;-1.1584349251346795;-1.3161896434892586;-1.4164550496738197;-1.5845117894750549;-1.665072124621023;-1.57900448488271;-1.5394477216183418
246;-2.2831442404092908;-2.5189096116124174;-2.4674375557814265;-2.4999382278869273;-2.462859607373177;-2.411571763545481;-2.3026889817500744;-2.1162060223729546;-2.3994746039598978;-2.468835852782573;-2.3444761231564546;-2.2405457184087068;-2.1843379592606356;-2.0906839428938935;-1.9527612598240338;-1.843583651839262;-1.6763751235701714;-1.6874719092803168;-1.764634194082823;-1.75192442118853;-1.8194584376924616;-1.8176884565443678;-1.7411823706004446;-1.6486153164248496
247;-1.464051775831639;-1.892570116972152;-1.7882678440665434;-1.835092211233439;-1.8567325362969476;-1.8001030651140257;-1.7872026749107977;-1.5433626935704525;-2.455565556312605;-2.430542226319237;-2.3445608522079118;-2.2576713361225456;-2.1491883610840854;-1.9655017583485428;-1.7256517045265454;-1.4844371016438735;-2.1123605635104954;-2.0548289330667826;-2.027089133717927;-1.9002688116231239;-1.8487084547630792;-1.7848730441225402;-1.796354698354124;-1.6967481183177788
248;-0.320018769794089;-1.041599479212312;-0.8772567213976926;-0.9790096475717324;-1.0354260602629384;-0.9618403724343669;-1.0471470739837752;-0.7897843255041418;-2.46228888271612;-2.340110221986073;-2.242019241378346;-2.135753343428789;-1.938698798767075;-1.6764534849342958;-1.4726548377943915;-1.2513282809829536;-2.389166772867483;-2.3164101978368525;-2.2506353314762193;-2.084921450877666;-1.967670379168978;-1.836291565860381;-1.8078146133629072;-1.5961592878311381
249;1.306027967003063;0.47491379256275645;0.6821980676872571;0.5240984983656651;0.35849858265304035;0.38278290436874796;0.07294625560250369;0.25018833966352816;-1.6962054006197134;-1.5132447156673554;-1.50460790400076;-1.4652196074616548;-1.2635463476066997;-1.036028898884018;-0.9261961827183046;-0.773946686414322;-2.1986059295054;-2.130693367653339;-2.0187142078568923;-1.8437360468220643;-1.6811565541350222;-1.5630278130663158;-1.6480351328914062;-1.4740206731677377
250;2.629283808339759;1.8343562249176333;2.0474181477091817;1.875531687721278;1.6798188516710868;1.6933927557626747;1.2454539664003383;1.3284462544182698;-0.594647791649876;-0.3830742624356842;-0.46621372942418615;-0.5117796049397613;-0.35930873268501157;-0.25214424661532997;-0.3175371495163673;-0.2844793314811587;-1.6002574759504902;-1.5627248738547315;-1.444852731136079;-1.2938825633904596;-1.1298082581469346;-1.014800466521094;-1.1135482594182002;-0.9750159056547547
251;2.815891415906641;2.3860463606626845;2.5540816260360546;2.4439153832076292;2.282424845214129;2.2640922763986797;1.868330463087286;1.85280295648348;0.510182572798247;0.6942654728244421;0.5963905918613014;0.5184215246547812;0.6041369772266708;0.6054526757727967;0.41123857845201806;0.29235381850051156;-0.5679844790600496;-0.5858050354769188;-0.5247632217225418;-0.49073043938150246;-0.41123913536531265;-0.37619499856471256;-0.5022801199665068;-0.41129333864239837
252;2.6716713131253833;2.7018744361613463;2.823385478705637;2.8358039871301157;2.8413144419968526;2.797968958270568;2.6464846212855146;2.513065467089008;1.4707844744828802;1.7383496883518854;1.8497521710702032;1.9012351755806272;2.049651102363358;2.046746684327509;1.7033157267094048;1.2772751800074598;0.39129525444321045;0.25912109008876966;0.2203065461320552;0.04896351995146989;0.06656313786158977;0.046848816343369584;-0.031516601033688085;0.1966764328263487
253;1.823483760212341;2.388236486904601;2.4280294505981557;2.5790140067805303;2.677377476694913;2.578863739919668;2.5962292964924383;2.41870209453957;2.1837854608328247;2.480895637471831;2.643091249018861;2.6814459713195635;2.743720792934368;2.6282673724183643;2.349846826493817;2.033260710260301;0.8516456868365587;0.743134671351939;0.7981558307470606;0.681617409650098;0.8057893917659226;0.7882660613448451;0.5849840635782763;0.6913376111602252
254;0.7022401207767638;1.602622545654963;1.6163571044720955;1.891807262587331;2.0849152776821125;2.029489167248243;2.2092297756381116;2.1589961762029026;2.4337367074804344;2.587299311508917;2.6877993422797353;2.679137358466973;2.644996812242347;2.558534381441654;2.5561181614809145;2.5157876251375293;1.660474976062892;1.6289355128706393;1.7299908247027636;1.6855512801359973;1.792351308488638;1.6838921265805733;1.2634727919362239;1.0668575224193566
255;-0.06066930434233847;1.0700931546126269;1.0770849501715136;1.4764469296222216;1.7960865962395263;1.7835567229493374;2.0428182272831976;2.0473998237602915;2.553336759086127;2.65919089863358;2.758156082892544;2.7137686255775906;2.6019394540561094;2.459507093806524;2.541355195211583;2.6539587036093573;2.146209070244893;2.160995191246527;2.2923153607319406;2.314486795529289;2.420027486775338;2.300551934172409;1.825416615227712;1.4431472898681492
256;-1.1855427775068559;-0.17753713602995377;-0.13248241439088237;0.39657494556385076;0.929822152389961;1.0386537971897276;1.3648088099944025;1.4838671834124815;1.8036671944676874;1.826414876771277;2.0136422871697457;1.9929878260413487;1.8378941559985933;1.6453224899114152;1.747634180115977;1.9893797292558177;2.5589007191382076;2.618447135516168;2.6939897225265157;2.7671636818047904;2.7646147860286816;2.644390281170434;2.279726973338318;1.7344416849132693
257;-1.9349017270475792;-1.3001922331240243;-1.2125372403642292;-0.6971089845992556;-0.050211988942518736;0.16851767682785831;0.6051210605703765;0.8254967960189623;0.5375445802626484;0.5219231620699141;0.8559629596751727;0.9730190723178263;0.9197024340636759;0.8689175619658086;1.0511899227212917;1.3697843095617193;2.4089302296397745;2.518870412840588;2.536470863790235;2.6527833480639313;2.5744149646330627;2.521239876975052;2.387373798375181;1.9182178250200215
258;-2.127171817754709;-1.9718845449499827;-1.9208128303025376;-1.668647144585253;-1.1897748839236884;-1.0010323893884292;-0.49778006672473146;-0.2857555638570001;-0.5643113230989846;-0.6888892614667191;-0.33666743862948906;-0.1064864313496861;-0.022749590899393782;0.1302289130365405;0.3580764041622075;0.6157373080951516;1.8439713985679957;1.9299415511118723;1.8084726936255584;1.8731103420126112;1.7152113136987734;1.782725409787411;2.0796463234597304;1.997589299024725
259;-1.7909700086542224;-2.0666588331051488;-2.078923037933809;-2.1816221418625186;-2.0357282258652645;-1.9912328425862313;-1.5448579541075713;-1.4234064539537914;-1.4567073172065466;-1.6504540768414395;-1.3392461167030285;-1.0197922574246607;-0.8027226720234234;-0.4571176987890522;-0.1938763118500098;-0.022258103192698154;0.9329846283847677;0.986644059757149;0.7739436597006172;0.7830894267448459;0.6268081379335589;0.8055242896128968;1.4204518869482643;1.7674529394644305
260;-1.0701299853378405;-1.66840497898413;-1.7517747171048599;-2.2061201560070347;-2.4963999635165135;-2.667802489956406;-2.472045272710438;-2.4878203683799995;-1.9810226794341939;-2.1850266551254376;-2.0307964153719857;-1.7460324608822229;-1.5110693360852434;-1.1404630621922072;-0.8772671299238884;-0.7098777012999777;-0.33266886747124375;-0.2817216083718594;-0.46538475596804163;-0.43184993774347985;-0.47731098322727483;-0.19777660185609497;0.544848341491883;1.186156823328703
261;-0.4855563390952457;-1.166124503216424;-1.3069004246694391;-1.9578911744384193;-2.586857433401434;-2.933404349076142;-3.106794752799375;-3.2773833721815557;-2.016912847695801;-2.1737678621779066;-2.2354077844234648;-2.1331498048615996;-2.058181601904715;-1.9574559138882188;-1.8299501664890865;-1.6433306680212263;-1.5676497220124248;-1.5168158053680763;-1.581237558225073;-1.4681310994702248;-1.3779710065376674;-1.0757947501179876;-0.4444280205113548;0.1592625551172607
262;-0.05368120213164145;-0.6904295795774569;-0.8297749384477601;-1.4663895254299244;-2.2153459583023984;-2.5781473132852684;-3.0635997978761544;-3.2611598725962048;-1.6746122754744892;-1.7841520261063963;-2.0938159408142405;-2.2747119157619466;-2.434372329399029;-2.6914770813122084;-2.738988229374644;-2.494896397503661;-2.5084713765403794;-2.4577436795141816;-2.3942485336554515;-2.1757910173819597;-1.9926839553234974;-1.696585382930702;-1.2562968707178706;-0.8978636416743612
263;0.11348008692855933;-0.3250705606184847;-0.39120781833235035;-0.835948711772041;-1.4609044360131886;-1.740372311918783;-2.4091634679340737;-2.594934270684453;-1.1865597897889912;-1.273458764467821;-1.6889796424757766;-2.0463786819851286;-2.3565715374304266;-2.8896590460060176;-3.1837919642267742;-3.082040926455718;-2.6081462589771935;-2.632561576713207;-2.5747806072283606;-2.4237130262011863;-2.323751830999347;-2.180473266567623;-2.0072378415485392;-1.9735406236687394
264;0.16672254883578302;0.0007701832700183349;0.004362220906462126;-0.20752821415899586;-0.6044525014149627;-0.7797034643967619;-1.458794953351648;-1.5933146467146095;-0.45313440045461295;-0.5382291011630792;-0.9696436259714492;-1.396844176062578;-1.7661961739641538;-2.4183594108358393;-2.896789039657253;-3.0165390738878157;-2.094175943303083;-2.2169717600073566;-2.2398776473458972;-2.2720846493754667;-2.3244168986384497;-2.3894557529338534;-2.4889534885610383;-2.691505006784529
265;-0.3095451166473786;-0.017367602774150965;0.08253283757808695;0.2381362208658111;0.22102997597166188;0.19271746467482262;-0.3454512904833005;-0.36752795348067685;0.19107596285566386;0.131622105455429;-0.2214062206181413;-0.6423779232247572;-1.001859797534381;-1.634164302800962;-2.2063668427789818;-2.528601017765355;-1.322459664640098;-1.5368553838019958;-1.6690219985517534;-1.8942836342700455;-2.1012919162564687;-2.3394749571002205;-2.619346138315652;-2.9390301805515517
266;-0.5298180231892994;-0.09859632511470222;0.06479088325286357;0.44806465572314;0.827114286984724;1.026148204543466;0.8964650357113986;1.0709925469134596;0.5658559622443282;0.5794743565983022;0.4536416497157269;0.20375247301288735;0.01709274721497717;-0.34533346533143594;-0.9102186609237655;-1.5250579790972316;-0.6085171396619082;-0.9092177559104513;-1.1680209380214766;-1.621019664546456;-1.970778719886328;-2.3404249848110674;-2.674091398858626;-2.887508470142461
267;-0.23302709224543802;0.17048713822569234;0.33748706356166425;0.698806530684873;1.1378441071597976;1.3696432920911408;1.5462470503392673;1.7828276013177522;0.6399613651469616;0.7511577870086105;0.8654799017351898;0.866325490081239;0.9143435760164907;0.931604785558967;0.6371517890854027;0.00519721593368621;-0.040056007925386175;-0.3048720614489174;-0.5398876905882691;-1.015987658538329;-1.31986960093897;-1.707137705580951;-2.116728266321739;-2.18138672563484
268;-0.060868962146271785;0.20584115777077847;0.4034913443394133;0.7959005030633506;1.336384084082928;1.6166219623861282;1.9056534002311554;2.1716927634696055;0.2840779024921587;0.5157607763959947;0.8670232210706291;1.0526420993115324;1.236830384201009;1.4013777766839264;1.252776874908683;0.8187305836753452;0.2893426258568517;0.13062834907427157;0.008290771891120215;-0.2904617208372039;-0.4496032855203978;-0.7163596748763602;-1.1031240800920523;-1.1662929762143928
269;0.30671387009171974;0.3361386849879593;0.5756452604299495;0.9223763743490706;1.4594629990829984;1.7705550633656577;2.181957494847551;2.5203817435860714;-0.21022161557528307;0.09253579262644239;0.6222595642622829;1.0078565572448688;1.3821564251607983;1.8652579035679904;2.0639324602512024;1.9758730915218072;0.685477259523876;0.6967873026825063;0.7043473327346756;0.6221592516407635;0.607428507602476;0.48345736068995915;0.13260969682313592;0.13239966499762174
270;0.020402135253345683;0.22673412569997145;0.4222030986655379;0.794775680991878;1.3030533063624212;1.5297568226812188;1.9715025159136552;2.280869894924026;-0.0907443236011277;0.24709351266119292;0.7833536729782651;1.1716532011809986;1.5157107943840085;2.0046378508421907;2.5056255156100478;2.8995503357712353;0.819163459014525;1.025111671659252;1.2775318441071022;1.516732824005201;1.769717965287371;1.8160510706580335;1.3755484068564898;1.2192311499747548
271;-0.38225506669790266;-0.07186883458705966;0.08575875962441484;0.519041456896226;1.0813148741395329;1.2704278124139685;1.6908631231024887;1.9336560923217998;-0.16628203878320308;0.2407638685402424;0.7924394864707606;1.1393449816716883;1.415560119039233;1.7684403376748292;2.292438100381593;2.966757092184304;0.7371786830749953;1.0691794475215912;1.4692784870145636;1.9708891674208315;2.393413909031104;2.6452861572345907;2.377368111221997;2.1874756530970525
272;-0.062466220059341646;0.0406393768013288;0.10720253045776507;0.35698074451054146;0.7115993795678063;0.7798502582398185;1.0623041052686246;1.1700140237002332;0.016761360720699562;0.34066785115793147;0.7413571658647489;0.9630784712344964;1.126823170246857;1.2942921459667232;1.695790689956277;2.4399233876080233;0.7434140185606577;1.1000997791588172;1.4914363417807972;2.087796167007893;2.535714383516911;2.9650335656964306;3.0800652618612387;3.052532076245489
273;0.18000958239969186;0.26351306173039635;0.21757667660132043;0.2186764496040651;0.2731497403432734;0.14829114171982735;0.3012485261443356;0.2001053225677008;0.3515714525665604;0.5361579327160219;0.7666399989779865;0.8921455317548781;0.9668309528605709;0.9764266624188533;1.1569704971287431;1.6856101879257501;0.7467598750695487;1.001682721511421;1.2555454158265111;1.71166103315939;2.0626145338570754;2.518926760566386;2.944614779692571;3.1450108142317386
274;0.9551145988753644;0.6135636983712687;0.48737085513502254;0.030225864623418232;-0.4497942824656803;-0.7518989826762739;-0.8671400226459217;-1.0707336968543042;0.22777441618680405;0.1187082742967764;0.05593378649639297;0.0906735831157968;0.11307768547329818;0.13766232281992985;0.25619141703112297;0.5235796687805987;0.5666821972549821;0.685164131721717;0.7377812985529928;0.9243112584339763;1.0454666071771013;1.2846705725497318;1.6631707416622368;1.95728952703313
275;1.377721204346035;0.9707515513936682;0.8469964973560368;0.2696674977517128;-0.4270624772830075;-0.7844907246500039;-1.123269804260553;-1.3504160741214009;0.40686843145009477;0.15875179361378344;-0.10558335419714727;-0.19718726427175878;-0.27472151694922325;-0.33622680975304303;-0.2870837986573087;-0.16630990191535;0.5467747640483451;0.5767336727411276;0.5361139023008142;0.5701083211762652;0.5434645617442;0.5770486201690151;0.7353043244191348;0.8810567303902745
276;1.484137718465531;1.1337155568853103;1.0308248039320018;0.4667903981960881;-0.2839127674189895;-0.6486678653115047;-1.1504965088749495;-1.3819061645491273;0.5467519108460113;0.24319166001894713;-0.1594864360399327;-0.3743546397503449;-0.5524301286971729;-0.74900319632269;-0.808618642563106;-0.7646329715649868;0.38582834073783817;0.3573073398834121;0.2672622030482942;0.23686645313613422;0.141524239724845;0.10030943905114373;0.1898342415785863;0.23630629482425755
277;1.045260989169427;0.9460160454410598;0.8947506479036249;0.5146400278552838;-0.07426313290246536;-0.37674087930447997;-0.9621029173116196;-1.1893927223585927;0.6844687118055937;0.374324239447853;-0.0716641926912599;-0.3888949281789824;-0.67109449898708;-1.07841290128077;-1.391931902277961;-1.5519465934009926;0.26543595625552335;0.12294809548932047;-0.07329640019713785;-0.24693483836806998;-0.465989951791772;-0.6009405002999231;-0.5385017558165449;-0.5883499795781576
278;0.09290471539155526;0.35647322315055635;0.3737638879497213;0.2969910723236857;0.03024930102385102;-0.15124917520424302;-0.6457973001826832;-0.788518573603525;0.652873773920479;0.404687917190768;0.036615030083029104;-0.298343445342439;-0.6140102034539243;-1.1087671518435442;-1.527585123534249;-1.763646434905614;0.15428226023092223;-0.03963441512047731;-0.2706641122135161;-0.5050766120600442;-0.7676734026991654;-0.9506289938007649;-0.9544915665177018;-1.1033787618486626
279;-0.9202296485385764;-0.20746500586457714;-0.16556995250706524;0.032656723956019144;0.04186409693532099;-0.06164992874515399;-0.43878593083436745;-0.5362515293349578;0.7161534146351334;0.5704459221141402;0.28119289308468837;-0.07669738240593693;-0.4359984404913236;-1.0179463757478497;-1.4890112219621985;-1.7309706719387485;-0.1467499572004764;-0.35191766345333453;-0.5322879531008547;-0.7553619847752908;-0.9704394118584848;-1.1613802627350946;-1.2682836511916855;-1.5032353258621731
280;-1.5492161165797302;-0.7150286351091106;-0.6833098434159178;-0.39822935517326014;-0.21088404774037403;-0.24506372979364793;-0.3781579146248434;-0.4401346689125332;0.5444285364189952;0.4815663838350317;0.36042868308866194;0.1135396298399082;-0.16257489037649311;-0.6482060406071396;-1.095762964108178;-1.4124666403666981;-0.32562853836861183;-0.5455633531141454;-0.7144643985907083;-0.976823205172147;-1.1688724529332615;-1.3575571860034286;-1.4748130388594638;-1.6210456192201133
281;-2.454793604634304;-1.6915148016823887;-1.6733985330587822;-1.3767010511110058;-1.0393753211660142;-0.9986405386967068;-0.7510014365163965;-0.7018013013369885;-0.18361842172987727;-0.18723267074711333;-0.0396207835903727;-0.03649385066421213;-0.1254647202212373;-0.31539838601243747;-0.515024968840089;-0.7988895818857934;-0.47002744297637045;-0.6493069675904602;-0.7805460141263022;-1.0518826754102262;-1.2065194493225972;-1.4294668718702501;-1.636923264523344;-1.7172420613520756
282;-2.547219727510334;-2.016460350273145;-1.9977111422247573;-1.7770189916248014;-1.4700753159421651;-1.4259195327710343;-1.036270743604081;-0.9170543457427349;-0.7792502554791053;-0.7711426411929841;-0.4885665706074419;-0.3151709160729744;-0.26100216148938754;-0.20228944922943853;-0.14638839318410746;-0.2928367892079171;-0.46707676410777854;-0.5688382909760173;-0.6534034253495606;-0.860329733919143;-0.9652367459704743;-1.1768043476904229;-1.4384558778471859;-1.4813070082909965
283;-2.228716314900006;-2.2470223688457147;-2.1758398245699087;-2.0526029297183257;-1.7751180158458217;-1.6471275750679641;-1.2664729854741117;-0.9896128040253168;-1.5953943329788818;-1.610581726509433;-1.240235710454468;-0.9447230752020641;-0.7886921699862072;-0.5449274452191739;-0.26351529921472544;-0.19309756573208253;-0.39995792046617323;-0.3984280483098717;-0.43723313978542605;-0.5206111183207967;-0.597712259216993;-0.7906011049739395;-1.1074794463407656;-1.239174885221978
284;-1.7336769136509351;-2.125478861158685;-1.9701016353177032;-1.8506074476304533;-1.5889038741249262;-1.375116317762653;-1.100983310937033;-0.6799143945435973;-2.1674975095039244;-2.159242475811694;-1.8094754821899213;-1.5079874772350312;-1.2992341132513323;-0.9181761342571643;-0.432016858091087;-0.064410126094452;-0.48871423190585855;-0.3597326449272917;-0.30960590530383275;-0.20176253852545598;-0.20635087589287013;-0.30867747718207905;-0.640835927180714;-0.842748775860984
285;-0.9314796095109942;-1.4938964240400883;-1.2597697611478451;-1.0923841751397374;-0.825763109814964;-0.5790284730273786;-0.5402843341791118;-0.12685328008863114;-2.1979962784654883;-2.1362065551021074;-1.8773846214932932;-1.6874033499136578;-1.5151998084087006;-1.2249390947241852;-0.824353896113095;-0.32074710746724455;-0.6191028989071065;-0.4450795709248207;-0.34824012109240554;-0.07170425566974678;-0.0013591316958842421;0.06360932368338043;-0.08036553640364728;-0.25749897340219374
286;-0.10139689767278566;-0.5687241092167986;-0.32375212702895684;-0.14941566649537083;0.050805960053283826;0.2062960826289625;0.058959741455294645;0.32877816203227267;-1.8225718312274093;-1.6519179620131021;-1.497383409394225;-1.4253921998680925;-1.2741772424940734;-1.1048994889181878;-0.8969723107396022;-0.41565198116404234;-1.2052764505544387;-1.048844553943654;-0.9239228997348307;-0.5504880029286824;-0.3410501082126814;-0.019369256672001463;0.20276022841055732;0.3345557212048035
287;0.5903827989512827;0.2127422941165728;0.44889547761429704;0.5960301784952823;0.7626051508809413;0.8929735152998648;0.747454599748288;0.936985447904743;-1.395881319003455;-1.128986081371361;-1.0229492844694443;-0.9850437446510474;-0.7881005061956059;-0.600530992977379;-0.5437938962413699;-0.24909912406173354;-1.6415943994069406;-1.5390985148581666;-1.4383312772578003;-1.1263251088182635;-0.8845807252253263;-0.4507658682925735;0.007656230520154017;0.480511742637819
288;1.1448523606363958;0.9561564090741442;1.1145932332297266;1.1844997434354965;1.2190024919090505;1.2554093224627279;1.1146465888475074;1.2107974547381282;-0.5197431457243268;-0.2132029076915833;-0.20552194238417942;-0.23762048001884795;-0.08284101110429982;0.057257300948231615;0.10780093643100518;0.36205770150845534;-1.7433626856493725;-1.6359815333643648;-1.4387060783012855;-1.129512853798761;-0.7985419774342405;-0.3949873370092078;-0.11285393163563553;0.33548280683097476
289;1.9385882005268933;1.7706805772941054;1.8611572139307186;1.7743232120549222;1.6448733532099435;1.6059480462652507;1.4652611981705983;1.4917953475753494;0.4942656870179535;0.7232747405961404;0.6484736873191319;0.5928193301362844;0.7121459018736063;0.8187783321534242;0.8432562048426872;0.9158850413722667;-1.1201808467529333;-1.0729692636269328;-0.9001078769476246;-0.7536542012328759;-0.4963022821217359;-0.3044016921457795;-0.352750867789515;-0.09719343887639771
290;2.350834307379694;2.3276805986045788;2.3478156812507667;2.160153071585829;1.9283577082722947;1.7793775554037836;1.6495757022560085;1.51138887126621;1.3268021234377325;1.4890423798363501;1.4414895047334249;1.4328970783374102;1.5354043681383025;1.56607771304921;1.44541284748103;1.2628261750836403;-0.06074682669429222;-0.10884881217861532;-0.05640818566124124;-0.11533799455450033;0.005208321986213;0.046184327642124316;-0.055117474702390305;0.17009412368728227
291;2.405860881444331;2.541203792294706;2.4900925889422973;2.243218859729555;1.9474705216363417;1.7377748588206754;1.617185110503284;1.3871064543837726;2.0659909169067987;2.108936376697374;1.9993496188141682;1.9447199902988976;1.9584386224092447;1.8593917551353694;1.6166235722695759;1.3116458387372547;0.8409952921205776;0.7284897406924351;0.6796152605383655;0.502765342971922;0.5141441903452119;0.49033670618761616;0.4579119543512586;0.6593404906099427
292;1.3810305128529825;1.9557574060844718;1.8869271324637742;1.8667827576298002;1.7517622018617514;1.5692884157159428;1.4837598731154702;1.2698890365102393;2.5709345106049386;2.5448903035098636;2.4169014094676986;2.2607498373817583;2.0968067196947966;1.772604729826984;1.4997136495787802;1.306665483400031;1.6779557048141158;1.5803703339428234;1.5441833264897538;1.4079759333741193;1.38212887242599;1.2871199867587173;1.1307566847246098;1.0124173330539037
293;0.5247674801010381;1.339466358198049;1.2412418988940483;1.3316113496052173;1.3233290784501843;1.1437217983568313;1.11446545652785;0.9022429246296126;2.6566855561096996;2.6018160558501267;2.4964173845321436;2.3047196276836996;2.0463197671145856;1.5935941491020589;1.329998085813624;1.2491942399918077;1.9902272419537934;1.923948059147842;1.9230127285211205;1.8564424098374976;1.8506364811244276;1.7601142681994444;1.5842586994092487;1.3048746712861012
294;-0.4316165289096797;0.4198501482012433;0.3139379527785143;0.4656668203827954;0.5245617830096898;0.3564417435842753;0.3712470924186592;0.17778852240340373;2.2100170157645653;2.0912157465242442;2.0251802900158604;1.8367030064921304;1.532931935757551;1.045326306899661;0.8420894371611346;0.8797738662761553;2.1688501219705607;2.144364623976098;2.141299636581268;2.1333424208255614;2.0895674656592687;2.006276590600035;1.8848778867195253;1.5189107605324128
295;-1.0607757291833257;-0.42970641196867476;-0.5289145364612332;-0.4527462406430566;-0.43442519866815105;-0.5801339895246852;-0.5102078148858872;-0.634055018660832;1.4109552517513904;1.1743537570381608;1.1074594308493066;0.9739536776404245;0.7180107267698802;0.3736958634435704;0.2959426678989328;0.3562008733559338;2.0543663620751085;2.0317780163838592;1.9437680462932148;1.8894040058119186;1.7344563678294904;1.610742200903786;1.566702325163597;1.2507350188350226
296;-1.2670028934000033;-0.9468768757952475;-1.0199407474218107;-1.0983451527989605;-1.2130899851548596;-1.365836658307964;-1.2828190999103841;-1.3434679388109927;0.4171894829709767;0.0845632138876632;0.01669934629136903;-0.013300022074107212;-0.1376658895101955;-0.2130878921412902;-0.12986523796548644;-0.1020081275432052;1.6430718438399912;1.5996891520368663;1.4023620816709708;1.259125382343072;0.9973468462850074;0.8278952197806343;0.8657008521770323;0.7292686566211419
297;-1.2687929905626372;-1.2198528811212355;-1.213104074573342;-1.2938732715058903;-1.4288958085560388;-1.5279586420915696;-1.5680968004920188;-1.5169405473190305;-0.5156287921413301;-0.8034497261079495;-0.8597633768080637;-0.8658356034167589;-0.9425649955170307;-0.9376956720420238;-0.7508042047806067;-0.6055998352001624;0.769877975419982;0.7625368154274812;0.6193462859609769;0.5562947234961884;0.348313256534302;0.17439183689022358;0.0827923056784172;-0.12260233702800705
298;-1.4204173018686035;-1.5757598965413606;-1.4548559430914945;-1.3770732585461491;-1.296513433709513;-1.22568720385821;-1.341010863612539;-1.1625768177185825;-1.391523877935928;-1.5322841425987115;-1.4858238164231519;-1.4782695833605484;-1.5281808785448214;-1.580789818179801;-1.5091661729262755;-1.3470214311415796;-0.16970416669435961;-0.18247985616642823;-0.28768780628912527;-0.2615191006441293;-0.40766312955262374;-0.4926830879917406;-0.5380722842013779;-0.7496540831881607
299;-1.4461613742064416;-1.6904814737255045;-1.485627589717067;-1.2790735117171992;-1.0300072200848647;-0.8491110791934068;-0.9420518261224581;-0.6680658284900499;-2.04410437561823;-2.01411820664914;-1.861682150281347;-1.8054896148775577;-1.764511852708497;-1.7474238365781622;-1.6868592664286992;-1.4812065371681138;-1.0738483516209705;-1.055662655099945;-1.0850812150051845;-0.9597608912872548;-0.9950390325871366;-0.966508117997184;-0.9645653797982274;-1.0825451676979723
300;-1.580016717731516;-1.7490937137034168;-1.5179061172796668;-1.221822199928806;-0.8271417535021938;-0.5881488593617205;-0.5247962219866187;-0.22832894531059858;-2.270395825954404;-2.118928342508189;-1.8537032476317674;-1.7276123594152752;-1.5774863578551706;-1.4474748426218755;-1.440517358272055;-1.3352233591175444;-1.5884348552144807;-1.589862376403592;-1.6237856014106087;-1.5218680505585203;-1.517489342536893;-1.3881582075733756;-1.2140526724354308;-1.0714898219478564
301;-1.959413231455961;-1.9565864750241497;-1.7781784562361758;-1.4562497623410846;-0.9759970171225961;-0.7398372772633747;-0.4139236913934574;-0.14832924032889103;-2.1633228302541867;-1.928279868791737;-1.5363933867267412;-1.3209539518765006;-1.08883558376465;-0.8628910863569021;-0.8641847235279199;-0.866093775239198;-1.8352330531406935;-1.853226369884193;-1.868289155166266;-1.8228191665706903;-1.772428629078877;-1.6002733109485994;-1.355525405865057;-1.0004674980345123
302;-2.2826485820438593;-2.1748149738008977;-2.0440667925417646;-1.7293439818359675;-1.231263458756325;-1.024397902756273;-0.5280379892467812;-0.2872952365652728;-2.1245548839294806;-1.8570428670818848;-1.3903532818158508;-1.1079927574237671;-0.8270630081043499;-0.5231041062833688;-0.45548734110965433;-0.450928197119101;-1.9105990586380377;-1.9161662729390874;-1.8974690375406362;-1.8618427941742228;-1.762503026303885;-1.5698468246588568;-1.3300625684571068;-0.8848132102414294
303;-1.8934163969091848;-1.8118261522571242;-1.7553582177267362;-1.596594172268873;-1.3079834421356615;-1.2438874502216957;-0.8135296177253118;-0.6662568441491005;-1.7782094931009604;-1.5308196182505904;-1.1396571110040623;-0.8800961277782484;-0.6340545163787442;-0.36759287411696207;-0.21487785138480664;-0.10688003669410914;-1.9442879445428047;-1.8983237981624619;-1.787015518291249;-1.6918060481831683;-1.4950206867622708;-1.3088954759993268;-1.2114835138380153;-0.8361511090449729
304;-1.2537757510702923;-1.344209813960092;-1.3216331452170753;-1.3376166687091582;-1.265312732229013;-1.2693475115116466;-0.9625524772332938;-0.8133805370545315;-1.440135290921345;-1.2950153252556502;-1.0346989595611191;-0.8145251926735387;-0.611472841963898;-0.3430568304959642;-0.057200867177657155;0.1582045875379812;-1.5905433909330533;-1.4969241022426132;-1.3481369748868461;-1.2246063772232096;-1.024763242376531;-0.92474958248651;-1.0295699803601082;-0.8258640373844892
305;0.2233711361441155;-0.19538092552928282;-0.1865203548470584;-0.4646004708077075;-0.7476293443334985;-0.8995455488753533;-0.90176556376998;-0.8517089516859443;-0.9880298220534794;-0.9421369342460878;-0.8549071736805222;-0.6992097194922482;-0.5301800082500211;-0.2873997315033392;0.042319570487513974;0.3181347365518824;-1.1497565097680953;-1.0305620858777516;-0.8760650590896731;-0.7312291102254089;-0.5333122998722504;-0.4761086383804361;-0.6733871002301942;-0.5460168637779985
306;2.1043875596110064;1.1372241881757457;1.2343843708668203;0.8814931911404317;0.5169904289882027;0.48780135013077475;0.06789298460887265;0.16046244330547074;-0.5007137389842263;-0.5233574082477428;-0.6442174489193853;-0.6898371026793498;-0.6720246610900786;-0.6693454351474294;-0.5556487636404241;-0.26541032884514987;-0.4803167054751311;-0.36491744286638567;-0.22546256574082058;-0.0045252577904795884;0.11023777796654874;0.13553811618446274;-0.09585727269088953;-0.2474698887518801
307;3.4551920143482855;2.342628012421259;2.41378254452153;1.9046025582892725;1.3390692281765122;1.24929089845594;0.632786471578354;0.6201831601962331;0.28364806082857685;0.1988011461334202;-0.12241320120137993;-0.2994427595704639;-0.35719226034955176;-0.46209042178743415;-0.5246425972359139;-0.3532782780810117;-0.04293615559860195;0.030503308183575505;0.11404875795047185;0.2889184352050173;0.3392699216699977;0.38236174761248887;0.3146726222577958;0.2479970116103115
308;4.055321626158092;3.2403539957213385;3.2608683287463456;2.704079536863291;2.0434245010613354;1.856934004075794;1.2016033005425768;1.030956748497119;1.3149796076203037;1.1888833231173097;0.7379291663902253;0.46812772279116693;0.3649041694806984;0.17931012809351674;-0.12106353598398631;-0.2375751619004479;0.3842338476976162;0.32301667477192664;0.2582780105899691;0.23366018831396912;0.18483931198666026;0.24347287788711214;0.4215365526868446;0.6109249199744116
309;4.03408569356728;3.8333721086565418;3.7614996441189623;3.2137491607020245;2.488990748309103;2.158716259411664;1.589696801059167;1.2474892622222493;2.620006138624622;2.445932140936774;1.8918342760123674;1.551991352391096;1.3934041454975854;1.1246718048425628;0.6539740014272929;0.2486053593846801;0.9520869130607182;0.7618573362305946;0.5647619212404508;0.30040423155686213;0.15944675401770936;0.1710675964155601;0.45704922908968965;0.8243743622454996
310;2.669154083072406;3.5511513818261764;3.430243866487279;3.2383198775055546;2.7314237811041897;2.3254937562586684;1.8856745828484291;1.4685582412861269;3.831547092177454;3.7138235404690385;3.1390018986180483;2.6774272876083227;2.3530603712756597;1.845024483359073;1.284330489054945;0.7576202821913617;1.2327839204516258;0.9654857392071552;0.7762134465097381;0.38014898908667305;0.24751087010966472;0.11441504261127625;0.09872693749698745;0.2338826856422323
311;1.2022768447566932;2.641922647698992;2.491431533376566;2.582220160431429;2.367895603872002;1.9977024218735506;1.7759974574800728;1.3885640024732402;4.222602751142895;4.125496326840584;3.704858481015689;3.276786198094814;2.870753608788014;2.2282729789989797;1.6743037093157747;1.1303738644807282;1.8713207530497367;1.5711281579525276;1.383398250498204;0.9190017623785152;0.7663285111002144;0.4725839696813586;0.16139966387980337;-0.009200953054629582
312;-0.5520462252132542;1.0988211273696689;0.9907574416327132;1.4013903857215437;1.640609730929553;1.464253725248571;1.5560430799609317;1.332271556170572;3.656985274135083;3.630509068353067;3.5064413864081296;3.221262632148763;2.8344279482303496;2.1988187509877184;1.7449581380798225;1.3327113556207744;2.250941777049601;1.9898847387784993;1.8531573110447888;1.4731041299474323;1.347300225839359;1.0291816835242236;0.616277588151199;0.23965662108612815
313;-1.9362910938104527;-0.8021929502721926;-0.7820018426275387;-0.20977027109640578;0.4220880989590869;0.5108253805098673;0.9125740169998537;0.9489916909297528;1.682234220762269;1.6771565877824743;1.9988330304023283;2.076154996664099;1.91796655622403;1.6172911176498428;1.46821782438593;1.2841326180271972;2.645877317129931;2.5192506881920784;2.3961938947538473;2.152134684372573;1.9606276913964151;1.6301425462535413;1.2029475194376624;0.6753384827425511
314;-2.2808642055010018;-1.8148309690537245;-1.7013182653717587;-1.1924009647112888;-0.4820023180614495;-0.23344231702836402;0.3095571391865363;0.5431487605955897;0.03153382747371468;-0.010569935962737132;0.5266765673711232;0.8426309887705041;0.8942700715803236;0.9640554149052869;1.1154207039815844;1.151506179716214;2.7163245332898707;2.7230130479114654;2.596309745030893;2.4591860435269006;2.191082544292977;1.895665028082679;1.572409804343508;1.0810241423828155
315;-2.6830856373379035;-2.637390453534528;-2.460381561089408;-2.0402549775077885;-1.3438587211452262;-1.0162109863147102;-0.40869874329436606;-0.04428730565041339;-1.3814416875794586;-1.4866217609543604;-0.8860875931385763;-0.43834291829401795;-0.21865405395671722;0.16697562023822343;0.5456477615906328;0.7465404991618599;2.3606960262717833;2.4397862734714404;2.253562835099377;2.1838594115443772;1.8598882207015879;1.6809924568429442;1.6460419010294542;1.3600302705210539
316;-2.449938753261635;-2.948869275343597;-2.7080887812038164;-2.4743520420712946;-1.9421697508438045;-1.6093072574703033;-1.0870533703502665;-0.6388493391226814;-2.962071244524269;-3.0508224459035858;-2.445030788729405;-1.8923389065658394;-1.4714472868240405;-0.7649992507093174;-0.18391452146682255;0.20323841463162892;1.1862322562364982;1.3406440310158967;1.146174023585934;1.2067091760030006;0.9526836808261698;0.9912234103421151;1.2970247309135372;1.385392045687647
317;-1.9330161481192407;-2.6075171035428837;-2.391694549726102;-2.293424235310989;-2.0140348518699054;-1.8211114426283552;-1.555894398715118;-1.1666399944601586;-3.5139227097135324;-3.4659286954894157;-3.037009197844102;-2.612361335484283;-2.214942941886371;-1.5862452473282491;-0.97147434943935;-0.35465731410368345;-0.7764730624187656;-0.5304709659986161;-0.520775017741746;-0.19327781194089047;-0.12804535962057748;0.16715244056209824;0.5741941933966699;0.8634715194565917
318;-1.6562105001037382;-2.055869215590332;-1.9570027225825992;-1.9261280958850633;-1.8845733470605768;-1.8957752896939128;-1.84905642357006;-1.6414550554416876;-3.0210184456129445;-2.822583654818028;-2.6528830785556066;-2.5018438503233233;-2.306232626461868;-2.0290218829567843;-1.5834948306526642;-0.8719227081586769;-2.5767257916927226;-2.2867470266605787;-2.0283603020099203;-1.4971476198508202;-1.1139133655294655;-0.6383402177172004;-0.26447654742948923;0.07975200410435986
319;-1.3286559738147639;-1.603669190890274;-1.6050030987419834;-1.7008096520062965;-1.8630519006873503;-2.006818530765268;-2.079142266876053;-2.0180057557425;-2.423904107842165;-2.1986912855905616;-2.209468966534684;-2.2463383295339328;-2.207964641123816;-2.1885934323576848;-1.9436080836853138;-1.3126762200655748;-3.4190696165314205;-3.1685689125918794;-2.8246418952660157;-2.2920025322576714;-1.8069427616794886;-1.29832507159868;-0.9573494314741877;-0.5792589763793403
320;-1.148734639205135;-1.3811682996913417;-1.443528163758432;-1.642988998630407;-1.908107750371139;-2.129824612363021;-2.2351152321199623;-2.29325956273124;-2.1000131891842213;-1.8788116944395588;-1.9229590578266236;-2.0026884678870953;-2.0222582221396275;-2.135246012484844;-2.0595247247874475;-1.5965932333957396;-3.652260891112956;-3.466897904844558;-3.1366173089725438;-2.6952335728691343;-2.2219742875720105;-1.747730370866055;-1.419419501353044;-1.00053838980383
321;-1.0171852373106374;-1.035103556956593;-1.1470607035244744;-1.412616914631407;-1.76183403217813;-2.0380790818643097;-2.194294724410802;-2.362863484429362;-1.2700000249676833;-1.1627175593570163;-1.313561332000472;-1.4855099407757792;-1.6111100215450553;-1.8810082854110286;-1.9961314285702718;-1.7930107295717876;-3.1902126574226526;-3.139680770560792;-2.9331239284822654;-2.7051747560404915;-2.3755475710413263;-2.04251053067445;-1.7705143704245412;-1.3942799585557468
322;-0.6892684013191407;-0.622653927830376;-0.6941930983975737;-0.874819649962773;-1.098332359288881;-1.269715149600477;-1.4400353421886012;-1.5961996926040811;-0.5474276992870362;-0.5203310930370735;-0.6838621411676005;-0.8935965167435573;-1.0608881869728113;-1.4253891721645726;-1.763283144283637;-1.853987370249672;-2.2347325755551575;-2.325800276918196;-2.3076279831276003;-2.3108123121307793;-2.206670581381187;-2.026046090322517;-1.7591237550863532;-1.4459342337397225
323;0.14244767437300423;0.15819928259648094;0.14857623853128582;0.007975076695053974;-0.2089498742998287;-0.37462049757445;-0.7151877760499017;-0.896268348794206;-0.07254346942665864;-0.06860404611921181;-0.23208061566113042;-0.4360609039930601;-0.6064826277557981;-1.0161801102136172;-1.4463007424632581;-1.6836842969731383;-1.407106531733462;-1.5592109757336892;-1.6245346184681593;-1.7404639268864384;-1.7568733937269534;-1.7396710192514844;-1.664844356194512;-1.5377503962469434
324;1.577344070563103;1.3224811347507237;1.4385577311477706;1.3034414068172118;1.0430181148605597;0.9439024617368316;0.39392126105018926;0.3015506228176382;0.383389494788849;0.2793509486571194;0.0030241875220277416;-0.223071991084177;-0.35592236894484064;-0.6538489907126523;-1.0725977724454998;-1.4085888708333987;-0.24574795510146671;-0.435840141049126;-0.6389630743233965;-0.891053998959837;-1.121489569688637;-1.3086752641381085;-1.415497951172099;-1.4726058233562769
325;2.7835570776694443;2.2914100203798586;2.468287756005564;2.321879570230479;2.0385054015259905;1.9984459322503947;1.352662617554798;1.3323626354018046;0.8532666077495582;0.7347403242467435;0.3954332869899291;0.1536022502553249;0.03888137416765043;-0.1961307671424834;-0.5737201908757088;-0.873946612271164;0.5435836496425762;0.4026841149835356;0.2208349346035336;-0.010111825076964252;-0.2873883546855373;-0.5811338885443353;-0.881460867715636;-1.1407893400403208
326;3.725514945638002;3.2074108427728296;3.3746061294110876;3.169337994428848;2.8589044805532406;2.8134391753335737;2.2820594401435144;2.248158108990977;1.378499281179808;1.3488462065014204;1.0688449083938891;0.9122766920999092;0.9208082434417434;0.8816232475302477;0.5887730914991485;0.23088040446148275;0.8438099933909324;0.7312072887077985;0.5990079938861654;0.3618702115741305;0.13861195966940468;-0.15683908678434857;-0.5362828103688412;-0.7051508358775707
327;4.220605614410925;3.7819961507289275;3.930866811226911;3.7516482091266568;3.5157929592405273;3.4741036426500784;3.047840461927551;2.9572243483628213;1.8792335119325787;1.9866610138264573;1.8793552632132824;1.82647475570598;1.8989280004524254;1.8871933326565562;1.5833587273481606;1.1983461303449026;1.2432230922280543;1.1536339351607217;1.1031364929764147;0.9133932695166457;0.7922356710715335;0.5413093508430074;0.10662289075531466;-0.051492901110495
328;3.2916149037831195;3.482142594221095;3.574469873839908;3.579967685523859;3.509356731081526;3.4284318324491054;3.208174663303722;3.0584521310182877;2.4791439050643707;2.6884951499168332;2.6936689032395447;2.670929117195357;2.7195716124311975;2.634747150009039;2.342135733032889;1.9872513637162939;1.450728968028287;1.3521478171804369;1.3543485764786007;1.2001205332111777;1.1991106087181729;1.0556523284335673;0.7094643183770246;0.6328463153100181
329;2.080366430205905;2.8558593073154457;2.851152512910136;2.968341968902004;2.9755465247567243;2.833290703972823;2.869735237305391;2.7163439057610654;3.015240571943978;3.242273398513839;3.296749031805833;3.2820992363912227;3.2646519981586906;3.1451784842299135;3.0715764111419603;2.9771929580727643;1.7130736700878653;1.692365444480298;1.8511812844003006;1.8305418736410042;2.0143628896698385;1.9253597755397265;1.439224458863132;1.2299706108854143
330;-0.1528978458681846;1.3634750412500136;1.2714359224676872;1.606878009537182;1.8121303376813707;1.6074330896514988;1.9199118600677365;1.7277350805682805;3.1567264352719158;3.3287152389604318;3.4559724105518823;3.4381091951336384;3.315195514203693;3.0807771709455136;3.1209161898138014;3.207135239700153;2.1985314805975342;2.192740763703763;2.3725050176546114;2.3868629873757827;2.6188567505054836;2.545790162931563;2.084787398076002;1.7294904129787945
331;-1.6219404664138768;-0.12239406647140189;-0.2644316953267173;0.09315413075539412;0.4039050720870359;0.2405687232011448;0.7357867408976738;0.595199229596915;2.623127599836978;2.6200942469768442;2.7638544792944035;2.7593518584802452;2.582510249389906;2.334539325517975;2.4535493427296955;2.6278613621201212;2.6625098963379004;2.6869349299324323;2.78362187951918;2.783745124318846;2.878581248980534;2.7679788186439134;2.435813336161874;1.9818564470191706
332;-2.8131532544766356;-1.754541063413845;-1.8576585699743522;-1.490388682992793;-1.0678451578933574;-1.131266748946501;-0.6121310068337511;-0.6640860479182179;1.1236468621140678;0.964673958081941;1.20608008614563;1.2824658531630588;1.128014958185597;0.9399924309590119;1.0957327249805242;1.3380188307128167;2.7745989346415914;2.841408777148134;2.8110140439247977;2.8325163648248006;2.727317569839856;2.6287130036136963;2.569292869960889;2.116662878753833
333;-3.416366862152583;-2.9514885135449624;-2.9341758443323323;-2.5860435867576546;-2.110956039048939;-2.0420207907640697;-1.6142997013715206;-1.5245157457126686;-0.9031334832507465;-1.1299351054962952;-0.7868259610485098;-0.5900110744017335;-0.6113036836787522;-0.5807340853844561;-0.3277427975465576;0.01405177479284178;2.16877362834832;2.274706356070199;2.1295055401960705;2.220626323472518;1.9868916932520964;1.999203629563191;2.2911054119984438;2.0225198514531533
334;-3.611786026728638;-3.6098719451222734;-3.459737804192277;-3.116581172408162;-2.628421907616069;-2.4546891663454398;-2.1879383743151877;-1.9493085953787983;-2.8007077688864706;-2.967108450848235;-2.591179091355058;-2.3330445919756344;-2.217465174518006;-2.0041351932473925;-1.6618474847664442;-1.1657076427747475;0.6566661489533621;0.794701046122721;0.6248658982017116;0.8638947521869743;0.6985041367635495;0.9386702694236679;1.562223138009582;1.5743338331194652
335;-3.215094082694035;-3.634978750628573;-3.416882699138976;-3.1710624237872564;-2.73837931431458;-2.5133588870778816;-2.321570969959842;-2.005942176482715;-3.868133527649323;-3.94923821334861;-3.530781593995439;-3.195635216723022;-2.955121926255451;-2.6170790089388536;-2.3061923009388323;-1.8672938367782754;-0.5005913117316673;-0.38460361731226844;-0.5829984449003602;-0.33993122474884685;-0.4653196105145857;-0.1354454552334695;0.6346960241151447;0.8959265973388183
336;-2.246760853731092;-3.0005949783566974;-2.7881690189198016;-2.7392843214785842;-2.5235401518735943;-2.355445522631155;-2.260088058221677;-1.9583130917605056;-4.1237817743483385;-4.102982736029764;-3.77117627143079;-3.4805695128971395;-3.1911183036795143;-2.839626168605949;-2.663588349658471;-2.391422053967976;-2.0020292668054473;-1.9493840396702669;-2.126294578875788;-1.9457068443308232;-1.979881481207592;-1.6100236077062675;-0.8294246179442805;-0.3111931980941026
337;-1.15341050452028;-2.085047197602964;-1.9035645512159731;-1.99624380058159;-1.9859317541885624;-1.9006360337081447;-1.9005013633213788;-1.64253676964206;-3.7596575463563964;-3.592415368827531;-3.374591373869841;-3.194380431675728;-2.923176011551013;-2.623934531839227;-2.5210339890299998;-2.3284801997014495;-3.3217519127359405;-3.2747340690062527;-3.287356267661869;-3.1037995600238615;-2.9774897866318275;-2.6462048863286736;-2.1509864326009036;-1.6010377921438343
338;-0.2795187292061948;-1.2055513466890901;-1.057278943612889;-1.2071119473282494;-1.2649456453201857;-1.2474722137876684;-1.2709637693891687;-1.101712582981393;-3.0661969540585012;-2.772762329315869;-2.5559617113743993;-2.4130110098932223;-2.1476746383892054;-1.9200730783915758;-1.9466591778795133;-1.9237378357669999;-3.7901112071940197;-3.7747760088595275;-3.682126109674651;-3.552451052456003;-3.3385919058946723;-3.079317532346759;-2.8350589948787785;-2.303915595593006
339;1.1900494719840398;0.3164675114653632;0.3531558372906924;-0.03951262680188564;-0.4089309859112357;-0.5417148445708782;-0.7841115860412139;-0.7755895028760129;-1.518202908486874;-1.2919112849452827;-1.344944066110999;-1.3837060096888256;-1.2741772424940734;-1.2630076179560596;-1.4093675131593015;-1.5141563868020702;-3.52284628221167;-3.536231421233704;-3.374214529507276;-3.3060893619725;-3.066638871316242;-2.9268724674861852;-2.951584160652052;-2.582633750764678
340;2.3020526914962356;1.6802272879907219;1.6242723230549034;1.0428081181219129;0.3313687953189569;0.04182466512826045;-0.42770628652508946;-0.5557967912806193;0.11202348716570834;0.13404893338300608;-0.2892028310819334;-0.5459981202752817;-0.6195923143371523;-0.7596954018967563;-0.9348054291478122;-1.1238975811647485;-2.5495013719315125;-2.606734180473349;-2.506509511398915;-2.5706016120700155;-2.448677590124494;-2.4780648353055197;-2.7067762039481655;-2.518919131385572
341;2.774089075562632;2.5950370272575096;2.4997522494021025;1.979221365359483;1.1762457895692124;0.8060443201601184;0.20273757386671;-0.013828892577816191;1.6233953714301437;1.504111182226298;0.8741397514940019;0.4515913453335137;0.2012919378135755;-0.10997872764218483;-0.29953109809826683;-0.4782538012603832;-1.108560835884816;-1.1785796675599793;-1.1099286353046833;-1.242316351398072;-1.2207747283860835;-1.4310075505052706;-1.9462129809627888;-2.077487794864372
342;2.286061992498517;2.65774342469863;2.5608734837083396;2.285702486663699;1.671661440122454;1.310759037061023;0.7190545934302319;0.44770191294687706;2.5136376133901868;2.386242204264287;1.761048243811639;1.2559278928813784;0.8752186378978937;0.35856251941697787;0.056195607094134487;-0.08519933287466269;-0.03399242605900575;-0.12043273378957135;-0.06726503228219036;-0.1901517829637288;-0.18800734338102962;-0.4055988119738315;-0.926125299061669;-1.2291895513247073
343;1.5642995590812472;2.310163553887637;2.255008400130088;2.261304275827885;1.9845863326044502;1.7012844811301346;1.2650258469442353;0.9849224499357874;2.85386742616345;2.764000724672545;2.3893091012300958;2.0029665313578584;1.6360260242429832;1.0643976013202927;0.6452296481884475;0.3752360518337142;1.3153190891887065;1.1689100071817167;1.1185169743938508;0.8944749367003659;0.7820521712401615;0.4781315549172321;-0.041703297806765106;-0.46168200370019835
344;0.7468739700150969;1.7735314377608438;1.7819523248165698;2.080876027718904;2.2004148659403393;2.055794830946276;1.8295596980488522;1.6130231351738227;2.982940971226737;2.928031785885283;2.796147643539111;2.533734562445924;2.2142189920185915;1.6383568454101682;1.1040749096299152;0.6813749446776554;2.382974434785835;2.155071842880312;1.9569216146589286;1.6115143041606033;1.3740217470376606;1.0593599408566925;0.7239314802924636;0.33947645010483846
345;-0.10379247581560405;1.0340685520959896;1.0707071014792804;1.5305670143486074;1.9492334165768528;1.941758655671255;1.9905788708868957;1.856817702320662;2.7226861993059446;2.7116783275659153;2.8073734366440815;2.6980343630986976;2.4719530122212197;1.9824376678832687;1.432131735477447;0.9219176494291617;2.7444631770034063;2.467614826333047;2.1774464510600215;1.7683171094933239;1.4881475846774577;1.2422923437162934;1.1510197287509927;0.9297448994949234
346;-0.8766198339468336;-0.0973686126781874;-0.00825322421005151;0.4648241398097244;1.0883457403397792;1.2514230620572029;1.6554735419621402;1.7079444729657574;1.5311449773267514;1.5378229893270463;1.9495033561709947;2.149790023741659;2.1621718792119236;2.05134077443594;1.7739779155768898;1.3074819285068897;2.9685393564978346;2.7528539120282405;2.439997823407189;2.0273819945143368;1.6759742899743326;1.3803652378832605;1.2883656918920028;1.1250321996963975
347;-0.9660234559524106;-0.7529128884172108;-0.645641280958823;-0.4053245851080656;0.09044843571632527;0.2917541912711756;0.9137505510747111;1.0955627203387261;0.1643502229904562;0.1262484912804553;0.6821445598269912;1.1387498666521083;1.4252752356438947;1.8271727309810444;1.9661575481652842;1.7022906504097421;2.798142718806361;2.7134221315109457;2.420951653623176;2.0841889176681887;1.7141588948953768;1.4553744423983526;1.4563377305240954;1.4933906105994503
348;-0.7949597660712224;-0.8579648167399466;-0.7482250007609688;-0.6233268588191619;-0.3247935261495363;-0.19156451621198375;0.2731635848520627;0.477031879655835;-0.5969614512960282;-0.5857785279243263;-0.10583965411993929;0.31501435173671355;0.613313076722442;1.0965252030234571;1.5165073888194198;1.7026994988035025;1.8283882398334057;1.9456467303343727;1.903627517813078;1.8938342744161185;1.7668607534328622;1.6593575928140705;1.5437293637578895;1.4963295819468003
349;-0.5237373918081181;-0.8117088169391408;-0.67119584487044;-0.5831167384331023;-0.44841385883977003;-0.37701744970338524;-0.18285383231073257;0.06532365782706841;-1.3492274367463164;-1.2422418607044179;-0.9333625238863802;-0.6451649043543615;-0.3888529455010661;0.0788764462234554;0.740433786090923;1.4560362803117102;0.35879931961011474;0.6895416230853088;0.9340921840259994;1.3376965967237635;1.5432029380380201;1.6902120439885955;1.5320992837517606;1.4193554978638057
350;-0.35173686874105525;-0.6639432830684154;-0.5195403538585778;-0.4349173337217737;-0.36124992550397733;-0.32049947519743244;-0.3323856165179545;-0.11851618864837637;-1.3978464166221312;-1.2775115272466073;-1.1091017212717456;-0.9689330751959166;-0.8197949444350852;-0.5399562620798066;0.01731131487433378;0.8245979348517626;-0.2558196754748409;0.08703490356866639;0.383558738371426;0.9154123115926384;1.215838257606007;1.4929623502131508;1.4587206932883756;1.3415480609379549
351;-0.35971576583486087;-0.6030442066495733;-0.46006904619056427;-0.32829492409073935;-0.22304141668828872;-0.1769889001088487;-0.2900307119361688;-0.09513479615565437;-1.4859194587327935;-1.2895832316527347;-1.2007575381633113;-1.1785491137272939;-1.0938168382247413;-0.9763098678466992;-0.59220481593997;0.21340056594389792;-1.1536040951076705;-0.8340866201403208;-0.5114438646140803;0.1053708328627839;0.5157148322854623;0.9780284225631303;1.197609949399372;1.253599225134913
352;-0.19660721413606538;-0.35724831900603626;-0.28812336423081414;-0.23499224517479825;-0.18841000585139384;-0.1910110250410938;-0.30517105699362235;-0.21827357921267856;-1.1066862295846256;-0.8849779709908653;-0.8705830248251393;-0.9407581629461601;-0.9214454489215608;-0.9786652373649614;-0.8793370712844162;-0.31174149269634266;-1.7550271389320267;-1.5376778676516971;-1.2649599664531208;-0.7458576405565532;-0.32390948636572925;0.22197059828463947;0.6834833222929839;0.9886709351526103
353;-0.3656998070538455;-0.34526463042952815;-0.3471548993542383;-0.37722274591962235;-0.36594473770413544;-0.4303906505128922;-0.4594127440294977;-0.5352561332298251;-0.6786124686751771;-0.5115113556088418;-0.4846421594844558;-0.547687810383054;-0.5503151775210388;-0.7160819885161851;-0.9381993815021689;-0.8162186098652863;-1.6527368274791205;-1.6253681942936413;-1.5484224228302519;-1.338623379262749;-1.0937089624787242;-0.6308313071800412;0.016840584604781387;0.5518834359199281
354;-0.7338005351841206;-0.49714841546776506;-0.5756864011765799;-0.680134191317411;-0.7510308958635314;-0.9035946550921162;-0.8800014272643184;-1.0784109915752542;-0.27851984943741953;-0.18957009259781543;-0.18519554014330486;-0.257581076656148;-0.314689966681777;-0.5717196886970394;-0.9375371503373806;-1.0745578053750129;-1.520575256817403;-1.607952320301288;-1.627455762443097;-1.6360367420286366;-1.5143008520849037;-1.2077963235257956;-0.6454863813808512;-0.09719343887639771
355;-1.1961864966443982;-0.795691838013306;-0.9200974008274743;-1.0751525501556325;-1.2663222188499708;-1.5049088145138356;-1.4894000960040534;-1.7229327810745483;-0.12877331483802013;-0.15554565712477508;-0.20389930240649354;-0.28100751004882935;-0.3911384655325754;-0.6590707190534134;-0.9403516212658956;-1.1357053676196875;-1.245324276677562;-1.3663901728328818;-1.4258875472598211;-1.5569458710156658;-1.5421801426019837;-1.4651199634097385;-1.2202613518376304;-0.8681444362769529
356;-1.1608718489118264;-0.762618780101447;-0.8621238984680065;-1.0414315542853259;-1.3276190511286834;-1.5723083789647654;-1.6370843999875775;-1.798891728249305;0.03849090612679907;-0.16125997883623341;-0.32096064736689117;-0.4221993629886563;-0.5657962348725853;-0.7623052454146858;-0.8960615996427092;-1.1092584071973903;-0.47691221900914016;-0.6210859808884227;-0.7811473553332319;-1.037199012938295;-1.21015759738173;-1.392707656095891;-1.459985726704268;-1.373544142049323
357;-1.1876317599134854;-0.9291719160379353;-0.964066591967074;-1.0706814784204155;-1.3004591674223034;-1.4700092040522703;-1.6058671080345202;-1.6485762656839342;-0.17804000308948578;-0.4264987751412948;-0.5710513573089699;-0.657072588341416;-0.8202175116646252;-0.9914511668015055;-1.0043313160458822;-1.1184787576910427;0.03347526522208101;-0.06830064549533872;-0.2207159061691001;-0.44895059139413607;-0.6974416270503926;-1.0380977595009044;-1.3928229266250964;-1.6211870109351292
358;-0.7523288434538492;-0.8614502139370961;-0.8187073909305886;-0.8976551158498122;-1.0730796324801044;-1.1256575647234806;-1.3750403702666494;-1.2838153423464358;-0.521800299191385;-0.7536053850708571;-0.8791021283460044;-0.9736567226225762;-1.1517276862955295;-1.3356840996901844;-1.2866325723844765;-1.2366963703106564;0.16308163127673297;0.13371557963743194;0.05739225158710476;-0.04273473177077369;-0.2648765951298094;-0.6351747261067112;-1.17180057847692;-1.6689016196962048
359;-0.07993570409869101;-0.5019583847098954;-0.4002070846835696;-0.48774752388895753;-0.5745576748881674;-0.5359100751934188;-0.791218971778496;-0.6465381767532149;-0.6876071474577925;-0.8487941652581132;-0.8729684008412941;-0.8955371417546326;-0.9892755288687264;-1.1274320423213315;-1.1625169336741235;-1.1741982163386695;0.21421539822460572;0.17528414266931408;0.08877422001993278;-0.005568093742443088;-0.21932470838586482;-0.5527832069721256;-1.01585627904329;-1.4777699819837018
360;0.5956846279035897;-0.014911508392869345;0.14402105679414662;0.09605307933882151;0.1216130331122928;0.27114958056317073;0.05291416928910207;0.2667031277825554;-0.7395134836290429;-0.7822864236557827;-0.7823945501620584;-0.8077730915669799;-0.8142169946588913;-0.8872953331477977;-1.0084691818384064;-1.039043477466097;-0.29201379344717177;-0.3316275705216221;-0.3983121938162003;-0.4237452808993943;-0.5528202723428863;-0.6839774108265395;-0.846008897995049;-1.0364067527798115
361;0.7959183817376007;0.4628973255144091;0.6485457482844249;0.7220462176247333;0.8132500946766961;0.9433468255814202;0.73931418305153;0.9177946884781908;-0.45116246459129844;-0.36109988098594;-0.3664566227619108;-0.4200017358278828;-0.38275813035222506;-0.40317035591329786;-0.513532546713986;-0.5216282478375143;-0.7279578440005886;-0.7526302299136273;-0.7530330299816029;-0.71348058525116;-0.7161175850581278;-0.7017882129484629;-0.7580697553898866;-0.7530606669226989
362;1.0461625820769465;0.8700215886000359;1.0527165824975928;1.1532467187887632;1.2697263142290052;1.3747440583653385;1.2824241943203873;1.4411317505264736;-0.17761088923018367;0.018711624340275457;0.0979098118048023;0.12734488960318688;0.26441681613690804;0.39018288154189273;0.3817859081494306;0.35546877920155073;-0.7657431287088083;-0.7641078200955447;-0.6947641693887112;-0.652278746812633;-0.5726988735253415;-0.5650075600915153;-0.7625032781802195;-0.7165791461137381
363;1.2530956322731857;1.5094662881804668;1.6149266653952468;1.7049268618627424;1.6935386458376631;1.6324943280435722;1.501624920579465;1.5052828398297287;0.7842707655350014;1.0015368134253066;1.0016687230371941;0.9691107579757174;1.028433725580017;1.0682967884556447;1.1286858909215411;1.1888795312278142;-0.37233309283392146;-0.3290723990768426;-0.14822342760950033;-0.049586457607073156;0.14144956542845732;0.12224365114237558;-0.3022409582266575;-0.4014843579917117
364;0.9649292999452327;1.4774712495323417;1.5127154782184484;1.6084758625061175;1.5765701591537498;1.4182432795719704;1.3272841723642803;1.2130734856983523;1.1960925430363352;1.4195449264663533;1.457815119931383;1.4353652598338753;1.4447065193860689;1.3794819939416736;1.4261178667490564;1.54632134488617;0.04340750564926882;0.10894356496719253;0.3347677082623157;0.4833574118142541;0.7407236459465204;0.7599001540226132;0.35383345093302937;0.2154926194016787
365;0.8720022307196902;1.4390247381915438;1.4235949423583387;1.471937366512152;1.4432532683397563;1.2392792066808862;1.2565082904972151;1.0557964872354368;1.3639126145534877;1.5883548665764766;1.714599921191808;1.7720158597938638;1.821080264259526;1.7615564840597906;1.771719778187106;1.8588451351655242;0.4870623671501321;0.5402240090210167;0.7252241020865542;0.8579137613461758;1.1222386415064811;1.2290831864589373;1.0560658386547448;1.0735829784851423
366;0.40417464276132536;1.0459182740428998;0.9626849039591298;0.975270295775146;0.9239046110886808;0.678428161630896;0.7504394770914484;0.4982820797988044;1.58193066626892;1.70016778431986;1.8115482910347076;1.8496593483645347;1.8239820793736947;1.6669851000071174;1.644876906302852;1.7377811016626563;1.0684838408244544;1.1128017122876366;1.2491773106481001;1.3523801033170706;1.554996813695115;1.6447867832338576;1.557093854611776;1.525076173385791
367;0.17281653284184198;0.6947011919284933;0.6105250436720782;0.6211354341354555;0.5599281371482415;0.3316739671701117;0.31335028174280705;0.06060834884481735;1.4334867972386203;1.4484565249187973;1.5040477080766523;1.4718799679291323;1.3542095764696667;1.0816053105186991;0.9892262086922275;1.1333110711099132;1.493517869729665;1.5500694536277315;1.6292860631559976;1.7605120224171256;1.8671093416452864;1.9770182524584994;2.0598072082608674;1.9702191518877337
368;-0.08592502028588127;0.1457228974643403;0.15104365737042588;0.2409430238030058;0.3450256531348762;0.259785324804722;0.23894160498314762;0.08309743964220585;0.6564893579271875;0.6605699229911585;0.8448174156057922;0.8935045499962636;0.8286163480168081;0.5969908730503861;0.4451881124358125;0.5404293540370075;1.6729937968456292;1.7123755125920022;1.6944431298801923;1.7977385999871907;1.77971847818336;1.8879256620166998;2.1167225879895124;2.0388303758018194
369;-0.12844591761644453;-0.17555442726607898;-0.10043428722599813;-0.008852143408709497;0.140516253952339;0.17950893604844737;0.1301627197114428;0.1143855884425621;0.09518483588524176;0.034653193431660366;0.18992073681854163;0.2322202795259541;0.1877186307283833;0.019596865591692856;-0.1412405866922249;-0.08787906936116792;1.5034343878342373;1.5094723010080624;1.4057757309315415;1.4462712368429802;1.3087995190713093;1.359277869897241;1.6168463437651392;1.54221117037159
370;-0.1303422569472098;-0.3563047388394434;-0.24253893742035262;-0.22387615767884766;-0.12770304590297574;-0.034054120660519833;-0.04731545543720953;0.055439733484299494;-0.3799917396274851;-0.5032966394822157;-0.4093848423985656;-0.3427352459799801;-0.3088474923153543;-0.29026719825072905;-0.36374980867949164;-0.3916451683790785;1.083408649240505;1.0478626286171988;0.8617244551995951;0.785630523380231;0.5455590132287397;0.49706830487108444;0.7059376375740567;0.7194816926784443
371;-0.6651566737685941;-0.7274687684575163;-0.6045601408679565;-0.5542852472509568;-0.45908896530022886;-0.36715294410274996;-0.3231942334127757;-0.14407042200682407;-0.6656767426281429;-0.7815953495309691;-0.7142098535148408;-0.6370572424470343;-0.574424633616913;-0.4452333591958981;-0.3783503262900438;-0.4102993048808043;0.4856191215514914;0.44264092320547477;0.2756427210433472;0.144126086910396;-0.09425409564985741;-0.26407275968019145;-0.31470828072421514;-0.37617805396559656
372;-1.478959672383027;-1.2087504333982275;-1.0999995004683876;-0.9106099658496595;-0.686854417281406;-0.5969925991813435;-0.4538283387276159;-0.2764267824503533;-0.8105046289888358;-0.8170106579302818;-0.69920691528165;-0.6321587445787143;-0.576962345194166;-0.48551997434674665;-0.4116961977799014;-0.4079473361301958;-0.3210862807919459;-0.35845521358852883;-0.4438573486642013;-0.5178610651318654;-0.6254769863426719;-0.716654038454436;-0.788530595575718;-0.813022272667809
373;-1.8446790791662573;-1.514387888846232;-1.4690150672743703;-1.294804049308455;-1.0795996363684266;-1.024397902756273;-0.7693564492940552;-0.6207571454997443;-0.8833604705016707;-0.812605587952087;-0.6721824801899341;-0.6221080981040032;-0.5785695501229675;-0.5233568964648173;-0.43475380670124436;-0.35157475278553124;-1.1278769069032961;-1.1337946080098968;-1.105574894130758;-1.0889585480842168;-1.0354630394941449;-1.003996198854374;-1.0386405654505244;-0.9537449514808422
374;-1.790275007204327;-1.4794199569865352;-1.470714117379581;-1.3638596083177996;-1.2535657223632677;-1.2788140451061025;-1.0653033318252902;-0.979584020941579;-0.9642409806005167;-0.877724320701233;-0.7665431404437413;-0.7285920160737052;-0.6926565192694134;-0.6532594343322587;-0.5272127659781362;-0.36163350066664496;-1.4709298983097163;-1.440904293880284;-1.3525612670284601;-1.2640259208330449;-1.1251290320562686;-1.025898205942237;-1.0407831702270247;-0.908005572587608
375;-1.831972395146821;-1.5663622423254369;-1.5491431475021966;-1.4298289331902871;-1.3226643957914737;-1.3552703510308712;-1.227849330911985;-1.1633894576638815;-1.1654391928376104;-1.0787693943379462;-0.9737313325607975;-0.9532432200883557;-0.9456905472232143;-0.9692436347290951;-0.8685731982345714;-0.6303970075990668;-1.5257727330369302;-1.4725432743465978;-1.3710824102556092;-1.2074138281619569;-1.0392524343896647;-0.8722467155385255;-0.8019006083858136;-0.6793817662774021
376;-1.4422849873997152;-1.4341059722349385;-1.3836726467910507;-1.3197478055930938;-1.2515466574743945;-1.269623240121578;-1.2411436429222622;-1.1652856085976366;-1.4538884356288861;-1.383896680077189;-1.2682242855216328;-1.2192559757735728;-1.184560791421664;-1.1892186592106555;-1.088813621016827;-0.8226964510848741;-1.4327283479944186;-1.3660160469365343;-1.2868633160766583;-1.0902931704283327;-0.9376606978573597;-0.7398340025372938;-0.5972601068533381;-0.4628189941223295
377;-0.7189571850349117;-0.9755981234569395;-0.8863360500214018;-0.8965366849983468;-0.9098484797581174;-0.9293603826864766;-1.0721341006526688;-1.0121988716874646;-1.4471400851569045;-1.4176830018117117;-1.322661849346206;-1.277313651654567;-1.2508899709098145;-1.294517191676132;-1.2597637395733805;-1.0400952251608389;-1.0595845885158708;-1.0087561546813268;-0.9747002924936002;-0.8007993223013445;-0.7170104224711041;-0.5717822266727947;-0.45001339748180097;-0.38833396578388824
378;0.10638842488386928;-0.4901691072680926;-0.3545448708739304;-0.43389050542031393;-0.4677391968921134;-0.41923746904451337;-0.6403965573099492;-0.524578031051801;-1.3943434066058658;-1.3861377385113505;-1.284641767399495;-1.2222897798877226;-1.171647478897937;-1.195606664291377;-1.2096563602351351;-1.0706749288998703;-0.7095164599106423;-0.6806763662185742;-0.6862670027003536;-0.5698093408530187;-0.5677107678628384;-0.5211883850318899;-0.5040698625670239;-0.5442409714854731
379;0.7122471654501636;0.12804890579042588;0.27339600911264955;0.1794801061816221;0.1324015511429447;0.17221217178898338;-0.05651569769013365;0.025336659937572673;-0.9650111555466354;-0.931085978623373;-0.844683303331909;-0.7953656623785056;-0.718021385171059;-0.7239127199623426;-0.8312274218715684;-0.8457724333423323;-0.5896128343473697;-0.6155314559266748;-0.66205217477404;-0.6446273971675727;-0.6819640143618746;-0.6803709256533335;-0.6834734367440649;-0.6618457500215671
380;1.3349038603158279;0.8300421914477518;0.927574115265438;0.7453814401409188;0.5961299745764957;0.5875851956769396;0.3853391934406382;0.4185565137358853;-0.27234282439171065;-0.2314671706585529;-0.24079061046257405;-0.2359288357841512;-0.15749160830663064;-0.14305899021197585;-0.28351546424972296;-0.4107048145602937;-0.5725976837308201;-0.6259648484482824;-0.6714526332149138;-0.729372632681297;-0.7648466804765531;-0.788614774137059;-0.821203511230754;-0.7057187159566719
381;1.3262809233971713;1.1927987791187598;1.2407656766401052;1.1531528708042593;1.0663285902257278;1.0262408366058584;0.8689551589921601;0.8349525614754983;0.5330701019519138;0.6600488901808541;0.6232875213891865;0.5526911592304558;0.5580063283947646;0.43127801945448785;0.20838143514210544;0.05873538852475615;-0.6399705967803464;-0.6936581836235856;-0.6504702998923425;-0.6753055789857114;-0.602848608117686;-0.5836374193906999;-0.6747462781634953;-0.5811056161817768
382;1.838748274727383;1.83131469375697;1.8177350970476147;1.6362986765299243;1.4095398957830905;1.2679246774527786;1.0696387224656523;0.9377130847671918;1.2783934586931975;1.363907344185656;1.237673732727957;1.1242124657527044;1.082986063579102;0.9028007280124855;0.6705474284921853;0.48972083173297587;-0.1833392901371181;-0.24338311142851599;-0.1916311349534025;-0.24700925016262532;-0.1674250966593161;-0.18936840123216456;-0.3549716123926405;-0.30358433305644594
383;1.839250409341706;2.1019410512152654;2.0528616323170366;1.8799532877420997;1.595752762199515;1.3689013698255084;1.1612013851170389;0.9484459417656018;1.837038301226953;1.8804014056296843;1.7032470933315653;1.5579517067167223;1.4724922795872988;1.2582388509712896;1.0429328136225635;0.8750463667712333;0.3979772069783747;0.332662780444633;0.3680744365429939;0.293915433662718;0.3612435847554996;0.3239577464894066;0.16369727511200902;0.19254278445626108
384;1.7777950126145001;2.094235392697235;2.0643219201123846;1.928501126021308;1.6834341406297357;1.4627694049096303;1.3008204687927731;1.0969277913440079;1.9353597763509698;1.9407671953672059;1.8260031821518576;1.7450035603252092;1.6947962065012592;1.5543586058022483;1.413839976706268;1.2616017203334888;1.1199631149025406;1.0600326358831957;1.0572282311944026;0.9562455359884501;0.9633990738777859;0.8681979263324667;0.6659964036250784;0.628419021187419
385;1.1431488256616507;1.6293117606451368;1.6064395327706322;1.593061638451475;1.4547389279773622;1.266997595840912;1.1480674581008954;0.9870147586469612;1.9216082081954595;1.9069188536940358;1.8137853072731271;1.7123708625326142;1.6051533536300544;1.4223416919268161;1.3630640185463205;1.3778692073475076;1.4758979883889332;1.4741069001479112;1.5225518616587024;1.5176324694711982;1.5462076913526874;1.4566371792743147;1.1934986633496052;0.9835929638906243
386;-0.09989965215727949;0.6866527373477294;0.7008320393659084;0.9339109490589387;1.074284176463795;0.9657583176910298;0.9919556330755237;0.881963229527024;1.5934192147446689;1.6171970386388992;1.6820048173748896;1.637748013035599;1.527987139017575;1.3218655812279916;1.2647133806402986;1.3207086991688337;1.7215485553380996;1.722305373195504;1.7467031035679443;1.7607371655505692;1.7670863215368116;1.7026293195825024;1.5177972678247609;1.2586116736833608
387;-1.3528167330801204;-0.3609282533032581;-0.3458284750232154;0.062015595989882266;0.41987284750336035;0.3945216570168803;0.5573909403754158;0.5142661690405164;1.2544943056714968;1.2735528654930741;1.4131368192619154;1.3648182352542064;1.2052370280751348;0.9256742855083699;0.8393392194760045;0.9416468938201025;1.654750122598361;1.6507589649213168;1.651610613069288;1.688702304206231;1.6807846099332748;1.6654538127437368;1.6047067199676646;1.3307316561944724
388;-2.1711057103777978;-1.2820378000106392;-1.276866105755472;-0.880132547944779;-0.4520949740344773;-0.4120475898357423;-0.11748238377505082;-0.09440976137712408;0.6325585264942591;0.5715744602229366;0.7576407545696846;0.7617117515912861;0.6275026613155781;0.406924584251328;0.32563527628463323;0.3771884573787993;1.5122833183573563;1.4741826234616369;1.3761923887910152;1.345562647458737;1.242469914530858;1.2287863600312094;1.3303651109329335;1.154805122262896
389;-2.4022779920463964;-2.1433946261739387;-2.11160886936809;-1.8945473882442594;-1.5081313904103675;-1.3827419561874374;-0.9280242180397636;-0.7658245046261158;-0.9199094576908153;-1.0097280142188882;-0.6801963164280465;-0.4580350499069495;-0.3683670458843277;-0.22531997690067604;-0.08386063971293646;0.03143684074516073;0.8613075247873146;0.8718826943581666;0.7247702398747363;0.7137430024390284;0.5776513236809256;0.6367742573294104;0.9380956823853288;1.0220739633024944
390;-1.8539109595270828;-2.2354891105565904;-2.1633149244638066;-2.1745693072997145;-1.9689953556650879;-1.843585982764831;-1.4547559066684514;-1.2196366146496838;-2.1163745656283304;-2.202988198228491;-1.8331607330661919;-1.4799534048844771;-1.2188244767403604;-0.8124766385797527;-0.500349116892902;-0.29194425812994795;0.12583822581516074;0.19546859848222112;0.050754287215626415;0.09739698484591965;-0.012180105578908777;0.11552284862508243;0.5153624595571642;0.7949308903670855
391;-1.3261701945092097;-1.9166951911535344;-1.853133576160995;-2.0202000627915058;-2.0474438077151267;-2.03221225387578;-1.8802471449421785;-1.7144616170033091;-2.3571646480371116;-2.448831106610763;-2.1822559593137036;-1.88477329363953;-1.654249998250144;-1.3062798129312052;-0.9883585430327234;-0.7249446638687388;-0.4395353420727363;-0.3513165003964044;-0.4467177455778467;-0.3429808839986459;-0.38978228694903644;-0.257436618197924;0.06527985808138992;0.31515911306614414
392;-0.6626656884019495;-1.4572338833164542;-1.399156919525265;-1.693652401893569;-1.927886170176918;-1.9837147428711228;-2.1060989123593243;-1.9914472051139278;-2.402113436868109;-2.4811127195413016;-2.3614214041672503;-2.187902760141398;-2.0502738241954;-1.8612222165421517;-1.6002571643749537;-1.2803471174961858;-1.0971666408605292;-0.9951920054330896;-1.0120252846355684;-0.8285622625484574;-0.7945999509884398;-0.6588044515299438;-0.4606109135585911;-0.3218593976872998
393;-0.29508093233821314;-0.99678416529379;-0.9529094268669543;-1.2558950445108925;-1.5949540346774937;-1.7134849025703598;-2.0099030686662864;-1.949758826909586;-2.0877415094456793;-2.1115353413463467;-2.1326551058910406;-2.108876886792699;-2.0836699768950946;-2.0736780322480435;-1.8862079160091725;-1.525703984845934;-1.7590154987645212;-1.6418111936150896;-1.5452755280259685;-1.2849926447359703;-1.1425085458977535;-0.9973810936813091;-0.9549916954916754;-0.9286426324148147
394;0.10449068301714777;-0.31308558684862187;-0.2872704964715355;-0.5325431440582481;-0.9283164526184486;-1.1097489656462767;-1.5637901299696475;-1.57338900698746;-1.308548285144402;-1.2795810000312664;-1.4775788047266625;-1.6517317239409444;-1.7754597516208206;-1.9891350229846732;-1.9285170149778676;-1.5708396098339616;-2.2120507879165063;-2.100484777159889;-1.8980675617218632;-1.5932022441780322;-1.3554890223651694;-1.2156538227911806;-1.3428300080046034;-1.4490472618714723
395;0.26064282245714177;0.22484329955665847;0.2333341490549762;0.07847279329925749;-0.28630684315313987;-0.47352457952775184;-0.9973462710352161;-1.055107510474859;-0.24231362286261615;-0.2589911121038978;-0.6267378375220273;-0.9826820317058219;-1.259074496072397;-1.688199290871836;-1.8444694500809822;-1.683200091053101;-1.9790998139223075;-1.9649089501893222;-1.8126129772345483;-1.651200796079499;-1.5010273692658642;-1.4778833222899215;-1.7260877207234717;-1.9472109727417264
396;0.455665987158864;0.6867474237958832;0.7445693488821187;0.7911200386369901;0.6503487420912152;0.5556765694652933;0.03604138160742949;-0.04229310338637205;0.45314419707404335;0.4881619256621037;0.1272370420008277;-0.29513003946598226;-0.6068209502936095;-1.1597982429521865;-1.6081012386645623;-1.708700359418146;-1.6241268450166764;-1.7277446878981855;-1.6847478683393653;-1.6719850540959627;-1.6190535128373358;-1.597487436790835;-1.7040135386572672;-1.8239216203343938
397;0.34629433351860106;0.5437102207037053;0.6633751215093903;0.8748361404923797;1.0721564985418135;1.1863526899782406;0.9620831205423332;1.0102131115358892;0.5122475341774242;0.6104684483177848;0.5000460845187267;0.2590810659786643;0.10324019716060041;-0.2753391672923498;-0.802655563592543;-1.1585106510618923;-0.8838214849514431;-1.0689985947989267;-1.1627676954481967;-1.3263279115397208;-1.4174391293802533;-1.46365286579296;-1.4833668147962922;-1.470129814699706
398;0.5931837541740499;0.8274844488775062;0.976387782741324;1.2380974039930446;1.5652650574410365;1.7170685672163575;1.673349272690673;1.7090388490158104;0.6847269961340622;0.8476844736330313;0.9482313394193796;0.8963924865642683;0.9013296504339342;0.7076923626580881;0.18094658113871137;-0.34208347672456385;-0.11500437608530435;-0.34530478625705996;-0.5349967982250236;-0.8202485708036366;-0.9768311011848494;-1.0406698729411592;-0.9691377427526181;-0.8043660831277752
399;0.7620869375185997;0.8746640905865088;1.0384391556113641;1.2523667091478154;1.5999230591595488;1.791079374175326;1.9466143181044813;2.0568957078113645;0.618872412089453;0.7640144733249828;1.0147080111576392;1.1588994931510919;1.3282250153443824;1.429386613979671;1.1371125509544813;0.6438307759911586;0.7669880911865137;0.5764319170596659;0.3583311712042476;0.03294541138452416;-0.1868142186903223;-0.33831093620106406;-0.3536821504353656;-0.1835862102613057
400;0.9689353874041499;1.075307599303615;1.2042892830774932;1.2849445942383206;1.4351950496316384;1.5090651738452154;1.7254402316833988;1.8343723395082978;0.692475639718803;0.7906853255622807;1.0417322132317337;1.2811899297988263;1.5290954476423912;1.8695938347372247;1.9648184168802802;1.7436693902073463;1.259911468848424;1.2009778147609382;1.1057124652205106;0.8848294139946685;0.7495577597094083;0.5357602651852236;0.24951536598411822;0.29505115906057194
401;0.9118534033665507;1.109156283739123;1.14810711159803;1.078459261168824;0.9932582988361597;0.8790853352884367;1.0596781767805437;1.0629849426245073;0.8535250519433936;0.9117357077593824;1.104713327945337;1.3439725333980022;1.5527972918667985;1.8950157018157892;2.243001155069067;2.344079221430249;1.3192827095279953;1.3999095949515674;1.488932097815499;1.4569890381338952;1.5072239792883468;1.3299517667104563;0.8449591243788266;0.7196960012041964
402;0.4398677556486115;0.8002032153636889;0.7711000659203279;0.6804409660618209;0.5012943425854832;0.279003185271593;0.4175006853131493;0.354011312664872;0.9580427187226386;0.9679775032235098;1.0762241483925314;1.234665390226749;1.335210782263368;1.5668420204195683;2.034211088566784;2.4050743067164593;1.3394067129720713;1.523635075923111;1.738194888545691;1.884748558743097;2.056215544947315;1.9455305345682934;1.4062290855956987;1.114297735130849
403;0.015509306501652711;0.434513878593052;0.35306087257419067;0.2843582855345677;0.09339878800965615;-0.17422129619447457;-0.16581360988912666;-0.31998869450342265;0.9716596737065839;0.9542419704824664;0.9626403849793318;0.9651175389387183;0.9009894255215091;0.8513847044682528;1.1588061810441272;1.6377007344058931;1.1595700603646435;1.3685719463590487;1.6153912211796604;1.909378415602233;2.1360270585579437;2.1914407219703826;1.920258203522347;1.6178644678028586
404;-0.4401916771275563;-0.06034600209618682;-0.11863955858300103;-0.05372007037529255;-0.06200743288282382;-0.2173007015418825;-0.3310339610388417;-0.4849388966929471;0.7106427671444613;0.7092039952948287;0.7039086184411998;0.5680460517939149;0.3621878014437259;-0.010882253715333436;-0.08361149545584273;0.2874744399444289;0.8874801243498912;1.0171002233463473;1.157465081043255;1.4771518140813495;1.6439580871022554;1.896855722474696;2.143230024326944;2.0166282334693877
405;-0.8699483974742613;-0.5217633278308359;-0.5148058073180002;-0.3116725693954249;-0.1129619753385662;-0.1198787130084225;-0.24766954066492863;-0.3288632857945907;0.3673080200866518;0.34656609577984004;0.3801128678239933;0.20934412543148026;-0.03309067936807419;-0.5286654350837829;-0.8806618252021144;-0.7302907931125416;0.7851645204085272;0.786319807421498;0.7440601443048487;0.9299200107642357;0.9481129266291346;1.2467450366824673;1.826139895022125;1.8704647211219245
406;-1.0783893651062235;-0.8016276417585398;-0.7392361271784037;-0.5021201886803333;-0.22460710173973444;-0.13242730071052725;-0.18862383655015166;-0.1700754152716479;-0.011321294440261424;-0.05968318153549911;-0.01389786642738273;-0.1461718174851104;-0.32391912384530774;-0.7154083664955938;-1.1130527941456054;-1.1523647456604986;0.4626802775823953;0.3734369641086256;0.21019190665486803;0.22217764425768496;0.1077738652382678;0.3008958852507681;0.8587867324161471;0.9861676955861012
407;-1.2403491399115576;-1.1159630491724104;-1.00150625897198;-0.7589375196071559;-0.41804289106439474;-0.22071357434647712;-0.12613932241379855;0.04075049113792944;-0.5566838258133628;-0.5878532245074091;-0.4861778053916508;-0.5187926440203614;-0.5644427354052297;-0.709514101418505;-0.9735435491240424;-1.0897651730421432;0.0038326271209862257;-0.10568946296358832;-0.299965202792552;-0.3865643787904825;-0.5648071950653948;-0.4887053275539379;-0.09743507529815117;0.06685912368498285
408;-0.9270991411712425;-0.9589307181345099;-0.8916321985923784;-0.9102371723183892;-0.8784226800475388;-0.82324623865957;-0.6831496476406357;-0.5288312209478444;-0.7580979981566031;-0.8568258276685534;-0.8175029699676514;-0.759490612667052;-0.683186354984737;-0.5366701750402584;-0.5057386491681577;-0.6427136681214163;-0.3700624174094441;-0.46528487798307505;-0.6424980328328019;-0.8403642307992314;-1.0418529642295706;-1.1621147661460056;-1.1285410993156317;-0.9694856515031731
409;-0.8211530289967969;-0.8492040448582894;-0.8322343381986601;-1.0103154104586407;-1.2275921410636137;-1.3356068155115128;-1.2591079471042514;-1.1670914549955258;-0.8150426367112857;-0.954137077278576;-0.9793518282960806;-0.9065056276571843;-0.8159918094335243;-0.5808183306493453;-0.35180332807038206;-0.4045409984243187;-0.6918295360028487;-0.7529303046876178;-0.8684760406033774;-1.0670103378682376;-1.2047374787371565;-1.4103909578751646;-1.640271128563799;-1.5552180886849198
410;-0.6209138630620974;-0.7212487662937207;-0.7331803136853203;-0.990377003149259;-1.3468863563822278;-1.5468746732977683;-1.5992285083649744;-1.558421327350307;-0.8936323448581899;-1.019222234373923;-1.093780171048016;-1.0536086917791467;-1.005829209505911;-0.8330138885959468;-0.5209116624453622;-0.4025133950350745;-1.0181469300874084;-1.011528841217829;-1.0166060172646614;-1.0851770769468878;-1.0950460721366602;-1.2624995746468164;-1.6193283547779151;-1.647908443479514
411;-0.5617145088388549;-0.6823237016525268;-0.6828366494939403;-0.8817170780414614;-1.1609497066819636;-1.3310123410370518;-1.4061033475769822;-1.3632290776684168;-0.9179409020368835;-0.9766683020510166;-1.0174999865968786;-0.9852124376363692;-0.9510968209907714;-0.8471533730797124;-0.5597107981095139;-0.328292109523697;-1.1147481846475777;-1.0576106480511573;-0.9805585255358149;-0.9153188776373651;-0.8214490521989063;-0.8802626245798534;-1.1796520716643397;-1.2378293696889875
412;-0.3884381349988508;-0.5048820538168198;-0.4744644524869366;-0.4828009263116511;-0.5149428691956977;-0.5499150370490052;-0.8040837905184177;-0.8213359112866722;-0.5970471420162526;-0.5607080382536344;-0.5882787200450872;-0.7199802972162054;-0.8714277341020253;-1.2265358967680535;-1.4357253148853133;-1.2850350897388172;-1.0149010545230344;-1.0066578838954379;-0.9354163644165159;-0.7535799494931843;-0.6373857865071337;-0.47964461984588075;-0.3642125415929573;-0.39984948625492944
413;-0.25108581131126034;-0.3324311733742113;-0.24481358371163947;-0.10437529149165746;0.050805960053283826;0.1272348610319122;-0.12767229469234412;-0.10111626339643605;-0.5035425187725319;-0.39483935033867146;-0.36517635270164006;-0.5101741846572626;-0.662553769048269;-1.0694152724486334;-1.4139947795049201;-1.3037053022234142;-0.8082822229133515;-0.8121126464062819;-0.7579946226875294;-0.551156844985781;-0.44304830010008667;-0.2116420952719046;0.06621286420525334;0.08338493810478476
414;-0.12505244002523738;-0.21699975709148586;-0.014892720127759745;0.30560039026078367;0.7033764536994674;0.9710373064091512;0.8390049703389965;1.0559784712373852;-0.5299430457415603;-0.3969154900073431;-0.31208249296289403;-0.4160290564246137;-0.468749954574769;-0.6948620795445732;-1.028743782612371;-1.0200303726799895;-0.5753958137649472;-0.624388609878543;-0.6654363825497852;-0.5583653553643526;-0.55140562634174;-0.35349478195687145;-0.031516601033688085;0.06607560228415588
415;0.3227053830325712;0.18731286379316;0.4104250062745881;0.6765993332294549;1.0378382608020553;1.3260585357950816;1.3455926824167792;1.6428365626533572;-0.31815242588496584;-0.18073972793609294;-0.07260407550475939;-0.07212717898708944;0.016075422569770504;0.08191677852756575;-0.04440986234442004;-0.12734104789190107;-0.3584816380355071;-0.4075186763874831;-0.4564277842679702;-0.4756399977897654;-0.5372586993738054;-0.5250919398816377;-0.5067186556529096;-0.44434218683150123
416;0.5936839273462067;0.5189151946063684;0.7208933662592756;0.8875878047518184;1.150428201141027;1.3783610189995348;1.5648416506188976;1.8718734962577572;-0.10018768379691437;0.04288425679151657;0.1970195310402391;0.3283214089624069;0.565651745617053;0.9288089620527659;1.0535253135845315;0.9358584053025588;-0.12417238609495578;-0.161724074318204;-0.2063246622902079;-0.319177616105151;-0.38411973744077776;-0.4831805476794794;-0.6825435096351721;-0.5718722653562568
417;0.8911261653600346;0.8960773744941494;1.0219733614215702;1.0276107714604272;1.0796496936705378;1.1351036958327014;1.3811253995651471;1.5766494530841653;0.19649017798506502;0.3468263153678225;0.5075811328523221;0.710438714023115;1.0194136546204027;1.5135155706755026;1.839723263433392;1.8307008648473577;-0.1104581253917808;-0.09410482364453182;-0.05226134297989561;-0.12524008954858948;-0.05986110739289023;-0.12452656989583052;-0.4163558347543454;-0.23075375328910905
418;0.9910699300011699;1.192040012500845;1.191147432122061;1.0072550479417062;0.7590935995663295;0.5474456316188699;0.7135377209512775;0.6786994591844806;0.6766342034026411;0.7555011949407977;0.8196987515727999;0.9962152371107974;1.2469648869170686;1.6665603261503596;2.080845831062364;2.221804468256801;0.1103660874884731;0.17618788768352037;0.2922536263373656;0.2957800124673868;0.48123790328881855;0.4742112476961106;0.17303156015443769;0.3621559824080877
419;0.988265468362096;1.298570601577729;1.2037178863642475;0.9600763982505764;0.6054582133750073;0.2449108259804541;0.24607460930513553;0.008563722415213065;0.9923449559233237;1.0844093129734163;1.0998219009143586;1.1879788296953937;1.2867401061803194;1.3967099212619338;1.665776287035417;1.9564738836690714;0.22438275763791363;0.35904084524432445;0.5865336902364098;0.7826410007678435;1.1092666168311143;1.2579513556127426;1.1112164569191774;1.2212358105240473
420;0.49916517530641596;0.8643369899173753;0.7453300538153576;0.6109244587512465;0.3870152509832164;0.0669372978153147;-0.005730282025986467;-0.29227647417885605;1.1208011742357131;1.1994982211518128;1.235956592308356;1.2255655525060842;1.1553423994824386;0.936942347734487;0.9478695667989363;1.2336857286285412;0.6115939578794225;0.7380012942810803;0.95453473750271;1.213223128564843;1.5043699327062656;1.7110318016631314;1.7546909552061574;1.7414741128345188
421;-0.12145930658105382;0.2123641455527603;0.13064060838312816;0.1447783515432142;0.11349885408571211;-0.06700266099117054;-0.18736165805728908;-0.40817910798559875;0.9452020355507901;0.9619789900866614;1.0027839008291894;0.8979214067154206;0.6965069934811282;0.25831513890577346;0.05012994426340699;0.2760895828474568;0.9758337029014384;1.0561018824256703;1.169590300190164;1.410523764719706;1.5591285651384335;1.7789319409067452;2.033237086687076;1.94227772439935
422;-0.7642820165011239;-0.4300837520654006;-0.44396810575049367;-0.28991268731370884;-0.1536823756776113;-0.195900160893809;-0.3035489154621406;-0.4098086559039022;0.6304926538946181;0.5562093773531291;0.5869687311006099;0.43980449753634066;0.191790550922303;-0.29288162644486015;-0.6182302922424644;-0.5222767821709184;1.1832611794400625;1.173750154816682;1.124275438741402;1.230369908644395;1.1814090934157109;1.325349015807222;1.6820356407223844;1.582365213206445
423;-1.2841078530945735;-0.9573298451118737;-0.9061015580336377;-0.683585189481128;-0.44482472692894104;-0.3835628729549081;-0.4141939447355327;-0.388714349816227;0.25717112131049086;0.08369664317445345;0.11022173203934739;-0.0017870125782799176;-0.20832010277333662;-0.5752580862400392;-0.900201170115905;-0.9998021203549903;1.2474903294469213;1.1307972752227295;0.9058540509320115;0.7847336626191005;0.5179586245993292;0.4638560355990709;0.7228518095105213;0.6133525915959072
424;-1.5602450630270106;-1.292102828869409;-1.201956139099429;-1.024662780654915;-0.7982807892620498;-0.6816394738709152;-0.5699975516114177;-0.39831109284939065;-0.253467712888769;-0.4697434577498485;-0.4453095942063699;-0.4564293079029826;-0.5248498578040723;-0.5841881194834433;-0.7010968189216498;-0.9058412357020336;0.8385609824820082;0.681239552637017;0.38189696030990433;0.09210607576721946;-0.28321415094661956;-0.5297319294826112;-0.5090094787380015;-0.5916879899639235
425;-1.5224867169101584;-1.3443038616954313;-1.2756382238864197;-1.227780575532455;-1.1488312672390817;-1.1035875995960092;-0.9661489311647015;-0.7814664252846183;-0.6115284861150925;-0.8145921968916011;-0.7955181332296224;-0.7446327156377527;-0.7311256270210066;-0.6259699735982845;-0.5503431547654394;-0.7164392290551441;0.16884691146048558;0.036073068914572314;-0.20617396404151278;-0.5031440180161223;-0.8094008035249312;-1.1114285931863548;-1.2981764830359845;-1.3785690381290572
426;-1.2838095186829415;-1.2735716260496692;-1.2240626593790551;-1.2799112537005457;-1.3077999255459734;-1.3101525195157318;-1.1504965088749495;-0.9634107416235806;-0.9247879907230904;-1.06185586321872;-1.0053238150859916;-0.8991652290832157;-0.815907294710351;-0.6015418595695058;-0.3854843755021234;-0.4475224287010353;-0.46170492209305297;-0.5375292165406091;-0.6755135165148614;-0.8876403900064129;-1.0578270174820223;-1.30353692821783;-1.5792894844875485;-1.60923909630121
427;-0.7254325574053768;-0.964015787494405;-0.9261494556286896;-1.0999285173448101;-1.2585215497504474;-1.3222826407525878;-1.2551558970564978;-1.1127305069700133;-1.1937421289948558;-1.2562122956287014;-1.1925889209849672;-1.0670160215930298;-0.9472955461152837;-0.7217235063111314;-0.4583069755838039;-0.3866975399310667;-0.9915747467108552;-0.992643957275612;-1.0202855583175305;-1.0876980644661114;-1.1088624273110914;-1.231000883429301;-1.4775930515613884;-1.4552024402653174
428;-0.10439136752786465;-0.4312157695079987;-0.376429492528412;-0.5313300184219873;-0.7025780377281686;-0.7937888334450869;-0.9447493641807205;-0.898798898345507;-1.1313178386028389;-1.0844645323625648;-1.047044082961648;-0.9979484513521268;-0.9384256953381355;-0.909425533829949;-0.7965267026135747;-0.63469169966281;-1.2975046026628736;-1.2510566468186444;-1.1747749366361684;-1.0654531234574494;-0.9512633030099674;-0.916588148974377;-1.0567092294831009;-1.0571737572020503
429;0.34299577327995645;-0.05307316702821388;0.06450626147824064;0.00862948784475378;-0.03205713486882318;-0.03829979865005193;-0.27164493078800134;-0.23086537856451622;-1.0924022951073176;-0.9787400459210014;-0.9211825657312045;-0.9074337097120978;-0.8509786190527444;-0.9047976966239638;-0.9776818996268388;-0.8562166703592233;-1.2266964609331887;-1.199246846338552;-1.1507598483428114;-0.9875050669244182;-0.8677026534379688;-0.6845662194319899;-0.5309858849277327;-0.3829314194865836
430;0.609489804898786;0.358743210488774;0.56253074455822;0.7217650815279576;0.8922847736613547;1.0208682252729737;0.7564997781616408;0.8680501829782736;-0.7004561727626021;-0.5288046915763843;-0.47525746752452763;-0.5296075737499906;-0.5014974755856976;-0.613756195521357;-0.830730546516797;-0.78261218753001;-0.9345704800717303;-0.9464745858428515;-0.9345149362590955;-0.7884014426796222;-0.7119509657331343;-0.5036584083052131;-0.26576651730190914;-0.1056633906124685
431;1.0859353891671317;0.9065003211076064;1.1276365450159074;1.3173382454501978;1.527275692250072;1.6822518569443978;1.508063864945804;1.640648316496636;-0.26144689694664947;-0.0474706546372044;0.02772544537858685;0.008117956874946515;0.10968540746773107;0.12803271781575823;-0.03560530316923302;-0.02575072965065183;-0.6082902968432539;-0.6217615223692479;-0.6190309435508854;-0.5109486273431583;-0.4330664949821591;-0.21791079780879027;0.023083287700311865;0.2758005459844288
432;1.2007734539211798;1.1358965931446385;1.3509835222186608;1.5711635333254594;1.8379134459876523;2.0219604172109698;1.9548798674217638;2.1058409830765257;0.22046870949205855;0.4292415705814755;0.551425564872975;0.5752572156939759;0.701946510739518;0.7758455990692429;0.6304065499656563;0.5325334706005355;-0.009433351402720943;-0.04934069076247192;-0.07118543877658508;-0.07006597148930661;-0.06575527259970101;0.0032918932074022375;0.04238652630517491;0.17828940693640546
433;1.0988601171731058;1.1749682695509238;1.3373589139814197;1.5048211641475306;1.7413775370685904;1.8949301940236187;2.037639293263569;2.2045786045756888;0.6296318782632209;0.8144045737237323;0.9935194858633264;1.1145213015617756;1.3114428763461201;1.5542736866018985;1.5911312934209252;1.4630618580510546;0.4976211120605543;0.4655625698919115;0.4569151031873495;0.3734341714219915;0.35646002822750494;0.2909179011914963;0.09765023790409602;0.1770066472454158
434;1.0730111861527287;1.290600846086729;1.3588917934095026;1.3940642272918924;1.4723387945959112;1.470840487174828;1.655292068165681;1.6720147629895357;1.0430305242762126;1.176093784434293;1.3440717465452907;1.492139681257594;1.6784177421144708;1.8937403000001225;1.9442301273876688;1.803132271169646;0.8323231766267294;0.7916807459681403;0.7775753289455276;0.663614048619006;0.673879572135891;0.6235252457750777;0.48616801967269063;0.6368452364153956
435;0.47736483809780283;0.8569471723071679;0.7802294540423184;0.6817527544928282;0.6025026996434224;0.43732124426140656;0.7043130237134567;0.5985605777969767;1.2964270562755515;1.3518061338779934;1.4716496982296443;1.5959307774089677;1.7017914788104296;1.8125521793861294;1.937451407401334;1.9522995610355416;0.845407541215357;0.8504324497852405;0.9088064073245061;0.8762310245769598;1.0052162309785535;1.030886984927118;0.935141809915956;1.0707926053401176
436;-0.04329859492947269;0.4243910978878013;0.2905805704234456;0.1705002877193436;-0.016113111177532127;-0.26941186250950033;-0.1320908159368391;-0.28992171805379385;1.2999648874065137;1.2501421361984872;1.231234512111074;1.2183369287913788;1.1600249495323303;1.0847418099442245;1.2469340269205407;1.495169548388343;0.8964585914743366;0.9771225832383674;1.1084399954946575;1.2249037693322313;1.401046578299104;1.4703791680274594;1.3752596671926034;1.3244999233795884
437;-0.38744087406376826;-0.023885601983214343;-0.14253230862118607;-0.2533001880070811;-0.43939493085758485;-0.6887306477095254;-0.6891795694730148;-0.8837960290930545;0.9042710047052411;0.7708774098463955;0.7319302714753105;0.6685107503026648;0.5330328123900533;0.3304962337263156;0.3759623235767701;0.6277886235430791;1.1748814170816397;1.2510545665933157;1.301340118029002;1.4395260167803532;1.5077497284641155;1.618249423602385;1.7594631609101026;1.7011482648649938
438;-0.9567656759530874;-0.5902217726255365;-0.6297395689172525;-0.5842363514913469;-0.6348960920097879;-0.8157901130723111;-0.9339590592769011;-1.0859074461383864;0.3561289442440424;0.21726742297215904;0.21934345640961747;0.13064809379289244;-0.05894166022962872;-0.3643889824062551;-0.3944431401026577;-0.12807176820078403;1.1886700902638192;1.2552154946241985;1.263505785750883;1.4209401845468563;1.41215768178363;1.4919222873904363;1.6392485408362973;1.4352641893119409
439;-1.5962106715613;-1.2024463181008616;-1.1545255593662034;-0.9461164018731408;-0.8153771184133235;-0.9060793061827416;-1.094153231325486;-1.1986919297082261;-0.36026643849471535;-0.464986875984701;-0.3819047378367919;-0.4553306367827172;-0.6491924782668919;-1.0243384772426467;-1.1855087982510002;-0.9918722108116254;0.8575796830021998;0.872260356794017;0.805268622236171;0.934481894287733;0.8579897077422913;0.9423760277062064;1.1884498173196107;0.9859531334881776
440;-2.0000961558017436;-1.7709764316350853;-1.679907080810179;-1.4340154892431562;-1.165723499383021;-1.1377033852629839;-1.23961662500216;-1.2570082504671942;-1.079144079576895;-1.1486560919340276;-0.9560174913537238;-0.9467476886224844;-1.0695851209396545;-1.3976745297429587;-1.6632508491535367;-1.656970904777547;0.2690787235148794;0.200740939655606;0.04441822079112308;0.05313585726526897;-0.10596596471267868;-0.08062454229475352;0.1845922458013958;0.07391093910252602
441;-1.9779692623573544;-1.9300241645908451;-1.8360699658174406;-1.6807317332538225;-1.4255938594187738;-1.3464494892086858;-1.3208067328741264;-1.2634169073795791;-1.5074421848334838;-1.5497716816600076;-1.3179840515796937;-1.2216156041652801;-1.2301322201410683;-1.385495974108366;-1.6338611813100754;-1.8206778540161055;-0.45905678663503874;-0.5963898688988593;-0.8071539096052863;-0.9518969731657321;-1.1641940032222318;-1.239151303254195;-1.0712059674567156;-1.0407304172344503
442;-1.7086513745105687;-1.9107814423943146;-1.8560559757904207;-1.8650070893604784;-1.6914646434888998;-1.6114187147975787;-1.4219028728220975;-1.3298418867403465;-1.7283785324558434;-1.738015096646197;-1.4468065405963313;-1.250519365047958;-1.1444684110809566;-1.1272638959757195;-1.3272199667147622;-1.646317054053879;-1.0884131158605765;-1.254350529309498;-1.4660649591187322;-1.7076320579726647;-1.9014233447884672;-2.0019693193990995;-1.8717943794506438;-1.6476963811611163
443;-1.0980915951348609;-1.5062102705565226;-1.4369200954386916;-1.5246166761017332;-1.44512984886131;-1.349941112148502;-1.1628060818615544;-0.9841918836529522;-1.7247091105302739;-1.7059901225633196;-1.47570876708965;-1.2870870009266695;-1.1294427755026588;-0.9774034348476682;-1.0155034041839233;-1.2160000894161953;-1.4093673906735373;-1.5089640165050653;-1.630002371493358;-1.7964301946466947;-1.9106768458058965;-1.995894846311051;-1.9836264494230123;-1.7585775874284602
444;-0.3658992731518353;-0.8898970760137036;-0.8237209457704132;-0.9660577851539377;-0.9732411269136787;-0.9124288742848811;-0.8076822376624426;-0.6442767752609599;-1.4566218969823914;-1.385879155780794;-1.1858666447285489;-1.0174308507237024;-0.8572318195995134;-0.7101035337737162;-0.6933913330300016;-0.7875522022523884;-1.4742449323871802;-1.5114317495748284;-1.5259436889986984;-1.5895028707943943;-1.5945190338563657;-1.6422773156020412;-1.7411111717903802;-1.5717651732750244
445;0.5938839968353951;0.030624342125215816;0.17021429153010043;0.0687479756044376;-0.060901630202338235;-0.026485585683523917;-0.2563225445685631;-0.04999789934769387;-1.1241338498404554;-1.0515864248072946;-1.0860339459674788;-1.0976226944066536;-1.0344579099672375;-0.9473707765300668;-0.779961498638723;-0.5602942485804933;-1.4857718521573462;-1.40896184793659;-1.27651198435881;-1.1200236252264022;-1.000166726558939;-1.0185487687889676;-1.351103494293935;-1.466238888701617
446;1.327283578478697;0.8924768041750168;1.0444355926887374;0.9571690124773137;0.7929171318089258;0.810579925101703;0.543290379764939;0.7388636920706018;-0.42089574358777315;-0.3303847090758522;-0.47184477164187794;-0.5533481946773493;-0.49286673350141985;-0.3694477412549901;-0.16772580803425663;0.0851429886630835;-1.2711142421359873;-1.174685649864906;-1.001586892448431;-0.8166112382293255;-0.646912393395364;-0.6296534169079974;-0.9790680251778027;-1.0691511213142535
447;1.7101274592409001;1.4483273942114057;1.6110168331225228;1.6344186747906615;1.6023325910712645;1.6668409759871192;1.3862018609801112;1.5313482930892337;0.2368853365892883;0.3960989940773728;0.2752896408992773;0.14504715076703334;0.15828387479565392;0.14822149826031378;0.1754599531830975;0.3705177995341423;-0.8273203636259887;-0.7478289819990785;-0.56298639465334;-0.35532788101871454;-0.16123515674666833;-0.07841077591485246;-0.33390948110306257;-0.4351032133917493
448;2.0187640276169225;2.1159258978565325;2.2155428687041505;2.214491677962209;2.0871431361298947;1.9917544064957031;1.6770697422732488;1.5969780388048926;1.07432580447007;1.2413527478232866;1.0893528267915642;0.9278220369370369;0.9123021343345971;0.8089548517877092;0.6780432903944427;0.7204723001143769;-0.2915595078478314;-0.28600611536477405;-0.180930663206367;-0.06567233492205174;0.11038710683727265;0.26135600695840566;0.24039340718330804;0.35102988857148737
449;1.9060413668929364;2.270753925447894;2.2857817078638227;2.267709790427161;2.16949292182659;1.9633171197323522;1.7426849643214957;1.4295605577935002;1.6745438422836527;1.872900221778886;1.882539508629643;1.8136047586020914;1.8007684324955548;1.5445081577012232;1.1073284331251783;0.8132708073973075;0.3503723540818241;0.22002363867372057;0.18528454762609184;0.10298610236513678;0.2101599053260107;0.3857629369362941;0.6364947796078707;0.9797309214900405
450;1.404597795568819;1.8925314207001585;1.8213613209351711;1.764542802028302;1.6986373813810487;1.4519155402140542;1.421467614750371;1.035778948012029;1.9945253552677362;2.134690060296112;2.261472494068905;2.291399866116776;2.2846566797407473;1.997322645424817;1.5013010717649091;1.055812654548061;1.0964305401601226;0.9103317993667001;0.7963398328086818;0.5793676179718051;0.6016673023651973;0.686446232993355;0.9517848611916163;1.2963518271554446
451;0.8572845927826366;1.445289760627929;1.3652757295719922;1.3533040221439496;1.309071083383332;1.0789532176043035;1.1069485660700193;0.7764045374843944;2.0432341167600954;2.0722742624800996;2.180646607393196;2.208422326747842;2.162000969265389;1.8990970283125976;1.5261997840490518;1.1568915252757006;1.727962180396092;1.564764900427193;1.4278518388118957;1.1948796986239305;1.1267377757447614;1.0895420924278645;1.2054720894742308;1.3642570350592054
452;0.09620068041882107;0.7057800054353013;0.6960783658537949;0.87164830983394;1.0213743321742468;0.9270486326621907;0.9724023641823224;0.8036769823752258;1.7032326485234996;1.6757620315383501;1.8183454358156463;1.8303955392711069;1.7227783844904567;1.44568400970365;1.1852581350029576;0.9712435912210607;2.203427726184077;2.0986555080622185;1.9823944512166451;1.8120003337020887;1.6621451643033116;1.5036604074348539;1.4001648114008345;1.2261043460440255
453;-1.0719211943993685;-0.439045439877802;-0.32905817807389715;0.12467002510779918;0.5890185464304754;0.7060011397129387;0.8228096452425;0.9030614176053866;0.9184022877369309;0.8819243920894154;1.1086608595996366;1.1350941889841055;1.0024805636609635;0.7753375605458078;0.66321834733988;0.6432607331566528;2.386572858900997;2.3560160189242336;2.266505024972417;2.175363984677527;1.9494908273512574;1.696309067106081;1.4109939859325413;0.9318899946633077
454;-2.041170683545073;-1.4484906146982925;-1.2609032505309388;-0.6850775005795379;-0.06338968035963867;0.1941030091383174;0.42825210108204453;0.7199587734591688;-0.09726886196918585;-0.1275783989635468;0.14074744557194346;0.21425809791000233;0.15005629152139718;0.12440058832367852;0.2581871527383534;0.4548899413771414;1.8652088958681003;1.9148443082766142;1.8660018817047566;1.8766392891602208;1.668458360628823;1.4467583019922747;1.1411403676883094;0.6244202496821855
455;-2.6478374068236805;-2.20294979776998;-2.03153639728714;-1.5128977540497786;-0.880444324389253;-0.5808709982050909;-0.1702315426967731;0.21407688256647697;-0.975194374742157;-0.9750281603924263;-0.658200325605259;-0.5080617749077619;-0.4562252993175984;-0.2783754444474502;0.03309698055055577;0.3666944515873683;0.8738608867794845;0.9686593676368774;0.9568062402661649;1.0630735325158702;0.965122574032851;0.9073219042210419;0.7922490916608188;0.5000653366486801
456;-2.8810364086458646;-2.649001859046269;-2.5579277454220892;-2.2115948137438726;-1.692106107752261;-1.4518230199077158;-0.8931320549096773;-0.5281072781729589;-1.6132374588530605;-1.5684640240928824;-1.2083303066438382;-0.9815855150486495;-0.8310350062474541;-0.536164619604411;-0.14696959081902214;0.23616524042141437;-0.30072076768148887;-0.18330704183904728;-0.14249543165323433;0.023484063611770724;0.07693979904811538;0.18746764203133132;0.2515265558710508;0.24215157730089776
457;-2.5644537666668032;-2.6813054125272484;-2.7207789760667667;-2.7408589349245336;-2.591425247924422;-2.5905909017164537;-2.0549597208345913;-1.8717681885665631;-2.2237216246566565;-2.176861927752977;-1.8320571653467081;-1.5291163243208108;-1.2973781290325168;-0.9302077420455213;-0.49197439382404223;-0.07423648392172091;-1.4318240953385732;-1.2782298106604857;-1.1789022858619211;-0.9675503621386697;-0.7595650822872066;-0.49128351335475406;-0.23645372229533554;0.08943995848470947
458;-1.9121747910604523;-2.2660559607459057;-2.3891537698763856;-2.731225874335451;-2.970213247805354;-3.1880818190344136;-2.90289991985997;-2.9078692048994985;-2.3249808256545146;-2.3584910356536315;-2.1654689982436617;-1.9103273936589107;-1.7196207900636755;-1.4335350503356379;-1.074169760747351;-0.7293997792946352;-1.9153368453546467;-1.7940789927471705;-1.7289245068246384;-1.5574638586305267;-1.3380510209254712;-1.0405963843800166;-0.6630141576889719;-0.16074588011916263
459;-1.0196734403299794;-1.6615468428402627;-1.8174968689478235;-2.4073168658138635;-2.929518749947478;-3.2346451108998866;-3.176838763990532;-3.2470868105802797;-2.245100768283298;-2.3465522364474816;-2.3211746245730636;-2.1486866753938485;-2.007954832807501;-1.7839922043566812;-1.4974368404614409;-1.2113108564712405;-2.1527825674248136;-2.0613943671395636;-2.032622404873377;-1.8897761776855104;-1.689825960551148;-1.3783252246056656;-0.9142632861396321;-0.30742435321417083
460;-0.038007328009601826;-0.8368631684494362;-0.968132235758258;-1.6469866095601997;-2.3267393830898357;-2.6506054679726785;-2.9075436321520822;-3.02666799303941;-1.9519490165365991;-2.0621002618614104;-2.2091298805175263;-2.1819409424211393;-2.1469177738326675;-2.1007361879705138;-1.953008638531046;-1.6911086733015042;-2.175019264625302;-2.1033193271449675;-2.075687784992403;-1.9036677332494207;-1.720129322931027;-1.4239643648843454;-0.9828542770489282;-0.481720616984297
461;0.7351644841158221;0.024105300939616263;0.057675419492183466;-0.2999990112093824;-0.7189444171386787;-0.8221416394413097;-1.472437533344975;-1.5460678955596192;-1.2387984272542418;-1.3061378478243801;-1.6052207926321072;-1.8767030706780807;-2.0903991760565788;-2.5438309489660917;-2.8933381638501556;-2.7967927756520887;-1.837414638966888;-1.8701015775561693;-1.8890895406830268;-1.7099984723902661;-1.6571472989804075;-1.424624672594118;-1.0248559893274272;-0.9123317113846247
462;1.4228511028291912;0.9695194665495414;1.056238451583029;0.8774614384503747;0.5952064027297972;0.5628903901837806;-0.16653490969687357;-0.2376592860709113;-0.10405078223764062;-0.16290498881428075;-0.5693456182007273;-0.983778543876102;-1.2891104069194783;-1.9054034942649554;-2.5167553370395352;-2.6584711364339273;-1.3596989324869813;-1.4851079402189389;-1.5516442005519198;-1.531859102832307;-1.5918504769867843;-1.513528994820289;-1.2974630963447005;-1.3404902586238625
463;2.083984559816332;2.0913814951119822;2.1858276695805747;2.181717814961463;2.06477249104202;2.0315340462034666;1.4366994080354316;1.2809074497521797;1.3129948558718794;1.3613825873680052;0.976363996345717;0.5394578120817691;0.27315704623295495;-0.3229035514694759;-1.149696854978741;-1.6836842969731383;-0.9366092773609532;-1.1845703393137574;-1.3338886951913262;-1.5806981276489818;-1.7167213157117762;-1.726628931166058;-1.578220734115256;-1.4542119631970214
464;2.3868469694057173;2.532438936506121;2.652243562816552;2.707853067365596;2.6595192630544657;2.635766987370758;2.277876463304185;2.2031169321689177;1.7522352557278988;1.875342445284099;1.6235326291748815;1.368902480282963;1.2920211977699876;1.0498185341762634;0.49487215097755666;-0.17824293301298882;-0.26513374695940434;-0.5110221490260549;-0.6689709482278169;-1.0654531234574494;-1.2702902657729993;-1.5430828897239248;-1.8695884824512818;-1.8895996536806823
465;2.15545103785948;2.7191282721467767;2.8489502069135364;3.0471941107019878;3.064013059088411;3.0091236425869368;2.768426676463954;2.7611905179575573;2.3231964876743016;2.4746892936113065;2.291034222361898;2.107210654559011;2.0560576318926027;1.963896391974424;1.727648145883421;1.2461740883668666;0.6151659813694819;0.44995449854164965;0.3926231859754387;0.05626515874765476;-0.06896342722655946;-0.4761823052079926;-1.244309454557943;-1.5663910404337007
466;1.4889528787983926;2.3012150217761143;2.398388990361125;2.683231640991225;2.868211804701484;2.8195902102136694;2.894430047775704;2.883318371611752;2.4414484674979087;2.6746736529470976;2.8180815471911886;2.888275209694638;2.960217796615146;3.003840359371465;2.9192442688091678;2.43762730363757;1.5151058905304755;1.3560077643892232;1.3176433286089149;0.9370246217363475;0.8479531709598982;0.37822123615569836;-0.5196758185150979;-0.8787132918778936
467;0.739367839703082;1.6571432486939461;1.7428346725803363;2.121453448332246;2.437777121794034;2.433256399134337;2.645756220565274;2.6787330270187715;2.4138084465460277;2.5929834879669222;2.867396100015808;3.0134077046035808;3.0455105613202154;3.07377424314624;3.1679109971119503;2.979740359298724;2.462228765564884;2.4082359555669415;2.466741199414447;2.239199920929975;2.210290954491476;1.756990532072226;0.7704341746280782;0.19076106288903855
468;0.10319223458739567;0.847473312861505;0.9516469260448261;1.3891802218197633;1.866481547344616;1.9641534712893696;2.2686013838546177;2.3353368358117064;1.8026298160330825;1.9588271594789521;2.3405120518549927;2.5292907965899984;2.56684807531828;2.5869198357033008;2.7507139701914247;2.8921570148774296;2.9020082026253706;2.974950209737591;3.080753435991792;3.1172783734772858;3.1408589372698317;2.9666782525225415;2.4317521411466263;1.927626017856641
469;-0.6321744428892846;-0.1701727231691379;-0.06250310663031033;0.39704299366705376;1.0099056246647822;1.1857039126696105;1.5679257494877292;1.6556016624656953;0.8441350700358267;1.0161442156660974;1.523900916538331;1.7684367874535636;1.8367845775445621;1.8467247121238597;2.0024840723586377;2.3362099358773465;2.783494687201704;2.9516341322400685;3.058830089436479;3.287166899010399;3.3352218500987183;3.4261460221796964;3.394899961137141;3.062637204210748
470;-1.200264836388518;-1.0126962519589526;-0.986852398551431;-0.7505452616306372;-0.3237807835501349;-0.23224325615532385;0.19434178112489772;0.229591551829572;-0.0012737045481604433;0.052761858188444484;0.49379557821044934;0.7523732183992506;0.8561685520507433;0.9415174855794246;1.1207600701165967;1.4623266142118418;2.1172989290232813;2.2871669781802875;2.3145495006774564;2.5419971030193786;2.5558560035176434;2.776643658399739;3.1363630239465707;3.106527563578778
471;-1.7145107057699716;-1.6978086313098832;-1.8005255231399795;-1.916375589786774;-1.88448176979999;-1.980964170260728;-1.542166073671053;-1.5780775172200927;-0.6354338708961768;-0.8183062532913742;-0.5802621628337226;-0.34332708703846704;-0.21636706621552693;0.04492841376988851;0.35957378341147644;0.6468438804930661;1.432654660005746;1.5590835637684681;1.4641187331923773;1.572667296627333;1.4933296028009402;1.6974243933855018;2.257479057007647;2.539568164437823
472;-2.0494047906782105;-2.124071818466603;-2.241092697302264;-2.4588694708167136;-2.614628640307917;-2.778004029751351;-2.5179232472496467;-2.5340136547911287;-1.380501803314368;-1.593442583695728;-1.5159967151709324;-1.3823584689958834;-1.314334598363981;-1.0941370017583727;-0.7213951364765013;-0.3048450880264411;0.11294470790433023;0.2631140619640252;0.22694922915317708;0.4239492145926522;0.4348777319341747;0.6944421127222979;1.251279873337743;1.5721826191220993
473;-2.1684281984002602;-2.2397086468839356;-2.3118849746072816;-2.497991530669243;-2.7108025336124455;-2.8685119267365535;-2.845025773544274;-2.837858932163262;-1.8057661828804674;-1.9728365927299103;-2.010352198980276;-2.011175010299357;-2.052124601610168;-2.0244134119088737;-1.7637782588444235;-1.3454860962954516;-1.020486952601266;-0.9031451634608083;-0.8934212119515498;-0.6626039600231627;-0.6026252909277815;-0.36993054917206003;0.04009014412209757;0.23922891708384855
474;-2.211364826630534;-2.251616795029707;-2.228852978830038;-2.2605838525814215;-2.348226650623916;-2.3982965467523365;-2.549130361140849;-2.4879102458148123;-2.0804975491300097;-2.165259001533177;-2.2589709552812107;-2.388343963821426;-2.5187009873376036;-2.7038468809004566;-2.6945073918051685;-2.3906172685242866;-1.8916469719493545;-1.855317168764708;-1.8654457955319521;-1.661186345475711;-1.6172746638622155;-1.3867640039282607;-0.9913552531649221;-0.864952402186026
475;-1.9510775481231803;-2.148928598472029;-2.050096270189137;-2.0220570564175313;-2.0150417530237905;-1.9475884931224479;-2.164749925009499;-2.0157551264619022;-2.2778902049318153;-2.3273116367081292;-2.4352904002262834;-2.6034746696248274;-2.739224101357839;-2.98251653023206;-3.1435730306354874;-3.0142108808164068;-2.3427794454344286;-2.3860816797701934;-2.455162675446963;-2.349459828302536;-2.384782415813202;-2.2287335610807895;-1.890508057787278;-1.8018833848045253
476;-1.0195739125840304;-1.5167377378565179;-1.3920757961560961;-1.4537380242848548;-1.4836476897464927;-1.393858494650028;-1.6251540561293067;-1.4620143815431144;-2.2280657304618705;-2.2206907669497538;-2.2956677691907252;-2.4123398278868393;-2.459740915624341;-2.6216772449988057;-2.8405834018173532;-2.8539963800651114;-2.5711761621306732;-2.6493069415722497;-2.7301267093289;-2.6961908903509726;-2.7335934036080185;-2.607666821413047;-2.325750021165245;-2.151837218985339
477;0.45336619576562387;-0.40772553231353986;-0.3102023227178879;-0.6031758322488013;-0.7888130371202979;-0.7402976568176537;-0.9327900851371316;-0.8214263120015485;-1.765837933287374;-1.7280292160316646;-1.7654102974442736;-1.7885032047202045;-1.7041219414130262;-1.7078304124411896;-1.964057982891532;-2.2072212332492436;-2.4539288127119843;-2.5803084235415383;-2.691877605252765;-2.797717964167038;-2.8558682114467486;-2.788331643671605;-2.561679041441101;-2.205644025293553
478;1.6265166481459763;0.7233933188076107;0.8145622287909275;0.4012554597619093;0.10888862525611732;0.09177506809455799;-0.07852292138767501;-0.04891017594876926;-0.9443868291160049;-0.9170989747622759;-0.938813516398064;-0.8861713869669783;-0.6967150588523141;-0.5563018387095372;-0.8565668199033796;-1.3844322789253398;-1.7872331239795525;-1.994761689775011;-2.196692593013707;-2.5297798059156644;-2.6979609483012084;-2.791540893626351;-2.7057127816581823;-2.2709987212095037
479;2.652138128939689;1.9670729299206584;2.055917666609751;1.6321626883667926;1.1776338963209574;1.0410623428417194;0.6746513023623153;0.6096442198996108;0.05996449152597762;0.05830733384546489;-0.11967949003850605;-0.1451564862949635;-0.0037616385864874383;0.12262677554626104;-0.09125181209978692;-0.5508106734231882;-0.9369868305086269;-1.0993388136034408;-1.2543076086878218;-1.565603513917224;-1.7304271315710593;-1.9346289341860285;-2.1244759002080644;-1.9046393317894288
480;2.443087166829717;2.4331852007558523;2.5353330633226503;2.4705908632211444;2.229389730123255;2.1312856216664695;1.6697195927006176;1.6167610413741618;1.250008055267488;1.361556707785101;1.0652411663712127;0.8067110496489828;0.7098510051744116;0.5232152733211846;0.3177335551637699;0.19502768932949327;-0.5637493276935268;-0.5922610892298489;-0.48239454856224795;-0.49296047182478764;-0.43023575691673355;-0.5622829104016881;-1.0453539925714561;-1.2591442195182299
481;2.1082069855103196;2.756308400948855;2.8057690940933795;2.909145725950509;2.7248186226052153;2.5566083410776463;2.0972481063122563;1.9781075807438817;2.460772146596494;2.560803848191435;2.1628129969525967;1.7674142040915972;1.5019005748529788;1.1115307045544538;0.8908480566716602;0.8846644742312894;0.2315153415435447;0.22243408584123925;0.39624906138668897;0.4444717109047109;0.5792972006953041;0.45194810914718053;-0.1340800361568204;-0.5467272167641033
482;1.4026922908583035;2.6116176939711453;2.6477461703077343;3.0012967979296814;3.0211733110148034;2.847085041957828;2.427683138830313;2.2744734444731676;3.115115579765019;3.2771624912154738;2.9622502209950206;2.518950778648331;2.13781830284991;1.555122879813934;1.2779025950790082;1.4051473981013363;0.9615244587862849;0.9657124255516971;1.1969500846595689;1.3521553488886742;1.5881279767674736;1.546160296197882;0.9986225021131793;0.4573208124830163
483;0.31450963212603594;1.711483807916992;1.7455059609939183;2.258666750989252;2.573126865850329;2.479146595322909;2.331350401500877;2.1766254010670023;2.960715501245507;3.1452557786715865;3.1286269964950595;2.865514521263556;2.5487906301571295;1.977844755561991;1.6660270896441811;1.7531563597201567;1.8782731792340004;1.8501418050466054;1.9913676179451252;2.110267562788193;2.297388602618033;2.3387230318927426;2.0899285887661248;1.674172714925896
484;-0.953679689233859;0.408876469803825;0.48195550530824216;1.1649779499048296;1.867965680484473;1.9366480445353516;2.1455075852514605;2.047125908659334;2.1965113465589794;2.3979519501890696;2.754616229989043;2.7612335082559234;2.6024530202731855;2.140430602729448;1.707830851646683;1.523685833205685;2.4968484958874977;2.3574600851578804;2.2587396271821296;2.1752888052702657;2.1668294415235856;2.2281035801545217;2.372800443593384;2.206458685331828
485;-1.7842185014500649;-1.0814192299566114;-1.0037751800229777;-0.48849417296574976;0.3635741619835481;0.587770183333326;1.3331753972177065;1.3686144521842167;0.5398678960368246;0.6805435911528899;1.4511129066244102;1.923914615029588;2.1418343553638657;2.212523929618739;1.9739413830862356;1.5692857513517582;2.7930809947339155;2.6192080033546787;2.2949041613442995;1.9950772634901763;1.7532518752395148;1.772237733911453;2.2350159389207365;2.459070321922981
486;-1.8963939939780754;-1.6965874508323666;-1.6332122045029216;-1.406383126168709;-0.8305423801358739;-0.6664435232169543;0.1052532015750394;0.21053856626782502;-0.5818794642176475;-0.6043637926465181;0.13681396747278132;0.7409127346401793;1.101286124198015;1.5282896727773096;1.650895758430102;1.40392226781429;2.592844680195953;2.5175014265790976;2.1930483398162233;1.8998415508507518;1.5709232341082533;1.4644365874104421;1.773129576389242;1.987818997154382
487;-1.8912328079321181;-2.0812007454457966;-2.017874844597989;-1.954547852952973;-1.6028373891155254;-1.480571367696135;-0.8757743161243292;-0.7009873552902546;-1.4859194587327935;-1.536505374876657;-0.8988654158343286;-0.3324200921461019;0.017516633619997574;0.5232152733211846;0.9202742852177227;1.0506741091372858;1.7719459284237777;1.8670553051443326;1.7270283151844774;1.6649206127368852;1.4629901232985547;1.3759842550816763;1.4691193684991637;1.5074406731672088
488;-1.4363212228035953;-2.0712560301824325;-2.0154251211952703;-2.1445928851849403;-2.1255051656101283;-2.0782270246409213;-1.8294260330050083;-1.5888067044707015;-2.258557691899846;-2.317175419642363;-1.9648773552516188;-1.6024230170165812;-1.3641854698704827;-0.916409209179254;-0.26426222066301447;0.37629360300013637;0.3095323352660052;0.6017807263263898;0.7189457513589674;1.0200522432599546;1.0768021818339004;1.1420549692578261;1.0838917976796971;0.959992627018523
489;-0.7990432687504226;-1.579330927812859;-1.5463121304461322;-1.8076830706563387;-2.1075702891704333;-2.1971718733468744;-2.367652092360428;-2.155530706735147;-2.43990551691398;-2.4650582444928495;-2.464002362266614;-2.3890152060923833;-2.335058904170862;-2.1174890877536123;-1.4196134933221418;-0.4342232819632719;-1.2745074516255046;-0.8719550822947042;-0.5355235145340128;0.08532494350644426;0.43039174655985546;0.6959228612113271;0.6108099026770143;0.4008876365208378
490;-0.2903924001441105;-0.9711724056384424;-0.9813688350803127;-1.3082999989828175;-1.806539101961627;-2.015619493331615;-2.4663211869351094;-2.3402035974980717;-2.1762726462740787;-2.125461526216828;-2.3998832439250593;-2.5842751087256306;-2.6994476828207192;-2.76393253163576;-2.235362971188058;-1.1699933959486624;-2.7373091252516817;-2.337202015367908;-1.873526833843955;-1.0982266023618983;-0.5339824478408297;-0.07656595455350854;-0.046868208573919115;-0.16309405845188474
491;0.20868349553503215;-0.31733228585520745;-0.33786980640711894;-0.6720195239639338;-1.1312035490218602;-1.3345041482179103;-1.7906991136274137;-1.8094324847048209;-1.6003461313536473;-1.4896374358490663;-1.7958067043642512;-2.0641047911024897;-2.20392891429742;-2.441199628759039;-2.3869637971149196;-1.8175321797568764;-3.1846024897506036;-2.9883502523202417;-2.678828254178244;-2.1634655289981564;-1.7187216737628492;-1.2370953684138817;-0.8981842635912529;-0.655881772552797
492;0.7217541495892663;0.3948761516926666;0.38819985871576607;0.07323631344453463;-0.29975013541940504;-0.45831782926131087;-0.8978085712265015;-1.0598948139283484;-0.6396320908421697;-0.5958060828433108;-0.9303814659136391;-1.2612205494396995;-1.4282778787180221;-1.8086478621216688;-2.2839572462645967;-2.3976992936596324;-2.6818443813992325;-2.783822258824064;-2.7978117598039165;-2.7547271003341525;-2.6359785699308844;-2.283635731717438;-1.6694737954157979;-1.1252023572211316
493;0.9481042835003161;0.9163550756524098;0.9555482342030136;0.7732174133583949;0.5409054945467755;0.44166625980944424;0.0707805571195579;-0.10854761015652196;0.3160600237701705;0.28143220350563997;-0.08140463826112948;-0.44256881943952614;-0.6036914505543904;-0.9824506091695128;-1.688675210583056;-2.229528816245068;-1.8200366267382913;-2.115850615528738;-2.3765536283983777;-2.6973691218797256;-2.849379955670554;-2.6808690788543252;-2.062274085742012;-1.4455804778078203
494;1.1109837888524812;1.212811939596066;1.3479346054775092;1.3780975834974025;1.4188014255134127;1.4486687354852517;1.2561458468922535;1.1823940986655497;0.732427695354006;0.7206689927452886;0.5577630414239365;0.36621199137560556;0.3545481633905616;0.18007049305759526;-0.5286222026923569;-1.3564756591315799;-0.6486649342724905;-1.0441991421453278;-1.4732601967915768;-2.0448272546439386;-2.400296137419309;-2.474266953441751;-2.0937681190280024;-1.5857655984351369
495;0.38418025271725187;0.7369354389403073;0.9093067017803982;1.183842739177818;1.4982773638333957;1.676031705381088;1.7550291980177897;1.9029912909261866;0.892552934802199;0.9385078035363514;0.9861424925603424;0.9612942996751217;1.0179670675738317;1.050242333085753;0.695284581500874;0.02680612433142341;0.4328326799314675;0.13868535194828024;-0.18718522260797332;-0.7108070511879647;-1.0813774821450164;-1.4143530071645842;-1.6084287960277674;-1.5253736768640875
496;-0.23173001764018902;0.45523353059567834;0.5813474016346382;0.9609204833128122;1.341106250430297;1.4493180935620855;1.6523885030127763;1.8048128158219412;1.1427913516491215;1.2704197157786752;1.5010397726725246;1.607257411750394;1.6461755470943094;1.6900938102844332;1.655995171017357;1.3197289151271263;1.1639119878305741;1.036449086621697;0.9599106622883357;0.6314952819467657;0.4570098400545243;0.00019154081209606214;-0.7702259814103478;-1.1779811738897645
497;-0.8000392370401169;-0.003858835018485827;0.07921207152355597;0.4589254426829514;0.8661223983116574;0.9426985847286492;1.3463177959577375;1.5041892358978886;1.043375356297051;1.18270598879091;1.547795444978977;1.7842873260293635;1.8802322509693004;2.035517016895829;2.233449996959996;2.1044194079307514;1.5406631189969346;1.501747505103279;1.521717002206316;1.2895321133119946;1.2187638423690916;0.7918953683575222;-0.05841709708403481;-0.5353612994329472
498;-1.0249483661665364;-0.32875088956593024;-0.2767515956236749;0.005637905786652528;0.3277701347194032;0.35487059118247716;0.8369239555852984;0.9832850015332717;0.7190809913963686;0.8035438584290311;1.1920014922537892;1.5001418368097885;1.6529989704748715;1.9349813592181477;2.3352629913736256;2.436889280976801;1.7337651312990223;1.7891721277928805;1.8562733861920442;1.7432516871488675;1.7337797573743234;1.4124454410166534;0.6947821712820287;0.2749450013977658
499;-1.6316755195970254;-1.104009644015907;-1.108977607327731;-0.9037132096678088;-0.6599108097570303;-0.6818236623761583;-0.2883183606108781;-0.1986147765631977;0.23413483795690238;0.20053501608292432;0.49602176942744974;0.7114572884336633;0.7532873691609674;0.8954307750712527;1.3292466354710326;1.718726865906267;1.6849788879044119;1.8448328814802466;1.9635366879229412;2.0746450023895964;2.114189162796742;1.9680851366558847;1.5189529528816401;1.0524056253978766
500;-1.4308543400014007;-1.3301963714236125;-1.3551568393924598;-1.304670114313586;-1.1617759456152126;-1.2159431723669418;-0.949964532277624;-0.916060267070009;-0.5491418205441017;-0.5779982761075022;-0.3144727939228175;-0.1225643737515647;-0.055382000626045896;0.053795021878633345;0.430875520786116;0.9716512829490416;0.9986693679816826;1.2251827875521673;1.3539693612405768;1.6725725047574247;1.814761200634646;2.007840116058122;2.128599855544419;1.98113807810719
501;-0.6830911911522628;-0.9798354516240408;-1.0195626154121749;-1.1739646519823805;-1.2577873584050798;-1.3877949805836534;-1.3558263183928803;-1.4047320658451268;-0.8870412700802905;-0.936179833777075;-0.7699521241055479;-0.6440670061552342;-0.6015769030564838;-0.5787121910653288;-0.35279888883529165;0.1506455294677754;0.503622332346624;0.714676017255132;0.8048902769315415;1.1609668236304278;1.3106005820733206;1.6412185598933366;2.0849322187601556;2.176906246628553
502;0.2029884706175093;-0.4156501552520509;-0.4398953785649696;-0.7459760435831332;-1.0291806085138877;-1.1861575172135408;-1.4607695776165663;-1.56229857226144;-1.061779116143861;-1.118115207167594;-1.1008452159067992;-1.1005735662055354;-1.1366180435467765;-1.2894759096869433;-1.3160611249170713;-0.9679191608496924;-0.19947318438109884;-0.07514692462721717;-0.043816640433539125;0.2708704574816108;0.38882566767986426;0.7603445020105927;1.373599421241454;1.623673968310116
503;0.7656901153632779;0.11661334780705607;0.1509487562725001;-0.12418642242720047;-0.4264182303459613;-0.5153621102457233;-0.9375558728143094;-0.9887093243972365;-0.8972274092313144;-0.9329853932967449;-1.057685978636231;-1.1859661457509174;-1.2814330081590515;-1.5238788479487309;-1.6918118118052643;-1.4843563380276195;-0.7758685718936781;-0.7277227027630775;-0.708524424726313;-0.4756399977897654;-0.40207551189517465;-0.13271578180718346;0.30691311382036335;0.4854356629166994
504;1.3095370503175032;0.839326032496138;0.927574115265438;0.728606135330658;0.4602115086393786;0.40875668000543625;-0.04379763765352888;-0.06069362719168741;-0.41566517596626723;-0.39708850093800285;-0.6607580907724073;-0.8961277639689312;-0.9835321765640681;-1.2060288709517468;-1.4906633253287451;-1.5060000778470568;-1.4700257901288882;-1.516890583060548;-1.5359095232303412;-1.4573230095359702;-1.4125430678250483;-1.2111009116113338;-0.882389977697691;-0.62676960932044
505;1.513330745568075;1.2780773711112472;1.434364263387937;1.4131314001697626;1.3187923685086442;1.3462736403387092;0.9415362581177757;0.9891980534868136;0.15893664638397362;0.2248970449399396;-0.03415166333570837;-0.2777938965458375;-0.3338252975649638;-0.5122339024523078;-0.8701464071788264;-1.1441969332172683;-1.316503859238965;-1.4542934080364864;-1.5333619061008563;-1.6546033272924263;-1.7239817933525603;-1.7450195292317137;-1.7517907424206054;-1.6531392504753497
506;1.4196416542909118;1.5248479030652904;1.6735802187658484;1.7869253675823225;1.8080497654181185;1.839563297758772;1.5381746473961433;1.5801134158372476;0.8462025612441638;0.9692815451117062;0.7596119921133532;0.5241893750884856;0.4633910327892634;0.28595126957554595;-0.08087089306800693;-0.46917261700578977;-0.9246027766466614;-1.0930463460769964;-1.164193587042528;-1.3762464748561174;-1.4639466333597295;-1.610683387456877;-1.8695173241246592;-1.8948248206542986
507;0.8321560503762849;1.2742824816080434;1.4010092058773653;1.5835691290904437;1.6581280526780082;1.6615494742119739;1.5312815390721433;1.5771963918081655;1.1057971287151582;1.2049798450549989;1.0690165163495169;0.9123616368976515;0.8912931962150829;0.8324132418567844;0.6315723814285065;0.2947935424491447;-0.3026892571432937;-0.4622804800192177;-0.5415430468018705;-0.7873620697811504;-0.8821271599570872;-1.0846118788638217;-1.4400956404967424;-1.4969399961344076
508;0.16792135612646686;0.8122331763899588;0.8645942595912939;1.081274007014527;1.3136076430304646;1.3210513394407508;1.5311908413810824;1.5070143878623476;1.2880572480468893;1.4562945290443456;1.616568397747455;1.6708827762262919;1.7441082139994635;1.7414158515300837;1.5455020789052645;1.1570547193205543;0.44475608418309376;0.27027144325205105;0.17758643531133403;-0.09925550939148357;-0.15377718209348998;-0.28928837542409386;-0.48065891161655433;-0.3778130979218021
509;-0.5261297852690621;0.29878346948427553;0.2531745473177622;0.3871205316871173;0.5061877381489207;0.3767750630426633;0.7006955763738012;0.5991056649832048;1.3074721443155164;1.389765668218659;1.586735993042584;1.7179087702719995;1.7729488258197634;1.8046472125781385;1.8528575641267182;1.7354094678168699;1.0800581013695425;1.024053540422188;1.027763711547778;0.8786235884335993;0.902035667663563;0.7607147926458353;0.4696309640629762;0.41080344070962516
510;-1.1510228372304416;-0.4270650180028361;-0.525316399860758;-0.48961414305903533;-0.4435363098617349;-0.6486678653115047;-0.2948072167685951;-0.4689187925195686;0.7435360952848521;0.7226667305575238;0.9586949750648606;1.1534580950606816;1.220479721237646;1.2848754062936132;1.418851291441417;1.4546475259543548;1.3584650870093125;1.3666040187580395;1.3452475766815875;1.2852629518043068;1.3017454876245114;1.2718301236235436;1.2463740314486615;1.2612611557750881
511;-1.695541969718297;-1.198212136351227;-1.297361547700121;-1.2840999281006216;-1.2808217327163622;-1.4621102932760737;-1.1865252241208346;-1.2644097850958673;0.09088942817022386;-0.019145897006428693;0.10936671951428219;0.21400392471470306;0.1990013941942182;0.24369534228208653;0.581446283166396;1.0101402848179208;1.1318445133154935;1.298493447098021;1.39234899149495;1.5941898498053568;1.6853695370849773;1.7723121129382273;1.8114577654791493;1.661833910107824
512;-1.680147657905196;-1.3564357719763467;-1.448342522108671;-1.4478772193533702;-1.4469641469580101;-1.6069203743071732;-1.5062719106211584;-1.6125176876638598;-0.08267428362277218;-0.23839169225928317;-0.16051143039252136;-0.15023310383520636;-0.2714187731723943;-0.44464334276379675;-0.31762012386030464;0.05491666749088584;1.0996290072572001;1.2286624542292044;1.2619136905697763;1.4786509739499072;1.507299086241975;1.6440433988877887;1.8789455294452706;1.7205927478957435
513;-1.302802916130087;-1.4029838913678083;-1.3960412457817493;-1.3779107235659889;-1.3348673769826733;-1.3843956828706885;-1.4803355714040194;-1.5140547048855135;-0.8217210764175567;-0.9345394500677433;-0.8209113119096986;-0.8243154371798252;-0.9448458071085948;-1.1871173083591398;-1.1999810624859526;-0.8696559166255587;0.663507524527516;0.7635182887974259;0.7564670234969827;0.996636993219563;0.9787611486761056;1.150882443426194;1.4875348558492;1.3571647124882735
514;-0.8644717402753623;-1.2675510901179685;-1.1506514167921673;-1.1042128731321526;-1.0041056131280828;-0.9506154010253223;-1.1697243683190028;-1.1146269922503678;-1.6539563752175959;-1.659151162192218;-1.521011039595897;-1.5041992606257064;-1.5420884704556377;-1.7394552933093335;-1.8663293560911312;-1.6133841725711788;-0.3552268084372035;-0.2981075516507872;-0.3395046669335621;-0.09434119762314574;-0.08903205581181393;0.17380085734624867;0.6667160033313357;0.7245537158054318
515;-0.5433744212927786;-0.9870858519918339;-0.828072265312078;-0.781968385585775;-0.6579796026175179;-0.563919329421204;-0.744522915525181;-0.6567594896518014;-1.7829020062684842;-1.7322474341386447;-1.5697896132374418;-1.5087451141242623;-1.4575360296080138;-1.5527555467911531;-1.767161516678711;-1.743153973947476;-0.8922803980643385;-0.9208377161739895;-1.0279448286869475;-0.9362425417472167;-0.9848576281230381;-0.7911160768708376;-0.3408587681320596;-0.13541245747434394
516;-0.19401276206605314;-0.5148789006297516;-0.35217630999606037;-0.3228787534343206;-0.26254937833779274;-0.20447901351757924;-0.35914708096668535;-0.27370960477919803;-1.5137620265716665;-1.40311747064523;-1.3136463849822042;-1.2813578394373522;-1.1794968213859391;-1.1724073895364793;-1.3702803857655246;-1.5047887227240986;-1.6438530416722132;-1.72565276389203;-1.8126129772345483;-1.8414448893981015;-1.8749933397497172;-1.778206847412887;-1.5509302615471807;-1.2721020916520578
517;0.3885789106076111;0.07569462908023779;0.24605463702486485;0.23430029972643562;0.21005372117317192;0.246943321704873;0.08106777072444309;0.215891420608079;-1.052625708740403;-0.9397195757357529;-0.9251858292400814;-0.9111460057934032;-0.783789773501667;-0.6653029710080764;-0.7216436775942011;-0.8815563490695735;-1.6468645314873553;-1.7215435737301399;-1.7576723490773902;-1.8449185709321103;-1.876622165485742;-1.9411442371238012;-2.0875123178316777;-1.9625997237403672
518;0.2269682128500726;0.049615399293165094;0.19802336758541603;0.2530125785396812;0.33561342618144174;0.4083869304129837;0.4089179117455542;0.5790289673107163;-0.7330899690829443;-0.5620048438616772;-0.4572550118837757;-0.3934597399053766;-0.23864319233659517;-0.08204297509118827;-0.09897495033222892;-0.26930538894623984;-1.518692085369511;-1.5841061958648408;-1.5721726425439415;-1.6658461231481532;-1.6491436691777097;-1.7316846588851007;-1.9841243054748485;-1.8725817108253417
519;0.3700849636684211;0.2917857938461087;0.3527759786040328;0.2902535192096759;0.24713482256528943;0.20749694304039024;0.28354837107749503;0.36127306054338854;-0.19992391335261783;-0.06782456464335279;0.05123219248085188;0.16131054360555855;0.3132978666160238;0.4798223719595651;0.5549715594828561;0.43739489256248876;-0.97481463644975;-1.0110042813825917;-0.9570496162874172;-1.0566287135568688;-0.9943701947072867;-1.1193628096381656;-1.4964106996106787;-1.4394250352362719
520;0.9891668997642302;0.9296216014384023;0.9355664562154619;0.8022745751516409;0.6243003140661917;0.48807873733731233;0.3806417494545979;0.3329532789537351;0.42811302143667196;0.5354635365721646;0.565899208027565;0.583571503637504;0.6058362313075766;0.5602697446942974;0.5953507406184868;0.6477396751120073;-0.39458457335845537;-0.35559975402279004;-0.200221307031888;-0.14161858081752926;0.015507651480702328;-0.06284002564923882;-0.5081504227972816;-0.6629107293325878
521;1.529383035016545;1.2610956127454653;1.264577709015028;1.0033153913311414;0.7417212802774751;0.5925799033207847;0.49502832507696526;0.4091143999109838;0.5330701019519138;0.547876131985183;0.5789175820123877;0.656120336877424;0.7464866928751872;0.8095476378128013;0.8475899585625976;0.8518176718017182;0.4026091241592034;0.42582809101854413;0.4669646406185486;0.46096562998401425;0.5100306537969822;0.45956615363428804;0.25813487678960356;0.262468679057224
522;1.7497825160163307;1.527886339718869;1.498606947312593;1.2047737305362396;0.8908980167355547;0.6746347666280085;0.4612316480060036;0.24256644913550449;0.9328789950505696;0.8863567740762756;0.8722534240571421;0.8899371417613329;0.8964814860126957;0.7809260372517242;0.6189150585344287;0.5370104882048731;0.9641122376900748;0.9342806420896599;0.8892004159521316;0.8526057589447252;0.8445827877545405;0.8643451614056465;0.9370870386864625;1.0215732389728356
523;2.1636943347637474;1.953665507059171;1.9027719503198648;1.4681794494219598;0.9537709218525692;0.6313380232769504;0.3483037435366721;0.048820414229299204;1.1780655709859882;1.0251872815916494;0.913412635493449;0.9289263852374374;0.9577278706538458;0.9294867347717843;0.7722594567996389;0.5603736423085989;1.4065751410617617;1.3229353386146547;1.1647401387496599;0.989006966228639;0.853420783688905;0.7867847277368353;0.9184999780468778;1.1129380727511489
524;1.6645553399788768;1.717564480611866;1.6945647416272982;1.417640072749308;0.9708783832453068;0.6694536233807186;0.3232849406405484;0.07212472025633183;1.3422498314592954;1.157824044999636;0.9509758605816616;0.8462826933736516;0.7611933712894509;0.6297395332763489;0.5096876300428903;0.40769671641500616;1.4697198940537841;1.4086152274568386;1.2866302677346069;1.1575234045174543;1.0120365761943844;0.8883518852313237;0.8577784408717549;0.833951466301135
525;0.3638872330157743;1.0736958522005737;1.1325874385734604;1.3231600868766753;1.2626910997765417;1.0735796421193422;0.6582844098181247;0.4803918497264133;1.4564518941342064;1.406048080250556;1.2091706068472348;0.9424337813961109;0.6668465598327354;0.21344419319034078;-0.05396164548549971;-0.04849225441463178;1.0748039271716698;1.0171758017901935;0.9943648818178719;0.9800307796479014;0.9227131318498032;0.815302048710627;0.6213856764779956;0.28492655728126437
526;-1.1408750506486096;0.07049750039617644;0.19270812410031088;0.7825903811999896;1.164678488720121;1.1247252412287558;0.8691361364032472;0.7869495769103864;1.2695065257245588;1.330303855613607;1.3308448671761324;1.0959050445738718;0.7815970301822505;0.22071091720131408;-0.15535529959524272;-0.1925293715132868;1.1147842275904105;1.0174025372654008;0.9794467309703945;0.9465974884244932;0.8812851030720293;0.7578265412474513;0.5288104231894989;0.08153284677368701
527;-2.33657166045637;-0.9966900084207365;-0.8754597384783357;-0.14408967122683417;0.499724780185232;0.559283457662179;0.6121727746257617;0.5996507532004177;0.6646676414269028;0.810494666850654;1.058119626313942;0.9926464661559047;0.7893338218493962;0.3601688114700094;0.05652797621792339;-0.005606557955508114;0.9207325679287844;0.8201485940711136;0.776289106441403;0.7338424003701683;0.6875762017634851;0.5919970995188217;0.4152828715423218;0.06693035303856837
528;-3.3633191764634436;-2.395414784270505;-2.3409689860803264;-1.722001534234992;-0.9183016270619967;-0.7004261047872026;-0.14832153331279785;-0.00875217707891099;-0.23656479803506375;-0.11666779887920616;0.3696715136895797;0.5449716275329554;0.5148562683004138;0.3414011580930075;0.16473641940089312;0.0172199937032368;0.6263383978574256;0.5143538112917443;0.4101487606387778;0.28213163681443665;0.18991815133474757;0.10791601989409606;0.08609398424627017;-0.04907236444431475
529;-3.4656527250902656;-3.133936762094636;-3.1420706252977606;-2.8393945274131336;-2.229341065156106;-2.016536245022588;-1.2677304120826995;-1.0330668204849023;-1.249142367509991;-1.2485372682436073;-0.7015938019786387;-0.34670901089814793;-0.22712420938870628;-0.10128604157772952;0.014237374261296858;-0.017953172808040402;0.300499886855113;0.2609292200025506;0.15773852664201066;0.04412072109400614;-0.06142792516918922;-0.14621628737290251;-0.13544245468977467;-0.15163756241397724
530;-2.8653038554044685;-3.1268316889139416;-3.1085580388630225;-3.0407161795674904;-2.634450547931298;-2.4376626723826567;-1.7059656630251852;-1.391560027983087;-2.22278465154013;-2.2679492987931735;-1.6843931156624559;-1.1815833789232892;-0.8761595387544919;-0.4177540700130981;-0.03643593453609034;0.08481795557886732;0.001785828269840159;0.04141715104145983;-0.06289219516661487;-0.12151754628918829;-0.21559666866215416;-0.24460620925118737;-0.16290419735677233;-0.011835532257656432
531;-1.7442029386359468;-2.5602193318636446;-2.4852179269622487;-2.6522044070713537;-2.61197952749616;-2.4959697154746476;-2.139052415338246;-1.7699702286533643;-2.937775149862768;-3.033344875750651;-2.6632080189133114;-2.243148211398384;-1.9128599445584742;-1.32535096215633;-0.7044109369678075;-0.2559158727546023;-0.6835147186397954;-0.5243135975945552;-0.544928966873081;-0.41601213708907536;-0.4144425945190455;-0.35909633947730873;-0.3126304412937058;-0.1652999006066317
532;-0.14651058505629933;-1.3916061301563871;-1.233887258134539;-1.5425661897114067;-1.7967375517969455;-1.7442262771909658;-1.907581038804059;-1.5350665818686446;-3.1111132263578947;-3.16157341354439;-3.0927812200041647;-2.89264256080469;-2.649928686029249;-2.1736873785677933;-1.504705784289143;-0.7558858711264055;-1.4949628539683517;-1.2281479271203628;-1.104824241050586;-0.709173209854487;-0.5305572270965719;-0.32091463558964045;-0.2772325933363779;-0.20201332121683716
533;1.177221258026022;-0.06799645661826823;0.12475719488985969;-0.1869752366892458;-0.5597471059357861;-0.5460453118961138;-1.09613037641407;-0.8055153483909414;-2.385854412962818;-2.362184227771946;-2.5500352580617247;-2.614121866279739;-2.549939520474454;-2.388990539863913;-1.9372583955251197;-1.1438734501485968;-2.0056376359434647;-1.7287159320573273;-1.478956272219731;-0.9240743963108565;-0.6064960922679383;-0.3013053850778344;-0.2849718665833272;-0.3394219700696539
534;2.2062210703314142;1.2351979050767583;1.3728985165959124;1.0824937384826685;0.6683623068871192;0.6105245541748404;-0.09746221088221758;0.009198356317743506;-1.1591112451206333;-1.0053260370263932;-1.3116901596344255;-1.5689283050253107;-1.6484366171538642;-1.8080608491273695;-1.7296956925444422;-1.1364332271018982;-2.3869151690935198;-2.1640302305876338;-1.8177770425948596;-1.2472808326058733;-0.8277704177013868;-0.46100644719381256;-0.42566587386909704;-0.4319050186914263
535;2.445099522291712;2.309211569757001;2.3623462772446855;2.252826600444046;1.9958147892997722;1.8576771587778922;1.1676326996028763;0.9727327792926302;0.7360443340397774;1.0163181179793899;0.6703207241496135;0.21679984309332537;-0.03224306413285636;-0.6116503153315495;-1.2056870504145414;-1.1872165505628993;-2.295031614103682;-2.299790335886147;-2.0651464605880268;-1.7680421047742183;-1.3870967436257278;-0.9714333670777092;-0.6552162533876201;-0.3885472215257412
536;2.3292085462964187;2.5047169940923606;2.5129510956720313;2.4546606959804653;2.3980020935309145;2.268092285841975;1.9034738253887709;1.5486658046017956;1.6406741893140262;1.9572566808741323;1.8610250617991035;1.613900321217031;1.481868489123284;0.9166093460109658;-0.0027101945840288712;-0.6285332509816822;-1.2692291049510993;-1.5097118171153283;-1.5371083924342765;-1.7043042473271721;-1.5687958500454258;-1.3325303376455453;-0.9454176059548917;-0.46075819474569846
537;2.249155705451952;2.7470606073465165;2.7218181218215554;2.685118268455521;2.6614724523589435;2.4473112572559304;2.3002470033052553;1.83236511561205;2.345543494526837;2.646857800183724;2.7700710476580146;2.749943806414911;2.748859194920208;2.3347948240751726;1.4365586985908665;0.47279308184281393;0.20958711613333503;-0.15879104610119105;-0.363375796675964;-0.8622593952987919;-0.9265104355937027;-0.9634205953085828;-0.8099079383268265;-0.36693627752488156
538;0.7349643257117819;1.893101821386459;1.8942767339028188;2.209123298496923;2.4304350644017974;2.26744111781;2.286060605355338;1.9861406122731013;2.702476690672783;2.9458062059931764;3.13493834825449;3.132431534054488;3.0518550180345616;2.6822418627195015;2.145411268670018;1.4477855552816696;1.4142004388574552;1.1303435888907414;1.0020893663786006;0.5577133800292956;0.4598512744020619;0.14499241865726922;-0.3063251566900961;-0.43226037590605204
539;-0.6101511655063928;0.6745331182412451;0.7007369651619207;1.115991395014734;1.4166712477953791;1.3053812206335085;1.5125984194360107;1.4242762303850014;2.28630193638913;2.2946786355439146;2.4948647896756944;2.583475552927258;2.5090000477910515;2.393140018415901;2.3350953657591256;1.9360940064961287;2.702524763543558;2.5262478625237215;2.3670972742231666;1.914710216255969;1.6526756853554239;1.0712988521779245;0.23953150878792215;-0.28779689423113836
540;-1.9808468382080993;-0.8637109904530148;-0.77273014570099;-0.1770719305937743;0.390245469334754;0.45507150042757355;0.7834561014594829;0.8955131815820321;1.2506982428395317;1.1971489871585208;1.5251041878950142;1.6662828481672423;1.5557814846907916;1.4699621735078683;1.6579179259092285;1.7062156217121385;3.150730602136603;3.1606454659515824;3.1223139845749706;2.933105764452977;2.6908565239506923;2.1671510099649907;1.3087149568303804;0.456321872232244
541;-2.7604991415084665;-2.0630936112300176;-1.9906441038751352;-1.4647150930589135;-0.788445351241285;-0.6023355626083933;-0.04388783864922815;0.16454440995972164;0.15481208877484906;0.09548223893816617;0.5773758998614421;0.8475565554842655;0.8275959501582677;0.861379139754965;1.1609756421329773;1.3927330136573275;2.8835177952476827;2.9949916588851635;2.987955756267095;2.9592780716288614;2.7487589780061175;2.410832661317461;1.8821287263196596;1.1464310904463293
542;-2.6022861230020036;-2.7702391867698446;-2.7761395490713427;-2.635526604023884;-2.2132420606475742;-2.0076436322657383;-1.4099635395031465;-1.1271796030082344;-1.3166675097758724;-1.4157007560810433;-1.0138386779482111;-0.7282543068199177;-0.634308232269152;-0.4128648209290729;0.06292616360587547;0.6085719282596211;1.2458139057928304;1.48705593587021;1.5567076998897824;1.817705268058215;1.796637600407187;1.8742335636400915;1.9442099647100584;1.6695814529544772
543;-1.767041224008718;-2.475814024539457;-2.528488504602343;-2.711495645571562;-2.6350899418629083;-2.558474381856477;-2.200471886731702;-1.999730135570867;-1.958173259133609;-2.086002162573572;-1.8014950375308334;-1.5482234472399672;-1.4290367759905707;-1.2109036344845439;-0.7884098830629704;-0.21980127859960885;0.2053382800344032;0.4433948896648661;0.5036150339154197;0.8305526613777056;0.8953683201885597;1.1412390010687867;1.4941792409014196;1.5214199198563623
544;-0.8152771619798029;-1.799806583418129;-1.861052270625258;-2.29667096781908;-2.6110660347370414;-2.694236361912418;-2.7061870988815055;-2.5846020397550786;-2.3638052789731643;-2.4823146209480274;-2.433850486881144;-2.3144130919728525;-2.232514002035366;-2.0823067825362482;-1.740671917381597;-1.1809096139192186;-1.2754877031821956;-1.0773144477781993;-0.99768176476523;-0.6367529328049236;-0.4560836033254857;-0.0939066995053481;0.3920666896770284;0.6800523935697304
545;0.03448192009383686;-0.9428274293640788;-0.9711577954965629;-1.5258257448551946;-2.0957656106399813;-2.2755866689713455;-2.5797976359692;-2.5195453521503093;-2.3135708289174732;-2.4218696070015606;-2.613441553647314;-2.6501682794076986;-2.61593152565617;-2.522923128267011;-2.291863259518208;-1.8601164951500524;-2.278287580794975;-2.1590337289109676;-2.113139344814386;-1.8208973808608238;-1.6315791934405437;-1.2554512867028367;-0.7326825893101468;-0.2836009469445698
546;0.6026871790021693;-0.2726917563303474;-0.24983670011499287;-0.762294356324093;-1.3109196918917467;-1.452190428758056;-1.867699563236385;-1.8498801703653305;-1.8713620325229912;-1.9626872429788715;-2.2578691262236723;-2.407138110184143;-2.417570617420321;-2.438355166204873;-2.4815360861194113;-2.3346784855572813;-2.493617828583353;-2.5001198342167474;-2.5573975912808455;-2.42961098060517;-2.3516091624891753;-2.018508646105682;-1.419776002540143;-0.8749539573073675
547;1.1576792697693536;0.6288048938500052;0.6876170122441636;0.3888990618278318;0.04601234999247144;-0.04448361095969801;-0.5046244005901247;-0.5858359932825796;-0.7312913578305121;-0.7043568521175239;-0.9872714195950907;-1.2412502771070102;-1.3299403515279387;-1.591868419141191;-2.0212762465332066;-2.2176907378480233;-2.3427794454344286;-2.474203508548973;-2.5551593421696888;-2.5877682252406276;-2.5620948516543387;-2.319084963912494;-1.8404828551597625;-1.3535849922119243
548;1.4887522456638973;1.6128800422869847;1.6889369311941302;1.6571674927367102;1.5053182281580368;1.385780564726123;0.8726652187387424;0.6371734702177239;0.8144166151267554;0.9265991147999241;0.6238015014127467;0.2645891301130276;0.07262755785427648;-0.4276165936422565;-1.1881552146961596;-1.7179798912783664;-1.6566516113107603;-1.9126576078201485;-2.047501778453599;-2.282929039944286;-2.327963894236567;-2.212209195236455;-1.8967693223984312;-1.5170985747113972
549;1.8797250622720667;2.072736696147724;2.202643629605733;2.3636205649309368;2.5356577540545846;2.5634989542825934;2.243960223881182;2.0592697275906957;1.3342238182285224;1.5869607594949493;1.5633538028444642;1.382091611409327;1.3205579186272907;0.8987345220323424;0.02811193127099664;-0.7690064101402525;-0.7106501925289465;-1.021944860907854;-1.200738524016546;-1.5738168800005026;-1.691752451906202;-1.7348352741798563;-1.6537333148599058;-1.4084329983685469
550;0.9195638800352589;1.4933259325870007;1.6532647730246233;2.095091618413443;2.6351519916344883;2.836086801380101;2.86727498476687;2.8579547482320966;1.7114423491444686;1.9838687763022438;2.2127845173992067;2.2027036223829897;2.1982362985562385;1.9076850219663122;1.1805015944703892;0.3669384933775704;0.7773309952242254;0.4546292725541683;0.20830489450147355;-0.26174232212802023;-0.4884080456312169;-0.7088532779857956;-0.8668804882193237;-0.8555179027709501
551;0.5508719527883283;1.1660534110799021;1.3265930497158533;1.7636023949078152;2.3847139726145725;2.6174189129294727;2.978554099031829;3.0480987051708257;1.5791665763284009;1.864614267480481;2.3582710964202036;2.63177240352887;2.8205500933968746;2.8691471540681492;2.4737580414025424;1.7149652516361544;1.873230740240551;1.6022651125268632;1.3483570460039855;0.8336922985918286;0.5607443417729241;0.2135475646427273;-0.11679812172470302;-0.16558452382441874
552;0.4330687584520572;1.1913760932800905;1.297250871783423;1.6507750873894727;2.018458602364371;2.0587694709496467;2.3569086349695696;2.395938799144959;1.4339184541864791;1.76746912326154;2.1653975057721238;2.403613818728923;2.56684807531828;2.7033912189123024;2.837023013267563;2.8196315210945326;1.3212645441977187;1.3568403102056745;1.520654458024856;1.5081113953132845;1.6631221955845947;1.5059635253689054;0.8647645528032732;0.5410334805181992
553;-1.2145883456426347;-0.346396967935574;-0.32621566234885185;-0.00791732285551201;0.3974443697896593;0.41633664932704445;1.0394864949343439;1.1367907133917454;1.016652166090115;1.1608689174168434;1.6436525220297578;2.0065487208400996;2.16935019469081;2.4281532122956806;2.8686823124711545;3.0873293134119617;2.18307835815133;2.307302892116215;2.461788497318908;2.451885003088319;2.539863266537;2.300179200176569;1.6213988697188484;1.1278232441939402
554;-1.8153933768684043;-1.2212641797497215;-1.2710100087177252;-1.146121784327588;-1.0023603868562356;-1.0956787903867407;-0.5748594207537038;-0.4885591356244116;0.22897772783922946;0.17920917553576765;0.4536416497157269;0.7042424695113317;0.7913743314286329;1.1059353346636396;1.8356241567513318;2.4933130878938514;1.9120449626130611;2.220920388691126;2.4620932760322307;2.704692215078766;2.833713169570354;2.7241366452007876;2.2077733230515144;1.6621208513977217
555;-1.8443812720935906;-1.5867547775801747;-1.6534947083835416;-1.60161520551055;-1.5609431704779813;-1.7032982415852145;-1.408347651554158;-1.3573640413515249;-0.6548822223562037;-0.6676307036723311;-0.4965005324454217;-0.3590526712168369;-0.31816152171122086;-0.10829084952134205;0.6125866249520496;1.574516364437078;0.6974132176503912;1.114313892229726;1.4664709601052264;2.032941858307527;2.366351038187791;2.6205761628740025;2.540704261516377;2.2048767050813405
556;-1.499928926489007;-1.5628850355135666;-1.6021726075791183;-1.6152831426296839;-1.6397763192217292;-1.8021214027461119;-1.9011286834275456;-1.9664168968897462;-1.357516348945003;-1.3345887593394263;-1.2430432058222096;-1.2474016167246846;-1.3199021604516314;-1.4620856509202096;-1.2316518652474717;-0.4517390877129954;-0.2783848508709951;0.02749268096805284;0.24333027175553576;0.8567923424400818;1.1814840970424723;1.7461321543741546;2.4193514399954976;2.5266059325839354
557;-0.9573629602369538;-1.2909740574212232;-1.2759215816856402;-1.3754913737182466;-1.4588868037810239;-1.5650549482929146;-1.904713343306343;-1.989826603792486;-1.690401883523277;-1.6989303505623228;-1.699681235657045;-1.8043964625327318;-1.9427385246078193;-2.299860052249205;-2.498158845680897;-2.091303292656011;-0.9835723179651024;-0.8778785136399663;-0.869302579106728;-0.4485045031716702;-0.2638329515135326;0.33438068101884194;1.3638547437730797;1.7426222851317064
558;-0.4799733459623242;-0.938495402851297;-0.9048721623729342;-1.0800892802094708;-1.2371374711088567;-1.304179168953425;-1.729908773526765;-1.8142072298803322;-1.5834413442596764;-1.620485767593232;-1.7226967184319333;-1.9071332646497414;-2.0836699768950946;-2.536220692130446;-2.9689183671996906;-2.865001786881964;-1.5790215224417774;-1.6149786207579415;-1.7034677854304425;-1.4938168239333602;-1.426414977629818;-0.9666551418660978;-0.044357502763285615;0.35395400098495167
559;-0.1542950420458057;-0.6118121731518646;-0.5786212355252847;-0.7825278175761807;-0.9311646430926452;-0.9616563599796013;-1.3270028181519153;-1.4177230730762047;-1.186987315291837;-1.2314617176541733;-1.3467299658389276;-1.5306314763639741;-1.689548836713191;-2.1480604169657025;-2.756005702036845;-3.0293838961720367;-1.7911457049150845;-1.9675212150018069;-2.150883942844269;-2.2379990125701976;-2.334836045751808;-2.1446371671651985;-1.5434479634188958;-1.210492411618006
560;0.003427337928117823;-0.2996844981433411;-0.24026427395939925;-0.3824511965086109;-0.4501623943325305;-0.42836283091274874;-0.5925055110621071;-0.5962404069798778;-0.6250665604905444;-0.6605441518850061;-0.7505203421609067;-0.8657512193576743;-0.921867856141757;-1.1566038313301317;-1.7020467761515627;-2.3156806673611032;-1.6549200802177293;-1.9405015422428569;-2.2066303341692923;-2.6169412142814674;-2.895309995539821;-3.0638735517617417;-2.9663845620420477;-2.733505145581324
561;0.1556337958247307;0.16103489696232082;0.20400312848854182;0.11905864201401882;0.010339294191051323;-0.024731872872143325;-0.12731159607091208;-0.0890625734852033;0.2004434823745087;0.17036723894502492;0.008408698949916369;-0.13178760071450712;-0.19756220682775863;-0.3314203943399509;-0.662152803242982;-1.2556934409040241;-1.3290184179619726;-1.5884420331464386;-1.7830484138520455;-2.251648617951481;-2.5191267902128387;-2.891880492122387;-3.2798677560091463;-3.280965203087065
562;0.5328686387864651;0.6655384043732685;0.6755433566037705;0.5789822954454478;0.3905223468506486;0.28242187888194326;0.14884627959798838;0.14921465679917187;0.7742803045961125;0.7542850338105094;0.5622164918718718;0.4003774337009145;0.301416238558753;0.14872834915371064;-0.06517416619154928;-0.5268164767009038;-0.9068562166112697;-1.1033838832555034;-1.2026894305935996;-1.5987511949460858;-1.7830944813973726;-2.199705464513944;-2.829674004169332;-3.005786895562923
563;0.5399698242140069;0.965444144951905;0.9971336020225824;1.0512514238882917;0.9545106833226085;0.8489039554210871;0.6515028219679753;0.6237265111744767;1.1240780295320068;1.1566931009607557;0.9752489270367225;0.7770785895342489;0.6313263300274704;0.4127590597973181;0.28330145242556537;0.10602722465622044;-0.30836750153953446;-0.39715082478984215;-0.3633004971862805;-0.5230638413437896;-0.5584787714500503;-0.8553315068484377;-1.5093825594593524;-1.8514663660823887
564;1.1453534020704568;1.3604382640514763;1.4145413853531454;1.4289120529009702;1.3559213831168997;1.2502179242077431;1.0447380064285579;0.9463539128713283;0.9702807106371705;1.0653629531876474;1.0443918832193584;0.9823652716974772;0.943350732060244;0.7888855839639582;0.6565557230721127;0.5818663587126991;0.27552959288655016;0.246313896192076;0.3026737842378949;0.27340604032763083;0.3158784386778741;0.19419051617983688;-0.19867834234686554;-0.41328351435022564
565;1.6641538524886077;1.6283619259116104;1.6817830861126375;1.6262408053003246;1.563041154250691;1.4693561335769934;1.271459487958521;1.133969183869262;0.8339701327998802;0.9789316470450351;1.0830029292451013;1.124127454022721;1.1561086293759424;1.0382067045617558;0.9112710112516307;0.9453157214318234;0.7232638229789806;0.7672177247398584;0.8685363823567451;0.979881179430223;1.0975699096959066;1.1327085949562314;0.9719598917031133;0.8457447282690853
566;1.2399641621403215;1.3682200669774514;1.4259775024437584;1.4637639574407688;1.4909587496691472;1.3840184056572031;1.1946276758131493;1.0137612594491388;0.831644310570896;0.9991892674844459;1.1823872619993545;1.246402083946946;1.2537782122511882;1.062278501648434;0.8873471375033244;0.9403424343607412;1.0290441652471034;1.0821821304863517;1.1865666399873291;1.33147885626882;1.454805137666009;1.524612185642662;1.4477448297571618;1.292269570501193
567;0.36198795265479855;0.678415130539513;0.7595936262916639;0.9373807866734643;1.2037315257390557;1.203036027101382;1.2587735733954863;1.1189518298075252;0.793141912516274;0.9091281752267356;1.23647173329475;1.401153175139598;1.4730037007892975;1.3445203386693148;1.0163283308030728;0.7372534009148478;1.5881991555364838;1.4829666908261039;1.3356160623603235;1.2000456633266976;1.0869983835509067;1.1011117137684738;1.3148489578207487;1.4221501867664494
568;-0.8823949940040395;-0.18584548745924426;-0.10536499012727499;0.2652697598489942;0.6961700341724962;0.7467176545532508;1.0023664818302307;0.9674568129644862;0.6629458771533013;0.8051077750203871;1.1748334626221202;1.3453338360788534;1.4037149681591303;1.352411770660164;1.217054054924129;1.0738391551558426;1.4399757350463114;1.3784875206917504;1.3027808221101564;1.214870363423376;1.1442102250937511;1.1183188756888507;1.1685440316158384;1.1843672253748392
569;-1.7437064358836647;-0.8958310149174153;-0.8358288093861624;-0.4062581553686123;0.03670190853788887;0.09075935593923408;0.4331310278013489;0.5102700636036084;0.32577576611016584;0.4736692983561472;0.7926109198369041;0.925443456000724;0.9485400249253696;0.9527862134951971;1.0746281753846771;1.2031611717997925;0.7697258753829539;0.8114644074446238;0.9012363358629377;0.9590876717132047;1.0231294258659027;0.9675767415752389;0.7194688743089818;0.525972895748295
570;-2.1504783666291063;-1.499066421263605;-1.427668555862637;-1.0156258816455626;-0.5674744528663732;-0.4597002937171552;-0.08032671720299196;0.12209478481179367;-0.28032145534576275;-0.1646365676252672;0.15408749184978843;0.30382676276436643;0.33197005684854475;0.41098333639849305;0.7235227541908353;1.0639692860771008;0.4470345090871418;0.5784687753244201;0.74928003325675;0.9156366506673452;1.0265023549301409;0.9562360842506662;0.5529756117152843;0.19368309366330724
571;-1.9857088897075852;-1.7451490192737735;-1.6521740288487694;-1.3494355851534297;-0.958726343009679;-0.8161583212613385;-0.46814941762388407;-0.2195418429479056;-1.0048005602010268;-0.9177033662110378;-0.5733540880618936;-0.36818323259885677;-0.2723503203993107;-0.09546262796038556;0.2817213431348669;0.7060544599730544;0.19357850105149962;0.36303549258379764;0.5170675173639192;0.7407169369114872;0.8466050119119742;0.8541208238361204;0.5934005184304232;0.3274957328530143
572;-1.5539854378284863;-1.8596179436557299;-1.7284809217071373;-1.5790198857151259;-1.2541163740021728;-1.0524524526435328;-0.729765736681908;-0.4084506999463039;-1.8941334782533115;-1.8258063101195658;-1.4614280531151742;-1.1828476459443404;-0.9652877714573035;-0.6252118932660102;-0.21471183787970027;0.2381978985194374;-0.2730087770356961;-0.093277327827823;-0.008903670255715318;0.24230974679622808;0.3328426379898479;0.4820519279292155;0.5365056057711944;0.5370362603024084
573;-0.9669193558047627;-1.615132861112887;-1.4816633211364512;-1.4895515357987523;-1.2865112187788712;-1.1223471760489543;-0.8824297394533236;-0.6055588231978647;-2.339370361091367;-2.2583264047753;-1.9101446767943133;-1.6009082712867575;-1.3066579216836263;-0.9087523988528714;-0.5636069763178229;-0.1525902910733095;-0.7218360666028895;-0.5543480328497098;-0.5249889671214926;-0.26017976729587766;-0.15265846556040127;0.15008903742620058;0.5447044986224677;0.8593970932213745
574;-0.42712944042548157;-1.1766639288403098;-1.0724019580627455;-1.240627915389522;-1.2277757080439071;-1.1614257653363804;-1.0528097929671867;-0.8816268747710215;-2.327960969633332;-2.2694098870635306;-2.0330867498518748;-1.7733658909687706;-1.4820699426409634;-1.1163341565008678;-0.8945713383152762;-0.6137847872902155;-1.127273303289539;-1.0183480136554217;-1.0576034035239636;-0.8549117538479896;-0.7633589183166258;-0.3920396193673519;0.23155910391194087;0.798075155318893
575;0.3943772344760432;-0.28250757973519336;-0.2245307149257489;-0.5297436158767512;-0.7714393741028258;-0.8656781040146427;-0.9939300135962209;-0.9706391353669085;-1.8270929702178211;-1.7430079004724648;-1.7310191779495554;-1.6417192574064183;-1.4440456362621719;-1.227376315062205;-1.1224831310715913;-0.8797753670419453;-1.8683308341679454;-1.7850412885586826;-1.7708472813827687;-1.5506559302071294;-1.3570472489607273;-0.9154852306184932;-0.25250814338750216;0.4309930826010419
576;0.7298603289751541;0.3661207878014878;0.3524910849029641;0.03321769431926048;-0.34946653564062596;-0.5764489183089453;-0.9030245953710379;-1.0499588120895442;-0.9129766549395603;-0.7854826188483759;-0.9233971443527106;-1.0190332361117445;-1.0167236767830998;-1.1323082403083853;-1.2304115662126562;-1.062747207153868;-2.199131720319501;-2.138002522025919;-2.001365207740111;-1.7687814215031177;-1.4961330469453775;-1.1407397692955772;-0.7547088011978818;-0.2986064315037569
577;1.0955537414302086;1.0880122611847092;1.028540535865777;0.7013365697982972;0.17749632626690826;-0.15032656246369105;-0.6545282855489526;-0.9108187044858912;0.24410552757308884;0.2793509486571194;-0.07576547559553493;-0.3664924113430518;-0.5527685193397044;-0.908163404357188;-1.1490351565225527;-1.1162950203858883;-1.813867504514432;-1.8264923877978332;-1.709308097816128;-1.5978633716375887;-1.40111852798002;-1.2254936814296271;-1.116903886128383;-0.9115515941571055
578;0.6715204609527234;1.1484141505521595;1.0870803571257677;0.9697366259766328;0.5542027458904959;0.21257756071719985;-0.3253569383386136;-0.5918072680352575;1.0467374913319791;1.0769297634686974;0.675632818485194;0.27865639112345986;-0.05266984738317361;-0.5987619672464782;-0.8817381828448886;-0.8793705966775698;-1.3590959136144596;-1.3936249539504484;-1.2361524914014599;-1.1800661903051566;-1.0197846988183388;-1.0585269057213356;-1.3983136287666218;-1.5950987293632073
579;0.3408967073169453;1.0208922095268462;0.9786716563297645;1.0150407132189045;0.7748959117291955;0.5108253805098673;0.0701488981458902;-0.12368158897859059;1.5460860450693563;1.5361677914298952;1.1840182235256282;0.7955029729626562;0.4256051718084586;-0.15715061534830777;-0.4622046558367131;-0.5648332718761426;-0.539093209597962;-0.6237130758634047;-0.5300305586388576;-0.6071841945107818;-0.5686041676817337;-0.8086244440875705;-1.4164248691752364;-1.8617771175500561
580;0.11467869333555922;0.8300421914477518;0.8087605716332386;0.9314727089995404;0.8578951373013217;0.6714890616082588;0.3682661598256084;0.21298816522909544;1.755519695270773;1.695896621618561;1.4738839197702258;1.1864482599396828;0.8577843552362082;0.3166332498321879;-0.03319645738804779;-0.29437842650268425;0.4791626027450434;0.327764318589102;0.2881007916340217;0.04851648819374998;-0.07291760431197009;-0.4491450160117312;-1.0939132751660485;-1.5959471765390472
581;0.01770607743484201;0.5836515494329365;0.5790665322227947;0.6873747704533116;0.735160725371636;0.6339282471314929;0.5319019716335289;0.4196460083213413;1.6088820088015323;1.490000487252239;1.4261958706143023;1.3020307689999717;1.1019670806766004;0.7227607789291172;0.3307923168034072;-0.13026391667653525;1.278963543065102;1.0500546958830228;0.8256244827883262;0.4150691244915763;0.1244244424952367;-0.27992500007031423;-0.6829727072371353;-0.9860760051542722
582;0.034282202470298256;0.2555706994208479;0.272636493084925;0.2958681361971014;0.345948436760509;0.306908281404923;0.3072993400701099;0.26171229526608436;1.1327015209087787;0.9144301839889574;0.9390545482172068;0.9400550712202539;0.8475794452511232;0.6525898055923388;0.34069079025127535;-0.13602836613347957;1.888969611582502;1.6571245140597535;1.3176433286089149;0.8537271579547933;0.43113940487261326;0.015250781148252764;-0.21437703549712556;-0.40439866506709066
583;0.04157197708237765;0.0010535948716125438;0.054734410186645245;-0.0033366596171147873;0.016146239662862053;0.0192989860916323;0.12014450098586094;0.1554734515262183;0.43817682611712944;0.20010154757048268;0.31131003445079974;0.455576943224109;0.521481221612141;0.6220385840912633;0.5315794407677605;0.1461752232213925;2.003527634050267;1.8262525778329304;1.4659398100713608;1.0368109089336108;0.5831126869591594;0.19640689074879114;0.06341385735319567;0.005467808912023198
584;0.11178206892631055;-0.05921258484425781;0.005121061505183207;-0.10587051729223555;-0.14999750469431203;-0.14995751655444967;-0.03901694423318184;0.03440351952739161;-0.011321294440261424;-0.20506583086109545;-0.09550203164247903;0.0743297875395623;0.20680628950696103;0.44945997848163305;0.5516415938070998;0.38955403619746765;1.5164790457245632;1.4390495853617933;1.1880824432211818;0.9301443636299638;0.6098228160318531;0.3659480084739697;0.3025305458028094;0.33355732557007206
585;0.11627684224603067;-0.01103839565810217;0.06678324319852808;0.029664899910055435;-0.0001682191488491943;-0.020947509488833036;-0.00988004988511575;0.06967631927523507;-0.2525239229662465;-0.2837429936567161;-0.18015640627060522;-0.0685725225308404;0.025994502076143074;0.1875052864594014;0.4003390427816913;0.573887792627457;0.6261103841613499;0.6949758621353136;0.7016244103615589;0.7550644410886295;0.7234307010609787;0.6576485257836628;0.4945089049469946;0.4011729773005822
586;-0.15489383852579638;-0.09595201516583664;0.029025518132205518;0.19023753766529827;0.3487168050777321;0.3931351657106858;0.3548975100803144;0.44661231226174214;-0.33590800758720907;-0.2418538876117535;-0.10472901937070435;-0.05206814375845307;-0.0035920972570179653;0.021032255930971702;0.11661058591063315;0.3571770021322542;0.2010136491362507;0.2865458686403752;0.3568961502182863;0.5363597684917757;0.6092242366500952;0.696144974293849;0.6788775834115718;0.6115675363864416
587;-0.6915599164451377;-0.3502657555065035;-0.19495698337240705;0.1752707824861118;0.5357345041869901;0.6452144892511116;0.6739278840667595;0.8129502013907947;-0.48159727459170965;-0.240728678907995;-0.049789635730090924;-0.021426555041118053;0.030827006722320808;0.036484298073538604;0.13921782711288525;0.5166610350473338;-0.3829292936497389;-0.24428526469070178;-0.07178857251756804;0.26289100712170466;0.49402593852101395;0.7671579436031313;0.8928552133086575;0.9301024139385387
588;-1.0586859108434092;-0.530439367215925;-0.3272579212283693;0.23168067472051512;0.81999725304169;1.0453236642962709;1.1731583102344991;1.3818229042695775;-0.5872782261018114;-0.2400362404919838;0.04114541134159053;0.08161239221776279;0.16795372743746034;0.18615349048882954;0.18909360316601398;0.49916179079827955;-0.6813225823340624;-0.5750695811972604;-0.42398416963145746;-0.09493687723880748;0.16108971924394125;0.5382018466372929;0.8498563059346613;1.0572705169959713
589;-1.1515202693986024;-0.6320812220311394;-0.4255930399394743;0.1459007168400566;0.7959669863435699;1.0405065228615273;1.2728187263389876;1.4710185522229564;-0.6650770582924186;-0.29456042336905464;0.0907281165110747;0.22044305313950027;0.37313832768020516;0.4506439627863163;0.41722935491310265;0.6083276574591598;-0.5798576291715859;-0.5108719589212429;-0.40937933773387014;-0.1625367243366203;0.05155884462865719;0.40543165524995967;0.7484053952841155;1.0315879368914695
590;-1.3446639255397452;-0.9380245266319458;-0.7521989435376933;-0.23891547081522374;0.4430415140719107;0.701652209412181;1.1218919753716008;1.3181546228840277;-0.8770259545955721;-0.5237897362693724;0.00610103809896331;0.28924969443428955;0.5511256386002552;0.7639916176828211;0.7598453220717006;0.8060999336404712;-0.348187142048906;-0.32366135717232236;-0.2961991974760084;-0.18181550277760403;-0.04986307277219877;0.220123415771252;0.5359302559919829;0.8864898372530127
591;-1.0842603596721934;-0.9598724041539954;-0.8596647428886364;-0.6278979660883063;-0.20351569956283125;-0.06229595333943139;0.4230118648728436;0.5667656093406988;-0.9249591657315037;-0.6813711791850429;-0.1588031043177525;0.2159525920260779;0.5336273929810671;0.8687481568918349;1.0103239283001997;1.0430888244612007;-0.16985567232682527;-0.13133915756822268;-0.10857684671698013;-0.0693212930943641;0.025135692045755116;0.17697738998548895;0.33881501283827486;0.6735529362195131
592;-0.7312104704082122;-0.8579648167399466;-0.8504900236407007;-0.9627032537409671;-0.9262032611077058;-0.9646005453762997;-0.5578425173654675;-0.4860249731565072;-0.9193103335654514;-0.8732338696707521;-0.49342934898255497;-0.10910974033429532;0.20409151761996008;0.6336324049687048;0.9527886663471336;1.0420285336232153;0.08973812208239035;0.14508596911897415;0.13540217046185005;0.11021489100047598;0.14861840559702072;0.17941522341767818;0.20872079277101063;0.499137573013043
593;0.08701201465464214;-0.4091406589042543;-0.4703921375886643;-0.9057636133930983;-1.2626513416898433;-1.45191487216357;-1.3050914214152585;-1.3047538220442554;-0.8609321965756742;-0.9651007779227683;-0.8025909693299504;-0.5181166964320205;-0.29326693953192884;0.07144466814428499;0.46640879211758096;0.699945448960446;0.07040101559743618;0.1795016487490144;0.20905969757228735;0.250735915065846;0.31393548041319075;0.3179703136250136;0.2619419316916383;0.4402680833309176
594;0.7416697008302006;0.05188306848684532;-0.06819308801657253;-0.7091399807331853;-1.399910758447491;-1.70605142820153;-1.8958412279520727;-1.956602259193637;-0.6014173329667868;-0.8340256563662359;-0.9882932854597725;-0.9421922869167739;-0.916883408578508;-0.7655885607487066;-0.3828298681566313;0.004709817869646399;-0.15394705809158057;-0.003740329700309389;0.08243714377410724;0.24148951641857716;0.3386720274369565;0.3518272010705527;0.24757602119835542;0.25847640198289346
595;1.1292202641746627;0.5193883629779265;0.35999337544943466;-0.30214698037426463;-1.1474541400466003;-1.5196939725768437;-2.050660387030229;-2.2081651521531067;-0.09520849831679358;-0.3496794294506992;-0.7597250443267203;-1.0000570044891954;-1.2433802384169723;-1.5039823280713052;-1.3581316158083816;-0.9335232066871626;-0.548623175777162;-0.4078191870848412;-0.2461810050148363;0.024825018922646314;0.1758769208358404;0.23105894908541835;0.11925698797306934;-0.06580201209986021
596;1.438999131723003;1.146233023528943;1.000749991631273;0.42681236714942744;-0.47684927064873;-0.8870297756115033;-1.7256045421029995;-1.9688479937949832;0.6162041301656428;0.3259227930080325;-0.3600552119542057;-0.8946933934763929;-1.372872575392892;-1.9959229140264594;-2.1732480239782443;-1.883260685243249;-0.796118173673371;-0.7536054715437427;-0.6473115090094238;-0.43393182288280957;-0.3464156120619468;-0.29083661387039045;-0.30847470525057485;-0.5555354071791333
597;1.4717992025072317;1.5815387890557973;1.4913622819745822;1.0916887981459278;0.2981520690506116;-0.10290035703215095;-1.0155955865209094;-1.3087247408411218;1.2299071075686052;0.9358130916503906;0.13929376223583845;-0.5144834489571283;-1.0560751994286506;-1.7986684655757812;-2.222265685231101;-2.1935296972126777;-0.7149583275237895;-0.8021374416587991;-0.8360133502201316;-0.8284880344584399;-0.8811605969253496;-0.8908520264360342;-0.8401473517048403;-1.0150707296750758
598;1.0959545124176533;1.5534294105393565;1.5467502532773154;1.4216791499118266;0.9666245428664078;0.6433642558878899;-0.12713124658983468;-0.4472857106430703;1.5620643916374715;1.3286499037138104;0.720275654625951;0.17410171638090927;-0.28293585747383554;-1.0123111068181654;-1.7029546972658622;-2.1249804809902653;-0.2015939911326029;-0.4721197419442107;-0.735741823373459;-1.0779105498371917;-1.3478461425014558;-1.516462551755344;-1.4759535610291858;-1.5525308399888362
599;0.3542909852897688;1.0618450357929292;1.1081193898382997;1.2702981874662742;1.23769893881351;1.0821032903115313;0.6106358478093604;0.3751616632014309;1.663656710263684;1.5477543854567013;1.2191291904814425;0.8216558787345086;0.4618625129535255;-0.21384714126329118;-1.019558340934722;-1.6629433245259495;0.2001790802173484;-0.15563235989615246;-0.5092615260779756;-0.9981122687090566;-1.3328564728339438;-1.5422762575764182;-1.4866456763748543;-1.5016084598392774
600;-1.0486346873684267;-0.19169896059492048;-0.09076228955952616;0.3683998073632287;0.8702823372546059;0.9779834887523715;1.0430176731134744;1.0214945535887061;1.1617646929037935;1.1897533813359793;1.3277529622386073;1.251420101979089;1.0997539784148453;0.6839063057596763;-0.037931064393571315;-0.8819611159905026;0.6263383978574256;0.21286776737921825;-0.2042148781410563;-0.8415518174412002;-1.2512870333958552;-1.5923554759834841;-1.6670522544295894;-1.6593595106752888
601;-1.6051517638047128;-0.9591190555750755;-0.8661909193801693;-0.4206347666133789;0.22527300823242086;0.4635772120073469;0.8994514639447647;1.05616045535416;0.5515708246174391;0.6335643552884015;1.0196836940144018;1.188574053618491;1.2183508016700355;1.1196696327273248;0.7443493027711287;0.07961748204753934;0.8952411525394831;0.5929536028434398;0.2844010543047951;-0.24738130878259967;-0.587290337770853;-0.960112489860631;-1.1945691575383726;-1.245973156076539
602;-1.6293907890809052;-1.3419526594538307;-1.2103643660027545;-0.8718369286823432;-0.3017757834541416;-0.03073137326398608;0.5429288360467222;0.8707781784076918;-0.32835988246959846;-0.2687709681702807;0.236707780049136;0.6070734841124907;0.8215586752894288;1.1212804915322307;1.2480191174821083;0.9567301856334438;1.1353481147141697;1.023600057043175;0.8504473581798164;0.5015709626177994;0.23488558295463505;-0.15801936797206556;-0.5984050632976344;-0.7624994726968773
603;-1.1039622249258543;-1.1925664676070735;-1.0805302643126051;-0.9358656363446033;-0.6549448227752224;-0.5197851123127258;-0.2528072932709866;-0.02942110186709778;-0.7569846758941375;-0.7735614851352524;-0.3847211500577979;-0.0887149533937308;0.04668162316059436;0.24394885796796226;0.49603738320411445;0.588786743661295;1.1187445431433072;1.170800678166299;1.1442796030914502;1.0788624417572952;0.9320035957769692;0.6509122992177448;0.195507222853209;-0.16380562280184996
604;-0.5449692535886136;-0.9197539581863904;-0.7615658868495414;-0.6457152834520832;-0.4572484574937431;-0.35701151741497383;-0.3349086896713899;-0.15476265488994062;-1.2582891602587474;-1.2046388828607804;-0.8542255943389502;-0.6142531289417701;-0.4899051404430868;-0.3418763455470863;-0.06068921520504102;0.3041460317155716;0.6397155803265274;0.803233600779545;0.9017662330602942;1.1031839177257643;1.115265152541273;1.0542434511226273;0.7680584191342593;0.440125388117911
605;0.16172756714559564;-0.35007703531888534;-0.16850878454279755;-0.08858150926878292;0.029696226996449734;0.09759239638851731;0.014839020056978602;0.18032855878253698;-1.4234768231226207;-1.255263708372436;-0.9756900034184242;-0.7824511975560607;-0.6074975940904657;-0.39119931437321537;-0.012928054640409964;0.6232286000624114;-0.04657418742251142;0.2363699618118221;0.47436983360194457;0.9356036824322375;1.173533844928661;1.4163815094944858;1.411932538679308;1.326792034974544
606;0.13995036452509535;-0.052978713465732664;0.11631185037762204;0.302512236662827;0.4435030599058634;0.45571866546951867;0.3357489088154191;0.46804188213673464;-1.1510728288547976;-0.8614029064712831;-0.6732907908250404;-0.5905178993651664;-0.4497088625727395;-0.2809899888347897;0.13206973961900442;0.9740974468534281;-0.7172257358617539;-0.36078464205469357;0.007687437149820236;0.6700383268242033;1.1292123360503086;1.6295478757755177;1.847116009028154;1.956643065216229
607;0.33090134530604226;0.3631886520465895;0.4988669199281213;0.6747253840028621;0.7613114165555799;0.6878656008863128;0.4807500984562875;0.45224196015653234;-0.7592969554976146;-0.4365321481767576;-0.3007282753998855;-0.290309858491044;-0.20416946953663104;-0.20465164584873552;-0.09523797625029483;0.4737696525631281;-1.0146745964453003;-0.7818857380065368;-0.5061761168015471;0.033690415537894466;0.46306662291030465;1.0212484882949449;1.4922292382053572;1.8512227152241012
608;0.08531413811651234;0.40537632911050026;0.4647600388049599;0.6328456999369209;0.7541959798184125;0.6352233676297031;0.5559446971171709;0.39304535998067724;-0.20867698506685167;0.13534902858515815;0.295737685866806;0.2928938873534818;0.3466540986566285;0.20820551446284277;0.0023573464996187957;0.18917465887295112;-1.1845334152723972;-1.1114738158567854;-0.9514912600661409;-0.6350442878078856;-0.27195834054249024;0.2762103910003164;0.9344213590434041;1.5253629408736549
609;0.04117253304543453;0.32043947155655716;0.3262820154428283;0.4143612916247396;0.5522635258236465;0.47319266109677804;0.5362403594893952;0.3553728764484382;0.23654152274216877;0.4838227356120338;0.6913126710021773;0.7385358065896974;0.7855929277872143;0.6001217089212527;0.21470016994590937;0.043948315754872645;-0.6267394775538881;-0.7034128399515938;-0.7061183172078359;-0.6780537922431596;-0.5185685625453492;-0.17941092957332844;0.3820765561836666;0.9444034567283766
610;0.04586603220247039;0.31069880581726245;0.32181910371346384;0.38094256230821666;0.4921540678591073;0.45571866546951867;0.5783622873929098;0.49119850561476697;0.5032994811411747;0.6314804344925375;0.8027256800580779;0.8709966955029428;0.9261672301371698;0.8398661563759908;0.5702066889016605;0.28853163078584904;-0.02042460625390306;-0.1434484631709227;-0.21905832024741279;-0.3677486040001592;-0.3808413571518855;-0.3435443150826042;-0.19487895175466616;0.09891461151308752
611;0.536969303977261;0.5864911825039527;0.6202198683567528;0.5808556413829352;0.5615903684644906;0.5446712102029915;0.5514252339513824;0.5589536682228995;0.6329028401155828;0.6158515315661299;0.6513008518469469;0.6737726054927707;0.6852033482320954;0.6483581267139388;0.5233385838029831;0.31187225730475593;0.5621990816469691;0.4719719774590371;0.38506945573812223;0.2015999391620866;0.07417762165994388;-0.11633707052398347;-0.3435811111127727;-0.40041813864285686
612;1.1292202641746627;0.7972668412757935;0.8537501118376244;0.6372488791799789;0.4485801120643802;0.4342705271071635;0.3842551610728058;0.46341078076177367;0.4067824243290569;0.2542036976250619;0.22669963512216093;0.29552112687249266;0.3634610955458871;0.499445581790355;0.5272508777150788;0.35498071758807953;1.0783828449494979;1.0135480634973877;0.8663414068468218;0.6237276789050477;0.37454836082985854;0.042271265887098536;-0.3253121299369673;-0.488683971955236
613;1.1165949007096052;0.8014346065813879;0.8646893854178133;0.6670423156341158;0.44017994612884476;0.42345460365862503;0.2872508641186521;0.4016698745000093;0.46587571103302616;0.27527520354030605;0.14733187357082178;0.1298858122964087;0.11960794112228472;0.20347389271731467;0.31507197613651655;0.3069925089114531;1.1150888649317197;1.1087944817935835;1.0291270282126739;0.8784740524818847;0.6653476467305283;0.3159006194506524;-0.19165300406849956;-0.5408312189292716
614;0.5252675456464558;0.5429530903876676;0.5364934674866167;0.36811900547424975;0.08427123187659645;-0.040514910587884;-0.22233997412013712;-0.20577182330404847;0.6277381814369556;0.44937199566981095;0.21446795954046938;0.0687409458189731;-0.061060482851517675;-0.1425526904718137;-0.014007967903132315;0.17356722813783867;0.6152419824466084;0.6668248263018131;0.7019269557592268;0.7297327187663327;0.6794180043712107;0.4989176791336347;0.10927886411178091;-0.22925991046734462
615;-0.6444310800162705;-0.1672457909555371;-0.3229941121089973;-0.5097728820699744;-0.8263145680699602;-1.102208171516041;-1.1994621086081112;-1.3701767349482816;0.857315594911998;0.6781987810893807;0.4089570574939601;0.17028971374464;-0.08589183912129095;-0.4134549074566641;-0.4488527878562255;-0.27409298618685707;0.016871904008885597;0.036901017446567846;0.08915143224719699;0.15731923352329621;0.2240537740531111;0.24524635016789673;0.20613546850735254;0.08730287385846354
616;-1.3238832603308497;-0.641131145682862;-0.9176387188062608;-1.2140016501889344;-1.6298775109764208;-2.043579126128529;-2.1031436568859347;-2.4346978741171306;0.8788537705463334;0.6702960498711394;0.36445098733034986;0.08372946551853058;-0.24397902444573988;-0.7152399607252571;-0.8945713383152762;-0.7967031261726908;-0.49862444747591056;-0.5228117762334524;-0.4924794274602653;-0.4512553670721099;-0.33247995301676053;-0.1744689154454973;0.11825197719307809;0.2679581756750455
617;-1.8677086446428437;-1.262377095387928;-1.518472376312379;-1.7800855424111268;-2.114524759896607;-2.493590064066556;-2.5409041754581785;-2.8684680923816166;0.29491013620346285;0.08205016634538774;-0.13838777443831993;-0.367760528283952;-0.6770982158367589;-1.1662710125414344;-1.4276282152940662;-1.421595324840863;-0.7327946932338388;-0.8061125734368304;-0.8534475674646285;-0.8647827747447866;-0.8059052086558052;-0.6222178471602103;-0.15759853258201087;0.10397267236631784
618;-1.51543136913985;-1.2906918638946365;-1.4234203045915603;-1.6592580084396533;-1.9582837204901382;-2.2411453791250344;-2.3858140624800646;-2.6108361939345404;-0.45493485115753496;-0.6843093048168561;-0.8070220495930153;-0.9189922805828231;-1.1122213491494286;-1.443024265136002;-1.6430251667218119;-1.7121701367112978;-0.5187462192847166;-0.6279914255374356;-0.7862586942856892;-0.8825198836400378;-0.9751960343807724;-0.9284258104627688;-0.602126131747237;-0.42316305425026757
619;-0.9023085326359169;-1.1335628644923528;-1.0728745400187398;-1.1601832249294717;-1.2781604834583282;-1.3504005331172317;-1.67538371515188;-1.7044581119709332;-1.1717669932511563;-1.3492441374416417;-1.375472824571466;-1.4330550155152224;-1.5607993647700589;-1.8454593827231158;-2.066365998196057;-2.1393201413977745;-0.3992767986287811;-0.5204839343765609;-0.7234116745312639;-0.815720454327888;-1.014434504826529;-1.0901958877032496;-0.9833543433123456;-1.0667415254691874
620;-0.4749884476783952;-1.0335030907254512;-0.7741493014921825;-0.6098929931569543;-0.3816856171422786;-0.16564155800561212;-0.5168717474256589;-0.2840347434337365;-1.8148089452749883;-1.82632264579807;-1.674710192306396;-1.6417192574064183;-1.6634331984108253;-1.84755555792994;-2.076339101219025;-2.130055845781753;-0.500364366680166;-0.5909849064610571;-0.7453649106631658;-0.7817196795976747;-0.9946674562217342;-1.1599846998694214;-1.3154397544129086;-1.6522203337627746
621;-0.010052001992411278;-0.7103163286168547;-0.353028994057121;-0.08559087604703762;0.3452102096274689;0.7570827599795665;0.6074716126544062;1.0524298039111135;-1.9090575469446318;-1.8197823219587674;-1.5646912195787452;-1.4250553677748121;-1.2735866482774432;-1.1536615763053777;-1.2755546788807552;-1.386048175422817;-0.44990157852880797;-0.5192824586945706;-0.6738590909349221;-0.7463031652726726;-0.98849920291038;-1.1784935901380649;-1.3617302004100638;-1.5794725862385073
622;0.3247043787313911;-0.3054413771808367;0.11593228988648434;0.47615371179295396;1.05458061909847;1.59378953563092;1.670717750126387;2.2780371636892753;-1.7722370863255008;-1.5843127534847985;-1.2785172274965595;-1.0613664738389383;-0.7396641759188701;-0.28790575727990575;-0.236624715345508;-0.3510880292000962;-0.5008182565681707;-0.5420343732878018;-0.6841614632078376;-0.769989014054304;-0.9819591916186335;-1.118554707367396;-1.2564395742241177;-1.259002599293683
623;0.354790782706255;0.01531899112048853;0.35429541622077554;0.7408829415344691;1.3302731580783391;1.7797490345588085;2.092704316521008;2.6110274712614445;-1.265811525481297;-0.901643369708865;-0.49172312089911774;-0.21672792627582071;0.19671087008369492;0.7596735118427792;0.9317789158004861;0.9058581808008325;-0.9923296790058627;-0.9700100945103937;-0.9454069646134127;-0.9115346118588555;-0.8619028606103418;-0.792513851995777;-0.8620916291705703;-0.6000683080757501
624;0.6748224318657046;0.7128820237473447;0.9175839865775008;1.1628193686651394;1.4869752768786333;1.622005475772206;2.0096564919363518;2.2646049128846975;-0.41463620001315427;0.023043480977476948;0.4728189040799593;0.8292135233334564;1.3015614965451079;1.9268176779749047;2.2914325111184963;2.379330002356356;-0.8854830807626142;-0.8036374991986129;-0.6181283170263309;-0.5243273553468029;-0.23900778133704909;-0.11102480911194856;-0.34429751172200357;-0.005498249037299911
625;0.7291597867970223;1.0871589461870563;1.2048606808715965;1.4434723255202893;1.6870494741028998;1.7267251316685697;2.1311470443869016;2.343928196463559;0.460284094525264;0.895482491117965;1.2143215528081865;1.4703477827193459;1.8312367537348304;2.3482514245265342;2.894717994479505;3.3171226149572735;-0.6595513118106737;-0.4530417184499907;-0.05995179409488557;0.25312214135055794;0.7617613582271737;0.9812159075890299;0.5945515108746511;0.7384130655400609
626;0.6414040665016929;1.288798192572341;1.3848095063238055;1.6917640666311213;1.8837350582482335;1.8799726729012844;2.0956123337146426;2.290099308625684;1.0163935673547575;1.378969305188241;1.47500103742716;1.5210847739821083;1.6762852027561235;2.00557353101598;2.665272231863819;3.471446898458136;-0.21689354102502376;0.11745159551550804;0.6565494275932621;1.2327660643940184;1.8601138773997141;2.168194074719445;1.7173844330651413;1.5816481140795553
627;0.8914265504685821;1.3774256302744965;1.449804136534399;1.6827384860482395;1.848765287069686;1.8341758004707889;1.9497025175085365;2.041647661175283;1.2210217525673701;1.5069856716304855;1.62000750208396;1.6529946084633298;1.72968906451427;1.8741848969574468;2.3397889231201137;3.0659559089730197;0.6388794845887433;0.9455381845554175;1.3946246570072918;1.9376909016061201;2.447473510126438;2.758193909993308;2.5055901673808973;2.338593110954734
628;1.0163111973106609;1.219261962205081;1.2848670414846513;1.41106494805437;1.505596160477855;1.4519155402140542;1.425094158919262;1.3968539472337669;0.9739005035555801;1.1499075342460197;1.2968358476157222;1.3445681024736171;1.3765327410076358;1.380245770250257;1.634260654190579;2.231145136781908;1.3765338203061979;1.6395438863349985;1.9311473823293295;2.3929580427878654;2.718333893608552;3.027240651002644;3.061884197115603;2.921134299862102
629;0.8210440611256027;0.9335069090857423;0.8944652420974271;0.7617827925773442;0.6328904972601637;0.4024710002968684;0.3272589006216364;0.03821168570345313;0.9693326775688401;0.9051300066434319;1.0254315790643924;1.0931849687761543;1.1014563631562835;0.9761724529605176;0.8199218318232426;0.8858871407160288;2.0004700076202946;2.0247952935498974;1.9183753392559002;1.9954528745467885;1.982601958252596;2.271256848661164;2.9202669403299577;3.211668010397369
630;0.4675651736081197;0.50311179901919;0.2797570309318833;-0.25077824251631353;-0.7040492104240117;-1.126944927984815;-1.1174287542491732;-1.6047645017951773;0.9932930689360318;0.6862754331980022;0.7303020228737588;0.8412722276246242;0.8481747210443559;0.7192052335736842;0.3189811795875886;-0.12409337696759033;1.991832422709573;1.790461126643995;1.3805158797691086;1.0513260719209512;0.791037589497803;0.9544572075125952;1.909983598077127;2.5986997666048564
631;-0.23372551483822288;-0.06733531392402106;-0.4146053517250086;-1.1288932823866362;-1.8439102170556116;-2.3993952082883885;-2.4742812125152636;-3.02433556060685;1.0153591748635487;0.5177570270624771;0.32799568582188027;0.29831789395275327;0.14327084524858574;-0.1195150390750424;-0.5219065835631403;-1.0466483253221293;1.4321208403340184;1.1651287101552756;0.7088856056612999;0.24752946154238128;-0.09432869538164786;-0.11264801293190571;0.6459924449394148;1.2477276413661196
632;-1.0043457994554414;-0.6102094457316727;-0.9647284446986978;-1.6071940315239834;-2.4111249533738732;-2.982109882236431;-3.2748714539042916;-3.7703719405325;0.8351761225021095;0.29227232718373414;-0.13966911652535782;-0.40732276602623746;-0.7926647359502351;-1.3024990268827226;-1.6455844208179846;-1.9784766457093188;0.49306332347562304;0.27592215937060327;-0.04992399987884204;-0.4099146714521102;-0.7165640041874841;-0.877688738900325;-0.5285521208766455;-0.31289982404436517
633;-1.6168741469251784;-1.231049000751414;-1.455422320858207;-1.869930677170304;-2.599281721464312;-3.034918326378951;-3.541057511494738;-3.7909506247112743;0.19030251233248985;-0.3520154695315559;-0.9477563131512015;-1.3933070408379433;-1.9279258986642829;-2.5446672276708204;-2.6800351029181977;-2.6803375189610206;-0.2478683524568249;-0.3638654640184391;-0.5380818343296889;-0.7274418804894162;-1.017035308755185;-1.3716473649153729;-1.6305123225374745;-2.034305827801668
634;-1.9307335901840919;-1.6306363070959482;-1.6640599358101724;-1.7366862474146878;-2.112420134934412;-2.314969337138907;-2.9079008376559665;-2.9352403637078077;-0.48399762185879674;-0.8877412159046334;-1.3961351814225276;-1.8594689670196551;-2.4005158010104326;-3.0875267037877734;-3.2752875329626194;-3.1890072766266964;-0.6903177725022501;-0.7903616610289141;-0.9085974169838346;-1.015171798984644;-1.2999797450030783;-1.71036193087103;-2.210534928449163;-2.9428955869801334
635;-1.9209084790736048;-1.8318263962377463;-1.6621733152861888;-1.4132681983972573;-1.3150487431786284;-1.204084432168173;-1.69628023913425;-1.4633673689772537;-1.171510463666723;-1.38967167805218;-1.666470940458413;-2.010922938662592;-2.399003498821261;-2.9624780869442766;-3.2754516218388336;-3.3224719182971576;-0.998218069174173;-1.1518444525021316;-1.3236894024507881;-1.4762738523316081;-1.8079055296444297;-2.214622118417964;-2.6979141981690216;-3.421968833147418
636;-1.6727978516582842;-1.8530458512217267;-1.5505586460351415;-1.132618448721979;-0.6431732575286196;-0.2517965597182384;-0.4201394537077021;0.04428672172923364;-1.8867137787619097;-1.8789837731393486;-1.8313780445095107;-1.9357109577450125;-2.023436114276081;-2.2000655017675905;-2.4710846034249943;-2.6558984980644817;-1.4435037622782478;-1.606158337897063;-1.7872400693923511;-1.9515429618928755;-2.2399382356806568;-2.5375081952191163;-2.8751589555756465;-3.3066471236401633
637;-1.1600759805424865;-1.54662620842353;-1.208285949755376;-0.8272789588542822;-0.15994654988809423;0.3518207311252314;0.7120906899996151;1.2766275202505628;-2.260772058410024;-2.0607245494001574;-1.66358289581825;-1.4284236696392874;-1.092128287752688;-0.6631974967304112;-0.7817837221605225;-1.1939276078972343;-1.611853618604248;-1.7857882193175305;-2.026117059257304;-2.304763841687485;-2.5721343646354256;-2.715236249611777;-2.6902571444959182;-2.4608209243327357
638;-0.723141286905544;-1.2048927069501223;-0.9226506262856919;-0.6250993373434927;0.06703106874568042;0.5484629260424304;1.2359403397542341;1.7458852633270685;-2.169797815521078;-1.785184853521819;-1.1044202285438736;-0.6226148624067483;-0.054873473977429886;0.6359173777292891;0.6166667818383637;0.16210612370406935;-1.6806659010996983;-1.814393896849198;-1.9713753702304473;-2.2317273057794664;-2.3374222872482764;-2.3279281557431033;-2.1491386144579763;-1.5265052910209949
639;-0.18243725610014427;-0.6452789360924198;-0.4582695720330877;-0.2990651067252486;0.18035532930395398;0.47605886552710874;1.2045023113317421;1.608282445704211;-1.6982536711606837;-1.2394821844399946;-0.5420523311548552;-0.0027182302285552523;0.6114438458955785;1.3783787653328556;1.6405300428311749;1.515678076950259;-1.7106991867425132;-1.697634145985307;-1.6258828432246102;-1.682783265898488;-1.5006565908367486;-1.355649075347058;-1.315511087509484;-0.6531837307164472
640;0.41087304469602737;0.3416241457533415;0.44614063882413296;0.5324334396209255;0.6860074359311357;0.6726918271944615;1.1093032334712296;1.298301007999104;-0.7837031527122051;-0.3285676476431581;0.11928503057225458;0.5156224653857973;1.006139382599762;1.6539023735458178;2.2238154062563145;2.6350009392199207;-1.5106319439418794;-1.2896820306386876;-0.9290311747630725;-0.6320727017290163;-0.12237652294260158;0.1571801703869022;-0.06831567600340241;0.320008108396243
641;0.996178120083488;1.1002433755222507;1.133634753379297;1.1535282629198467;1.10897675471793;0.938346147484789;1.0770640814353858;1.0941976557937674;0.07035831471876748;0.4753181216537426;0.692426574766322;0.9036974057381681;1.1848012506783299;1.5450176547747008;2.1113261222127306;2.8326074098220424;-0.9026270549689406;-0.5508191834142432;-0.03228009034394522;0.5382262658048831;1.1892846040549914;1.5828709548128332;1.3761980724409586;1.5468715410255454
642;1.3096373104092311;1.4832623842481798;1.5111901998812838;1.5622355834116828;1.4768778787480497;1.309460934430484;1.1842098506166499;1.1740192839330672;0.7350110038080736;1.0662326212802298;1.1130375378420807;1.1077206930397239;1.1371237972856572;1.1799562567775146;1.661596278611156;2.595366466219382;-0.16334084366519494;0.2590457516402809;0.877240794085034;1.6262148371098601;2.3065824354666744;2.6957593654282785;2.373380459804175;2.141534685614799
643;1.603334344097965;1.8721878359218054;1.8578168297162072;1.857375592523023;1.7085569932955131;1.4987662860966906;1.1939935365160683;1.042148014336889;1.4748426308328777;1.6819504286750648;1.593183641844377;1.4214075658138325;1.273878525761212;0.9972726579572473;1.0982353526849489;1.7709044712847848;0.6058180323299424;0.8916730115078091;1.3110460816385545;1.919816842252468;2.4201782804255303;2.853744935419791;2.9607511974562466;2.845476282299023
644;1.5609883450541244;1.9111650685537582;1.859057539545655;1.8061117622199965;1.683990342882042;1.4569249664293267;1.1823980935254585;0.8680501829782736;1.9998024396050809;2.043995388547852;1.9715413373989392;1.7917868306306892;1.6023391699503469;1.1373896115698543;0.7251055141311016;0.776277757801374;1.5273882793651639;1.5250741214557284;1.524297486289342;1.6926036302979794;1.8319836656885706;2.230562879462793;2.930369161249696;3.203361872793441
645;1.4123202209105103;1.7837947589313325;1.70811007083117;1.5800917508828634;1.4594629990829984;1.2307509975404218;1.072808059501056;0.6830613982429532;2.1748690365373555;2.0735835398149853;2.0470521754719426;1.9495804938918933;1.8128870724400694;1.3732869997450226;0.699865790445203;0.21567694282265043;2.08816285321249;1.8546165608025484;1.5327222015749236;1.2615218298665405;1.0761274486960262;1.2543890238590951;2.0406213870193186;2.4947076033159643
646;1.0326389567242231;1.3869161965365524;1.3144938193964508;1.1680750720729602;1.0455155771818387;0.8355732906125046;0.8037202405484233;0.4621395110527621;1.8935882855906199;1.7493345031554566;1.7811783141855781;1.7862474036677436;1.734466922138863;1.4630859671832617;0.8900978557954744;0.2556794205700951;2.0995568569051914;1.8163183960052516;1.4280035716877157;0.9729996719141918;0.651352962408412;0.5812666585764504;1.0446048412991629;1.4163458716036903
647;0.30491487524158023;0.7364619279432983;0.6895184193580304;0.5880681334414093;0.42513409705902494;0.22902089027232814;0.22756528194345318;0.047006928662413516;1.4629273644110463;1.2561469291006064;1.2237652073796674;1.2356859519672414;1.178585675811104;1.0755867251327471;0.855007509971243;0.3782460165619647;1.8616182521313274;1.6513652003874637;1.3531350898329981;0.8890913405299785;0.5196788798050902;0.12445934273636022;-0.08839842074531681;-0.13825905179931028
648;-0.4520569071526781;0.14978711751533477;0.10568433722636618;0.06164157937374872;-0.13691583804559837;-0.346316541793299;-0.3743738682795047;-0.45398399355468094;1.206616014755549;0.9453750917871707;0.8002398142286756;0.7402336101955241;0.6064309727705675;0.5318439391620124;0.5665435172754993;0.33074148778366413;1.5457748905143307;1.41951664103662;1.226435461968186;0.8521572008328779;0.5235681986172075;0.011412058975620372;-0.562193011144824;-0.9077928095120074
649;-1.4027232519658643;-0.6593244366734891;-0.6897452069332035;-0.600190378592223;-0.6823486625983188;-0.8330953974681576;-0.8621032310776049;-0.8529744253966675;0.7906441817630462;0.5415395622574224;0.36624820637603334;0.2328133909166768;0.00895425784280491;-0.15959758842043095;-0.037349626013321556;-0.021120958768766115;1.081581071884258;1.0359199952703086;0.9571091089323508;0.7628363701850027;0.5362089269572091;0.09196464035585225;-0.5327754006275055;-1.0600086940351259
650;-2.2476531393983743;-1.4868462839899772;-1.4908188147877992;-1.2864269438564686;-1.2233700686841948;-1.2948972591784236;-1.3045525954145367;-1.2274002047725319;0.1294646159502973;-0.08263433462969272;-0.22268717022596893;-0.38297746403582644;-0.6350693785020015;-0.8619653641667987;-0.7299282471058671;-0.5347607492561649;0.5252735512176183;0.5295135573145641;0.5089808212882276;0.47887888532338563;0.3392699216699977;0.0535676417079338;-0.3887815504150129;-0.9103459531088518
651;-2.765547190176746;-2.153524531549764;-2.1513545699981487;-1.9220413705269315;-1.7682470652888735;-1.767257248757614;-1.7518772775480547;-1.6427170549458383;-0.5745095528692017;-0.7405597042242533;-0.8295171843169682;-0.9972737108440213;-1.2499618131134094;-1.5370584264787237;-1.4778592523577556;-1.204923660039712;-0.22636059517716858;-0.20639188192118244;-0.20180367339681923;-0.11578471457537652;-0.1768961361282828;-0.2729206546184341;-0.4385560654049655;-0.823806566486868
652;-2.8937999804671146;-2.5853208633917277;-2.54485444531628;-2.314017192153566;-2.048267541862455;-1.9562995456729746;-1.823061552754586;-1.6446100437997664;-1.5191423165123703;-1.5709619825028838;-1.4906687059996353;-1.5278536910672194;-1.6368094766536556;-1.7818955297124301;-1.7069164981049743;-1.4001868358564797;-0.9612244961377632;-0.9108670752033723;-0.8861332845386221;-0.7160798253422042;-0.6917864633516088;-0.6071251197094527;-0.5188883877911016;-0.6658926445371609
653;-2.347573218888677;-2.5583459987246986;-2.458029526008274;-2.3321971700493163;-2.0741682182147567;-1.9187943245846166;-1.7025578661454828;-1.4478527305142068;-2.4870531156264755;-2.437583160628306;-2.2029414858940752;-2.0587282755103624;-1.9472831433555922;-1.8167820521026887;-1.6833924290667812;-1.442275037422388;-1.6002574759504902;-1.543136097316753;-1.551868974112663;-1.4023865339114994;-1.3702546600097154;-1.2051526192772524;-0.9503475981922783;-0.7992573556466731
654;-1.5844875238906053;-2.1450829675573053;-2.027673538481518;-2.0427617463174634;-1.9027966500801945;-1.759182851721442;-1.5698015063042055;-1.286252226652858;-2.7442631056001074;-2.6582503571052953;-2.4166556338717635;-2.2205644444226205;-2.0116569597868668;-1.747256080224531;-1.5671443312441873;-1.3608390315331123;-2.050061212950056;-1.993269142086412;-1.9971773282052065;-1.870267498206834;-1.8087942350356194;-1.6295962777387152;-1.381270624150276;-1.0958675529405435
655;-0.8028279316165403;-1.4814880665513233;-1.3639384853742949;-1.4674127849985446;-1.4243097580061688;-1.2999518010167497;-1.1610989464621368;-0.8894899813093877;-2.395814244838359;-2.3109045211243413;-2.1485114122614455;-1.9884876114682943;-1.760132567893432;-1.4601543830382244;-1.3107708416854762;-1.1670823261131562;-2.1061989878376535;-2.0742262813216477;-2.094900201140436;-2.002436617080928;-1.936436673845655;-1.7279478272568116;-1.4089381150932083;-0.9809714115758503
656;0.021300826277991357;-0.6570621186074089;-0.5034425919827843;-0.5749061135962464;-0.5555153770613455;-0.4445849947861111;-0.4680593501843992;-0.21609939980574866;-1.9172441161433171;-1.7741678270069579;-1.669953541476029;-1.5771761356407157;-1.3802100083828184;-1.1501308275001487;-1.015999930412569;-0.8202672797645699;-2.054871392050752;-1.995657213876935;-1.934799097467005;-1.7676724455362862;-1.6237229273840186;-1.4140595243458527;-1.2471636589239856;-0.9404141259619638
657;0.9217669076977931;0.3775658496133971;0.5131188480181006;0.447971029974446;0.4096275273852864;0.47014157101180576;0.2837289793844096;0.4341729965004453;-0.9501207200027734;-0.7706243147176389;-0.775235963941128;-0.8114867682230519;-0.7181904762361144;-0.6758300937170582;-0.6678704773522004;-0.47703758982660793;-1.8074725145376334;-1.7417899855108874;-1.5990667144884665;-1.3748394203196568;-1.1542427057432232;-0.9239408045444576;-0.8424348024712519;-0.6336574618874041
658;1.504402009839578;1.359963770382612;1.4429418732998254;1.4050535325378348;1.2775022738277044;1.2282482005312079;0.9004469469306672;0.9018791507194812;0.2863990591894713;0.4862526736077101;0.31952438069833256;0.11650388958234198;0.06355467508249561;-0.11352323705124237;-0.24326462110646627;-0.08519933287466269;-1.5168842268223697;-1.4611746700076096;-1.2474808469491505;-1.0037494678628411;-0.7177544510643616;-0.4904732294612356;-0.5107991681459433;-0.399991649486818
659;1.2061856941674878;1.544883160421461;1.6118750846550898;1.7497787527740911;1.7968284840305901;1.742324867141843;1.5457028362673544;1.4693783426014912;1.0257894786877575;1.3034936488474764;1.248406106228164;1.0789900195047641;1.020349685672966;0.7824501874792287;0.5511421025837538;0.611584620505235;-0.8423533811260691;-0.8235123676632911;-0.6268535635065536;-0.4271656288384266;-0.1291641928706463;0.12674891281155362;0.1812173263428902;0.33619595221874754
660;0.48566479023471953;1.2770337717262576;1.3296417511036573;1.6761575059376597;1.9879269856162671;2.0082976221195463;2.0061134094333997;1.925989586773398;1.7830068156678633;2.0471373425077335;2.1137119921002463;1.9720934435696276;1.8619645966136402;1.511477827290337;1.1217612132938175;0.9656990477152188;0.2232445989731064;0.12731526812296307;0.19441694408649052;0.21032287734452118;0.38135053027337107;0.5359082390923458;0.5975728938120844;0.6872662965851173
661;0.44256739781370724;1.2686851069594987;1.3017282276770201;1.6380846891732992;1.978183520512746;1.9842266219239193;2.075075091967281;1.9642328705845211;2.1032884755948755;2.2907476738153014;2.4483772999040347;2.405920074587599;2.3185143409681657;1.989752468096851;1.5860331328747574;1.2795609724298882;1.3216456681221465;1.1723132257403936;1.123214658572323;0.9735980559076176;0.9838570817111153;0.9578667331482483;0.9025076781810695;0.8655445014300234
662;0.6600138605661297;1.0759712623858786;1.1521061749649293;1.3707719981950297;1.680653145172142;1.7532823189148024;1.9798596203621177;1.9855016129511007;1.6383414850996219;1.6965067836675671;1.9620716736078583;2.1157430553454364;2.190458966492433;2.1888595253810204;2.0318670098672755;1.7226520870443305;2.3397975358891747;2.2174262386681565;2.060578756827929;1.8062955369885536;1.6205123460886819;1.4137079463371496;1.2369233698131001;1.1281095071214657
663;0.9262731481659909;1.0616554265257538;1.1478214662407196;1.228052974419749;1.4152820097871537;1.461748939024199;1.6809717499410006;1.687790455623146;1.3100609014503848;1.2671995712598347;1.558110278896592;1.8012467308311726;1.9502412579555999;2.109199001452767;2.072305280856852;1.7855455366915212;2.871012638423944;2.778739306715392;2.5679511145704947;2.2731174166869192;1.9805700056175461;1.689542868190511;1.4792296475225126;1.3502158854129185
664;1.2832699943113948;1.0819442960258703;1.1630562622981266;1.071047224473984;1.0559681502378093;1.0302240429230443;1.1095749271067779;1.0769073973811492;0.7307055033092393;0.6784593145542531;0.9393976002523917;1.1937610606846145;1.3663933645739852;1.584506619169123;1.6891855565602438;1.6427692321963419;2.524961536591326;2.5537061429129806;2.457826409300276;2.347060866832489;2.153574135809371;1.9559515330758477;1.7624277633373846;1.6159997215612336
665;1.0920470168225545;0.9082059285891027;0.9364227910081033;0.7794972691584968;0.6339065570842533;0.5142467761179117;0.5004506227457614;0.4135630496023051;0.4867807700477239;0.4737560782833181;0.6459892337121722;0.8192782367226341;0.9293996863735092;1.0675338995564505;1.2559487608355497;1.4574250421416;1.7023850511945378;1.8327744790364067;1.899522615684614;2.0091255230079277;2.0127822687462795;1.976348256961572;1.8269355054509444;1.6869426532934604
666;0.28612598210770956;0.395822098580609;0.3437544753840258;0.22054752608018102;0.030802376095982936;-0.18123250869585825;-0.26461476126517086;-0.4272804507565184;0.47086525027324205;0.47714051679645736;0.5309582393687601;0.5504007255906721;0.5048342130427365;0.40125934552041675;0.5158471192121342;0.8461126984517465;0.8384088389486398;0.9966193476060953;1.164437006926064;1.4175679120264135;1.571899889088079;1.6767545425727741;1.6322385839507112;1.49009327367406
667;-0.5701864740053554;-0.2236078227973568;-0.32157282899415784;-0.3818910097788652;-0.5333437968836608;-0.7596329446012129;-0.8648015233055093;-1.0477005819403116;0.3667920526486783;0.37128805602824694;0.3422862647609078;0.2358636987585625;0.0627067577568255;-0.24851722269936252;-0.26650297229031317;0.0710044288683509;0.11552335604169124;0.24601255874666483;0.42790227079104426;0.7168810855845753;0.9225632886485959;1.1100118119027338;1.1976820778886654;1.088250892398294
668;-1.659587636099531;-1.0049757000253345;-1.1125687750691957;-1.0493498122052625;-1.0848339004223087;-1.2770678143741039;-1.3810557190967776;-1.5639215894685763;0.2412690011600066;0.19975477325255941;0.10970872420076076;-0.10665567786434504;-0.4012114517433718;-0.9060598419908726;-1.1200842178084192;-0.9163639737420372;-0.33675670558419757;-0.3071268553011962;-0.21905832024741279;-0.02947756584979786;0.09926236460243115;0.27798411195057127;0.5016276615984508;0.43563053520264916
669;-2.4861997209765723;-1.7234522707236648;-1.8055227411686197;-1.661303192161376;-1.585237049140148;-1.701646317171197;-1.7332265743080861;-1.8465472803936536;-0.11950262809414679;-0.22610054637217522;-0.3272776185411268;-0.5552068022714672;-0.8606963679946219;-1.3623131884496502;-1.643933291998925;-1.5881973517169627;-0.6078366105613857;-0.6760237503940421;-0.7217575816151737;-0.6859268740772637;-0.6896285361667753;-0.5794403083114854;-0.2929975003058896;-0.2951929495780266
670;-2.7207058193132783;-2.1449891710637656;-2.1754631434618883;-2.034962840307929;-1.921568209560739;-1.9629014335948116;-1.9557898566573146;-1.9766813881403644;-0.7213559576029539;-0.8741837789013317;-0.9397503946783665;-1.0998990840884122;-1.3334831527851267;-1.7087532074056302;-1.9535033952453251;-2.003302768915939;-0.7724682842517443;-0.8930988055157327;-1.0416107577295008;-1.1263251088182635;-1.260640378573364;-1.2591957162505205;-1.023641763601793;-1.010675682250334
671;-2.5413757884405124;-2.363455236095327;-2.3214858335214568;-2.216048697866121;-2.0670297454351796;-2.021303307455011;-1.9766658706466984;-1.8822162011622123;-1.545102852915683;-1.6751668545819305;-1.6134619119475975;-1.6253956096923141;-1.7152407715304834;-1.8890564359437605;-2.034878176283849;-2.1274778952726447;-1.0082581951855598;-1.131622542535382;-1.3171646255256988;-1.4442934178599445;-1.633876731085551;-1.7110947031106702;-1.5870555853114492;-1.5858363054335272
672;-2.055952241099973;-2.319212336413933;-2.197592357271111;-2.1561012205399237;-2.0165063303174495;-1.886787285947247;-1.8097046470380147;-1.5616673964253363;-2.303607976594481;-2.3867469816742255;-2.2360011269175124;-2.114672351200783;-2.038748240643923;-1.9410282278514877;-1.901053990834049;-1.9436515387451752;-1.3401000407073276;-1.4183879348925938;-1.585957170888763;-1.6920279155090538;-1.8766962027510234;-1.9888687516696795;-1.9791456955324052;-1.9650702962553055
673;-1.1378903457252678;-1.857364671078281;-1.6679274708721183;-1.725347482298615;-1.637576613059446;-1.458895559213714;-1.4002680747410605;-1.0547462013171185;-2.763561022269049;-2.7744774999887536;-2.533948514269327;-2.292758635909934;-2.0607894348428095;-1.7392875319461403;-1.5820084636910745;-1.5944942887326767;-1.5344349422816363;-1.5733410158568015;-1.7126774435299503;-1.797391189672485;-1.948575384203048;-2.065046628626978;-2.1384778296218556;-2.0750184624490187
674;-0.39761278860644056;-1.211667217982124;-0.9929976526886982;-1.0538212056126461;-0.9745272122447167;-0.7800717179639627;-0.7541506645609085;-0.3840063965693335;-2.5569934764650903;-2.4771635777456265;-2.2471896269399685;-2.0142838742858045;-1.7354556444040068;-1.354081135421279;-1.1688853853889731;-1.1386976656314671;-1.7147635519527453;-1.7152675822571672;-1.7796800656445617;-1.7991653239953749;-1.8633691193066955;-1.9243797733856625;-2.0301356874333414;-1.9251142653879094
675;0.5122660971113197;-0.2130348478282606;0.0020857105707894792;-0.05652409077944619;-0.012242176745926443;0.15567966864766863;0.11653441793501144;0.41592358549721736;-1.7483461454973603;-1.627805915736073;-1.4992532971054124;-1.3573435135491083;-1.0988824258767038;-0.7592744570077811;-0.641601296079693;-0.6256160395826362;-1.5507792995637926;-1.5428370194909766;-1.5674527562285616;-1.5459938653360668;-1.5490753085003044;-1.516462551755344;-1.5260595705939046;-1.3096969259858495
676;1.260513648773447;0.7049277745141025;0.8965582242749106;0.8936825432281071;0.9693987795933973;1.112493961815799;1.0414784362574172;1.2522240289131301;-0.8716329396478926;-0.6299488895839301;-0.5223482798789388;-0.45076687780505337;-0.23118978916564248;-0.004381458449553719;0.030770612477156158;0.08400537466391321;-1.4939081667904877;-1.4490575315543672;-1.3493367910576584;-1.2159361541347122;-1.0612445811727749;-0.905044011427993;-0.8993991629863386;-0.6466514951988062
677;1.5797523465024808;1.3708773140680044;1.5114761889831445;1.5541536700802878;1.6033520143718094;1.6729680970001843;1.5785389309953348;1.6876080727487919;0.17569330367900715;0.4368770756425484;0.456894838468158;0.42971400988045316;0.5563923236370037;0.6507278586553074;0.6369019623369375;0.7146887758341159;-1.0812440421882217;-1.0316860486943613;-0.8720827330159863;-0.702860534421639;-0.47023540228677435;-0.2725519990307261;-0.2934990929725153;-0.07548328223618507
678;2.0445893600257827;2.0955672208220935;2.143505270256334;2.104223845571492;2.0459304890943657;2.0071823199162826;1.9085595257330932;1.8657598368061363;1.3249035827505347;1.5398266632388526;1.4772352865144345;1.3879631099401293;1.4311556079125212;1.3799911779059124;1.2466836220397846;1.2247891613367243;-0.33115483565922876;-0.3297487706599428;-0.20082411450438908;-0.09635161028724547;0.1327128358082869;0.34509978683031534;0.4162173186900769;0.683480754314315
679;2.0490110275643616;2.297407216357284;2.2826277777375226;2.1766325384202307;2.0307092615333633;1.896137977360477;1.8698741381176982;1.7311096513262847;1.94997698139332;2.06232395778686;2.007787368384096;1.9663797517069395;2.0038701984681344;1.9712106874669526;1.8639009208364234;1.7641976682441;0.77238763993675;0.7366424776764559;0.782493302372223;0.7669466284998694;0.8921470848360109;0.9929284349890386;1.025720685475352;1.245865951599925
680;1.9413005867483004;2.3903314051571276;2.3228667457409404;2.1671214206900467;1.9119365269355004;1.663777463353955;1.6202697714204233;1.378816789622224;2.4490737922195907;2.434482558288067;2.3292192813891894;2.2746657138077744;2.257898451594572;2.1796667215336742;2.0732263073124395;1.9265184748033026;1.645972278472674;1.5776430972702828;1.5460050127939255;1.4356288662954386;1.4614882698726277;1.4619853168526962;1.461609166482117;1.6039509633470224
681;1.7131390624587601;2.2228791123865896;2.133379343629128;1.9699047558654812;1.692704315723482;1.3854095829915594;1.3237494954734512;1.0078477038450921;2.5698942179653237;2.461839982864174;2.389998874859188;2.362019182448753;2.3137261311045996;2.1791560194264896;2.018891235920186;1.7953612408208448;2.4123758993049065;2.307150916605496;2.1811755906231918;1.9796777236910066;1.885238333828735;1.7923209288139892;1.7931606737000787;1.8524432415283447
682;1.3642837596379154;1.9294195557227072;1.8477958984610254;1.7632262328907784;1.5150460159344987;1.181718597772792;0.9690530953049812;0.6081906032064982;2.470304508826968;2.3507664540614464;2.2776750262932532;2.181110205843468;2.0107026760980538;1.6682594256085985;1.4227768877495508;1.2820916948048517;2.5974424238964837;2.5276168988255887;2.445178643342226;2.3210313414698525;2.2191800788434546;2.0896046942446027;1.9952334467494792;1.7991769964656332
683;0.5884821648177623;1.1522074526106758;1.116973357598586;1.1779297661217092;1.1060161612395891;0.8531624897713382;0.6444501407173381;0.3317733484719737;1.8877944006790017;1.7994691744712337;1.83951231649104;1.7702263176788526;1.5745400245215395;1.1594352381153734;0.8712601776846113;0.7685375930834312;2.544497051304713;2.49422985839967;2.418056768283227;2.3375063443929873;2.2032853540208857;2.0578784386692988;1.949637451162245;1.6291967185306553
684;-0.4645199064419617;0.10801333903994355;0.12826825042076473;0.3600694641284869;0.5221610886035188;0.40570625980125913;0.2820132050640198;0.09207543017457918;1.0940704029563135;1.0508399019412011;1.2041914519122856;1.1750542920971887;0.9834214734865642;0.5639077886257995;0.28754284527226276;0.24193803134548808;2.1375662570153393;2.1039700725659642;2.037455448731783;2.0028149716688137;1.8592864705573366;1.7195089474479945;1.6093312621660685;1.2240280459838433
685;-1.3173206619494962;-0.8872597321315753;-0.8506791959329311;-0.6130649329528329;-0.34716503691573103;-0.3596852003353282;-0.32103151214928616;-0.39740575340853473;0.17844321252936357;0.12442841996979975;0.37206785451404323;0.44319634319363005;0.33494075207382257;0.05776397968938803;-0.15161912570756744;-0.23359846360138456;1.6090325134641978;1.5581745624460126;1.4352868628941013;1.3544778216275948;1.1537343782520577;0.9992297208932972;0.9539463858948634;0.6761955501010124
686;-2.4000979102816267;-2.04339030315177;-2.0325727655902894;-1.8539519429807936;-1.5658021079120699;-1.524101825381377;-1.2781488768925222;-1.2453639868149728;-0.728978840175905;-0.839294046049424;-0.5498141395621744;-0.382216637747411;-0.4078137083740789;-0.4960541762826484;-0.5533275729245523;-0.6682364477802873;0.8816214750161985;0.8061785356578617;0.6306124793499804;0.46701120151093733;0.2143429195646811;-0.0026135044350175675;-0.07154338000471168;-0.24519372213547683
687;-2.9758109517997444;-2.7473997745305234;-2.779992791126545;-2.7344678047642583;-2.5689509101763406;-2.5431926319488194;-2.2184654670496835;-2.110086364742783;-1.4218536357547378;-1.5967154676355841;-1.3652686091431177;-1.1773691124244832;-1.1711410618178282;-1.1229761284050288;-0.9889378833708408;-1.0121010876003664;0.015128238709157096;-0.034141541114691795;-0.18326672265969615;-0.33442686169298896;-0.5531180914718444;-0.78103713429686;-0.9087608159450512;-1.0360523503598988
688;-2.966710662950617;-3.0449241677628494;-3.041991124743074;-3.0253557736405887;-2.879783449778935;-2.7875132496679464;-2.4711508918805087;-2.228856391418409;-2.241864193405664;-2.34680991387192;-2.1324007190553544;-1.952099727706015;-1.8995608005226228;-1.761598867501416;-1.4957847797104271;-1.3088777615883531;-1.1181436129197826;-1.0835324178465546;-1.1205874585281703;-1.104899375114881;-1.1786746175126457;-1.2668312290430013;-1.359091400561008;-1.4340477287099282
689;-2.3169463093161564;-2.808800134342453;-2.7572485489642564;-2.8260608047661426;-2.7602927758841;-2.641366223966577;-2.377672632660746;-2.0345698440679767;-2.8832284284784238;-2.9091705543531883;-2.7051807565734785;-2.4950503133324666;-2.338840546991105;-2.037819652021001;-1.6172661233112662;-1.2371005779375006;-1.888563355291487;-1.7633792730740547;-1.7127523173366506;-1.5473258933175857;-1.4834518290517547;-1.4224236396068335;-1.4442306412932555;-1.3981013673474871
690;-1.3881100052858024;-2.1571824686382475;-2.049248382206473;-2.1726204681115275;-2.1780223901086564;-2.032303923968952;-1.944858459244381;-1.5788889823724144;-2.96292071890356;-2.946283076196403;-2.851272792191032;-2.723754923106382;-2.5590080889357036;-2.271398971539072;-1.9249709002108821;-1.5278034922975732;-2.302314526557244;-2.1726060699346212;-2.117848404384868;-1.8871159987356028;-1.7865015266952629;-1.6090705892063764;-1.4601995890842494;-1.283430765379239
691;0.023198071235333666;-0.9619441029833966;-0.7665803933075519;-0.9313924639832902;-1.0601310244514603;-0.9412302585107558;-1.1582237480090043;-0.8073234567864044;-2.7905077963422174;-2.708264104491296;-2.772526581714241;-2.765484124615955;-2.5996449355559013;-2.3363527565093363;-2.053012985561081;-1.620164817289358;-2.7605405218444483;-2.6243000936700343;-2.5317310676403215;-2.2180765403831195;-2.034786595835923;-1.7513203557348516;-1.5267009695134839;-1.2638176367629887
692;1.0245250574281963;0.06719028352337146;0.26921869462892467;0.10671397226009531;0.0025047090084061546;0.12852774698803401;-0.13236133543105988;0.1324345016309856;-2.0690772660354795;-1.9050524474010972;-1.9910093579220682;-2.032096128002601;-1.8549449252675807;-1.6537154916591954;-1.5882016038502411;-1.3375668549364983;-2.7047813669362224;-2.6230347960306983;-2.5432216569545654;-2.2763634484351747;-2.0767337454073096;-1.7149783574259918;-1.3205756798210104;-0.8521838119190263
693;1.393465797793828;0.776428881412666;0.9684895197492795;0.8883379196720883;0.8647357651124677;0.9750197641937538;0.7886124653497749;0.9448985973744967;-1.1597953546782287;-0.9450722695194671;-1.0067713606770132;-1.0535243668270604;-0.8574008229977873;-0.6753248012965166;-0.7817008940925798;-0.7738656990443713;-2.249527149721418;-2.2523837852409305;-2.2389811516650555;-2.11098269404868;-1.9606394568311805;-1.5994668771243024;-1.1091216118361256;-0.48342594836045594
694;1.9292457136203598;1.786835810162688;1.8875952706682864;1.8238884952193244;1.7867204240657646;1.7654474257737525;1.5961377201087228;1.47666823448798;0.38743151194881054;0.6624803850693431;0.6516435404575586;0.5977403216588939;0.7225156790389999;0.6792509188180273;0.25253260749786444;-0.08771666188364849;-1.344246094081197;-1.472393690983545;-1.5116311211823812;-1.5740388588795138;-1.4594223835394105;-1.1617475147302436;-0.6836165021139915;-0.00720719692750505
695;1.5122271803999832;1.9222887649933604;1.8899814905918262;1.879012516285406;1.856463844800233;1.7164186175363527;1.6476702722294403;1.3857400097356865;1.7630394818107658;2.019035581193619;2.0363743424593075;1.9519681418072359;1.9194179810624454;1.6090521495055123;1.0837204423725433;0.6448079952126299;-0.3158625781426327;-0.4878166528301436;-0.48766282212587847;-0.6461874012750037;-0.5278765848409133;-0.42254669396008365;-0.3009511960441526;0.04406688887156883
696;0.9975803826895991;1.8231407309758507;1.7144059938176233;1.7707495634734356;1.7201457493928136;1.4605429384539748;1.426091466594863;1.110669865994845;2.5013303140503136;2.7038045773192576;2.7437379454887574;2.6632341177993486;2.5141339871015047;2.088947205148164;1.728735213467699;1.4260571850134451;0.6722495658517401;0.5643620031041724;0.6799177780625681;0.5494255599389343;0.6950610342294019;0.5453787640907989;0.08178745652783057;-0.09135681587959397
697;0.8195424707327562;1.5888514562833993;1.4850710029675207;1.493922131749577;1.3599956757322302;1.093499423711279;1.0719930837776275;0.8383167066726718;2.5701542907545396;2.566749803531941;2.5343724561783905;2.4632411402025136;2.2884184324267163;1.989752468096851;1.8886664894495448;1.7562642358637686;1.8395407900208127;1.7925083744070633;1.864937808257989;1.7246419548705303;1.7360351330746047;1.414227803448367;0.7417827814591405;0.2927695189046135
698;0.5306683036607434;1.102139716853805;1.0222588877755447;0.9807102748805531;0.8031758595479687;0.5721391376523647;0.5734808886311363;0.42727258578326865;2.3016307584291678;2.07393268148701;1.9798060406109301;1.9186282592575068;1.7470092011274394;1.5845915479316748;1.6359324766125467;1.5619303810034273;2.7798903341279795;2.7415870262506186;2.6747708460667194;2.4542935688639265;2.2518015006795067;1.8209610552987714;1.193354409049311;0.6715531409168212
699;0.3572897815785271;0.5453191289592816;0.5753601561981234;0.5949061121505609;0.5309329519812674;0.4431454287171458;0.38723625994899846;0.3741631138729532;1.2579453176802036;1.03031761448581;1.0042422171588976;0.9816005704575502;0.8643327095247851;0.7998091763489591;0.9381983842807752;1.0722077457805044;2.7684641240313126;2.8215324787405645;2.7626411388751286;2.697911020507588;2.4633846095363783;2.1544855939504277;1.7357477318831884;1.2155082562289392
700;-0.038007328009601826;-0.009337988917751172;0.11944324266016641;0.27846316880214195;0.4292877818651957;0.47698345357292266;0.4089179117455542;0.4714925550851272;0.3439184775706512;0.20911783335292447;0.3209790304400225;0.3584978153783491;0.30379252218373;0.24563896867271223;0.2915348067927865;0.4571684537895302;2.3691937329467585;2.4281539852946725;2.3332826029595504;2.3518758904252928;2.1200626059527536;1.9773904730066878;1.8834309560541036;1.5090177756114787
701;-0.45006278185330517;-0.34743494022893645;-0.1852880185526015;0.07884683110657717;0.3644047197005566;0.47023402782104545;0.444154093894321;0.5462370077371738;-0.1600166387996862;-0.17710361293930776;0.004904480947044115;0.06179739543078947;0.05541477914052725;0.018499219348296576;0.05345357782746274;0.2925164660446548;1.578431755383287;1.6575792026326472;1.6079505991917473;1.7391994432621567;1.6284024805546033;1.6756393147206134;1.8100836244903111;1.6304877705351237
702;-0.7891830139705348;-0.5984244222690895;-0.4187731427054962;-0.09998302216627745;0.26770671179945577;0.41226932437116054;0.4522861356431622;0.5879315837292316;-0.5281430911632985;-0.4719919949962401;-0.24642634026164267;-0.15987841261618443;-0.10682297532984747;-0.08710707408000881;-0.07489129793032888;0.11065936649132276;0.8254009231564801;0.8730156834600853;0.8144247612850359;0.9347810372715852;0.8767906358867873;0.9994521223212773;1.2382940520989147;1.234624536101871
703;-0.9056937098745003;-0.5968216233065576;-0.4496508888774993;-0.14072583552542492;0.20534973789338895;0.3083867711319973;0.3885913151417682;0.4832978013847484;-0.702254987881628;-0.5145377680244031;-0.28493402357731246;-0.20006346832797492;-0.10673823717383935;-0.0806081296262031;-0.10262882926060035;0.0372862858279824;-0.4144880584312339;-0.37859274448898494;-0.3514781822539486;-0.20392088510090134;-0.10656273228354887;0.10798987140854892;0.3497374146595693;0.521904569347333
704;-1.0989871219589027;-0.8669137280003043;-0.7966656783395851;-0.6013099272333362;-0.32617453313645833;-0.2716252288280113;-0.08213050165828972;-0.03350031957548026;-0.811960224618896;-0.6092908378966739;-0.35083691464028954;-0.2359288357841512;-0.1266509693211703;-0.10398671213701437;-0.1486301484201397;-0.07439889990715307;-0.9844782667270489;-0.9667872167891209;-0.9086725443054297;-0.7960481163451046;-0.6474333686039834;-0.4230624797473776;-0.19394701602987555;0.08352740730030479
705;-1.096300533899268;-1.2129844662289728;-1.2635480424832477;-1.399311804391159;-1.4148622669070856;-1.4820408558923166;-1.1896696596254341;-1.1743147270841674;-1.1115614126789666;-1.0260406079502082;-0.8025909693299504;-0.6226993230307596;-0.47475819677357534;-0.3428038698739588;-0.25870175459198785;-0.1851427324742861;-1.3358785306884913;-1.310115011585186;-1.256633164108541;-1.2069691765821975;-1.0611702868373754;-0.8809244763003206;-0.6801113745166936;-0.28993039671068865
706;-0.9725933294339696;-1.1830626849687267;-1.2630757599113585;-1.522105517540313;-1.698795579649273;-1.8275329161325904;-1.6136717508719065;-1.6078297398396586;-1.1121601133473555;-1.121566325021274;-0.991784631380635;-0.8399284493397152;-0.7254612912878557;-0.5881475671060246;-0.42695757510205834;-0.31125469372616077;-1.2572392846838056;-1.2211850350578874;-1.1789022858619211;-1.1419668847803126;-1.0273639322330503;-0.9151911181748504;-0.8104083870393846;-0.5022547885077493
707;-0.8062141706457308;-1.0114722752832612;-1.1026457071728304;-1.4301080387673488;-1.7773166858657317;-1.980505738975394;-2.0135759447305532;-2.0519431047029024;-0.9853772126092056;-1.092575585427092;-1.1399975415882235;-1.1155803541112148;-1.1276700326565272;-1.1258346477651342;-0.9364610211363639;-0.6980503269356763;-1.1070517021569302;-1.0422510391886235;-0.9795070584261749;-0.8730948919654469;-0.7675990157067419;-0.6989915655246782;-0.6996392512975286;-0.6035481788091608
708;-0.7008254392950813;-0.8395009557103595;-0.8732844290132508;-1.1177175025354185;-1.4963024430125809;-1.6950385261815517;-1.9555210568227792;-1.9656965679247198;-0.916913823865122;-1.070657933021172;-1.2688197556506624;-1.3818531394876754;-1.5052528487820809;-1.6153669597291387;-1.3982947948797513;-1.0190594529642152;-0.97715508271669;-0.8752542268340064;-0.7796439994688219;-0.5814013819812145;-0.48706748865049265;-0.45945933821946977;-0.5971885468832919;-0.75604138529529
709;-0.621013515963491;-0.6153004326372576;-0.5970816345848943;-0.7002799921684347;-0.9706689392752866;-1.1251058358779937;-1.568994015345446;-1.6117964699042944;-0.6245524687035839;-0.7753756041026032;-1.0363166284896272;-1.2805153053519802;-1.5306252954481978;-1.8956792110459757;-1.947483791841295;-1.6664137207795184;-0.7830467983309056;-0.7493293823922681;-0.7134869447197957;-0.5379282823197256;-0.5071750429978616;-0.47500363317357286;-0.5218233429339153;-0.7820145421391316
710;-0.4256337301685307;-0.38678087833312597;-0.2883128900717255;-0.2458276946279054;-0.31908529479127856;-0.35516758394684605;-0.7685466941506546;-0.7469264826966058;-0.408976762743051;-0.5389207882076752;-0.7592136801951668;-1.0057921850809661;-1.2307229100526713;-1.604876795445612;-1.8410871887434552;-1.7803457730240202;-0.489092491933856;-0.553146728283935;-0.6376844593911082;-0.6132765501246341;-0.7115045378642378;-0.7304887071602981;-0.6866208539923271;-0.8785005010359835
711;-0.3400673706220791;-0.13410337362165395;0.0288357927605692;0.27322316321129336;0.4972319630642719;0.5874002081371374;0.3383682174239041;0.38523812738604946;-0.27388709379079645;-0.22523495199215662;-0.2742617105556774;-0.44518884471574893;-0.5564907882663248;-0.8757667080340533;-1.3343283150580303;-1.5587288619210493;-0.7879580924175105;-0.9484984314084224;-1.104448913622605;-1.2059316529566764;-1.313338788828739;-1.2521473282491722;-0.9998559097731616;-0.9014807465293523
712;-0.2596658372351086;-0.14656761802790078;0.07674524041621945;0.43561268999074937;0.8960752760544427;1.1402930606204233;1.1314018227616847;1.2932922842560748;-0.4711383715752553;-0.28815655642327537;-0.08584753227370591;-0.06273262758806515;0.007597866900282582;-0.07875125937203704;-0.4902330812929195;-0.8500635278378229;-0.6253785209726638;-0.8016124192826981;-0.9752260372449111;-1.1473041245688052;-1.2799397573388867;-1.261104617933562;-1.069777758679045;-0.872045749638498
713;0.292422136368317;0.24876312745369578;0.43654639664105843;0.6608585267375947;1.023871610202379;1.203962906938962;1.3099737341603284;1.4240029057369665;-0.37278788227896376;-0.13632388464624212;0.19394051313544292;0.3724852208829205;0.5782246817788484;0.6748495364271759;0.4018366621900034;0.028105966142038977;-0.396703654213761;-0.5370786961706929;-0.6611497112469592;-0.8429620687876807;-0.9233882675642787;-0.9342341323963821;-0.8610194826599867;-0.6002103446712226
714;0.7027404655311846;0.4878769769628886;0.601495830212349;0.5902225481214459;0.7179746156674898;0.7915123435128628;1.0460961715936603;1.1803914034591125;-0.25226652514690745;-0.0518880142479357;0.30609063119300595;0.6147947998452551;0.9366303210516793;1.3083754543284765;1.414341103899868;1.2386646754084816;-0.14818939466424072;-0.1781182841536912;-0.17505273495455712;-0.29678547005313954;-0.2714365349790665;-0.35349478195687145;-0.5764352010087241;-0.3688557546714518
715;1.2495871711812565;0.9277263476326246;0.962589747252854;0.6806283640548377;0.40888913977600366;0.286395005293022;0.45210542109815;0.5683098553278089;0.01203777584021511;0.07243147248972016;0.23482587844929426;0.50875217078958;0.8072738316162947;1.3220352726772033;1.8367953236008254;2.073709856391691;0.14214572634308853;0.2784085169368869;0.43470183707361654;0.47402724428483645;0.633467914506667;0.5304332669460374;0.03980309798486135;0.0687823241483175
716;1.6534142499801319;1.3957426917896365;1.367467261144809;1.0083806736973182;0.5558649447326541;0.3033968981639681;0.27515021050050936;0.2765943059361867;0.5321235871023543;0.5497858117552131;0.5347261666146857;0.6624003380540215;0.8152664483716807;1.1466315960193272;1.7003056862871724;2.172812454997088;0.2875969788937822;0.5158622005237055;0.8051172840424288;1.0365864546577361;1.326285418498678;1.2935776562069286;0.7333608233546459;0.5800814882933529
717;1.56299513732373;1.4106439217717226;1.3424085223014994;1.0474049993284613;0.6557065072340252;0.385555795700986;0.20039033821996963;0.06006427970065993;0.9015999297853713;0.9289460418982752;0.8728536177291788;0.8664104203646188;0.8410314983833548;0.8031117453825026;1.0710414039374612;1.5494267323621087;0.626490407108431;0.8511877073129982;1.156252592944601;1.5027887572558694;1.8104745807878517;1.9038511742247097;1.5879435425990194;1.342264397443488
718;1.2791596969643335;1.3245686524344213;1.279913651495697;1.1383252609659429;0.8773081459241168;0.6616820799594678;0.35200707319676333;0.18105428757722844;1.1550376301190233;1.1627828544510235;1.0284342539546942;0.8651364689306162;0.6928523795582338;0.3961860990740803;0.4064127742252507;0.8286725628529004;0.8759912193718896;1.0440832496004955;1.2675239778597667;1.62688988353873;1.865604923299075;2.072102590295284;2.0907975338710987;1.8954530560647573
719;0.8564836524340584;1.1570439821126552;1.165436768596115;1.1951058699878205;1.142655608763389;1.0148473121003097;0.6820664451042616;0.4946494558997435;1.3462197746595344;1.2940062461267725;1.1436762601634114;0.8975816459305921;0.6603030073824289;0.17956358284168125;-0.22309538902653106;-0.1679334760895712;1.1530954019200346;1.114465110751078;1.0398823545158091;1.1560262814353992;1.1808090652576795;1.483824813441188;2.085873555452173;2.232203374721025
720;0.3510923004362772;0.8813911084077427;0.9189159846376761;1.0585691493485905;1.163753124355205;1.0745987609513612;0.8567394476750925;0.6387180935236395;1.3568353410441212;1.2810377562756476;1.225739831192083;1.0460130289756164;0.8554031749787415;0.3807132907173952;-0.24616952720726737;-0.546514579803982;1.3926214720886543;1.1897838451484566;0.8848857998099361;0.7316007469838054;0.5695717300731602;0.8300435343432223;1.6809514087528068;2.069442732248488
721;-0.7434632825677348;0.0167361204741142;0.0955316164834178;0.4045318635540386;0.7254587653996761;0.7445891514041659;0.7707012837478364;0.6718840615546593;0.9670057012729981;0.9000889203202138;0.9863998261628765;0.9352977139873951;0.8391606856686973;0.5427570614969927;-0.006448482060040863;-0.509467926187845;1.3034286201574576;1.0181583237393013;0.6266805931014803;0.25103419203011845;-0.06747126770958571;-0.08217416626341521;0.4137733881261313;0.6961947142776194
722;-1.6839218164716563;-0.8774636802873353;-0.7946790069401757;-0.4111126733931727;0.04509051090088002;0.1392404498740377;0.41442892629866585;0.43517175384847945;0.40093400375354016;0.37666646098707113;0.6293696807277532;0.7277550039110521;0.7327158495640329;0.6417568410601606;0.3154878460873485;-0.16590400677095518;1.061859350400492;0.8037621761561798;0.4625820835649493;0.059394501799834104;-0.26368385919137294;-0.4274834539764732;-0.24562781651667168;-0.07420196158989105
723;-2.33934686441898;-1.566174286232766;-1.5086570688015941;-1.1817862580202354;-0.8319210012868739;-0.8028104785891302;-0.4695904928010748;-0.3689766456578007;-0.25638486105816816;-0.2648763769403778;0.03311044745994613;0.2252725007732925;0.27205389473416824;0.3505312036161264;0.42305385147722807;0.20088085284629278;0.502862675915748;0.37893937547730827;0.23917828822162693;-0.05509748374535167;-0.2653984152062412;-0.6284755206826037;-1.066564255948639;-1.262897122885806
724;-2.5382061492159536;-2.0855162737512827;-2.0633795361937666;-1.8983558286580882;-1.6960465001623857;-1.724038276121605;-1.4068215267675033;-1.2995193452086935;-1.0798283903962447;-1.105604540939949;-0.7765995187692473;-0.5159198550044174;-0.42804268954779023;-0.27238719813836715;0.005514224667907349;0.05507916510418281;-0.02557895224590525;-0.029100024636243824;-0.047812831583677266;-0.1638766132610318;-0.2421390278758616;-0.5242081218667779;-1.004713284389478;-1.2592150295969726
725;-2.326065310707878;-2.367204333538109;-2.3656270093622123;-2.349448565075504;-2.244067217220436;-2.2486568577324695;-2.013844689904139;-1.875911411491499;-1.7817075560653577;-1.8035168922168638;-1.4996782697814297;-1.2589455302772303;-1.184560791421664;-1.0711811861178535;-0.7458338889846511;-0.4246539582118076;-0.560572915025328;-0.4447039913441718;-0.35652344570067623;-0.22252650063357085;-0.16071310619510998;-0.22469555659068716;-0.488462830889027;-0.7176438658974561
726;-1.6317748553326759;-2.1697504244513506;-2.179889116648763;-2.3469443927231852;-2.412678954797039;-2.4220084068174876;-2.3781199700022624;-2.2400110488791003;-2.153950867377932;-2.2025585099997866;-2.0099280287257546;-1.8498005690993589;-1.8181522836806416;-1.785082468660746;-1.4915719777498104;-1.0266648925149924;-0.953221052453003;-0.7820357569712939;-0.6559604796142547;-0.3672279880546708;-0.23960421245394273;-0.14658514268086892;-0.19659943840660574;-0.3690690288979534
727;-0.842165832334449;-1.665774479583198;-1.6702856995406843;-1.983429190083171;-2.231444846687868;-2.259007725183922;-2.386798175618281;-2.232274800297271;-2.1412556014410717;-2.2420010786406626;-2.220658566184031;-2.1603597301096262;-2.1597000881886133;-2.1323145262150396;-1.8144400443453128;-1.264908534797156;-1.136478092932054;-0.9407777427865235;-0.8085819329272987;-0.4521475322419656;-0.30289189322958215;-0.1321255779481129;-0.06472928430945585;-0.16999613762590435
728;0.14564425962240693;-0.8172674507968226;-0.7627958678618101;-1.1558996779029058;-1.5394895367435655;-1.545956447609376;-1.8675203080740672;-1.6817461576453694;-1.9767598738381265;-2.12305458193528;-2.3459165134139424;-2.4413669096783277;-2.4590689311033485;-2.422710079453377;-2.2198768015298573;-1.7818785080352204;-1.507166752879421;-1.3868913703282262;-1.3623844011421724;-1.077391503588636;-1.0032135642985185;-0.7702220175258584;-0.4593220529600425;-0.3392797685169051
729;0.9101511155222693;0.14610096212548926;0.2509910902920679;-0.07577764926129316;-0.4172145477768555;-0.41186323163884125;-0.765757520000855;-0.6259135366541385;-1.2659824859075892;-1.3707085420420553;-1.6753047677734592;-1.845344581128635;-1.839959058720519;-1.8057966440516684;-1.8281351995547712;-1.7085389732854988;-1.6218680163146566;-1.632244496307495;-1.713725674677343;-1.630562647720009;-1.6509222771184573;-1.4566840257606437;-1.0662786090514904;-0.7440473015955166
730;1.5371084877725014;1.0160578688845556;1.1205911825620725;0.8708982369966192;0.5801525919733626;0.5736189642923714;0.24779016847561217;0.33694692567812207;-0.36807096764530123;-0.3617920143026879;-0.6901706535816673;-0.91139911501735;-0.9024364358638794;-0.8972246992530261;-1.0490995633750575;-1.1523647456604986;-1.875250699649318;-1.9446069395627221;-1.9899231478701014;-2.0130719221029216;-2.004745763912619;-1.871516209836743;-1.6513116050900996;-1.2854840262356928
731;1.4508348531983104;1.5267469223793726;1.7037220808300004;1.8412900283135307;1.9252960624686528;1.9974236059666073;1.73978051581774;1.793591937054499;0.5548408503190583;0.7575860550953625;0.592621808303238;0.3774869547737005;0.3817971988864017;0.27116093673178665;-0.08543854786648064;-0.38450757563826604;-1.4567651439802831;-1.5993560313676893;-1.6292533716634139;-1.7203512549207371;-1.673301944155238;-1.5700667894461589;-1.4923479309962209;-1.2258610079073016
732;1.7491801237939304;2.0280319298171388;2.2056056284626617;2.466443282137197;2.7291910348760844;2.805983547634912;2.6105220374193916;2.5355636079324095;1.1334776484948919;1.485645480383118;1.5602592518904506;1.4659215188776158;1.5106810646207693;1.2975159706070347;0.7066961043026188;0.179419903789194;-0.7550127141073357;-0.963414390953084;-1.0205859265045776;-1.1942962527797842;-1.1406518214426062;-1.0435359087345446;-0.9489900748181794;-0.6551717646856682
733;1.534600203341126;1.9139221857868074;2.097654724866221;2.4883129957170733;3.0207076958371597;3.205871322638319;3.300968489565983;3.267890726089269;1.4001649399327842;1.8490896759445816;2.2622481252289446;2.4105326454774993;2.577118250894334;2.4540539822691136;1.8634826034608434;1.2161377479345339;0.3618361364764626;0.12483048766388394;0.02850336760008605;-0.23413565976191886;-0.21403087440833393;-0.19106481699124178;-0.17559426996961378;0.0636538261173638
734;0.4456670152420177;1.0745491290027591;1.2257174400910376;1.684148714987972;2.2967301752047518;2.489852233747077;2.863994680754204;2.917658949768591;1.2665730385318104;1.6372402042473784;2.1723758021784882;2.4595674427383982;2.675817425684103;2.755504186352616;2.5557826303732796;2.2377001934379828;1.3923927301614076;1.2798042776111755;1.2434916457341865;1.1010135919024584;1.1393358068577302;1.1394587167171015;1.0595979606739863;1.150224416757072
735;-0.3754734984687598;0.33235566695925134;0.44291085986318224;0.8885254486976961;1.5045770765917514;1.6915359099825489;2.2560532230641823;2.3832323575442182;1.1815156170715673;1.4346099290971301;2.0015881799328152;2.360481926645428;2.57129843679203;2.7775123655089025;2.90740081845939;2.8685819465155067;2.26639925317927;2.2798728766970617;2.314016466343644;2.257850181796894;2.2777210259263057;2.1789230101152848;1.887482385096963;1.7049509287109204
736;-1.14833669003676;-0.4131973181384287;-0.37121901250830686;0.021531030608255498;0.5922509923782857;0.739036607124982;1.4192917102323517;1.5650728265201819;1.059755379132984;1.2138550864738074;1.744532375753087;2.0992757642421753;2.2524274471801764;2.4614668327725253;2.792941435676898;2.9980659520877895;2.564034149184497;2.6877721242073536;2.8051385808737455;2.852268934807955;2.8969388164659824;2.773581049183742;2.384038520505442;2.005204680268236
737;-1.45610061090691;-1.0049757000253345;-1.0693774159705285;-0.9596282332783441;-0.7629819793813829;-0.7733510174691819;-0.2160297690615495;-0.11407568268903204;0.5520010889167744;0.48503770192686324;0.7251602493045015;0.9256983029518973;0.9805286937627615;1.2097230029438444;1.7672035613031518;2.3117838876354946;2.1257115751324176;2.387331410326865;2.5668839197565916;2.785403332395789;2.8559950784586023;2.817955438058429;2.5581182154527866;2.17417409950672
738;-1.3213974435962648;-1.1644306323786622;-1.3069004246694391;-1.4475981305127723;-1.5947706983208283;-1.7923048115123612;-1.5253861137795273;-1.5635609197709934;-0.08842635787050966;-0.2100000445082084;-0.14496526621537906;-0.0647639098047736;-0.08843416935069487;0.028293760292005858;0.5874409293836977;1.3339361478757263;1.1577419038411063;1.5023533624171703;1.7603016821822592;2.1812280520346157;2.377130586077866;2.5295971327424382;2.5042843756456525;2.2299739700069323
739;-1.2171744658444072;-1.3831430522710955;-1.5553712912056807;-1.8952905024155169;-2.2857720354035673;-2.560395982414954;-2.6001810552650455;-2.68090195573413;-0.8895236416694707;-1.062977711348987;-1.1873983173059892;-1.2477386723471364;-1.360052670393987;-1.3874277820672742;-0.9275207005214575;-0.10176452966429914;-0.023608185978251147;0.318645911745847;0.5615114454605574;1.0985439350615698;1.3642635384748019;1.7192114985424378;2.042358904255121;1.9623894573434135
740;-0.8416679147066416;-1.2285087413949098;-1.3990625056436006;-1.8987273811977456;-2.4919220465194347;-2.803147928108897;-3.1788907492363947;-3.330080993097824;-1.1644985612816732;-1.4249223861966451;-1.720148975498837;-1.9384845124788617;-2.190896464345613;-2.501762743397019;-2.4093547499047596;-1.870035689539929;-0.7643829619248005;-0.5936874030407522;-0.5134004269986076;-0.12062412715048347;0.026105981485777967;0.3830271938002681;0.9493351580603308;1.0108436991745269
741;-0.5953020298415995;-0.9719257239244459;-1.0846888477288208;-1.595106442372188;-2.2691274064123026;-2.5846436645923094;-3.2176972521757956;-3.4045401709737755;-1.2677775638909603;-1.5719094780129188;-2.0298633105707964;-2.391364540764822;-2.7431678542829903;-3.258309284392012;-3.463511864041594;-3.2012818734384174;-1.4581967264236302;-1.4521990713067956;-1.519124719636456;-1.3145503238632064;-1.3007219339988816;-1.028249976840825;-0.411414196962064;-0.3087043453545597
742;-0.2985723475052727;-0.622653927830376;-0.6570937796057086;-1.0890310725391112;-1.6692874408364176;-1.921820596721186;-2.59392314293353;-2.7973708254460234;-1.1180615208130051;-1.398635613052849;-1.8813737525718945;-2.2757192066638487;-2.615847576702992;-3.194330799189189;-3.7190996139519372;-3.9044417677957686;-1.9234585468023173;-2.1129416255004614;-2.356542610227259;-2.487697900000872;-2.680179583491489;-2.588395388678885;-2.0398061294326646;-1.8306315499394448
743;0.0021293025276562;-0.19802435967752674;-0.1575117176538458;-0.37488858645972045;-0.6813371571073863;-0.8205767834158938;-1.3961384250366613;-1.5889870235194994;-0.6828956861336524;-0.805781908589536;-1.1631458162777009;-1.5296213759547226;-1.8147842837435297;-2.412418960147106;-3.1794420510912746;-3.709798394896221;-2.17719774855536;-2.479863637866133;-2.765164334381139;-3.1093128608909604;-3.379497429762614;-3.4172247197910397;-3.0650762393558777;-2.834357670569233
744;0.06903495898853465;-0.0703576686399376;0.02096229512784177;-0.013432721592431009;-0.05749204564292339;-0.04974436353826253;-0.39041067386288747;-0.4412209145497861;-0.2729433746432186;-0.29975263832852744;-0.4940265262723089;-0.7480095827258445;-0.9265987715855931;-1.3606331982375623;-2.0807897851545514;-2.8175225250050504;-1.821992656618819;-2.169026626903725;-2.4677765177761177;-2.9719562278022256;-3.327628600714447;-3.595878959310862;-3.6494006381287365;-3.5612014070726095
745;0.5056655652048376;0.5080325276991222;0.6743074978436896;0.848396931292479;1.0437581014794928;1.1541935964594041;0.980820969394164;1.0462424883898707;0.09750438420858107;0.2453593490958366;0.24774282949089338;0.14208257591891738;0.12690166089125843;-0.0641490580033611;-0.6101908499076489;-1.3454052889439114;-1.261160549906596;-1.5495661793824635;-1.760816433365744;-2.2149773369826;-2.4962368112158284;-2.829829655491394;-3.1678281901585605;-3.189861784023545
746;0.817840676857839;0.9321802130251511;1.1363958734568795;1.4033628437916479;1.7525966997950364;1.9463118203714984;2.0133813180657385;2.1781782858842815;0.4746504788824597;0.705295582602984;0.8863154529617103;0.9590003822050789;1.1172890565391074;1.2128610005007083;0.8445896599416242;0.07360456549682971;-0.3998065602251902;-0.6628158286003677;-0.8772672576457551;-1.3701738633812717;-1.6511446021652285;-2.033583290035154;-2.470928113622159;-2.459060137010007
747;0.8750059139728499;1.042600304835269;1.2754366188819988;1.559886167390261;1.9130497983564705;2.132680338163069;2.238323059694876;2.460576611906676;0.5030413685840291;0.6913126050683076;0.891717523539179;1.0216228560689085;1.2340200433917836;1.4844791874975423;1.2996912851997577;0.6792573405899124;0.33716311170161695;0.1307789447583789;-0.08060922921244251;-0.5324285486112764;-0.8389997192964842;-1.251192842630448;-1.7356287959962449;-1.7763106633875325
748;0.6765234605664419;1.1086821862258567;1.3828084272350443;1.8570933821583206;2.3845281290285616;2.6340904661180953;2.8514205282895544;3.132952743027282;0.4447141974211162;0.827177323229561;1.2233359432325037;1.474093139739267;1.7585281344140125;2.1280056073203157;2.3125506885763683;2.2881796981913967;0.5653144581956434;0.6059303417895117;0.7220470847110325;0.7275658245652;0.8224143534223026;0.6969593907357446;0.13497880794957007;-0.05939506004228722
749;0.4712650114367865;0.8808226222063971;1.1543913778042276;1.6877213248491314;2.3481979644859297;2.6410760342919217;3.06461756194008;3.374547224627764;0.14424319485605405;0.6413791988354273;1.2427393601946792;1.6547833717688443;2.063916515831115;2.6080616996987205;3.0938496195933443;3.543249305876993;0.9472160667452146;1.1843383200678865;1.474286589780281;1.8187561920319124;2.1638921223616987;2.3813746535071503;2.133162629114186;2.108971862566454
750;0.19479580679816574;0.6054227553679539;0.7499894133642746;1.0969432455199166;1.5605392832992273;1.6865224849388456;2.1527790187122195;2.312671492761617;0.34615415591589965;0.7434266904785195;1.2745948768324378;1.6713086994655055;2.0228307499803746;2.4872003822568294;3.0236743466533;3.5922543425944675;1.2631121118118098;1.5545385917566947;1.8737545595330483;2.2744712091879746;2.648514388805458;2.919211241246273;2.7993657238452627;2.771141130334062
751;-0.2173620675966563;0.16131845987153287;0.17628841006412968;0.38449955929815993;0.707072122180447;0.67065638062759;1.135386995354599;1.1309656505105052;0.36911391381036873;0.6588331507933515;1.0868643357406476;1.398600208848306;1.6645138889614277;1.9914536129639644;2.4557294600065807;3.119557166625661;1.325304488531334;1.6413625119540778;1.9155625403371261;2.4074814615677687;2.8117354369564036;3.3338061900639024;3.7760328695320347;4.037950743678311
752;-0.676415683673864;-0.24059932367674333;-0.3929129631247266;-0.43641089581912995;-0.4554999643524508;-0.7515306936804804;-0.41311292983633224;-0.6203952900171913;0.3914735890411154;0.5292140501459728;0.7404144616937669;0.9050564823619865;1.021370814167573;1.162487852261504;1.5393185061985994;2.2231154189155884;0.8308017851350694;1.1467524598643777;1.424513739889744;1.9307063394679818;2.3625067025625106;2.9445507038580683;3.575292132159884;3.9251082721808044
753;-1.0164885369667676;-0.6573449092989627;-0.9117756267876226;-1.1504054726352773;-1.4484315771406748;-1.867159459845598;-1.8276332360188285;-2.1437428660705966;0.3481318866599767;0.2998173054734888;0.26510897161300656;0.19273895267807056;0.046427263645657316;-0.18381297777196823;-0.05454304718505901;0.5339986677977636;0.3901563038185244;0.6389789493153806;0.8604377796504592;1.3253361890691184;1.6670303610176178;2.179146534823617;2.858936439680294;3.08162162820486
754;-1.339493743807021;-1.0797248802528412;-1.280360819028682;-1.5272208180550382;-1.8627771485590987;-2.205967104065636;-2.399859719336843;-2.684135346575435;-0.143451256829313;-0.3191360404261197;-0.4725273142584695;-0.6652640922882566;-0.9425649955170307;-1.3869238335123173;-1.5063577889149125;-1.1718532288440509;0.004818129094802295;0.10427557118279557;0.14890937919906028;0.42723269395528723;0.5477282861253957;0.8688647574766051;1.4600205016851522;1.5379810710962305
755;-1.2634226687487988;-1.201787671536373;-1.3051060055657095;-1.5453561718935;-1.8875038042264884;-2.141370959743456;-2.570946487051298;-2.816583190375476;-0.5943050255848092;-0.8801422254357092;-1.1081654292072152;-1.3597861542365433;-1.701679106317695;-2.293247307426994;-2.681926413353262;-2.6900642434101587;-0.19712512644738442;-0.286156447542153;-0.4625245831049254;-0.4562365793247988;-0.6115578134867108;-0.5375386876829616;-0.07979174805527073;-0.11875915857850544
756;-1.0499284270660307;-1.0933735361999624;-1.1019841576782916;-1.2894985766801168;-1.6014624007590166;-1.7866165423818774;-2.36156802115887;-2.549559526264878;-0.8124739623933193;-1.1375271802873759;-1.4389854069601684;-1.7448549580866564;-2.1064644552825498;-2.754490204669725;-3.321064339760817;-3.555226636051174;-0.5277475173877623;-0.7463285721331385;-1.066913181325431;-1.2552830590752966;-1.5791744183691232;-1.643669988600364;-1.2503032421018292;-1.2999979203401917
757;-0.6626656884019495;-0.8364863398033661;-0.776419936844626;-0.9461164018731408;-1.2180464991548576;-1.3382715776468477;-1.885176401174568;-1.987485719055591;-0.9591064252147192;-1.2437941663988614;-1.5476109001034484;-1.8173458264693119;-2.0842587885724053;-2.5857252839883618;-3.1456251666499524;-3.517650774549278;-0.9153898331205526;-1.1853191626553654;-1.5588368490991036;-1.8770661615822972;-2.26906204681253;-2.4293449830612293;-2.1578800821099544;-2.148451823585737
758;-0.1934140393472209;-0.5199715058241032;-0.42635079676869386;-0.601030040469049;-0.8160205091313512;-0.8657701404231747;-1.3044627909823245;-1.3365196354141904;-0.9839225448311758;-1.189026957709758;-1.4316741426507493;-1.628761391727826;-1.7801756317697162;-2.11330096147685;-2.6445910647160003;-3.1498529925490826;-1.2276769084563668;-1.5160680271471443;-1.8825054429637602;-2.2841093515001147;-2.69338661803591;-2.9256332585402522;-2.7912667846786494;-2.7126819424055677
759;0.21158100353052525;-0.0967075346710213;0.03282005063802842;-0.06755298086859357;-0.19623927369475186;-0.19405521354809768;-0.5419951788842549;-0.5043971452442371;-0.7354880989222194;-0.853544101536651;-1.0384451255022416;-1.1836904873100607;-1.247177320452142;-1.427992521074526;-1.8588229521546287;-2.4004354782089954;-1.2065586882481598;-1.473665146563853;-1.7849945488332146;-2.194831516162328;-2.5699936221535697;-2.8636643671672144;-2.9388366237887773;-2.900934780577827
760;0.6974368511906366;0.5042473446391994;0.6679381521774618;0.6990876450789894;0.6509953637221774;0.6977659857768502;0.35796863120667666;0.4951035313826056;-0.23647899376014744;-0.2123372726753232;-0.39769333739276413;-0.5727784556838366;-0.6317710625770563;-0.7528760130897584;-0.9983726748587998;-1.3811196593026749;-1.3546486024667084;-1.522050186927266;-1.6295529718785815;-1.8936186051382162;-2.0923417958526893;-2.431317349578402;-2.951088436592529;-3.1886683493299897
761;0.973342141877699;0.9300006536330326;1.0953625163559588;1.1953874537191138;1.1960500674772898;1.2419674978253512;1.0172139108787894;1.2194464679151578;0.140032936660291;0.28091188831676783;0.187012850669076;0.08737087064361967;0.0961167234015215;0.12997550497644303;0.13830352603309817;-0.05052264997466473;-1.1162572698288347;-1.1689942783545597;-1.1004704064936295;-1.2287561143657504;-1.2527717161778698;-1.6037922621852037;-2.4530432463435776;-2.845888811879682
762;1.0155098564577782;1.2535063099796229;1.3978644903843447;1.561389791508862;1.6257802225886244;1.6647057971452415;1.583981740295723;1.764583880789335;0.6736209908595744;0.8749717798004654;0.8310147221246253;0.770286508646842;0.8215586752894288;0.9361798323483618;1.0789657315664305;1.0803648958546967;-0.6511597728352831;-0.6247639057241149;-0.45123409185713514;-0.4425565793990079;-0.31869252808156223;-0.5218512574442763;-1.281125924911231;-1.590856445304124
763;1.0625920558597195;1.3042634133224915;1.4534259494005104;1.667132398207454;1.8863324487352344;1.9937060857872777;2.0846165483669696;2.2292454414812006;0.7090929175961577;0.9714549619837085;1.1023963252140263;1.1655313458753895;1.3232839724695837;1.5215817900230366;1.6524840895001316;1.7453050497417948;0.029002100444074266;0.08718547168058392;0.24000867914976784;0.34888940989846984;0.5279063605204654;0.5786766259698323;0.29901018364267273;0.2972615200195089
764;1.144752152444243;1.414915111008435;1.5592401656241939;1.8136361758306279;2.12474079530039;2.2377679888313495;2.378011806313003;2.4528046819783276;0.899962832274353;1.190797454826138;1.4368497719888964;1.5655300620386132;1.7442788594373466;1.9047089534800912;1.9897608506697673;2.1724028619241844;0.8261616005954052;0.9161488050153609;1.0435938118085035;1.2457207024409669;1.4579589518264837;1.7128164384371125;1.8330111677170096;2.0092998499026
765;0.21417879178359892;0.5839355115326144;0.7097691482626194;1.0761136599685774;1.6425561595071019;1.8613929604507597;2.321527912365676;2.4514331866191217;0.6900649270147455;1.000928188481776;1.4564402934722553;1.723872798267282;1.9821782285792735;2.2145669974561457;2.282717564324478;2.386298748926946;1.2020024323867438;1.252265010901666;1.2857204097968682;1.4233382742916607;1.587226387162534;1.921117438359868;2.3168358242242175;2.674131195862452
766;-0.35433003229315724;0.0806083607471283;0.18122372146275326;0.5367414783863307;1.1002800964064714;1.2644017828872567;1.8204806494815038;1.9029000314949778;0.40721246020560836;0.6671697573129927;1.190799694865269;1.5353030622262147;1.8375527467573913;2.145962463547059;2.2766005135800986;2.395399394887389;1.4865765502821848;1.5401467510323148;1.5148105493597344;1.6281649764979744;1.746560503635016;2.110310998297894;2.663283232142507;3.12060604308844
767;-0.8691517986673565;-0.35951289929926444;-0.29200862014317475;0.021437539152377713;0.4690738349962457;0.5252509945902838;1.0394864949343439;1.0678986734476037;0.181708765331928;0.36859889298941456;0.8629077223368793;1.210002991876395;1.4774360585166886;1.7930026852089211;2.061755570328538;2.308423437429515;1.580110499065599;1.692365444480298;1.7195842222955904;1.8743116798102253;1.9877948052516257;2.251579761970421;2.5918615373624876;2.852038559597995
768;-1.09331540935816;-0.6135091693204601;-0.6007735786173463;-0.39981646080486966;-0.14797080588010394;-0.21361106462014134;0.14767288007935592;0.10504413294940669;0.08118205618717686;0.17357457523461725;0.5403781555872872;0.7948237106042685;0.9503265259345851;1.1412050711507904;1.4427398655876835;1.809267460296748;1.3868267436535116;1.5474183095165202;1.6375626091899345;1.8587698433082678;1.9944177317417067;2.2076849396293734;2.410359540769646;2.4828998819571027
769;-1.5766387334614775;-1.1110687991941761;-1.1375167573268081;-0.986091002220046;-0.8669357990820539;-1.0221902174993636;-0.8844982854268537;-0.9882575835181089;-0.30485642534521834;-0.24263287555315094;0.02276791898262039;0.1590234444709596;0.1542972823913001;0.09821692648929306;0.3354503756371291;0.802433086644524;0.7256209283557556;0.9267255424448984;1.1117736858636391;1.4334554833698352;1.6247203850887049;1.779378228174883;1.775226612244779;1.5672349047378857
770;-1.8006998688316043;-1.5048943111228135;-1.5630147458073764;-1.5117816420601742;-1.49098384540001;-1.670625114423469;-1.6363667994042983;-1.753300750746526;-0.7384857314938563;-0.7327838379308276;-0.5448670785944547;-0.46986653673414686;-0.540670789011728;-0.6991567208627654;-0.5270469493976659;-0.04654305960592483;0.21140806892513742;0.40743334690634714;0.5821489382607682;0.9353045384056837;1.1253880264884208;1.3145848711355828;1.4075285939664286;1.2122149783740193
771;-1.8911335535299754;-1.878676195665479;-1.9459765764460943;-2.0379338763488435;-2.121479064837504;-2.2787008407247806;-2.3118169235576955;-2.384172934517682;-1.315983794949861;-1.4120809660230347;-1.3392461167030285;-1.3244078032212843;-1.4143643813661084;-1.5927076883565676;-1.5175085482953614;-1.1382933030727784;-0.49877574529968516;-0.3809219757360454;-0.32971455339451805;-0.055842207116624895;0.05790382736403714;0.30466545685549884;0.6689467769175068;0.690194778587742
772;-1.5617354317525531;-1.7860022643758382;-1.8692535556574508;-2.11489188760613;-2.3394490645308523;-2.523151280527349;-2.6798233418720447;-2.8065282815797423;-1.605468586399499;-1.735088238308573;-1.7335668183958797;-1.7601620902804205;-1.8736339886965938;-2.133822151750391;-2.2422820279869073;-2.060764409165607;-1.0802629943453907;-1.0568614218838601;-1.0996446702643612;-0.9362425417472167;-0.8923130061601487;-0.6476892093576794;-0.139673070554516;0.04898126921146348
773;-0.9142560557442533;-1.443789827142676;-1.4848724949687566;-1.8326765923114907;-2.1443538983819317;-2.2646868063631302;-2.50021683332647;-2.558095917866307;-1.7726636911660103;-1.926043239847404;-2.0144241995285586;-2.0794776689757826;-2.1730704087710677;-2.3991152170370023;-2.5900587388079526;-2.5762947261428994;-1.5308194496322556;-1.5871711924975633;-1.709907096100573;-1.678567584790914;-1.7351684170132768;-1.5808448091896952;-1.1192599346990197;-0.8697759028400428
774;0.06204415651423491;-0.6669596341533592;-0.6336204213341026;-1.0366804980349473;-1.4255938594187738;-1.4952659174408702;-1.8337286998463922;-1.8253780214565765;-1.5515925993823403;-1.7379290130237255;-1.9512164384789963;-2.072421375738984;-2.130770820290569;-2.277677412326776;-2.5600323274020518;-2.7910074296841896;-1.6947421215009688;-1.8587520126144732;-2.09908635797005;-2.277986420750568;-2.4908462656536403;-2.5009238500750763;-2.1715956860462495;-1.8965900522192949
775;1.0989603109137804;0.3436102855578134;0.4309419804992214;0.043595837124500894;-0.3867482931188343;-0.44449282593739114;-0.886297008895336;-0.8412233837718754;-0.8658973937139096;-1.0529672120059328;-1.3901832240733416;-1.5788593351537894;-1.6281309198451088;-1.7263695902558231;-2.0314983686826813;-2.4380952842269803;-1.5496495412367695;-1.7640515722729444;-2.0333701343321824;-2.3631766890407704;-2.6749408331618016;-2.8941405500182773;-2.9016521859368205;-2.7750754015599295
776;2.0161514646543943;1.288608440199106;1.4051069145658595;1.0508761607668504;0.6125700404347406;0.5654800100988877;0.0704196089640666;0.15030313306709986;-0.13512526986882603;-0.2930892779547245;-0.7165966079417866;-0.9583889189642207;-1.0021976221158873;-1.055960308873854;-1.3082909847437139;-1.7037780366937576;-1.2298640461414414;-1.4177146553832465;-1.6356946930801557;-1.9578960387262587;-2.242008067353483;-2.517062565425123;-2.7293195754742334;-2.7153552999810953
777;2.5570064730310613;2.0953769593009413;2.226722654089949;2.028914868622159;1.726542938674957;1.7062053112006281;1.210209824383718;1.2675214985024437;0.7459472806011141;0.7120701998802139;0.3099410009283422;0.02902964810945408;-0.0424142705636408;-0.17081962662579092;-0.45241888102423355;-0.7983227247835587;-0.8512669858642492;-0.9909952056670592;-1.0823035476009508;-1.3105502540815996;-1.4713632481247345;-1.7232583849433936;-2.117225828786207;-2.256336113536167
778;2.600290374974202;2.6484986530002836;2.7178939592954374;2.5954223326384214;2.3290590697896705;2.185498467232334;1.7899771472431647;1.6655405952397135;1.5989477109925427;1.7051363629642526;1.4213845681673376;1.1924855578722224;1.1330375509998445;0.9530404007883841;0.6384842024085355;0.29788389263247655;-0.46858993729809006;-0.5888078729851542;-0.5863085468344754;-0.7581835130215764;-0.7554736220273917;-0.8909990980721777;-1.242097421385872;-1.2860504397156307
779;1.7210697538324369;2.36205123718077;2.4043168502016257;2.524608947013765;2.500424409298773;2.336938175218356;2.1430535179627923;1.9313743729743715;2.0261028703917234;2.2827112151848663;2.260265961101669;2.1542275394243218;2.1080842838243905;1.874865060996028;1.5719092348162633;1.2963784963958989;0.18690223790289676;0.09335884626125339;0.1864166439124439;0.10246444578644658;0.23764964135739167;0.17557380046633408;-0.1839105422179239;-0.2397166017615473
780;0.8286522280741223;1.8574538545558685;1.8854954127105374;2.1707939945442685;2.3287803572279286;2.186800442229062;2.209138863738754;1.998007999414906;2.2821451157467507;2.5402563118192063;2.6726944360067884;2.662464629930779;2.62898860329398;2.4276420379894623;2.1994372706201695;1.9766916555269398;1.1169928570624705;1.0245070246633252;1.092908641760285;1.001873428968198;1.1222386415064811;1.070334818088038;0.7853372079500438;0.7289828998232302
781;-0.6619682089949579;0.5828943184788971;0.6345725826217251;1.174269413098709;1.6788918616724335;1.6863368041711895;1.9380765277195542;1.8660335799842411;2.0902207705373512;2.2714430966301444;2.5674149274102587;2.6225397707007927;2.540917619658784;2.3106087036407965;2.1686117807496936;2.085911347922723;2.2110783091365476;2.1429218439026245;2.1562903904882496;2.0879464702572963;2.1171258661840953;2.0270499944153526;1.7669108940325544;1.4894481481718649
782;-1.7930550038540087;-0.6700702144345956;-0.6009629078605737;0.06902849473276366;0.8555841504573307;1.0216092692698102;1.4866617341645953;1.5382751730242805;1.43219183048816;1.5786833939142424;2.048688332068086;2.1982653085835397;2.130982606204644;1.9051341041026777;1.7721379503218064;1.7529927883276037;2.6408187878460643;2.602393388075501;2.5574318301372596;2.5194846851545294;2.465119059286229;2.4147109531167494;2.348948555761116;2.035668772475223
783;-2.728130326517451;-2.1969479240322514;-2.0970090094950424;-1.4973648176279954;-0.5922189879115812;-0.24681612507315104;0.48436477214949664;0.7553156157556267;-0.20884861111157305;-0.16177945673536476;0.43994444075086164;0.7646831710902406;0.8622066030109938;0.9674447410328868;1.1109156978335408;1.307890152029104;2.497997465987652;2.575766323620688;2.4780185027799733;2.53732880035643;2.390096845171621;2.4483503661786465;2.690652961111524;2.5154446059364792
784;-2.560293912138595;-2.617912244261637;-2.5408100717029773;-2.2822923105283865;-1.7084171539921091;-1.4432806340374633;-0.7526210438406455;-0.455341734592565;-1.3017963241358257;-1.4275078342895515;-0.9070429057593676;-0.4947109604348087;-0.2698944161983731;0.1278637804678969;0.5217570346600597;0.806262905828734;2.0721051054394115;2.197070031964504;2.041030288006994;2.0774254733957824;1.8453714247829793;1.8706618434757474;2.173724634646561;2.1346335630739306
785;-1.3651449705582428;-2.0922708887429655;-2.0820316417830305;-2.345367680738653;-2.3859855443651123;-2.34747893403435;-1.9544458549536525;-1.724554890355002;-1.963459490076979;-2.221807880943702;-1.9200737535368169;-1.526843580176439;-1.2374735595127124;-0.6573863016979372;-0.04756614206090887;0.37556145173011074;1.0741947549851283;1.249692824084883;1.1336711256851417;1.2136723732958397;1.0639825813352068;1.105561720506907;1.3577915996941106;1.486795984928047
786;-0.22314923678239884;-1.314018964859456;-1.3179500327256137;-1.9031859753064568;-2.41194766104138;-2.5694547861211405;-2.55673043050173;-2.3714953512567982;-2.4349690126922794;-2.6814139499885363;-2.6351943524501817;-2.3538566239088854;-2.065500294488486;-1.4521772589848376;-0.7334905317552131;-0.15194082390402872;-0.4958254205001091;-0.2862316135952132;-0.30960590530383275;-0.1102751084242805;-0.05351911963730026;0.110943951146628;0.35368972910999313;0.6663394723593972
787;0.17891063373370272;-0.7771299156422977;-0.7781229021212649;-1.3461784505043415;-1.967072783434179;-2.221358120671251;-2.474370649742858;-2.3712256093521167;-2.3787035388754925;-2.488495744786295;-2.632062734635984;-2.544865574049677;-2.373713179231612;-1.998101706626217;-1.4229185629453713;-0.7915203420210908;-1.9975939050419842;-1.7898216047608053;-1.683250211279077;-1.342622970984085;-1.0721655934867411;-0.7446168827189449;-0.46132694405456504;-0.07413077689547996
788;0.4401677147568997;-0.1813136879180722;-0.1322927905240064;-0.4326769764842843;-0.8457068552641916;-0.9933967976384477;-1.5313085651057357;-1.52153979874947;-1.6979976381879145;-1.6303894507487058;-1.9249108638409853;-2.171192540798186;-2.28211029414088;-2.497664292792621;-2.506305258731233;-2.064390588325108;-2.8945639518923505;-2.777202441963405;-2.595220807740456;-2.1791859482692595;-1.8487825008207457;-1.4059152284450958;-0.9945698247420616;-0.7133139739647909
789;0.6698194590156998;0.5403977896546781;0.6602380779441165;0.6957142898877625;0.624392680288408;0.6427166769658572;0.06076441458902218;0.035854243559860645;-0.4964276529796614;-0.3480355374841521;-0.6662998324099667;-1.0988873577288731;-1.3511964570265014;-1.8874635920888552;-2.4511680259483386;-2.4430839885206432;-2.603047275959965;-2.6760226487048104;-2.6159576056425426;-2.413907348449544;-2.2266317393785187;-1.8242802797571318;-1.2885455727152522;-0.9572193450778652
790;0.4338686329268284;0.8216111964399464;0.9178694142385712;1.1498682099902946;1.2624133974035827;1.3129843691960021;0.8670549030683848;0.8130411167792064;0.5815188406363826;0.774091755415265;0.46905183642051645;-0.020410751873584942;-0.3333172975414259;-0.9645327088455875;-1.6819066276093004;-1.8671325504087388;-2.1420390966290763;-2.287566912965538;-2.244808313080681;-2.1831712391937868;-2.039077829759939;-1.7422353887058506;-1.3707874682086523;-1.1064965482993472
791;0.4791648093148392;1.073506235462174;1.1121179237829204;1.314521266278034;1.4515895894812567;1.4157388853741555;1.2404705988362652;1.0680806650857417;1.2645886385955176;1.479200196511525;1.3685517605335413;1.085874901352683;0.9102607081285045;0.4311934550857802;-0.26633699134247907;-0.771193101517714;-1.2876274087123951;-1.5236952544251143;-1.5717980518150643;-1.7820887243261958;-1.752651080832752;-1.6787039651543851;-1.5580560293558503;-1.2809526668976619
792;0.86959930453973;1.0334997771855725;1.0886034958024657;1.059788787754626;1.0260914307449334;0.9701111611748752;0.9995600419363344;0.9610893959422138;0.787801964239774;0.8573303141842255;0.9026934900164666;0.9383560054046838;1.0354117235518103;1.0922865128151056;0.8721770246773332;0.35392325393177443;-0.13152169466676428;-0.3328299946450024;-0.4847276555093484;-0.8703489571743251;-1.0367261779016177;-1.3030230883857234;-1.6044392835531172;-1.476284414293033
793;0.6735216513521584;0.9435520834883575;0.9785764945853586;0.8338657425748883;0.6763071026402042;0.5613181320965834;0.8240762857552475;0.8660496694008615;1.001050480945213;0.9005234930915975;1.029549541654702;1.291992938843908;1.5401787844893955;2.004127481211516;2.1831026640116487;1.6287084831852212;1.482991551644327;1.280787881625879;0.9864134672672198;0.34844180879709713;-0.03993923144757466;-0.6457016598494416;-1.3007446564808978;-1.3106880416266578
794;0.35948891684052564;0.6868421102738596;0.7037793545438419;0.5955618170018883;0.3730795743627765;0.2034325122559262;0.3178659930981528;0.3506528161803697;0.945374389713569;0.7874707862034573;0.8519333640134433;1.0396390769481234;1.1422316923034985;1.475140667376664;1.8867420546722335;1.8275102835543409;1.9898450576366633;1.9867733933216714;1.9063641583211086;1.5727422846991348;1.3364173247960827;0.751902034680121;-0.18175981141617073;-0.6383439212298953
795;-0.6972388173857496;-0.2326700763162592;-0.2142939824246521;-0.07054379572743133;-0.05039629640904283;-0.1609364336769965;-0.14552630866684219;-0.12866565931691007;0.6429742058488408;0.5750469142072242;0.6694639444772906;0.7043273486082892;0.588334428109069;0.5249071466868315;0.8717602756492138;1.2805406039529712;1.6871927598451975;1.8609875440890744;2.048256189859735;2.18566378926257;2.215338128274437;1.9252109203034025;1.1332083448568815;0.3586611885647539
796;-1.6462775385213442;-1.0893260685824484;-1.0441402078854354;-0.7205176832500181;-0.4588128898674188;-0.5119526672448341;-0.47220242306646665;-0.4849388966929471;-0.1007886138197457;-0.039415286674569845;0.19907222906561312;0.2563694451278464;0.1488688260635907;-0.02287031932847722;0.20164716093838758;0.7410007862513748;1.2333934946635967;1.4554796945608763;1.672038641152412;2.027757656870491;2.165775015073183;2.1915152341609128;1.9199687716687182;1.3539410032087633
797;-2.0868027989877036;-1.5958698856861455;-1.5525403327868659;-1.1687501333067747;-0.7878938215558047;-0.7739034096288571;-0.641206675239512;-0.5958785206479262;-0.5447707900016413;-0.4188005076622652;-0.1291619325711902;-0.07204254485660613;-0.15554299135397273;-0.30384507940869565;-0.05321412712828862;0.6355245622278186;0.7780154678211584;1.0588231663824466;1.3197666192125248;1.826337996243175;2.0645719061445935;2.316505504495584;2.3613454259587296;1.9958650974022252
798;-2.237540421206726;-1.9844602866599672;-1.9938478485228497;-1.7400320295860316;-1.375693194603993;-1.358302460858187;-1.1779003091879616;-1.2023031912255278;-1.0385955889671636;-0.923315508946626;-0.6065282949539164;-0.5348458985621197;-0.5977706755993171;-0.8376429688422051;-0.9223053730757008;-0.5489463397261646;0.006258485418626493;0.14636611320102158;0.23125197477960943;0.5984847356290697;0.7670772331048786;1.1893859943748968;1.8231021353325434;1.967705000206869
799;-0.9541774310582388;-1.4938964240400883;-1.506391952340269;-1.681196515279698;-1.6060456701000303;-1.5893853661029194;-1.4174144601683232;-1.4473115070655427;-1.6106763166631592;-1.6398622040787896;-1.336184482358312;-1.1186153326159924;-0.9894444491344249;-0.9852265144142587;-1.2058524395210009;-1.2835802109624033;-0.2948152022815798;-0.3404953055422413;-0.5419945055914333;-0.5297529559978198;-0.601136504254428;-0.2617869989314828;0.6365667301240706;1.2452931270711405
800;0.13905133778523163;-0.8557981980590854;-0.8242885127555334;-1.254219422414181;-1.4222001505720197;-1.3629883869612425;-1.1662203220772482;-1.0192453615089159;-1.7980028164087773;-1.9138274825518737;-1.727282595179077;-1.4543581747570788;-1.1628694475058905;-0.7939580931668825;-0.8034009558596379;-1.0174412452822816;-0.7629472219364518;-0.8663314348681831;-1.1403275392880503;-1.3385493121070795;-1.5204553413667559;-1.4196356345968355;-0.8627349146380757;-0.20521478881087696
801;1.4019902656822265;0.23552662364097782;0.3251425423408497;-0.2545144504183072;-0.7402745030479769;-0.765985689105715;-0.8821599280059953;-0.6777437014133516;-1.5379297948534016;-1.7077980836969477;-1.7994574394164202;-1.6519841342231758;-1.376920839112768;-0.8992441861996735;-0.6938884679650736;-0.8171902964588312;-1.0589053404915683;-1.129675156597705;-1.3450624183245168;-1.5507299304904167;-1.7378353480605575;-1.8309451554002856;-1.7344895843224093;-1.3191831388745276
802;2.2339720704895516;1.3263715202708883;1.4430371814442986;0.9544492257005948;0.38313903597269694;0.27632369650691607;-0.17699355275164888;-0.06767282855162861;-0.6683324716558249;-0.802931460642881;-1.146891168741019;-1.2408289473060408;-1.1399945738673867;-0.9139691505814836;-0.7816180659985466;-0.812007925500081;-1.1680885672817811;-1.204188731263769;-1.2962391335928696;-1.3824670360004334;-1.472846543021034;-1.5748326420880385;-1.7211034166132413;-1.5912099720427608
803;1.8156509380542962;1.549061296829524;1.6547907684726373;1.4941100427217575;1.152834045280646;1.0516231222900905;0.5810742115014491;0.6223636787196186;0.24032349891608643;0.27857048214995384;-0.06773373834069837;-0.31669294680580345;-0.38775250299526554;-0.45930907963885764;-0.43865183587700574;-0.32683180381811233;-1.2549769870420793;-1.2235060217686398;-1.0977679863608503;-0.9884693777761839;-0.8742458380211103;-0.8962936151261544;-1.2365315647467745;-1.3516739165872955
804;1.4143260763230594;1.6116453251144933;1.7291923890996699;1.84909753289613;1.8316065772848134;1.8221936171845576;1.528469923966842;1.560059470886086;0.7927112676514735;1.005449434470332;0.8239850485628875;0.5981645492846509;0.5262376989367381;0.3700604011114581;0.269413447780677;0.415344686478041;-0.9504273345641019;-0.8920491615174496;-0.6816799106257787;-0.4632249680296557;-0.2179080602315421;-0.0643897677352812;-0.221114953714511;-0.24939038640755537
805;0.7840069006438687;1.5596968148459298;1.6331414286576347;1.9625646019962995;2.148694405372436;2.0979073788782023;1.9239988101990748;1.8294455421202584;1.4296019154061088;1.783163507230955;1.7429840645450065;1.5198077189750219;1.399880318621527;1.0705007019072006;0.7874238236359394;0.8929787206744144;-0.725085918538202;-0.7074646564325887;-0.47291136262938976;-0.22379162910046888;0.14667682322186743;0.46060163517137803;0.5247831419309396;0.6425581040147114
806;-0.020236012797819832;0.9631695708662157;1.0178808466809188;1.5121500481628984;2.049921551200889;2.1160371524828196;2.2805135503110185;2.1579914341236592;1.7700408483823187;2.144904898903647;2.437252528385623;2.414889034874356;2.3544286218881036;1.970785432277697;1.4307117818979302;1.1335558398387753;0.4392120072580016;0.27825782786063546;0.2973126316908159;0.24954281098392955;0.43435436258391347;0.6412154348887613;0.8416463849735839;1.0438923177029464
807;-0.11297535796674388;0.5683179944893606;0.6296298489936537;1.0341774309567093;1.5832422267444357;1.7188327235885135;2.0851617840116643;2.08191520441556;1.4736338119983154;1.7071412533865171;2.1109557070723626;2.2658721623424523;2.330143204180859;2.2063096937196507;1.9016358718685225;1.6093353334446596;1.4453904234795751;1.301217496830867;1.2146105552633166;1.0656924728457933;1.0791262773747894;1.1323377147900813;1.2360576799968062;1.3494995236579355
808;-0.32939488996908034;0.07654507688374163;0.1650893491821964;0.48373821200090966;1.0246115485164657;1.2106365280807168;1.684873810606373;1.7820978303672175;1.0261342889264384;1.098499248692154;1.5767639306960446;1.8812856681166812;2.0365822537194807;2.128686414113084;2.028099784074361;1.7486581841754913;2.3899416450653805;2.2715153255563494;2.0832478503024303;1.8377486944945933;1.654178751971289;1.5245378852440874;1.5204697984310827;1.5030678558543016
809;-0.8589949885183467;-0.5663668155427302;-0.46631976763701516;-0.20864924474383267;0.17399177997297757;0.29508063180837685;0.6744704476173486;0.8090408668108543;0.362062396640613;0.29287938674464675;0.6667222677005936;0.9393754436058882;1.061793593446652;1.2618863758765955;1.4657952241869934;1.522460140126091;2.5694741719571135;2.600034871356644;2.482590533628606;2.3793384440568683;2.160578267509674;1.9701694998860753;1.8112407952977034;1.5613551533166337
810;-1.7045795720137;-1.4653188293070118;-1.3644106096162087;-1.0873545070183577;-0.7346663122590328;-0.6424967888079126;-0.33932401418473335;-0.1859309653806766;-0.5461421012589334;-0.5861243117768935;-0.20902339554612112;0.04206853102290599;0.1175725197519116;0.2911069489768898;0.6733791734988434;1.0664978942326555;1.8729251412717147;2.0530310366860096;2.106603824163433;2.2440127507771503;2.1609548395918723;2.041495668756637;1.77370806710882;1.3275799537143285
811;-2.4654938303516345;-2.1569948832089465;-2.1123623912675225;-1.8634278080045215;-1.5743279725279804;-1.568819409451519;-1.3069773044179047;-1.223157338495044;-1.228539585294049;-1.2099001601757795;-0.8570370980602798;-0.6421245598674775;-0.5965019211246039;-0.4923461845170797;-0.08178443036689827;0.4893139016201186;0.7748212790563741;1.0268500403099812;1.1910382871635992;1.5242299742131888;1.613298738912251;1.6812155070866615;1.58765453313268;1.239063754259564
812;-2.7297141988309597;-2.4738464690315163;-2.5466414767653482;-2.464154032338344;-2.3506952991089247;-2.460364443719602;-2.2719023971059955;-2.2945186984509287;-1.4484214304166672;-1.433109554841294;-1.2130950860053549;-1.123420644932623;-1.177049201598505;-1.274099411874252;-1.0214616570192696;-0.44127840277800917;-0.4502042356280549;-0.21466277797357258;-0.012221753263142201;0.4076817413874948;0.6333182545446716;0.9021346367671784;1.114677334225605;1.0069096625359404
813;-2.4004942899014705;-2.397945159754239;-2.5332855106910697;-2.7240008729260063;-2.9109944836471224;-3.134570503387558;-3.1021542865050042;-3.207821998989069;-1.792628048046691;-1.8673682182702307;-1.8182197413245489;-1.8097780924855533;-1.8990557567238242;-2.0560007884741665;-1.9438554710228861;-1.528610990589642;-1.4128339995282397;-1.273214612276058;-1.1698220230633387;-0.8596617705208452;-0.6686435241672248;-0.3442814012639;0.11782125965109949;0.308099733089069
814;-1.7023946808048411;-2.0080149180905615;-2.1620906580894568;-2.5942913312945928;-3.0289638834616652;-3.2965353889535223;-3.4441860308400942;-3.5909167619198463;-1.8602741203207214;-2.034670689767932;-2.146137265233348;-2.2177938137510433;-2.3508574128596265;-2.5817117408050225;-2.636119969827129;-2.4557966988992077;-1.9356405811742354;-1.9213918481292214;-1.9472910140249386;-1.8180146727821214;-1.7399836871834395;-1.4858784030229828;-0.9640652719923655;-0.6359296968110661
815;-0.614237047378007;-1.1590666448881093;-1.2666650888627986;-1.8469842017057942;-2.50526420860789;-2.7715119804896817;-3.1675600374779442;-3.287152881406014;-1.5205941225257564;-1.8255481419153388;-2.1746256518517386;-2.3828061507601914;-2.574289610748716;-2.835699985799838;-2.987399336634596;-3.0074670296058055;-1.8923238580825492;-1.9989407733039053;-2.1769653181282713;-2.2492876619757913;-2.3598844439116133;-2.2759604430276443;-1.8689480567041556;-1.5796140041836644
816;0.4960650361689143;-0.14977802139653787;-0.14101536492754543;-0.6310697134229745;-1.2520973129188329;-1.4429132139956626;-2.0702755712260292;-2.1447327033847605;-1.0432153424967092;-1.330795475037389;-1.8018346357225865;-2.1170240980325388;-2.345395267982503;-2.6988321665172603;-3.03963182324964;-3.2343321074975795;-1.7266551864471376;-1.9157930131607195;-2.1668768737309905;-2.3626604776370423;-2.597969372067903;-2.655765422907444;-2.4176951689631463;-2.2799508987341883
817;1.9096575175534762;1.1666224367057023;1.2542906807517231;0.8349907124794624;0.25599070539237834;0.11578383420357177;-0.6281544960535149;-0.6791908319875464;-0.30640051034513544;-0.5158347917059868;-1.0316338761198618;-1.3777262461413564;-1.571924142251646;-1.902385651199498;-2.3336952782083635;-2.6898230894200386;-1.3792962180650716;-1.5904604131256699;-1.8310983162403152;-2.1088417946000964;-2.399926775007334;-2.6039440557142908;-2.6338847130210747;-2.62500624155425
818;2.775499185727786;2.235346770611376;2.371810659021012;2.1849197002481917;1.8671308546705387;1.8256303175079336;1.1310395370879143;1.0962907574042653;0.643835023590991;0.6604830841209344;0.22567317960205846;-0.14887934854699794;-0.32010895977121423;-0.682735661097949;-1.2115582999395593;-1.6435728087243422;-1.3605280809537263;-1.5337149646942956;-1.610153078613976;-1.8186060004035967;-1.9646360069081226;-2.1737452776276958;-2.4931402788269983;-2.6437264126006266
819;2.908278904993959;2.736287762052292;2.951230701320419;3.1036782656982855;3.2337569991601476;3.3729627032926706;2.999338257478462;3.0702719814325063;1.333447119788988;1.6013378273486578;1.450339584954135;1.2325392323662607;1.232572303505099;1.0632109034416646;0.5429006340371925;-0.03306072462972417;-0.8230142500086456;-0.9939179847710715;-1.0206610184921159;-1.2385373476172363;-1.300128182989491;-1.4800104806895957;-1.88446008047526;-1.9773521664784879
820;2.8601172031593953;2.9605948565861073;3.166247222894058;3.4250288437043497;3.7643949188928096;3.9496410250865135;3.893015375218887;3.9473853598402378;1.8323695592963218;2.2524892373399417;2.4194021005869764;2.4410288492355834;2.603565750426338;2.5923756415442405;2.11743935090383;1.440597019773388;0.09724588944570636;-0.09583503287249666;-0.12862708215679747;-0.40329651166467634;-0.41272912178089555;-0.5658912234212737;-0.9496331132215099;-0.9315501069065824
821;1.806814139147667;2.5181489571426794;2.6618127053142824;3.077512872119877;3.5352890592824324;3.6630302826558103;3.819960054242224;3.833535555273439;2.37612200794215;2.828498653480148;3.164162675841321;3.2820992363912227;3.4023172883078514;3.3537770241300047;3.059305934184697;2.5850280371570196;1.0774690736420252;0.9377560682966444;1.0067090303478874;0.8040169203220398;0.8969414975895965;0.7053258330538517;0.10848924716118168;-0.07227996693155493
822;0.5815799574665832;1.5964492207895289;1.703817471239772;2.16975813579949;2.685748887615156;2.781474501114592;3.2469491755100575;3.3325402339530847;2.244649984244926;2.6216685018401993;3.1191170163506188;3.4261052299374057;3.600956803945946;3.7685481030108594;3.955282236959406;3.898106788244735;2.2277574221563388;2.247887829179415;2.4361122819221523;2.379865154304414;2.5507261402644623;2.320084024424713;1.512885671849294;1.0893957453386114
823;-0.8756241060682648;0.3123064667481698;0.34793282227923267;0.8243974144788441;1.392221619433128;1.4392995857514699;2.1794122139438383;2.229702254612862;1.8729211091333897;2.1244755998423224;2.6892667206638823;3.075738820944732;3.271259017942843;3.528659346207181;3.9185182340019216;4.09775236988606;2.8740046108184925;2.9688542840615564;3.1239948934193187;3.1403760633577065;3.287618878366642;3.1821570301443494;2.7094579415189406;2.369246097344831
824;-1.9502836620759234;-1.030678717703944;-1.0652186209587127;-0.6947773397644018;-0.1847255720447526;-0.16148998163530517;0.6424609542877835;0.7095979498043233;1.1408078511988717;1.152430353630033;1.6120976271427978;1.9430145712218463;2.0670772184682233;2.322360842545143;2.8346718104988615;3.2557476838653554;3.194821125282882;3.3912877703678914;3.4817612461931264;3.5956177586482325;3.6293758888853507;3.6069615075338146;3.454990573789748;3.0783732298681445
825;-2.591293417729012;-2.2035124672588178;-2.1953324272025236;-1.909780855991248;-1.505472211427002;-1.4462199777575027;-0.9199310542309136;-0.7899651467493206;-0.6871788361633365;-0.7490265081118146;-0.4214171782973717;-0.20200911829813717;-0.11817764659871804;0.1285395304987977;0.7037807047946188;1.428834393533672;1.8878999469615532;2.2080834361160107;2.3226974587535096;2.700774167871575;2.750873024549794;2.9686219881668077;3.212758160733036;2.975892144613799
826;-2.7005102779202854;-2.6077980580451134;-2.5207755105793757;-2.246203441577012;-1.9047196458312;-1.815423734006884;-1.6264099052644365;-1.4353141253716597;-1.9529721895057786;-1.9917581049114519;-1.7845994886149117;-1.683112910604098;-1.647509834600593;-1.5201011417660895;-1.0613453711069563;-0.22799851890746703;0.3833227135736982;0.6951268149884846;0.7955075050329672;1.3236881835835825;1.4602117019520613;1.8970045596991427;2.462575520249863;2.404221481347161
827;-2.3853324157108853;-2.5661202545228594;-2.434225894193504;-2.2517701351900463;-2.017696293955403;-1.907972852712107;-1.9246969972682624;-1.695355520666734;-2.611265654703634;-2.6356854156333918;-2.5270055180146644;-2.497650329372819;-2.4808235729831947;-2.4344230650348586;-2.1262813341346525;-1.391703733054483;-0.7762463786507193;-0.5329488863335431;-0.4714060603148593;0.03644695139286401;0.18409243306225653;0.660831645451744;1.3236533426381818;1.3957095158054529
828;-1.6206490593356437;-2.053148294089473;-1.9427723213565589;-1.929471738312382;-1.8553587433231102;-1.7759736770611159;-1.9376901025556479;-1.7770882512666486;-2.646051979792552;-2.614319934124872;-2.5789889800477668;-2.628373355144661;-2.6500965625206825;-2.781897096664694;-2.819215521482027;-2.426910577958649;-2.0686249632687024;-1.9700588161112316;-1.94646821338182;-1.5956437986757717;-1.449706077573991;-1.0140654982168682;-0.35898322486845863;-0.12587610389764645
829;-1.0786878928767092;-1.637401195595248;-1.5559374796911134;-1.6971845729150439;-1.751206409960016;-1.7203675807007852;-1.8567647923824107;-1.776547648148902;-2.490627148060152;-2.4457401140921857;-2.4232626528122823;-2.450091196650866;-2.4221911933703186;-2.5291120141300976;-2.7568277741736655;-2.7478542662396825;-2.631915079506579;-2.6738646673221287;-2.744589675531798;-2.6602519809984275;-2.6276392148365573;-2.3492673639685435;-1.795286974786094;-1.3989505604565922
830;-0.4083826958048004;-1.059956759210176;-1.0309063690396636;-1.376421895227866;-1.6671796025030337;-1.776615929919163;-1.9131371168628772;-1.9390431247841493;-2.2588131966503986;-2.2072850434206037;-2.2171830583710044;-2.2029326682991446;-2.1078943025359886;-2.098893304739377;-2.2964749904934094;-2.4628769222595883;-2.966002331857683;-3.05581833158108;-3.1300677373424364;-3.194642191366263;-3.1817457610764186;-3.034804024129147;-2.6821035142462986;-2.185476803445645
831;0.017905784636658154;-0.54317005769682;-0.5270207857136421;-0.8742603920074864;-1.2018916254235423;-1.3490222680466548;-1.4990027935047276;-1.539304842796087;-1.6620652837050762;-1.5819010494390546;-1.6232319855900121;-1.635408686903161;-1.5591980330291144;-1.5654300880270806;-1.7490069393839955;-1.9840385511021947;-2.9749867756602995;-3.078179604283847;-3.096572779821813;-3.2147756690642835;-3.177254485354516;-3.150332028952412;-3.1008890618630813;-2.7415243754217817
832;0.2602431028985279;-0.02530253960764584;-0.07492609391261328;-0.4277294610138759;-0.8208918500544697;-1.0363559085475726;-1.2508445074093126;-1.3889435923797446;-0.6603652068061415;-0.6091179606127827;-0.7767699626398138;-0.9150269876260185;-0.9777887013305113;-1.1845116103458342;-1.4797592510205082;-1.7760702006330307;-2.67614727170885;-2.803234361816985;-2.791774560951488;-2.952758115199904;-2.9130013513750743;-2.95150948251519;-3.0449732655762025;-2.817481757196467
833;0.38727930080399703;0.676616142996782;0.596078431810846;0.3609118477769177;-0.1324937340041127;-0.4793305850686729;-0.8891749429156781;-1.1253735057392464;0.5894366819232062;0.5800820503301111;0.1845326194763146;-0.15547884108100168;-0.41170727083490843;-0.8187053155343825;-1.0855043454294233;-1.3028970960334256;-1.9845128668903074;-2.100410183281369;-2.0492214449569452;-2.2108450020483037;-2.181531895133478;-2.352994216293262;-2.7668159737363682;-2.8489824315000707
834;0.42187072715297713;0.9486695655079076;0.9079747461123859;0.8478344204570858;0.4915077965998634;0.2154412203667007;-0.27344751055349836;-0.47751726443968445;1.3872171284488342;1.2654589682729434;0.8196987515727999;0.40215788603287506;0.03286177150796438;-0.5077677216712269;-0.8445598932466861;-1.0748004832056195;-0.484175064983133;-0.6436780489078365;-0.7031858408059879;-0.9388393205022815;-1.0653307335204834;-1.375169776328781;-1.9023900824597206;-2.25140136604061
835;0.3847800661176826;0.898919960465773;0.9003636835883784;0.9853999918730864;0.8875698268716872;0.7160872047454734;0.35706535687134056;0.17796995283037215;1.537708582747645;1.441750853895937;1.2695286554372565;1.0337751744800918;0.7345859227516851;0.2185984771041005;-0.1853257980244532;-0.5196826350220561;0.9592411476031255;0.7829975961435999;0.6529952185983773;0.355752733219606;0.12181104549151693;-0.30388564382254585;-0.8978984039618486;-1.3984551982004683
836;0.8974343122113209;1.0702827691992711;1.1525822574640128;1.2523667091478154;1.301016548247752;1.2758977000498926;1.046639439459476;0.986286997373472;1.2006641653452006;1.1486896297105438;1.1576665178493535;1.090549921575223;0.9641935796275902;0.6756959505051765;0.34601449276327967;0.020144538081878806;1.5231160729924986;1.38469442567594;1.2311352667479756;0.9655947955392586;0.701273625201251;0.32565790973128095;-0.13271760943240155;-0.5448802943280883
837;1.3572644245207617;1.21214797453098;1.3365967162826478;1.378285421388107;1.498462647572969;1.5896130640228516;1.544433007442857;1.580842676450086;0.9659714959548777;0.9241652856072987;1.0564894205166833;1.1386648503281944;1.1880368121534497;1.1622334664227811;0.8920150400532232;0.5031498860712771;1.9439109206864182;1.8011525028087854;1.5653612862187631;1.2523855040509742;0.9173188364281255;0.6009518446733559;0.3899823809041356;0.22140863953010284
838;1.7408471482701051;1.4215593036502236;1.5801214007992281;1.6029304095404067;1.740079479790645;1.9134191127543554;1.9391664442857028;2.102005419565905;0.8613646421618744;0.8615015931608818;0.9894878484128201;1.1011752697014858;1.2245672939607042;1.3677710293579377;1.2954335836863005;1.1008404790757245;1.8012728930827775;1.7486859389812297;1.6150115920090449;1.4360785342244982;1.20518643410115;0.9745444769977942;0.7445901702535512;0.5898623969890558
839;1.491460803647338;1.2668825847482448;1.4309332875952385;1.4831174502775077;1.6741642582021128;1.863994049549762;2.0706225206826754;2.271458024071896;0.6695747292368499;0.7376936580053344;0.9725899340840103;1.1975876054023444;1.4460701708448414;1.8067721807939783;1.933936584000393;1.852217865245084;1.7024613967890292;1.7002479984895982;1.6147078891060884;1.5040631808035942;1.3631376172219498;1.2498619721754116;1.1343620764248106;1.1797143371586694
840;0.5588737529459994;0.8902027819779506;1.0728013056007815;1.411252806744949;1.7562128849092822;1.930422510912554;2.155596748613903;2.4168736511971125;0.6191306343062292;0.8675848216374954;1.0853197665551773;1.2219937376933325;1.4065270791601134;1.7460047235605982;2.1792495192810524;2.615962504825029;0.892882382158594;1.0885325355572995;1.328108300485833;1.6063393341346965;1.8264933989626577;1.9156099573014658;1.6040564012612144;1.4665115510380742
841;-0.2743311586488597;0.44889448992387654;0.6058678366776702;1.1293164410841245;1.6052055203508306;1.7541180735179938;1.9635089911869643;2.188774663849277;0.651754674298623;1.001623759955628;1.245143419835251;1.300669685341639;1.3756806778873412;1.5319408692710117;1.9583739424597633;2.6342623531407376;0.5115988700095654;0.7932663987786551;1.2019524890030218;1.7049082343537334;2.1266139257726997;2.3639998923928505;2.0394630495616246;1.7758500502305556
842;-0.8843864041265209;-0.04976727465910128;0.07427842949144368;0.6381857342395988;1.1845745286004365;1.2906390905958796;1.5537754507937749;1.6939003484886257;0.36266434830240596;0.7518527276715953;1.0874650039069544;1.1818566029138498;1.2673202078305161;1.3580122825142527;1.6915265976050884;2.35760511561437;0.34604510839552305;0.6136261835319305;0.9908813724108022;1.5264791656589527;1.9914072876655935;2.3757072080126065;2.3506159317912334;2.263561202912614
843;-1.2855995209411089;-0.5756073007175212;-0.4950145970700683;0.002646353857280304;0.5666694670144802;0.6343907895106239;0.9684194542394102;1.0045725559940364;0.009976600832307503;0.3587966825771288;0.8000683760449918;0.9727641805207834;1.0841776575931805;1.1056810024414667;1.2482695236297772;1.7193810652858739;0.398584666433686;0.591067507739786;0.8321326702164161;1.256579183493073;1.630205976773357;2.071357848901455;2.380268265177637;2.5032757870914994
844;-1.3893029486385546;-0.9850143269256288;-0.9623646782600247;-0.6767764248467953;-0.23667180559892778;-0.2474617417456581;0.11481964442057419;0.02914470618694695;-0.4351292383827809;-0.20506583086109545;0.2995023475358304;0.5795840069127791;0.7390911524143741;0.7553554755504128;0.7350188056284573;0.9493922577831427;0.5654664288174602;0.6609384348096927;0.7150880514259089;0.9559463657977854;1.1661838495154349;1.5915664275518135;2.197485735901357;2.5430248850597943
845;-1.3285565430168187;-1.2540044419014662;-1.3121891766035092;-1.3639526642525845;-1.2256646808071106;-1.3593131571505008;-1.0550568725934524;-1.24527371936161;-0.8386733023569817;-0.8158014300749643;-0.383697003547239;-0.05308382713936861;0.12766496858176996;0.1914762265833946;0.09242631065287475;0.0581666392482926;0.6231462258154131;0.6158897136910351;0.47686347068335394;0.4961963258914356;0.5037482998393992;0.8134501690033793;1.567858258748255;2.0897814029172497
846;-1.5034071046122208;-1.7443037208474839;-1.8284334507129758;-2.1086728638740015;-2.2523903655875928;-2.4328108552526513;-2.2958875803369554;-2.433798931647121;-1.5257180817329665;-1.6915260040090316;-1.4476566501847832;-1.1885789149347046;-1.0649411621500142;-0.9689071427771785;-0.9552512594324261;-0.9408883749390753;0.16209547880674646;0.15351998624351593;-0.03657808598731389;-0.05129935792123991;-0.14945144876436553;0.035552765712470805;0.6840590462235481;1.125103764508361
847;-1.5125495621887979;-1.8486330796102228;-1.959829874371427;-2.3611344224791657;-2.760110170513134;-3.009977121007888;-3.158637900039894;-3.2988041536970383;-1.7256478045798016;-1.9761049473298529;-1.9667440107201237;-1.899484011203945;-1.95595136902376;-2.057760187517009;-2.014268916557187;-1.875841869203497;-0.5581527628141516;-0.5423347140357012;-0.6507711349347222;-0.595221915301627;-0.6719923216029507;-0.6067569921953904;-0.27909577587585954;-0.15035667564393765
848;-1.5253684334907014;-1.7986797240938677;-1.9378716298360827;-2.362154594473089;-2.930248746170076;-3.2269763742367408;-3.595583348237145;-3.70809003171111;-1.56158309022111;-1.8282158682928185;-2.069644644765673;-2.2501160517788175;-2.519960676177128;-2.869112457642438;-2.79447591341529;-2.469474226971557;-1.4867512380233348;-1.4260931088150903;-1.380154994627773;-1.2022261740339344;-1.164119741366079;-1.1638041151959804;-1.2014206948579733;-1.4203208614439076
849;-1.3127466493939766;-1.413985117259333;-1.5315904120853252;-1.8879521682471894;-2.4998725864886673;-2.8075364592211733;-3.3604775028017895;-3.4638427678287504;-1.1609925422613305;-1.4010489300918185;-1.8227191041931647;-2.198230664943887;-2.619373410055;-3.1727231166028584;-3.1890445931710154;-2.8450792435530023;-2.0426202762710046;-1.9978213831549987;-1.8780910025465003;-1.6858155511020534;-1.6066012874611562;-1.6784108157015918;-1.9728867157750398;-2.4190513139138736
850;-0.6457264692862983;-0.7825007422880668;-0.8127477737391722;-1.097879455735063;-1.6068706509409236;-1.8278081189876199;-2.4145308771696725;-2.472181265658693;-0.8516008049873227;-1.0638406683272699;-1.5505001842163322;-1.9762188089073862;-2.3590924359601173;-2.8953383110743554;-3.1253493570676762;-3.062616881124705;-2.200934422889755;-2.280262371359942;-2.2908229224587027;-2.3046900788894775;-2.3569290197387915;-2.482812100255179;-2.703089651883519;-3.0061381939339857
851;0.3064140369094638;0.14043004218407254;0.18065425833300178;-0.040727763684055736;-0.41454542567459207;-0.5675124280978854;-1.1308180613632648;-1.212504759763507;-0.33530759620494005;-0.47155958541716025;-0.9101094007779412;-1.2966914967043304;-1.573862503216373;-2.0360601214250553;-2.510666365694103;-2.8584949976999536;-2.015861052418402;-2.2320318365611667;-2.390366220155391;-2.661872296442072;-2.862946103980113;-3.0616879997125577;-3.212042383132923;-3.3075592686789452
852;1.264423213529056;0.9928351589189426;1.1482023267771602;1.0956296249785125;0.9819756485857988;1.0079002579442193;0.5215985635611943;0.5433304212759869;0.11107843325527172;0.07737075972637046;-0.2705049563403614;-0.6137463488363571;-0.7627422609661634;-1.0909418049214168;-1.6880974115330012;-2.233555248885914;-1.6121548096181482;-1.8853330345461812;-2.1180726429876633;-2.473619778457369;-2.728429614929231;-2.8907869078143604;-2.9211305143265864;-2.8631141037991266
853;1.6892477934199157;1.4351328959887624;1.688555388516207;1.8493797356878539;2.0626376222417653;2.291070137161869;2.025828038401304;2.1845726054083596;0.3735857021397111;0.4644707813221677;0.3332155106119171;0.14250608460770206;0.16939575279970567;0.06992455713002023;-0.5277931231867309;-1.2164851775916747;-0.900361401921824;-1.1975246501499035;-1.486301010191355;-1.8959092531002661;-2.1891477223784706;-2.345467374517223;-2.3187194670133318;-2.1413282202154247
854;1.8436692280777207;1.8016613747306212;2.0677600911168557;2.301435210237638;2.6417551367604593;2.9144815314453782;2.954854696424634;3.1560490772046106;0.7435360952848521;0.9363346467312301;1.0365845388554524;1.0823049406202916;1.3213246184832854;1.5750796934991473;1.207289546004377;0.4571684537895302;0.07570908566633569;-0.20045169735512025;-0.49609181757036874;-0.9675503621386697;-1.2732593822383442;-1.495560151278139;-1.578434484594258;-1.2973784089176408
855;1.694969488759586;1.9106897060645007;2.0711027948357743;2.240958259847623;2.511300743348159;2.624124675628701;2.951391100958663;3.0626669060233906;1.0832063860126988;1.4340003465282378;1.8278961414466657;2.1420245470875656;2.5275682567446403;2.97302056865037;2.9927527031881778;2.5548356258311697;0.5890230382398257;0.471896571661829;0.4421815836541282;0.1741657940140886;0.17774405760156237;0.01089531273600422;-0.3718055810738381;-0.16786149659563232
856;0.806829289513606;1.395932511735528;1.4777313429848158;1.7397170492727512;2.119448981998721;2.232652234425594;2.784914219809233;2.927549792244357;1.5967881288311878;1.9288151157644344;2.390516206227775;2.7385690542436625;3.039423452261947;3.4113174537453563;3.639581421130013;3.5000172620852816;1.377753699321642;1.3747029017348362;1.5003152361201355;1.3869199085830926;1.5226214030237877;1.3569019475289446;0.7848332246595929;0.7171957477558185
857;0.1768126513807678;1.0366280525044178;1.0527165824975928;1.3372456580471244;1.6762963052455986;1.6971064824963016;2.247688086703867;2.343654000157629;1.835136211554767;2.123864490265349;2.4893445240945185;2.749259597241791;2.9251655589050496;3.1808022717108533;3.6375599895095747;3.9899081706402315;1.6428428636474326;1.818365865338795;2.1480719930160426;2.3484150823186525;2.694479731280676;2.692100439585091;2.10658394724727;1.8074317238945905
858;-0.4168587547000242;0.3457855966013822;0.2526998814022654;0.39105203360522783;0.5740574038639535;0.4201267074148341;0.9599106954854925;0.8710509793702395;1.4382350611856212;1.6383731223389921;1.9804947772111892;2.2379566714472863;2.3811964190798003;2.5673139467519013;3.0546836416373764;3.616060132873046;1.7939408169240716;2.0623677822565445;2.40327816155038;2.7531457311055703;3.141010189507173;3.337550003190244;3.152585757444045;2.9774795260438287
859;-0.6539969068858623;-0.2917568118218745;-0.4554282751618491;-0.5810641035216129;-0.7096579884296653;-1.0037001997965085;-0.6875596029579759;-0.8789154088496313;0.8234610195944462;0.7452508622190811;0.8857152295317882;1.0217078354102496;1.061282952087455;1.1854683680400389;1.635681702574718;2.252039959430291;2.0105603221786055;2.300388104137787;2.4909728166125213;2.844277238709849;3.0522416855690393;3.324297172821765;3.575437902335102;3.5271654398912773
860;-0.8517256992314902;-0.7670475777454634;-0.894658527369329;-1.0632295423679345;-1.247049599162854;-1.5341110777541196;-1.526821870829698;-1.777358552443667;0.06529020263557628;-0.10965361291552929;-0.021674819746453133;0.017938629254317322;-0.054195436949430034;-0.16533523065130887;-0.03494079618919539;0.4033033043930152;1.781186591613849;1.9758460618989753;1.9862726430481794;2.2825941268126853;2.3132896367477103;2.6462566934966274;3.3022821351097167;3.387540688964764
861;-0.9514896159265825;-1.03670401464124;-1.0709842077419522;-1.153571637254967;-1.2598063801652;-1.4527415411682822;-1.685159532569597;-1.8789737552046317;-0.6277226859167753;-0.7830638799662344;-0.7171080525813736;-0.7572957478985137;-0.9048020752849476;-1.2113238685549885;-1.3178796351710111;-0.9680810132767466;1.126360717993469;1.2415981817714004;1.1717122767558377;1.4623106445773697;1.4427909924422284;1.8156791063178166;2.6237227201507145;2.721333658410281
862;-0.7964537365634853;-0.9777638764485918;-0.8862414750929594;-0.8807850025391891;-0.9246413271290177;-1.0175908197360795;-1.4730657943651515;-1.5901590945761161;-1.2197337704555447;-1.3422613785193098;-1.3358442986246943;-1.4393703580613795;-1.610772963139681;-2.0262568098837046;-2.3538677835746684;-2.200617171894643;0.22354810742244505;0.2061640409363544;0.03649837440358416;0.2080861957458795;0.11217906065445217;0.39981185243120665;1.1407077047581016;1.2213074058732225
863;-0.6454275337702805;-0.8362037180079765;-0.6659904614308847;-0.5802243851473415;-0.5161389646697785;-0.49813019453711416;-0.9291032892436009;-0.9496762926478358;-1.4316780426022044;-1.479987159397502;-1.488203773030225;-1.5947650479465327;-1.7055539378401294;-2.06370854594096;-2.5164262070700225;-2.612642144581314;-0.7059640629461679;-0.8375362744656932;-1.0654867067381952;-1.0740547503316684;-1.231614102362157;-1.073296502933233;-0.5152375368327556;-0.37752874330568836
864;-0.40668745686609953;-0.6476356096324883;-0.42483528120426756;-0.30224036998542914;-0.1324016061261826;0.021514549927058386;-0.19132848601576954;-0.026338987929508364;-1.332477935312224;-1.3297609338469547;-1.3212159932220966;-1.3629868221006938;-1.3285907006422715;-1.396330716384637;-1.7730202258713;-2.2068185514535137;-1.2690028874904205;-1.501411098227374;-1.7859676103472961;-2.093928780299061;-2.406131986412245;-2.5845263096650104;-2.5381965743575;-2.463849446106115
865;-0.25647329653498513;-0.424046253565661;-0.23476709970970183;-0.07895530105151359;0.16550726261233165;0.34017610250668234;0.30982807627574593;0.49528516177610765;-1.0153245258302688;-0.8543213560093709;-0.7581057212629191;-0.7636270397313262;-0.6704180154336418;-0.664376564368432;-1.000607181134305;-1.4940477905031804;-1.873370321256089;-2.081313377940958;-2.2250103232167118;-2.5115771770496136;-2.688000598734829;-2.867455880755581;-3.0199836162405314;-2.906136380384476
866;-0.5065913775764873;-0.5423213618074674;-0.38921847054369724;-0.1964110984345565;0.0896186544897084;0.269856065835804;0.34568434413138965;0.5452378653343235;-0.8639284470732811;-0.6569143837815489;-0.5127942843993554;-0.4972459763212236;-0.4083215675476838;-0.3959203524730946;-0.6325680691745348;-0.9705087874454935;-1.8474948113198666;-1.9850599617987632;-2.0184898754248315;-2.1833926422588728;-2.2360942141806928;-2.343275044621562;-2.5269865582077373;-2.423489265084007
867;-1.0296260571849316;-0.7988010832023013;-0.6941930983975737;-0.4818675967688301;-0.20931828927397886;-0.11628012184657727;0.08070680960792868;0.22441990254437036;-0.7255528519622845;-0.5177370820236712;-0.2948375540042791;-0.20074021774364265;-0.08741724014452466;-0.015103464811804163;-0.08876042885914175;-0.3063055185652257;-1.5235129746531386;-1.6137826694197832;-1.5888787889193967;-1.7139177937827388;-1.694197591281977;-1.806921409954776;-2.094976606086894;-2.0271080235155163
868;-0.6354628554170644;-0.1985908068230826;-0.2287011358848892;-0.19921377188897324;-0.3056428907656162;-0.47048329261291083;-0.4495949266201445;-0.46185880237097904;0.06795309723021128;0.18068285928018307;0.13681396747278132;0.07077323843908954;0.025740162132542096;-0.018395963262614407;0.18019839787027125;0.4447182567780666;-1.217193453615394;-1.1218854531409632;-0.8726087044282246;-0.6991471167819322;-0.4414840152814012;-0.44339826712342073;-0.8806746947504009;-1.0125896650963409
869;-0.28769895672023427;-0.08603564539212291;-0.14964288041403778;-0.23704727459434635;-0.454855780034559;-0.6756532843949398;-0.8603043554503734;-0.9815717354856213;0.11099251942594585;0.1291086276858967;0.05576281801271539;-0.049359635954160284;-0.19917168322304651;-0.4523134548738753;-0.3576936744820872;0.01210212100143645;-0.4800140864150653;-0.3460562588341056;-0.11234581662057636;0.16328248004919396;0.40407568160994234;0.46725841179691474;0.18868530062811176;-0.07491380729470944
870;0.13235866312884922;-0.05042845604533049;-0.08753822136884432;-0.2340581361912907;-0.4583527635671226;-0.6172584959583546;-0.9474468767944538;-1.071365952405281;-0.170401675291971;-0.18532809009217865;-0.24352310015550255;-0.36928226070061826;-0.5613973366617411;-0.9351716741351692;-1.0020968414310336;-0.6384191100835596;-0.1247027561117608;0.0037853221919932818;0.18203923470475805;0.5030639390057622;0.6782204945117669;0.8118946013862343;0.7756177274472814;0.5100568796005909
871;0.5887822641887229;0.18258644117743708;0.20675575669350607;0.06678434912293776;-0.053345200093047024;-0.09487220504096594;-0.40329352420765097;-0.4658413822194167;-0.19185710794348082;-0.25076883982179954;-0.3038870152789727;-0.42845404944342075;-0.5642735474921621;-0.8952051970471498;-1.1478771802146297;-0.9848321880220579;0.2199819073915638;0.25038198902443193;0.2324597769698525;0.42469545588675445;0.4494577727995771;0.6894076380334337;1.1269350319775564;1.177208975575428
872;1.032238265482115;0.5602729236630004;0.6363786016409803;0.5072420279816362;0.4486724229179292;0.4737474081566692;0.19064048825912883;0.14649348412931307;-0.03235991896644214;-0.11363699975096989;-0.14419647671415733;-0.22654001644198726;-0.2946218060758617;-0.5591664245161415;-0.9712260443825648;-1.0968023203412511;0.5434316928717251;0.4508592863533166;0.2533708213863274;0.23060309271408916;0.08485324295425788;0.26497713785507154;0.8608033289351453;1.1041362462130329
873;0.7576831089260471;0.5861125632108655;0.6881874331205569;0.6955268823879915;0.737840370905598;0.8114130030128321;0.6168740136697676;0.660798025686313;0.37169378274023723;0.29895005606002106;0.2301211815815563;0.1158263416133472;0.035998730724460304;-0.18372860739672425;-0.5312752395520632;-0.7214615198347186;0.5432037578957929;0.42145544119453476;0.23457344551129433;0.10894797386957021;-0.08157179841016732;-0.08829876979774509;0.15264023463081766;0.21150117561771095
874;0.6886310453863881;0.7968879563858432;0.8847616052134232;0.9243456603240519;0.9419349921154435;0.9729822209067898;0.8680502736491502;0.9144296158334708;0.7752276601902098;0.7305709658341341;0.6278277119412606;0.5139260800184918;0.4672972895978674;0.3654950066637294;0.14112955780766462;-0.11321338069110418;0.3711745891109873;0.2313981503240218;0.07451603516648335;-0.13804518897399265;-0.3180962969293408;-0.4447981292615958;-0.47965655386946854;-0.43773280604475834
875;0.0431697582530865;0.5402085089832933;0.6033966948056875;0.8029307373857729;0.9442466596031163;0.9578863177681906;0.9345669517441153;0.9692761007947062;1.0249274549969118;1.0847572039409277;1.03812883092411;0.9076047695451711;0.8143311298973507;0.6341401750099157;0.4624141806982171;0.3128482180792364;0.0893589481466617;-0.011190490697879283;-0.035824057265683835;-0.14883964465260646;-0.17667241517131776;-0.27144602877126206;-0.47464469857430225;-0.5420388455452181
876;-0.2644545880965685;0.4880662246726905;0.5388690383095193;0.8383656477210222;1.06531103080654;1.0444899226258104;1.0873874606808458;1.0711745405037905;1.117610589769892;1.2877395170893928;1.3401207930693741;1.2540567252264085;1.1798628370240691;0.9880358177579566;0.8565077142683325;0.8026775414881324;0.025893679139583067;-0.02759507364747028;0.04826509819359828;0.04114058666594525;0.14936517230106353;0.13391319650805386;-0.09557039830933589;-0.17832104399666168
877;-0.2931855765971031;0.42107998196441077;0.47454518410562546;0.7986188406310806;1.100742678121992;1.1025795862726286;1.1957147750102841;1.1660088190763604;1.0283755660961995;1.2324766204119761;1.3965561647611968;1.387707824731902;1.350120036796556;1.1673212290242216;1.0289213409681957;1.009487880992227;0.38506905701655697;0.35919158543711743;0.444448219790262;0.48671636250766476;0.6153597471950775;0.6489136759404639;0.49817611533175454;0.41601119625106997
878;-0.2198565500068889;0.23477026961346822;0.3370122649420723;0.6884991863996774;1.0928788881674047;1.1671680232877075;1.3077986743729748;1.3266246999786546;0.5019228836598533;0.7554143261104198;1.098277258046208;1.229902819951209;1.2867401061803194;1.2059913779421225;1.1546341906118216;1.2751526766047752;0.7754296926890545;0.8341194710449593;0.9559733534130124;1.11455974493392;1.2709803621470293;1.3750932177674426;1.2934167579022948;1.1730572948035454
879;0.02329792654698777;0.07276532730526433;0.2102677670878339;0.4449750215861236;0.8050243171269698;0.8976030545924638;1.0489030666372032;1.0694456060321327;-0.14903038401350235;0.052328622614309955;0.5062967348195185;0.7853142177782879;0.9656398778797287;1.0439701775996797;1.0280873482008748;1.1113644192106986;1.1905746652989875;1.255291148532627;1.274347477604236;1.3827239143822876;1.4182389795400259;1.5191883185123696;1.6173521754829783;1.6144935916120176
880;0.10439080218028293;0.021082025534648097;0.1513283608433706;0.28155107250608785;0.5337030686524536;0.5885101351247155;0.716431804756725;0.7185046003045487;-0.28649829938815813;-0.17078358427443982;0.26057484694875466;0.5655009813204518;0.7662091274211357;0.9103403147455571;0.9412831195069881;1.0010883291597508;1.4630843398420332;1.520454058677043;1.4822542420368805;1.5336767221504055;1.4831909778268706;1.5213429904112925;1.6223382911763213;1.6269732573875753
881;0.32360492954102077;0.12190578331773301;0.22820813392952702;0.228406175938521;0.3105156326566492;0.30154881860157234;0.3644722904515044;0.3507435858407984;-0.4427601429663139;-0.36118639774591077;-0.01389786642738273;0.26958885535601923;0.47595919177473794;0.6773887866790755;0.7943397309843355;0.9132763897117419;1.1557614166300039;1.2461371997225528;1.2440981102183564;1.3252612794794172;1.2982185507501673;1.3274276662959106;1.3863764089674318;1.4212186199527066
882;0.034282202470298256;-0.032859427327593255;0.03595057590883079;0.013584361904093439;-0.009938024809065577;-0.08490591741907849;-0.09971680478282914;-0.1206911053489475;-0.4006588913904582;-0.3569470444592066;-0.14846750190145952;0.024627051433136427;0.13809705751620668;0.25932925844116084;0.43037625836268406;0.6441565153198973;0.6672323553979258;0.7772593402446952;0.8387923943360364;0.9703817597797608;1.0031926499047643;1.01123970066758;0.932836375167639;0.8658304314746071
883;-0.44976366197784645;-0.22851657742130635;-0.22680549714896345;-0.23854183251141575;-0.3592246891416599;-0.5282623463021299;-0.6742395305134262;-0.7595855821040296;-0.14911621584672244;-0.12835771096427476;-0.10327664398522511;-0.12180280873582273;-0.1943432251188834;-0.3297339123281626;-0.23612671566112314;0.03874866787008051;-0.06832543442464332;0.03667521301589248;0.18151093212736183;0.3777614764478226;0.50561803057973;0.5229608768831786;0.33184507077593384;0.13140216585311634
884;-0.919034938980004;-0.5884303595243782;-0.6364600377596794;-0.6643710136310922;-0.8251197405361571;-1.009955659892632;-1.1938022936861779;-1.2826420203071371;-0.06078094972275865;-0.1036784243930425;-0.2099628021114199;-0.3591372148772011;-0.5593670516464068;-0.8666780982942839;-0.8631910964426295;-0.6094897459174016;-0.5251757524438201;-0.45829959424770655;-0.32203279817524894;-0.1457874694316737;-0.023299072208849452;-0.0154572283436373;-0.20950267187136168;-0.4596922566168879
885;-1.3168234898689304;-1.0062938571168698;-1.0774112890366088;-1.1217222054141671;-1.2641196980888876;-1.418846196095673;-1.5686351297422243;-1.640733910376986;-0.21717234443994804;-0.3071081081946657;-0.45145301766804985;-0.6432224660199963;-0.8832570893204228;-1.2528397355348317;-1.3330058462104148;-1.1390211552199747;-0.7809311329072627;-0.7596818869325574;-0.6846878498258578;-0.5560616286387243;-0.47894950853159546;-0.4423667843800436;-0.4934743803379331;-0.6636207127343376
886;-1.6355495902085238;-1.433541854531251;-1.5019560498468147;-1.5654432680343975;-1.6747860778998171;-1.779735423730843;-1.8594537092889427;-1.8818559311984577;-0.5867640629179315;-0.7069491004706872;-0.8340330277011933;-1.0031776326827075;-1.2173054898145326;-1.542682634519348;-1.6300633999061762;-1.489444396212516;-1.0167881968366679;-1.027489893707236;-1.0116498108389338;-0.9373554504404874;-0.9115682565336943;-0.8740852511659335;-0.842935179243561;-0.937081295863322
887;-1.5268589662663568;-1.5383554836504574;-1.589246359238264;-1.7322251457238855;-1.8744996761188155;-1.9334668668478991;-1.9839228398011048;-1.950929425583204;-0.8685511688076126;-1.0578862099186082;-1.2103723652197054;-1.352542396226502;-1.5135982042457434;-1.7351773456024933;-1.8245877279383085;-1.7923653965891526;-1.0401875251679542;-1.105706021739537;-1.2049404567674047;-1.2430573254032677;-1.33270805548933;-1.3304018304526368;-1.194711900017186;-1.166647172970255
888;-1.2162792727772802;-1.3444919570775347;-1.3563843967183593;-1.5105725159934826;-1.657556668958531;-1.6887059196830572;-1.7777889732651542;-1.7117580013737226;-0.9312925653008649;-1.1403741541562595;-1.3076075568033132;-1.4424016695726283;-1.5716713115271934;-1.7455785108877961;-1.853461103588289;-1.8783417116282002;-0.9727006653093622;-1.0682494045565472;-1.225873980246039;-1.3158836653193564;-1.461944107286223;-1.4805972795837676;-1.3114450650719949;-1.245760713231254
889;-0.7679674873550577;-1.060427443912386;-1.002546183243603;-1.1189282323664203;-1.1880307661266785;-1.1345770367329828;-1.200360481623576;-1.0520363681537024;-1.0608381258559463;-1.2201636729521126;-1.3213860943438236;-1.3860641895836632;-1.4211947339234372;-1.467291607800485;-1.5571518581023216;-1.6392949559892271;-0.8860872945614782;-0.9893464426140547;-1.1695218431697336;-1.2932899126139477;-1.4738848438839767;-1.5248963218644114;-1.3895427032449388;-1.2916436960200237
890;0.1015941514976064;-0.36300409376572984;-0.2559022385128408;-0.39066714709299805;-0.4608374369913672;-0.36927337986603426;-0.44103783861746026;-0.240739137970534;-0.9714291952703966;-1.048997430077074;-1.1437422497383105;-1.1834376351788067;-1.1231114972607115;-1.0303940112956995;-1.0626692080358051;-1.1268091405843008;-1.077848090210119;-1.1537167644652908;-1.2898636178860343;-1.3746913088254422;-1.4864924172810638;-1.4737756510237467;-1.3295632684568437;-1.1220139773248927
891;1.0362452006122147;0.5739023467565879;0.7588328854108833;0.7139870882385568;0.6931212177049138;0.7967882009234394;0.6053922771352115;0.7904040702545669;-0.6583947719882718;-0.6090315219300179;-0.6798553069521485;-0.7148300194403273;-0.6030993789333958;-0.47860931252322825;-0.5144445834637356;-0.5480546970920195;-0.9976141383891074;-1.0382798567522424;-1.0979181216177347;-1.1089029478186767;-1.137532491392392;-1.0900489418180246;-1.0359979916020086;-0.8615475157931949
892;1.8926820550950065;1.5097511257570921;1.7174586097345241;1.7155515422127081;1.7092986599869153;1.7653545604567389;1.5318257258199928;1.6234164575771697;-0.2214628292540443;-0.008577502666123824;0.015844628657521547;0.03554901041046056;0.21588400702397414;0.370144946186799;0.3207278637053322;0.30097427990186554;-0.904968207254393;-0.8984969013985116;-0.8478116454832327;-0.769989014054304;-0.6591922169543084;-0.5345191235367052;-0.529124773595305;-0.31545973867273136
893;2.2220066690630995;2.055900292637818;2.276128873858277;2.396508668853537;2.5258961143663208;2.583054275121063;2.402846400434024;2.419342052441465;0.3387592898316782;0.6875781412219227;0.8744827215268586;0.9725942527902965;1.1911872646101815;1.3134659885917084;1.1646470784487266;1.0506741091372858;-0.39284388577874796;-0.39955500454311527;-0.31337169882803984;-0.24120505955539992;-0.0800797186244883;0.05231246183822247;0.01246361944723955;0.21820113943412311
894;2.098859524249793;2.136285950669348;2.2989712263710786;2.4657834450095137;2.6904927929038114;2.7366552448330332;2.724525227479387;2.677634972650913;0.8882449473790175;1.3065401318643364;1.660764200710016;1.856393482684557;2.0873236782433975;2.1675803652377676;2.001730706648916;1.8654725751280425;0.2466917575438035;0.24932729161739398;0.38574928167211936;0.4638764413687893;0.6833099533204338;0.812264973689535;0.7014034141843025;0.8615415188990136
895;1.5290820471444648;1.9515736225621965;1.9906016559902797;2.113638805639498;2.2448998857164155;2.1723860401458337;2.284150951378526;2.149679610913308;1.7517166636188684;2.03465701440289;2.3109449505609096;2.463070269443363;2.583794074419678;2.5672287068762527;2.45111769465314;2.3126854792688802;1.144945197458095;1.1256555473086147;1.2390190176573614;1.231493103624869;1.3944402234841085;1.4036823564623608;1.1801555280495328;1.20842060916553
896;0.7083443805679963;1.3797982437790182;1.3499354536186605;1.5080157837222945;1.6663777831251314;1.5685459894082447;1.7904310446741434;1.6608902263051633;2.1174819222947336;2.2915338616819967;2.527126079416955;2.63450805912263;2.6457672847274516;2.5329644646279004;2.4988323900119696;2.478139778511516;1.7830958637676677;1.7927358474635888;1.9216443092350326;1.9281528951209268;2.067959704071522;2.0083612935287345;1.6817465116919323;1.5019209014058421
897;-0.31772457056324904;0.4957308570891176;0.41099490338417943;0.5713017005023717;0.690164819898689;0.5459659369334074;0.7880696858384527;0.6682492487125163;2.057424446665711;2.0460900205450825;2.167895887627223;2.1834145591511525;2.0626351604429605;1.8692537591752778;1.9463223600247244;2.0828813935717063;2.252395655820147;2.304111426669707;2.411429136102846;2.437885699600766;2.493098240000761;2.352293161107761;1.9594072528817112;1.5505999068382306
898;-0.9549738163524849;-0.31874783883512253;-0.41564730487568696;-0.3243728793469445;-0.28658308140059185;-0.4321419379650385;-0.2514552620495399;-0.3298593963022938;1.4443647603410736;1.2715511268427786;1.2806916413733012;1.2253954650112664;1.0362627112816993;0.8306347360527957;0.9831390379891065;1.2571937313489523;2.250712218045713;2.347883808709478;2.4073917028549285;2.481090515718956;2.4394052561377824;2.303608375284373;2.0301965620401368;1.5551170479333034
899;-1.256461005063477;-0.9472535657054494;-1.01341790366772;-1.0008122246513915;-1.0250475155903849;-1.1588513364860564;-1.1047577586168444;-1.1746758859215536;0.4395531017859969;0.20538991011115534;0.22036988797220547;0.18401317648134366;0.010395430717778546;-0.18372860739672425;-0.054958333327345635;0.23364476666456607;1.8639101462066092;1.9592283696104904;1.9455167449616975;2.0391780772341273;1.9223281041423768;1.8327156790100825;1.7564985971065579;1.3562334139646803
900;-1.3341246196685754;-1.2443144497046235;-1.2873501237837777;-1.3603234611442712;-1.4754860000239964;-1.6101334817183712;-1.7125121061033948;-1.7817734356325583;-0.22935714468663876;-0.5194664254220691;-0.5642283364089137;-0.6331722342383003;-0.8198794579342059;-1.0546988713001;-1.0299022839902583;-0.8226964510848741;1.3042670313983387;1.337465451019024;1.2243129997610598;1.2741035783223797;1.0872982784904115;1.0247331296945426;1.1296029714620595;0.8472457331599916
901;-1.2578533500311564;-1.4742496205933362;-1.4696758101225869;-1.617049700725534;-1.7661399413797294;-1.846613033678828;-2.0288044388403605;-2.0358301159839045;-1.1378174743773362;-1.386913485239644;-1.4306539505166445;-1.473975790539497;-1.5951835487337616;-1.7798827065540248;-1.8086647646556542;-1.6523704326047217;0.22825253748588284;0.22273539345273247;0.07270553298222182;0.1213938668345836;-0.043371584680534425;-0.024609795622947774;0.23809501874137826;0.14123485048315004
902;-1.2142899458002987;-1.6160724867514258;-1.5701862055526457;-1.7396602778779433;-1.8677226472934585;-1.8787161899126557;-2.048152412404165;-1.9783921009798715;-1.7631929059817675;-1.9423013956114177;-1.987191528229911;-2.0212576809635667;-2.0745852897916492;-2.191524299954408;-2.2825571982384822;-2.22300586110191;-0.9063275754925159;-0.9625149626419957;-1.1404776476972958;-1.1324040269647764;-1.2717748286876867;-1.1809907086928284;-0.7886735945446789;-0.6609227638670396
903;-1.3396925985100103;-1.7100201621231506;-1.638872575790191;-1.7347345236931813;-1.7714535290092668;-1.7322971723217027;-1.794285160147458;-1.6713809781302311;-2.038990189663888;-2.0774905738309637;-2.068372411355329;-2.0835937540483296;-2.0719775911950657;-2.118494228272405;-2.234127406119091;-2.2569878313316996;-1.9577471307014562;-2.032743865416018;-2.1508092069938924;-2.170698528876516;-2.2373509204389244;-2.1362989961336316;-1.8250389814190755;-1.5787654951742665
904;-1.586176478688779;-1.7651537186809696;-1.662644971527119;-1.6067291333689788;-1.5064808683745656;-1.421693923637302;-1.3568139880695298;-1.1664594100473775;-1.9988404820583068;-1.9155480447133122;-1.8497137079350068;-1.849464270709706;-1.7903650179607813;-1.7503595556950946;-1.8062721115500677;-1.8451966590837219;-2.4907670418794536;-2.5555920883002687;-2.5897752329798625;-2.6136999504707816;-2.613099984447093;-2.55481255313034;-2.452475449541791;-2.2235532513024356
905;-1.5547803177240447;-1.5551786494848947;-1.416906202759876;-1.1972426345234037;-0.9210580352896353;-0.7757447093024029;-0.6438170396322815;-0.42510785010029817;-1.7381918590981011;-1.5416741421856852;-1.377598654316276;-1.3435295400145602;-1.2503837034190461;-1.1946820940637057;-1.2672872897745582;-1.328677619531426;-2.4142331932473806;-2.470852052416488;-2.4503856607116052;-2.4542333366777647;-2.4000006475362143;-2.3470750699517122;-2.360757497279936;-2.1820213977803413
906;-1.3123489060525166;-1.274888602157202;-1.1219245108098201;-0.8227109225907318;-0.4186871564444192;-0.20327983415973;0.03252258321163794;0.3164346920166418;-1.3609343834400842;-1.0908498495419532;-0.8296023896065052;-0.7383853993887264;-0.6058059814013931;-0.5070093062067633;-0.5460322687608105;-0.6198625534014399;-2.128815699605191;-2.1640302305876338;-2.08286458921739;-2.0766521225338987;-1.9776613280301416;-1.9661788703206433;-2.151270710971835;-2.0556156171501945
907;-0.36599900615382835;-0.44140373428390256;-0.2906819530250793;-0.09194593564714461;0.16504615458073404;0.3246506498915747;0.4462322603984346;0.7139603564789533;-0.9135757930181994;-0.6704825570362699;-0.5063110240833318;-0.45085139256585305;-0.31528267437442425;-0.17697889119840668;-0.10644873937730727;-0.052146954888826494;-1.7957353816516204;-1.7712973426710135;-1.6340469297962361;-1.5467338818143899;-1.3810129582250203;-1.3427322225144636;-1.6015895886415024;-1.564269636734841
908;0.88702093063992;0.6536089886004722;0.7820363448395534;0.8223350463527979;0.9178022716889336;0.9858560273304274;1.0357742775445318;1.1678293597390677;-0.38042053464887443;-0.1209108615003494;0.03960678280170826;0.1401344445533416;0.3453808841038272;0.5375119394809004;0.591520697122127;0.6301500959890093;-1.2430618663342392;-1.200145378521405;-1.0640602236013363;-0.9564966553245519;-0.7533906695122401;-0.6202300804074434;-0.7100105154089016;-0.48754711241544646
909;2.0365501216869193;1.5554235704818278;1.690558492947432;1.5422191526286289;1.4290820657781906;1.4356818751765206;1.3629959128302347;1.4576237797436065;-0.04283568926985371;0.12460175957547057;0.20967808306224284;0.3427310678058626;0.5940266372698775;0.9099167368373794;1.1007380041238368;1.2421744825199614;-0.3353941006278306;-0.24105253300017324;-0.12086346918191411;0.01618344083671315;0.18707996293673299;0.3072524529706643;0.22157603716017987;0.426783785251649
910;2.9567502158502603;2.4330899633444782;2.515629192679602;2.187556572775778;1.8345744986273174;1.710569135054232;1.5144122612783542;1.4953494228916782;0.648569569738207;0.7439478811706552;0.704422751160972;0.7943142649616969;1.0063095614344972;1.3122781886271115;1.5658086130138675;1.7942160561161007;0.3335952226754081;0.46171700811147354;0.6087610851141113;0.7820431007909474;0.9786112699550674;1.1020017083436846;0.99775771969884;1.1717688576915544
911;3.0105710657627665;2.9481925749928912;2.9018099707054485;2.5400714209335304;2.036834782683353;1.7275608108069906;1.4318940526801005;1.196413354406504;1.8401508401509516;1.9029934127784502;1.707289333765089;1.6322117534810578;1.6448961744322452;1.6340246454496496;1.7084161512698701;1.889692814252786;0.7090456457123071;0.8088969693691538;1.0003475490430804;1.1735432156976198;1.420641510597394;1.541404680571148;1.4177805315281111;1.4908817629035709
912;2.340574461093295;2.988358734922424;2.7916958709067314;2.47417291147969;1.8703774128314217;1.3793811954310995;0.9943093571407873;0.5683098553278089;3.110772430908377;3.0855021587998865;2.661905729989362;2.317869268548816;2.0271013282929657;1.5784767456871458;1.4200206118982737;1.5687953868084976;0.9995067169457504;1.0471067480236314;1.2505418903406542;1.4043790417813014;1.6753730068490797;1.7970816422665474;1.7051671537195234;1.625682225483864
913;1.5244669354012967;2.693772146617935;2.4128264003414395;2.163637225777912;1.535707053697698;0.9395500066525395;0.486623966351063;-0.0732923222554302;3.8575885250510256;3.692224334909242;3.128540540636009;2.604673813780924;2.0905700873555784;1.3222898100521945;0.903935237430335;0.8672217304900651;1.4897039331530137;1.4220906585545383;1.4968243494706746;1.4825488341240367;1.6092411814408973;1.6292505411027935;1.5984203836843591;1.4319677016549466
914;0.14184831821925586;1.5723269805882258;1.3148748901267284;1.2707676124023688;0.8755516779742801;0.35366912737547573;-0.017728359511349465;-0.5498247688245119;3.710778519932957;3.412728232172968;2.9065259036553104;2.3689369420208535;1.7753381272534945;0.8823009010037762;0.30667154366761884;0.079779995255064;2.144602860254996;1.9533858938763564;1.810068429238166;1.5890902523563923;1.4711002964478528;1.3627675496041916;1.4307044072210295;1.2066308345274894
915;-1.3859229308104895;-0.034748619536075415;-0.14101536492754543;0.14122422274087199;0.22776351231766295;-0.05675855348524853;-0.19799984547839533;-0.5569730841163497;2.4108626528426367;2.143769898161228;2.0165697938091016;1.7414248469142874;1.3006244879583109;0.5655999189092749;0.004932691635443513;-0.3600922664316189;2.641968444273953;2.3888516792951786;2.0684138049551684;1.7039328460253997;1.364939093797505;1.1114210251605137;1.1526783497224573;0.8448155397756393
916;-2.8580804712758856;-1.8246903122978566;-1.775161003433673;-1.2583153708167683;-0.7364131373170427;-0.7082535120271887;-0.55253015508797;-0.6003115968367536;0.6270495676692681;0.3914142399675945;0.6128368053599358;0.6309169434073795;0.39775741725317715;-0.008011792151165134;-0.37884805692980345;-0.7703022294988842;2.606331643669538;2.3586001436056203;1.9372295470010787;1.4977660960818557;0.9735903876916804;0.5633590201250537;0.48997890335338273;0.10133676730919007
917;-3.8314511581756583;-3.1789939491194024;-3.02969012005788;-2.418722262781192;-1.637301648623869;-1.3481034210589526;-0.9324303998251348;-0.6543172620808303;-0.9366843973464435;-1.1148366049865872;-0.6725234993301139;-0.4426533367833646;-0.4981975187136756;-0.5713826960131677;-0.6423471449861479;-0.8818801626573327;1.9880870175905863;1.8267834236013707;1.4582003290564625;1.0874682160525357;0.550421204326447;0.07298687269622244;-0.18161642863683738;-0.6708624152300809
918;-4.243626017216444;-4.067156435220472;-3.82942501171291;-3.2331162621401828;-2.3477694912036267;-1.8554188217392187;-1.23961662500216;-0.6556740577364817;-2.570860285663871;-2.6570492284216805;-2.0537837065025495;-1.6354928288219455;-1.4683278555653136;-1.1343259513728654;-0.8392601098088998;-0.8137084024917821;0.8745456344812046;0.8421247748599613;0.5869872898630122;0.3769407745629291;-0.05001230028371029;-0.4374303394998566;-0.733183208844094;-1.1436940671271736
919;-3.7339726458301654;-4.071163784954599;-3.795895529776383;-3.347756725205779;-2.5850302875493862;-2.0485290774555787;-1.3836593382811846;-0.6459954420169188;-3.7074787415550308;-3.6623470076064275;-3.0361640784539894;-2.5413435879977455;-2.184001621335853;-1.5409198357933114;-0.98413759631189;-0.6794170577290515;-0.6144149775345527;-0.5162036495471201;-0.6232431554460269;-0.6174370925563848;-0.8165405808216388;-0.9586422056889213;-1.1106209699161522;-1.2376877360054503
920;-2.485209039372224;-3.2369413322466176;-2.982171577800182;-2.754659599818259;-2.286960901125088;-1.9045795968144423;-1.3986521319642604;-0.7367083745226982;-4.140867146880302;-3.9357462197512554;-3.408436054923096;-2.953352338159111;-2.493589952448729;-1.7470044454963485;-1.093363806906717;-0.5572141514178687;-2.1841837870574086;-1.9668494925138287;-1.8894636316664724;-1.633077787984951;-1.5191206465212095;-1.3400166565558693;-1.2665712928987822;-1.0254200174857104
921;-0.9386475181172044;-1.978454028191652;-1.754981009146721;-1.749418605575562;-1.6172285453615036;-1.4322578320209116;-1.209793227826871;-0.6799143945435973;-3.9433891099767315;-3.662261527539632;-3.3578784668776294;-3.037485824660864;-2.5731981024219213;-1.8372422170931688;-1.1405156400608838;-0.41767948096601193;-3.207790327244582;-2.908448509353038;-2.6902371548562276;-2.2330554459272225;-1.861073823107669;-1.4216899573170614;-1.1545263336115599;-0.6169700323578771
922;0.41787152586776144;-0.5782473870521437;-0.4217095062742681;-0.5838631476079584;-0.7216107629671911;-0.7413104892895802;-0.8353887645088743;-0.5530822509909794;-3.0188102802708494;-2.6851027855513636;-2.614118710021938;-2.4853209965985674;-2.143133418958681;-1.663532501301107;-1.173351480225954;-0.4793078465164743;-3.675029984317722;-3.3860449064034746;-3.0799724130811987;-2.5330222310774904;-1.9938679639378627;-1.3954959838024874;-0.9739957771162285;-0.2797605197585135
923;1.601628353758047;0.6881677240975095;0.7593083482366895;0.41969740298673913;0.0601168499977646;-0.07124786190867138;-0.3611293121518712;-0.25052197830718276;-1.770701303350011;-1.4621504863220514;-1.6086192227954952;-1.6451689730455565;-1.4464908204228717;-1.2041797994429715;-0.9256167040808498;-0.349222246922975;-3.4695814053851723;-3.2266315694321617;-2.889170844148266;-2.358678237161584;-1.7822056788516991;-1.15403510115747;-0.6699533511993567;0.07782870985600265
924;2.5366751329894175;2.1779617507775337;2.138633319858286;1.7294676259515582;1.179022009640695;0.8972326887633923;0.37359572781121386;0.1682635855090658;0.3143404594265872;0.5576850825264709;0.1554557388328265;-0.15471736945522252;-0.2422851209694669;-0.47641808978549277;-0.6943027463597735;-0.49365864818582655;-2.6790708055252774;-2.5949732219531025;-2.3151712012797976;-1.9655047298826067;-1.4916835746541828;-0.9586422056889213;-0.4591072421470467;0.19510848829854915
925;2.5773391093085967;2.654312342334639;2.5362895945368757;2.2006471066706514;1.7361853423841223;1.4675007021196342;1.0108764996310782;0.6726110296237222;1.9502364654658721;2.0685210352228456;1.6299811506615505;1.2145951292665003;0.9550055133148926;0.40717825445919714;-0.19935513587626144;-0.4252216398954504;-1.2211153754058655;-1.3246340829149912;-1.2333015620057028;-1.2093406419496822;-0.9895396425070755;-0.6855230302426357;-0.29529048628650434;0.1628255135433665
926;2.2545857902190547;2.8171411617061453;2.651095286038412;2.428457892959754;2.019757890484298;1.7025843150332158;1.291576873193301;0.8734152651909781;3.083846444642129;3.1045132730650082;2.6363597778919323;2.166004377569008;1.7871142792638384;1.071941732030937;0.33370359392498355;-0.11670477290674287;-0.03838853819733302;-0.2502243549389968;-0.28068262804605626;-0.48701367167519943;-0.4428993210406918;-0.3827540652166447;-0.24448107505562552;-0.0289239453664606
927;1.9388895756333953;2.7425798196437605;2.556568767501554;2.394341146357457;2.0048164240173576;1.6341651532173607;1.2846896817192683;0.844317711785482;3.7509127157712885;3.586359935264112;3.1594070245339174;2.754391208329226;2.3475874381601005;1.6437084830299815;0.9418667221208848;0.30048632155163674;1.7331542877729145;1.4346583190903113;1.2090015091034152;0.7286119089359141;0.4932780811459135;0.1894623207557505;-0.02312299275571213;-0.1319964967137522
928;1.3916606456464404;2.2027035369292904;2.0830413239383807;1.9906087280507199;1.667119343283678;1.3195677420892746;1.111023964173541;0.790040437426886;3.444004978395234;3.12343807717031;2.799428981380681;2.5606550937923656;2.2802965319859516;1.8886387532819184;1.476905952699197;0.8366590205651732;3.0025410196879463;2.697362012950289;2.3262004043673805;1.6955296671211653;1.238268665291059;0.669344852948991;0.21604603824856736;-0.06316806501606238
929;0.6253965129256271;1.4122574750251804;1.370135234079037;1.394252075256179;1.1990115697315444;0.8990845225795179;0.7512535399396459;0.525074095466497;2.7260690525148363;2.3506790809949445;2.175132709323852;2.079994101176508;1.8806590801124303;1.6711479193588994;1.4695544409059915;0.9280319232418709;3.671343115728401;3.413043535497843;3.005596010294869;2.3640643566307378;1.7937048659791068;1.0711505389824054;0.42728721621824567;-0.054767703368139
930;-0.20169627008737612;0.45703119333645686;0.5176796071879195;0.7474432747422531;0.8496681071355188;0.7529181647175692;0.70829226848642;0.6684309882659649;1.7437650411723802;1.4746711682918054;1.4770634205480249;1.4513664336431913;1.29542840856022;1.1466315960193272;1.0864732088398525;0.8391854005388505;3.3341355621053754;3.1996170505947217;2.9239729876669207;2.51903295285344;2.056215544947315;1.4787733201803113;0.8797458060231348;0.2892045024668949
931;-1.4163417936674905;-0.7955033978746671;-0.6339043841815416;-0.13521280017415727;0.38313903597269694;0.5315393046816753;0.6656087048231251;0.8030405959291871;0.4624347026878911;0.39974274688475786;0.6640662947330696;0.7419314245239381;0.6670165243536688;0.5532476135102611;0.5095211593602104;0.48858142903680385;2.3576338630770035;2.307530855563368;2.144419462395923;2.004167218497606;1.7188196422406783;1.4532946553332773;1.2022983488181331;0.7539879914218452
932;-2.039384945308171;-1.5759478466173835;-1.3706425801581805;-0.7811292356220153;-0.05140998540083704;0.22837422506938188;0.5488943656942505;0.7807679552921442;-0.7541585296878504;-0.6192310986374107;-0.1274534088708765;0.09948101498829127;0.19043323734050038;0.24479391198723788;0.2749020327886259;0.4270611661299166;1.1984216735932804;1.2366810097450258;1.1737584862780202;1.2589756051802483;1.1769839215237774;1.2405855005450503;1.3787245673613384;1.2661305553763607
933;-2.2976171224272095;-2.048926125531091;-1.850493964974013;-1.3049493377895431;-0.5614949760832413;-0.2458938130741442;0.23551060285247333;0.5512327717162468;-1.655919606853547;-1.4074268800027274;-0.83914521230485;-0.5162578317798954;-0.2790404283260208;-0.005225726494128517;0.21894045854026847;0.5778770447874713;0.07502661293357615;0.22484455740782128;0.2837215169477996;0.5487535872918623;0.6525503361334887;0.9340752107131812;1.2565465567488576;1.4023731326903899
934;-2.3002935417943897;-2.3494894344786723;-2.1967448854879636;-1.8228280958455154;-1.2378717143491986;-0.9904529018398636;-0.4425691257902571;-0.11480066793307776;-2.4142857853263964;-2.132338393283448;-1.5725936887591605;-1.1855447289797054;-0.8418520648907545;-0.3928854089729031;0.004434235772586823;0.49533653293272334;-0.957675832436589;-0.7284729676151066;-0.5848039607474368;-0.22624744730572519;0.00013345536532523988;0.3916781667785445;0.7878571411820247;1.1419936953710772
935;-2.186971983282701;-2.4940835645247557;-2.390188905002947;-2.211316443760534;-1.821744593814769;-1.6577751315481866;-1.1082625582732561;-0.7879761067973285;-2.8437134313574846;-2.590464131563241;-2.0738005654705156;-1.6541716800307817;-1.26422133758807;-0.7207972951392376;-0.21404778281223283;0.3208187028488117;-1.58414242145302;-1.3291991744007519;-1.153011365831041;-0.7933755208065272;-0.5211748458352919;-0.13699471513269687;0.20735631240340868;0.6382734397308981
936;-1.6608788844665223;-2.1468650953470707;-2.1491884706198396;-2.3180057523446287;-2.384065718597997;-2.484620434439603;-2.1438876635803243;-1.9864953389940265;-2.8220414702820995;-2.6728350702416366;-2.3233777614525954;-1.952099727706015;-1.610772963139681;-1.102377069888521;-0.521989493486443;0.04029230237287149;-2.099736676655269;-1.8452363614511011;-1.6348708128658864;-1.3006238607331844;-0.9667975578047276;-0.6431251815538364;-0.4568875184803299;-0.03141589713447604
937;-0.7611941566070023;-1.5060222767057403;-1.582358423316877;-2.065693053427894;-2.536515376098062;-2.808633581687602;-2.7822261774385315;-2.7398157977415343;-2.5902556143063866;-2.55819541948554;-2.4520605898240913;-2.2198927790176457;-1.9992882899927613;-1.6361782253281787;-1.0941911049676365;-0.5234117133180861;-2.4007246711125148;-2.166714874540551;-1.9568652119956356;-1.623682861669469;-1.2677664873273604;-0.968566443715424;-0.8350719877337665;-0.44761127105828535
938;-0.4697043700190254;-1.0386810388052656;-1.1687933128549661;-1.7138223909449624;-2.3334143208267553;-2.6598444195529445;-2.8353789398900484;-2.884713854617796;-1.7724077283421362;-1.8346699375540645;-1.970392436432811;-1.9676471197607628;-1.9599908346781785;-1.8921582624736133;-1.5399738253961954;-1.0518259652362594;-2.3045669287109485;-2.12994752289775;-1.9320313384417624;-1.6275296486148947;-1.3191274723264323;-1.0749130188783946;-0.9875691436013841;-0.7544090920400515
939;0.08950890840148543;-0.21681095307624085;-0.3114341482888637;-0.7628538254173343;-1.414953991590716;-1.728075987856446;-2.2777198842264936;-2.4072788605837094;-0.8491180872510965;-0.964669144449623;-1.4133100952339284;-1.7536861027554043;-2.0198182862344107;-2.3803717099579824;-2.391656177243112;-2.01112088787957;-2.2053660088377933;-2.125397819051211;-1.9834166327202973;-1.6904008835819584;-1.4614249310773462;-1.1994244903944102;-0.9868547761990555;-0.8940337024143882
940;0.7854082282054468;0.6306982640307802;0.618128801394742;0.36297101785753855;-0.023025366796161868;-0.1902730351875528;-0.8330500055619691;-1.007410773606853;0.010491893122243492;-0.05439981451817406;-0.5101498153806936;-0.9662338107104147;-1.3118882087725672;-1.9453028761866706;-2.4949495831365347;-2.5561084227434505;-1.8107076485091074;-1.9203467423060245;-1.9520781612429021;-1.8924363264712112;-1.8398227585063804;-1.6104634610813195;-1.1932844711732704;-1.0212378285087043
941;1.375615298663106;1.3438314308165293;1.4128260051184773;1.3367761282708035;1.1527415124489049;1.070892891236156;0.4326792718389964;0.26261971292757663;0.6590719472767878;0.6383400666386597;0.24911154909332936;-0.18644352355045052;-0.4933744318896137;-1.1397064397104932;-1.8941259271147082;-2.22558285087581;-1.1971303093717076;-1.4091862829294108;-1.5546411638899742;-1.6702099580345646;-1.7304271315710593;-1.5751992420924144;-1.1603797379785978;-0.951334116152439
942;1.9016216829362091;1.9018481005215928;2.043789212390696;2.0997989170616607;2.1616933056493486;2.191264400228487;1.7932452247492263;1.640648316496636;1.1441711865493793;1.1884482950385766;1.0443060870067853;0.8283643391893559;0.7333108714418689;0.3180702331269884;-0.575543843926599;-1.3631014917263922;-0.1179593928074536;-0.48015608892974343;-0.8544995914600013;-1.3109206337749464;-1.600078430091187;-1.5992469401414515;-1.1499577175883215;-0.7446150833174467
943;2.056950084619152;2.058658734975781;2.2078032592553365;2.2659200004360542;2.386014881006258;2.470954717473919;2.387108478384688;2.3670530208428486;1.4198467890583482;1.4869519752178662;1.5094620756807162;1.5078888310202654;1.6140224882830814;1.6001339637484104;1.0400970983887279;0.1800702092965564;0.8207608429402269;0.4804175777650205;0.09790292334345028;-0.492440132811774;-0.880119678455633;-1.1651262059007517;-1.187146424441117;-0.9472923635326099
944;2.2933029643704743;2.4800456565577456;2.5475768911104653;2.525174633154285;2.528592153888733;2.4762607941718;2.57019466291475;2.4803273974192375;2.0247185741205063;2.158088711140347;2.3237023730091244;2.486907786223108;2.6880610340186473;2.848070096383406;2.557040874220666;1.7376993208226292;1.5006882342005088;1.2197364546115836;0.9527175508348577;0.3477704087386913;0.04864767434063731;-0.3999983714784174;-0.8635926257494524;-0.7781116639406559
945;1.9584795690633878;2.2617113801452455;2.252523735427845;2.1209826809254;1.946357119756427;1.8038033086173932;1.9925774194335366;1.9697096502501885;2.3330705214313516;2.3177414054584387;2.3687891350252963;2.5158744861843982;2.663831213760591;2.9262426979334104;3.0538432334771057;2.651086225762526;1.9692080052421872;1.831864435623556;1.7154824741060133;1.2736542186216155;1.1103913306901247;0.6347017366864915;-0.11400133946934136;-0.2740708773887716
946;1.3745122107702128;1.9191512705550766;1.9073537391328208;1.9367813918155576;1.866481547344616;1.743067732327797;1.874777631450825;1.8799948261058754;2.490063553453523;2.477399088560186;2.4812368368905857;2.5164726514155706;2.5023260725788963;2.5773724417209136;2.8474357336663836;2.9016862233486984;2.264256573520994;2.299552264188857;2.4109720647749873;2.30643800439002;2.3313774171931265;1.9704672675751937;1.098599121482569;0.5902193724942882
947;-0.14122103744901904;0.6858005606566625;0.7623513280567288;1.151932849698682;1.47465464508659;1.5130549300197682;1.7259847863616984;1.8505218757564492;1.5946285637397806;1.7339907561465744;1.8992358919975736;1.941564973493688;1.9041357230252947;1.9437405847244587;2.349427739550819;2.852236731197243;2.0126243022430743;2.226313633509601;2.51886506784318;2.796634228930498;3.001294174310446;2.9204818866424405;2.2741466729156277;1.6638425067962923
948;-0.9000185393115592;-0.11993883123615197;0.03955546345779017;0.6230090456731499;1.1545921746294874;1.2904536597074316;1.416390529855139;1.5891381455850841;0.635485206131045;0.8456858282242683;1.1068587184668335;1.1333938907150582;1.086901320847561;1.0666014827371069;1.413839976706268;2.1365250275448635;1.7511748235499682;2.03716699628487;2.3295510959002246;2.8166853409343;3.0643376554872863;3.2683739671314664;3.1052302452655973;2.6521547831098062
949;-1.5750490813435303;-0.8117088169391408;-0.6138370171819234;0.054909360805277654;0.7197301398092716;0.8934364659450437;1.044285286135256;1.2120720298636554;-0.1759802503981649;0.05674765750908145;0.44080049605194926;0.5432750568829798;0.5608096228232166;0.5617926407955683;0.8005058735966053;1.4598758165410275;1.5031292581045885;1.7542959751318379;1.9259016393572284;2.400106764522569;2.5970498087256373;2.9585296897185724;3.23968444510614;3.074763953032336
950;-2.268472424217182;-1.669532328795267;-1.5112996831090426;-0.92458938501902;-0.23022507915248552;-0.08398309587277294;0.21781450735278754;0.2995540378933941;-1.0124155028945643;-0.8004264970982166;-0.2501834283405589;0.010657751498516497;0.1328385555968523;0.17854976528825806;0.2721577259926239;0.6869133760967195;1.0859977409505035;1.247196316333334;1.2695710073425746;1.604914362284563;1.7162637371784337;2.1199199405435407;2.7035766805911683;2.8182196283988676
951;-2.5727733116284988;-2.315650123348061;-2.2969183176620924;-2.065507381961484;-1.618236816343337;-1.611143308184707;-1.149328419670059;-1.2018517860183213;-1.6566878240653664;-1.54770424751637;-0.9525256839156464;-0.5509826754735803;-0.3288299222829574;-0.1836442369948709;-0.1575969784767815;-0.0294057530945546;0.3661636669086464;0.42530035316052417;0.32955687187478927;0.45760704611704167;0.4926797969503841;0.8416744076631647;1.5529760629151317;1.9625331190195026
952;-2.8266122974616494;-2.916501079478266;-3.0683755477763435;-3.225071268852012;-3.1190738159761633;-3.263948782559994;-2.756762939844462;-2.869096398656301;-2.1578700912334465;-2.1629383572764236;-1.6901687293131211;-1.298039468548225;-1.1063117814239742;-0.9665516872502309;-0.8846360469025014;-0.773946686414322;-0.8811024851077066;-0.8331867020795514;-0.8760650590896731;-0.7949345385622087;-0.6879914747757822;-0.3742788319108138;0.25181387016796963;0.7630619537868764
953;-2.8600594970374607;-3.223670504974958;-3.472958820872498;-3.9733342164637695;-4.286154674061316;-4.564215262445766;-4.255923533817239;-4.379321323900791;-2.5764748655900127;-2.763328698318877;-2.5462253264747385;-2.276054969454362;-2.2058627076594646;-2.135329768761863;-1.952678800203198;-1.7857506398954863;-1.7720336439540252;-1.7253539160991345;-1.7561002913350976;-1.7078539103379409;-1.6169040686322433;-1.4240377325001976;-0.9861404065404024;-0.5682498471460605
954;-2.3282459025466964;-2.957381715538993;-3.162157607511053;-3.777077937822595;-4.353811568450994;-4.60874184007326;-4.6650076898612625;-4.70074625760957;-2.722413144985813;-3.0266619800442554;-3.114579873595453;-3.08895742056742;-3.193463812613077;-3.2806605919956304;-3.0721486744383784;-2.8102110608673616;-2.2141538257684403;-2.168206330259815;-2.203791021995957;-2.1138618038676755;-2.097075786310646;-2.024802062978966;-1.8142205235634232;-1.6926491047669434
955;-1.5680942595532854;-2.2997133874896276;-2.4325322832611613;-3.034886721924474;-3.7160312403133595;-3.9441340172187025;-4.219302849880455;-4.177375793621406;-2.519387884724633;-2.8265278126151965;-3.106215482417099;-3.2395489766975087;-3.4115898969382186;-3.539731968116044;-3.3067907107947847;-2.9612989891655026;-2.4419983093794593;-2.3833250159070833;-2.3894702926368327;-2.2478858331144944;-2.22833205591484;-2.1785718981438156;-2.0922041849901136;-2.096747653003179
956;-0.4060891350791484;-1.3406359781376;-1.3652604313841856;-1.9214840854257338;-2.6236719819655376;-2.785410275793964;-3.3049256751019507;-3.1851391857985205;-2.331366808374849;-2.5624866910545165;-2.9687995412548833;-3.220896967226722;-3.418202071541878;-3.5957142380676976;-3.424401874016365;-3.05394782295418;-2.7015583289959446;-2.638813318169605;-2.602083545849856;-2.4029952848339984;-2.357150677842043;-2.307098612601069;-2.323406527468888;-2.436661712764251
957;1.239663447796156;0.14146970282310523;0.2824154081567521;-0.09876812769275248;-0.5522955423398744;-0.5036592618761244;-1.1395342531723633;-0.9433509967326491;-1.5769523586723029;-1.704440432096434;-2.1527509086037364;-2.4777721447384007;-2.6234028769858826;-2.8362012038492828;-3.0472687193476364;-3.051218614216437;-2.4590309842091083;-2.5296073753355675;-2.6037246059854238;-2.583716133842731;-2.6863036081376253;-2.6951711101647193;-2.641614597644509;-2.664837507012782
958;2.8078327072626537;1.9641251474719041;2.1827703227120807;1.9879735971651353;1.8300298812704119;1.9556042118801147;1.4810394050109448;1.5869503064057329;-0.13838702704514416;-0.06791117380540405;-0.3862573625637266;-0.6497253564473948;-0.6018306496354051;-0.6483744886032979;-1.162847766135578;-1.7187061013472424;-2.0178906492067026;-2.241425260900327;-2.4258273015179697;-2.688090388123979;-2.854983459863194;-2.8696432642471374;-2.724286502568607;-2.3822058753578075
959;3.7386481456470873;3.1104165256812113;3.2911686651668206;3.0928150983032965;3.0181933866075856;3.080941384205138;2.952120275489071;2.9372577997403093;1.0315651076475714;1.2770341847467186;1.229946686300559;1.219867679958531;1.5131532929472786;1.7569673463272206;1.2450142622386713;0.27405662561673155;-1.0945255248126975;-1.4114306211840149;-1.6606344425724118;-2.1712889679952254;-2.354342993073905;-2.4701038192413662;-2.4433195286613563;-1.877666044967746
960;4.808186384150915;4.304198744390592;4.378708729215156;3.957908758677882;3.637081521465257;3.472889372139438;3.4619002147797415;3.2294746652349784;1.971601499031529;2.3069960115228483;2.4347516733278436;2.6657135936386394;3.1196814188361373;3.5274617218768785;3.1290703260256905;2.0212254458055807;-0.08552798497298265;-0.41968905590608363;-0.6637818869775604;-1.2949196986513634;-1.4085371234994655;-1.5942616460743337;-1.734916789373635;-1.0770175629112588
961;4.651210260115896;4.7805586175224795;4.760718230274565;4.387079548853933;3.958924732587719;3.6270482777959114;3.628129393050969;3.2584466872900837;3.088362876974418;3.3912402254319396;3.5108567838035856;3.7488544208120134;4.110631541580773;4.411213439873477;4.190743191703813;3.376454568102936;1.2382701439990824;1.0025896057992143;0.897375691745297;0.3979814888698785;0.402804809507951;0.18502972451213334;-0.18835532118172657;0.22689713463074465
962;2.9852721200073136;3.969364425913009;3.9383622679137877;4.01958727033099;3.888867999218964;3.637982604760188;3.591221889656384;3.3551939020273607;4.057554100432877;4.270804312036481;4.2510549415960455;4.211343428484858;4.147301120957755;4.005308327299849;3.99348509562162;3.894148429840627;2.558134544923746;2.5545428712839255;2.7689733145614803;2.719686878887663;2.918244439604954;2.6775399733104175;1.8321432060341474;1.3943481559220725
963;1.5020946244669946;2.880084516845427;2.8759534989466045;3.2760304093023436;3.4503178964241186;3.3295471792130056;3.303888741059572;3.2027056270699177;4.282613333077696;4.393830333252845;4.337794056717197;4.142130264791191;3.8349079740052683;3.439023321274412;3.4823769019120685;3.7527592178649156;3.793912802152386;3.901885096162973;4.1761026671502375;4.3180872350697115;4.465502704338369;4.2201302346536;3.3534648590291978;2.4879396876163975
964;-2.1434369944583547;-0.650840655928139;-0.6232082653587506;0.16002417584550718;0.9922409928948572;1.1680947899850487;1.6803365357789417;1.8049040442652982;2.1736571178108277;2.274674990557616;2.5530931552430918;2.503826011857983;2.2937191729047393;1.9950260522394458;2.0452620252664104;2.427295178060404;3.2755722107175673;3.370831518670958;3.429198369368653;3.6269311912543274;3.6716658305107504;3.793317655279808;3.873221758692413;3.430192673691666
965;-3.515227138208351;-2.308713060348582;-2.3069903009554;-1.5537259608004539;-0.6003133999856449;-0.38015189598166316;0.38235811429369143;0.5221677224615032;0.7747970436032393;0.8317826095780494;1.3197657039741242;1.4668578378516317;1.3722724523431322;1.223801873600679;1.3779283375140783;1.8095946744772065;3.0871438229381085;3.246528635639887;3.260187602229737;3.4829538363537944;3.453703064743073;3.6126587426614916;3.8861396092999603;3.490714433139121
966;-3.820402474725981;-2.939888855744158;-3.0018936257070385;-2.4740739191966274;-1.7107079582866114;-1.572675636492171;-0.7739450184781488;-0.6946565851641329;0.22682896075857006;0.1077883266894952;0.5669269516886849;0.7765691775155099;0.7111259453696877;0.6437033571079311;0.8465898552301957;1.188961138356426;3.0982011899513613;3.2353910703193716;3.149897658449256;3.257182168755168;3.081953513404833;3.1359182705350306;3.438964864423148;3.0725262302829726
967;-4.0254306571380525;-3.8832263752891576;-4.038478137639586;-3.9760091172940624;-3.5705713759031825;-3.5318358217643313;-2.696893035652976;-2.616585824695225;-1.5614123156867135;-1.8420704164925064;-1.372241531349889;-0.9745845721544399;-0.8417675583096275;-0.5653167550887994;-0.16963529781572187;0.12610044127926154;1.5707249460734303;1.689485345398925;1.5256636361871125;1.5753668822024374;1.3989445363115482;1.5088610284999993;2.0277352146838683;2.076557465384792
968;-3.549588898843753;-4.075077888519765;-4.238033084128248;-4.571998989706408;-4.578646199251368;-4.647447164431682;-4.052939360949685;-3.959192917295342;-3.178091712915813;-3.5166501312424296;-3.123281944458018;-2.650000632930467;-2.3933742989021143;-1.9232583672019274;-1.4619152436232608;-1.2235996988765396;-0.2408255317787883;-0.16683798576163483;-0.39545121587472115;-0.390728931943854;-0.534652593904264;-0.3679406300269061;0.2872281444767868;0.71348113672902
969;-2.4785713926064394;-3.6989962105278598;-3.737631470706393;-4.281802496692598;-4.676894301944787;-4.806303096634502;-4.778054732114569;-4.686119554086522;-4.250120332856163;-4.5466568536015695;-4.48451806059162;-4.238575767710162;-4.02423610735448;-3.632612772253394;-3.2071817670807756;-2.806113335796248;-1.9720325878876355;-1.8698775782405805;-2.0270143589006606;-1.9231736355110813;-1.9976419515840667;-1.785898595881065;-1.1889307575329133;-0.7514993224597817
970;-1.693754281577138;-3.002933180108808;-2.9051492580308693;-3.3408240902450905;-3.776906176991635;-3.8095906318045385;-4.260189714518577;-4.076930460144108;-4.346230001167816;-4.5681272664951456;-4.801903997118362;-4.882402987663186;-4.904288562038134;-4.839190808239725;-4.568958918263546;-3.9881120336998257;-3.0823995128371644;-2.9387028557030064;-2.9414666446445907;-2.6380819937915625;-2.615904576161416;-2.384048992862697;-2.0171226004048064;-1.9316093704677235
971;-0.8259333150940944;-2.130637961079451;-1.9511598579282585;-2.3027932807621845;-2.6955520012031267;-2.6618568256673587;-3.304747321126153;-3.1055109752825834;-4.030385212537421;-4.175257960944427;-4.53200697577489;-4.751034272565449;-4.841357441896551;-4.929712129171134;-4.896209269854;-4.4489266734691215;-3.631654850295991;-3.5483163582741577;-3.55043592135724;-3.2712724159226036;-3.2405661657207783;-3.0017229851252307;-2.6442384431566377;-2.568765926117529
972;0.3753831195609997;-0.7036247261616112;-0.47967314711586767;-0.6727657095379229;-0.9151776663165859;-0.7743637356326261;-1.3729753705777124;-1.1008094557235124;-2.8354697915821285;-2.7604985455604396;-3.0927812200041647;-3.420731803313427;-3.511173675088358;-3.702730863078595;-3.9347494342906026;-3.8378699335079145;-4.063038505573376;-4.081143649478722;-4.0365010264235535;-3.827209359030882;-3.7650266572814375;-3.565713005839141;-3.3150807943385776;-3.2069201828310065
973;1.975056658183264;1.1927039331868587;1.416066175958911;1.3092629764752957;1.1366412440896938;1.1772699380154192;0.6232027264025622;0.723866900163088;-1.1042058397186632;-0.8582075953516642;-1.2150520246408607;-1.6213566153783852;-1.6422018364188378;-1.7922948741515983;-2.2967220452207724;-2.6967360803951803;-4.242507562777114;-4.385710418809396;-4.331926776697623;-4.364133122751343;-4.28164633854075;-4.155887764338219;-4.073226404018954;-3.7413176557787775
974;2.015146638449345;1.3647087407411382;1.5302567323922784;1.3416592741414954;1.1223923183860687;1.0834003888911377;0.7142612391648665;0.7173230900181404;-0.749533863473425;-0.5211092915625948;-0.7207733775569206;-0.9270914200669569;-0.8209781310014216;-0.7997663204923187;-1.191628595829264;-1.665364536165604;-3.289378608464649;-3.4494686341191962;-3.4636422779693414;-3.6166415673339576;-3.5872989832237008;-3.527036686016758;-3.46972662872461;-3.013445074817592
975;2.6473053607431942;2.7768070986244457;2.810556053744341;2.6314483746533535;2.445305244436433;2.246232432285605;2.2386867443722926;1.993534850092177;1.7597549518949047;1.9856139214426058;2.0477410823133164;2.1271768959071586;2.3516066125969535;2.4831101171052374;2.0405736926710065;1.0053288454034417;-0.35235041059876926;-0.692682695971345;-0.9238477772254526;-1.5822519298477573;-1.7719101378142126;-2.1013339325608;-2.4457327531982402;-2.070573595465474
976;3.3846447854487742;3.552872024001065;3.5605528643743205;3.253441323424718;2.9424017042518487;2.718114552609399;2.8384824809439673;2.6102956059040276;2.4669248151329684;2.603390206519818;2.670968214330937;2.867140221069799;3.2128311032236403;3.595820370420345;3.3933329006120263;2.4218832770368732;0.9437152069439779;0.6117399248209539;0.32328891504659935;-0.39608324914531334;-0.6128232268062306;-0.9767260559463938;-1.3448270841509098;-0.9314791933426787
977;3.120357451838181;3.608798231797378;3.5223563551185086;3.202315016379786;2.7790597383342712;2.4501967747080338;2.560181969505187;2.253366162297274;3.2752521014406284;3.2447277635794065;3.2352479311168474;3.390353722079753;3.578878544412529;3.8220665093749315;3.823764799556246;3.2821552215284884;2.573764980735308;2.3893077618696696;2.22379845047502;1.726217722204779;1.5816666604543625;1.216765206145697;0.7260908372599981;0.826732865018502
978;2.5360712516216197;3.0313930244762264;2.903342275340966;2.69747597331129;2.3369560355258403;2.0265148232269903;1.9982097673704695;1.6899790591014736;3.556738644661563;3.395800805653915;3.2917315448029023;3.255535089972018;3.1460963018332473;3.0103291859685295;3.021153425336889;2.9726734369451684;3.6527167336256485;3.6654019387753953;3.69182145827428;3.554477885603883;3.479526936904742;3.1753478388472716;2.6080455908279996;2.1766905496023132
979;1.1521676438989144;1.7972896580128905;1.678444683007662;1.6897896975109166;1.5487715096526449;1.2842417925570844;1.238114855191446;0.951811411398646;2.992491531830196;2.89257392011608;2.8472719209391233;2.7307010851753084;2.4853851838344556;2.1221337203088244;2.125562626902821;2.4299191708439083;3.5128338566722164;3.6565373984468144;3.8140838275727327;3.974075865430335;4.021945658252716;3.941683167814424;3.6159656184292293;3.0232297550179927
980;0.46086557686260093;0.9503754122016052;0.8503257250497877;0.9592323155830753;0.9491474549431816;0.7631909398853182;0.730631326553938;0.5138120633589648;2.6020584274095606;2.4563333184657723;2.4452726667833966;2.2931074910818583;1.9761150370312786;1.5283745837597325;1.5559476319064411;2.0037875878167535;3.885264557088929;4.097792808893313;4.25515825146395;4.5093356735576435;4.48679719847401;4.439017713790609;4.213050768975109;3.480373250647214
981;-0.3833520714748003;0.010689748512467678;-0.02949909643423752;0.1347707817607948;0.28708066392034315;0.1964122644545679;0.23966392645550708;0.09416126602816066;1.3469965094273395;1.2626740263691467;1.3887386941076076;1.3524807881222736;1.1666657964314615;0.8300419034062508;0.7439327556800123;1.0024746441058017;2.8608095244295417;2.976169413491018;2.9784107047969948;3.144905286012989;3.0675885524237145;3.139135235959526;3.328854948081793;2.9946528184564696
982;-1.2198600298793416;-0.8777462631896293;-0.8277884855199023;-0.5354359621022706;-0.1840807913600561;-0.13501076679819626;-0.010962588135359512;-0.01772702407308506;0.22657110984739331;0.20695042996869473;0.4699079835685589;0.5343682366924475;0.44870061813030787;0.24183623458425427;0.16581706581666442;0.3371671016473117;1.9114336665178988;1.9703825835240967;1.917767163717495;2.0336932012751223;1.9339903877993043;2.0091058347829214;2.2418995622887827;2.0609628379135856
983;-1.613893921146195;-1.4490547042470086;-1.26930983016096;-0.9345609680419577;-0.5012334256416232;-0.3228968700281863;-0.1631988828561489;0.024792657442182467;-1.2205032219620884;-1.1881643945015856;-0.8952876862912432;-0.7271567488071907;-0.6151942972774685;-0.5072621116005359;-0.46933643192120217;-0.34946561059627373;0.41825199697750537;0.42854218989717907;0.2972371233599572;0.3532162643647959;0.242729616856843;0.36062488133829396;0.7032026983421196;0.8174419364117206
984;-1.642204934253204;-1.6535611438922113;-1.4268189104090023;-1.11389901452803;-0.6804176036250627;-0.45066807469989234;-0.25974761970646143;0.02125666627718166;-2.000971719838696;-1.8867272027427344;-1.5503302271822383;-1.3179212651871581;-1.0906085832413004;-0.8131500160583844;-0.6927284849880763;-0.5964421046539932;-0.7055861452739672;-0.6953840365852851;-0.7912195948281382;-0.743332984555523;-0.8032276966562579;-0.6945021402614994;-0.4621861776610093;-0.25934825929985666
985;-1.548520584566461;-1.63730723985721;-1.4356928667646343;-1.1713574041098187;-0.7970858471590038;-0.5911889250397481;-0.39500532336938377;-0.10764135862857402;-2.10648968531904;-1.9369681387145576;-1.6109980984849466;-1.3898540780483044;-1.1576362536616258;-0.8721481319244301;-0.6844427435000076;-0.5018471648083545;-1.2766941611212796;-1.217965564312971;-1.2070413953157677;-1.0838424255468044;-1.0342741971563731;-0.9071764111288624;-0.8135540393157892;-0.6541067486763614
986;-1.504599614037466;-1.6483938134237823;-1.4656169382665774;-1.217539543485195;-0.8696007956757116;-0.6958216498658982;-0.49399760147258576;-0.21628058205036865;-2.2928783417868255;-2.0365624726098415;-1.6760692200232248;-1.4383599132642437;-1.1881899111408425;-0.8962149500575051;-0.6435073501922379;-0.3366481438257572;-1.7790315444744906;-1.6510785637095968;-1.5153779499295135;-1.274991084079339;-1.086726155337531;-0.9004850224423967;-0.8963976349811154;-0.7618607690328019
987;-1.2644171796523147;-1.5265129118463805;-1.4241755536477136;-1.347016002833088;-1.1915189913097717;-1.1549896507470392;-0.9892550688566327;-0.8271214997302991;-2.276527605971914;-2.0148061808276805;-1.6683396587794392;-1.4207607214416047;-1.1820288183537737;-0.9330683243369655;-0.6613241445085389;-0.3020053382414173;-2.0829789386215998;-1.9205706939417164;-1.7135759276536138;-1.4248217146458202;-1.1412459748614638;-0.9150440618137536;-0.9347713141345977;-0.75930593620819
988;-1.046146711576404;-1.3712003022439838;-1.3678098822820557;-1.4889934363553514;-1.5685524140203055;-1.691367466659102;-1.596895990773102;-1.5772660497742552;-2.1092165848177493;-1.8856947581102323;-1.6025869798641628;-1.3698933960939021;-1.1789060186544742;-1.0135727445154517;-0.7536206753643145;-0.3692584183736478;-2.171864183687583;-1.9886421845239604;-1.7418764390835877;-1.4322255943244047;-1.095937474356731;-0.8529779891675185;-0.861662771176048;-0.6531837307164472
989;-0.6713342330936551;-1.089984962384827;-1.1914691447876442;-1.5622815006252275;-1.9487619368884899;-2.1782978803048283;-2.239411787981393;-2.293979069533797;-1.549799395465727;-1.515053948848806;-1.4901587217120127;-1.4224449046843526;-1.3969925772795224;-1.4039735647116152;-1.210648678320447;-0.8694940021793646;-1.9816559931132514;-1.8428467739148398;-1.6520219119484219;-1.4087544928196956;-1.1511978217230165;-0.9768730733645701;-0.9738528952419104;-0.8165697949148616
990;-0.5244351750971187;-0.8723771424974383;-0.9680376865263752;-1.3581831410413943;-1.8199126488144097;-2.0423874586563033;-2.219360640421869;-2.2576417193344103;-1.1146404306420652;-1.2170587852413137;-1.3707109052934061;-1.438528320995252;-1.5200045634858341;-1.6154508793811093;-1.4781896878953191;-1.2000725186127357;-1.5727708646645118;-1.4904925933574495;-1.389976989222269;-1.2303863481887334;-1.1003944348350212;-1.0184752732460023;-1.026927300519465;-0.9679967136405135
991;-0.2437028127174829;-0.46536295452429766;-0.5542896477942686;-0.9017559928884724;-1.3500974503730137;-1.5420998682362392;-1.8212687158077405;-1.8708674800146639;-0.37175874423861305;-0.5634745494798507;-0.8498804856873159;-1.0563914003097643;-1.264643205463775;-1.5397446301755644;-1.5813478534515137;-1.4542297361868854;-1.0166372259992444;-1.0208208519926534;-1.007219175309258;-0.9666601499628367;-0.9699191504415839;-1.0064216903344996;-1.0785610998170112;-1.1574378755629913
992;-0.06715811872468963;-0.06072380689587281;-0.05150217138989265;-0.19052539807427535;-0.5310437442233366;-0.6578781854232262;-1.1157213478594694;-1.1022544579736058;0.06692229623513332;-0.14290446263051884;-0.584867448111663;-0.9612569705360188;-1.27603338727953;-1.671335507793835;-1.7901830155323997;-1.6507562122904238;-0.7727705339976595;-0.8065625841649158;-0.8224859229227731;-0.789143849080131;-0.8572183083098748;-0.946070897045546;-1.1044806785750152;-1.364697220373713
993;0.146543305018649;0.2814787036614129;0.3404308316843941;0.3333016271055126;0.1929906124358196;0.1327758409713231;-0.2501933604828129;-0.2572248435740658;0.3698018764710236;0.23469448362314302;-0.09533115853692992;-0.42093150336237145;-0.670502575971031;-1.059576396913016;-1.3735034344997001;-1.4774913377448449;-0.5115600662347306;-0.6347465577230296;-0.7467181261302227;-0.8494194274403803;-0.9832226170447508;-1.065140274038585;-1.0884865787934612;-1.2058887100836064
994;0.802725142669546;0.846904890787891;0.9740087661220459;1.0438400648641808;1.0693812896640107;1.0944259580537583;0.8195525953193672;0.8190415958055065;0.49211482776961274;0.4747974395447268;0.3394623182162291;0.16757898923512737;0.08212473507769712;-0.1534379238264825;-0.5944427765600596;-0.9942188421995491;-0.1815970675819603;-0.39061433822372055;-0.6069956420174519;-0.8769539893550529;-1.099874460459911;-1.2195457569059203;-1.1679461093075914;-1.0777262378016288
995;1.2411670223583833;1.2085436183190283;1.3463148809725796;1.4202701632833163;1.5366335917020009;1.5805178422374413;1.456193655448449;1.424549555291897;0.5402981418710114;0.6639566603051279;0.7686113018712334;0.7916821445198232;0.8675644235778577;0.7865993069961505;0.39859183089506117;-0.03403537493910068;0.1412355110545231;-0.04031160998718932;-0.20745489611940943;-0.45021450343217323;-0.5884814378312067;-0.6571850452669621;-0.6101405329680931;-0.4248688301160133
996;2.05343275645775;1.8352116610914335;1.946874549129444;1.881740761692702;1.9501612602686496;1.9696362792650521;2.0085663080533553;1.905181525925179;0.7941754629653435;0.9713680249794224;1.2435120913308184;1.4519622403972896;1.7084456867167193;1.8281077933304568;1.4289577321359976;0.8011293313939185;0.5817278411787787;0.3504488119335267;0.11344515568866935;-0.2535573959797268;-0.40654561661393485;-0.4459769540166313;-0.2661965056270446;0.20202178037518834
997;2.729573087647806;2.46156728989869;2.5445158877400456;2.357589902139409;2.2231673229144273;2.1279383290422254;2.1007014345820343;1.9530970721364371;1.054323999468;1.2322155621707003;1.4845396905371808;1.7402319530109782;2.027186740548601;2.257730434449898;2.1018634579071436;1.6930508493402163;1.0347541422840787;0.9269521919519257;0.8365976920191851;0.6058780990015175;0.5486259221154274;0.4427772007009405;0.3221449923834845;0.602642472551781
998;2.462406303544297;2.4078531097711773;2.472591217048259;2.375870724184386;2.270535230630285;2.176384803516324;2.1264209473014155;2.0102410471849046;1.5536864393294474;1.6829092068566005;1.8577550148575575;2.019769118007756;2.1698629388158333;2.2867653624626305;2.262355875269537;2.115148138097736;1.702995816628714;1.699262665013304;1.733637040590621;1.6533682254535123;1.6490683643989215;1.4975683982554948;1.1427268054804218;1.077017331304805
999;1.1882454731489804;1.7431236509207646;1.7603892856512404;1.8780717477988993;1.8624002198778822;1.7211539980961177;1.652297767074622;1.5399157741975416;1.959059070474214;2.082224926061396;2.138519813649438;2.116937613011407;2.036923914908054;1.9012227437513118;1.9738576847174252;2.14651789650979;1.661009302668749;1.762256387646654;1.9840673890115206;2.1165809810976834;2.2630279239778757;2.125208751224914;1.5342663343222345;1.0902543888588727
1000;-0.0987018506625984;0.9272525360476973;0.8690652058389143;1.0591320587609794;1.025998937886888;0.7902165333864949;0.7624697521720534;0.5938365320359731;2.1445726793249924;2.1493576392100846;2.064017013799674;1.902855072228675;1.678332440216343;1.4131750822071167;1.5192646719492413;1.8189204528917615;1.7391864355313373;1.8415717440572663;2.041943021477343;2.207618153580682;2.350747945091885;2.2726730663214436;1.8396656505939828;1.3871832392923136
