frame;kp_00;kp_01;kp_02;kp_03;kp_04;kp_05;kp_06;kp_07;kp_08;kp_09;kp_10;kp_11;kp_12;kp_13;kp_14;kp_15;kp_16;kp_17;kp_18;kp_19;kp_20;kp_21;kp_22;kp_23
1;-0.7031741010791509;0.1765111905490686;1.6469866551857728;1.4977154430439836;0.3502424333428334;0.6291000485438228;0.007594611749115937;-0.08893750127044703;0.026803116268557914;0.6284196995913311;0.10524225368364226;0.1540402750189414;-0.15756720562344761;-0.30017211477538336;1.1434096289952858;1.4656635883312767;-0.7430571586779634;-0.19725619502617467;1.0482973021125999;-0.5752252837616201;-1.0009791775796324;0.05696512929342295;1.9909866492132258;3.243061716276536
2;-1.126711101373279;-0.565107708554758;1.2152622873067371;1.6923665130158343;0.4913914059510521;0.772352779375706;0.20362942865025635;-0.15524923420771528;-0.602953233765251;0.5346917987527602;-0.013481416571647198;0.38051486133984636;-0.3226050336735654;-0.410294079093385;0.566089499363184;1.3001347744961735;-1.419174730593145;-0.3317034839558202;0.46840108525428203;0.16303192059119967;-1.2529576987999795;-0.6383310375654432;1.0480718052524627;3.1187185576174765
3;-1.5579743609361316;-1.1476931213077088;0.5699600969579761;1.6085568930521708;0.7631417594531632;0.785387879201389;0.43123339875204253;-0.10200289974959123;-1.2923144728352434;0.1949009585776737;-0.017423220473632928;0.45532050057938944;-0.3824147426212602;-0.3604788217156417;-0.07364571455680533;1.056034155333395;-2.011920255126067;-0.5595862198200197;-0.2618366877232735;0.8142640931471593;-1.2473487127149752;-1.1401308556826948;0.10938454881773929;2.5393691066296236
4;-1.942404532809126;-1.5223512990964787;-0.2102581456935843;1.2489531866891004;1.0785712284798925;0.6952265781599731;0.6527979468820114;0.06187085349941986;-1.947567904419754;-0.3446951460579386;0.04112731989936322;0.33892883793080975;-0.28874717793327315;-0.26316147901060416;-0.6143599238595095;0.7206075213319606;-2.447917452135497;-0.9549409770176664;-0.8958249747834284;1.0954516713507088;-0.963306618490094;-1.4083218187142614;-0.6987579255757527;1.590107479376514
5;-2.1846702707152383;-1.7142092637518802;-1.0046555420395127;0.6731257732986307;1.2960831394787269;0.5734673395162875;0.8221334342159352;0.2923288479548231;-2.4513825607685806;-0.9788126130413592;0.047400625019872536;0.08254360607619088;-0.0689033040511067;-0.210718603966551;-0.9201700452809679;0.2893381960402155;-2.6881067650387545;-1.488972966999601;-1.2835120856182558;0.8590806077367765;-0.45274869038526244;-1.4424547630913402;-1.296801296068952;0.44974477136882707
6;-2.1879022681017175;-1.7905914179387081;-1.675242372934688;-0.029080832875940932;1.2776759755794989;0.49803361104670923;0.8935160715630341;0.5287013509080196;-2.6820564034268615;-1.584363721889385;-0.1129421280042443;-0.20811104685486312;0.17526493911513125;-0.22894038643907402;-0.9387038818717042;-0.20797312273779542;-2.7022385076258977;-2.0351905529783;-1.4239979053692757;0.15927311728356985;0.14213480811966367;-1.27297342872934;-1.647986113784688;-0.6583041932238507
7;-1.9001446943365008;-1.8122457246506343;-2.106388463250602;-0.7618774555295451;0.9490037805680106;0.5064240580555283;0.8386074135325828;0.7151104469953796;-2.5483131784018314;-2.0549370645897764;-0.488312906070828;-0.43681532563153147;0.31300642321838357;-0.2751354346936449;-0.7231846683631042;-0.6951395053596543;-2.4477965859309974;-2.4251805765977146;-1.434940125741841;-0.7699893234793314;0.6130802435922136;-0.949783190081566;-1.7487182772795327;-1.532385970537045
8;-1.3455355591142721;-1.7936901790487938;-2.242877514041607;-1.4361517456935389;0.3333454042531989;0.5657349233698064;0.6630011166222471;0.8142297094885721;-2.0260224172537327;-2.315111814173428;-1.0277459540704024;-0.5711420262630187;0.2503454778463207;-0.27919775314578504;-0.40572980861712216;-1.064188565079961;-1.8767184812898219;-2.520863747825437;-1.4620480987874285;-1.616536930328468;0.7537901469434336;-0.5357248730072578;-1.6213974001902147;-2.048331026430734
9;-0.6250359156093069;-1.693906325486065;-2.10719995607032;-1.9717822651960255;-0.4550561915586145;0.578549737326874;0.4104836263359105;0.8094797790304018;-1.1780946726287016;-2.317093216273071;-1.595631428845067;-0.6555211998992626;-0.02113664566014231;-0.20085538804778535;-0.1345309392412484;-1.2151229282549685;-0.9727342473745126;-2.2644054290143463;-1.5819553990059698;-2.1236061300498625;0.44785122868957916;-0.10739378310582984;-1.311678536144993;-2.1827540873023286
10;0.11432753518266497;-1.4425016741970158;-1.7851082631697215;-2.298685984298593;-1.2527918524470614;0.42614125791847884;0.1475576737597289;0.6996692178679266;-0.14483840285076885;-2.0334564768854033;-2.024786740623513;-0.7757842737866358;-0.420020977746254;-0.06716937380284699;-0.007083040023680376;-1.1035427765348518;0.20198807195107915;-1.684758113388311;-1.7516497105708961;-2.191211761162833;-0.264792967692014;0.24250562398511338;-0.8866539584731209;-1.9987363031308472
11;0.7287433708548128;-0.9875116204434753;-1.3842231504376097;-2.3651211030203014;-1.9027971163168975;0.030287687305044858;-0.06801722869867881;0.4937269147467683;0.8937584370570484;-1.4595202917515482;-2.179382099925874;-0.9960935652276925;-0.8174220463812718;0.033582677766032035;-0.03380406864912066;-0.7709444895438924;1.4839239512956777;-0.8673900744621276;-1.8291460541776643;-1.8978484895999785;-1.1808556766769527;0.41232464800504354;-0.4291671032577381;-1.6063087779468983
12;1.1249347882280911;-0.3392003699714505;-0.9852950003667507;-2.1538167348209756;-2.298376901539505;-0.5965556303206019;-0.2193729416415472;0.21040100001466566;1.7682698337418252;-0.6281231539130545;-1.9976259026120093;-1.3051370258755277;-1.1015077132415378;-0.0006344160294431966;-0.1495784276778314;-0.3383699480222489;2.632842251410763;0.08634624770088828;-1.650309134519669;-1.4361552912572875;-1.9990714205402267;0.3162489840989458;-0.02644006960293871;-1.1194755548412472
13;1.2867771031533524;0.414237054728585;-0.6109063744326015;-1.6970113001461475;-2.399869007799395;-1.339072600225392;-0.34395076693730653;-0.11876746342682447;2.3613426046718904;0.3736273429688177;-1.4987927518884065;-1.6032769978462849;-1.2274173456778814;-0.22393064155257147;-0.26416298203958105;0.038136105845457166;3.4022103270875443;1.0829435226472166;-1.1179293947320055;-0.9999519832897525;-2.4351025072855346;-0.07656842620194321;0.24457792521131272;-0.628551514739349
14;1.2718804611115504;1.1291080799705735;-0.22821174984485024;-1.0776150055364686;-2.2241548153541078;-2.013264169775163;-0.5161655139302914;-0.44983132963647954;2.625101047566498;1.4022086728397976;-0.7601278948202634;-1.7393577016106205;-1.2250633114314604;-0.6026797630470205;-0.320999654927507;0.23124255079317285;3.6262932094661524;2.0333534626431606;-0.25615163276979136;-0.6833907677459159;-2.3356846299070537;-0.7055028437656888;0.3306919432053355;-0.19451170620902425
15;1.1811807022802374;1.657592119592673;0.21553283597769465;-0.40911615640522975;-1.8204808603858849;-2.4325614693267474;-0.8035077007480855;-0.7358385511335285;2.572676315567191;2.2810584224908843;0.11636718023358321;-1.5785235755820894;-1.1624535548086516;-1.0215364969930034;-0.32999566523765844;0.19447440845382552;3.282406583567133;2.8347397584577276;0.794298425669776;-0.4439008214978584;-1.7382379013590075;-1.4083979291296367;0.2117069953809948;0.1412839837154624
16;1.1146413302873788;1.9043159358928996;0.7439563360203615;0.2009777802910877;-1.249393113849971;-2.4758557111119837;-1.2166934102540792;-0.9440441001756122;2.255046412508697;2.846000522211533;1.0269929010127432;-1.0661391362064359;-1.0884005720551453;-1.333116259037937;-0.35558286438685677;-0.02350655157585545;2.4970541188141184;3.3621442604681033;1.8314157092212495;-0.14477282067246408;-0.8464703558376279;-1.954945670323302;-0.09458579615331693;0.3456090354634763
17;1.1303435121749765;1.8617943858322792;1.316620604229903;0.6878324563654985;-0.5744166709769243;-2.127207703670724;-1.6812500458808504;-1.0716785650169844;1.7390899861776077;2.9950578239397005;1.871312206127738;-0.25628698445651904;-0.9904461639694748;-1.4243468469619283;-0.46781901286727434;-0.3096474933657711;1.4924507762120918;3.488953065980672;2.6643238492895702;0.3494930593987489;0.0667257104542304;-2.1207866540534748;-0.530188861741956;0.39137908293747903
18;1.2217688411349432;1.608658289982837;1.8291246249780495;1.046664066984469;0.13573335216229726;-1.4719243049674384;-2.049897572650352;-1.1480843815488617;1.0971762836182875;2.7200516094311276;2.546720075104536;0.7066057273465436;-0.7946766245253939;-1.2634025863387182;-0.6861922941226596;-0.5457047966062232;0.499781853211612;3.134469229314992;3.165974549797343;1.0785979995771688;0.7814488258961774;-1.7762203557476173;-0.9977718241383454;0.26748619960822506
19;1.3207009816319;1.272216162300353;2.1509804321548334;1.3198337682041095;0.8048815516715562;-0.6553634223771485;-2.1552851215852047;-1.2167263550817122;0.40732973574399656;2.105178102744142;2.9485703864438904;1.6399192856000138;-0.4093522143777963;-0.9028885382275205;-0.9504647561632464;-0.6641448072216263;-0.31906537894828113;2.315062565737016;3.286751194751941;1.9432403992759073;1.2178923949384215;-0.9496602021013529;-1.3687397582445475;-0.0063965211586275855
20;1.3239418682124293;0.9730488965270037;2.1835719061784995;1.5589080912625426;1.3568339665324087;0.17245438806557678;-1.8811771432746554;-1.3027353471832772;-0.2458920416128702;1.2939370702141284;2.987346358759308;2.3806062528637693;0.21157295939681386;-0.4404563823956868;-1.1376119101653919;-0.6711467402205638;-0.9066971811117811;1.1668956810524915;3.035243961081508;2.734520199622625;1.4466925631756493;0.16831348173788893;-1.5043800811624215;-0.37080241813502973
21;1.1340455146940205;0.7764711856544294;1.9089581905435271;1.781839507296253;1.733526159931552;0.8999934082018435;-1.218822454650666;-1.3831131156370817;-0.7799974034198678;0.44095905845985783;2.620493350354094;2.8222928567917736;1.02101442444482;0.03774833747969712;-1.117500096676779;-0.6257643220035565;-1.2925461906249642;-0.08033670927244935;2.450057399792671;3.218439225726576;1.6208849176623519;1.2893565383366743;-1.2921996849573052;-0.7310216363291371
22;0.699796723896744;0.6711603077495806;1.4039459484107586;1.9499461006297867;1.914449505550527;1.4692320133192833;-0.28074696493589957;-1.3795821947534084;-1.1344239533509737;-0.32920722742731423;1.8828010614178194;2.9213872739452786;1.8749739093713635;0.49658829169390484;-0.8176353153531329;-0.5891754642013709;-1.5404820718498375;-1.1736584140887736;1.5861229114704762;3.231135431774392;1.868402801034415;2.1360966860027277;-0.6902807068716995;-0.9758391715554363
23;0.042328569873549916;0.5821293475982916;0.8109772888340441;1.9799297011414998;1.9235577290332795;1.8639821940102945;0.7357190440887373;-1.1847591879189607;-1.2923300666549433;-0.9410294351023263;0.8951571222636261;2.680989789214224;2.5763374187017036;0.9516453598452262;-0.2619354077281861;-0.5749934144427842;-1.6953703260346382;-1.9211400515564026;0.5226937115419391;2.7389197815791646;2.203701648752514;2.547037573071525;0.23754802577139894;-1.0045259930830237
24;-0.7425187923682958;0.4102265083380477;0.27904964051374004;1.7871837388884673;1.8153592112156658;2.0865677131581957;1.6185924781491154;-0.7145811196796723;-1.2893604311901168;-1.363483519564563;-0.15952145758250658;2.1318947637640786;2.9450293593773758;1.4311207436013176;0.43700692063397795;-0.5310233479061202;-1.757828410912658;-2.250981135978867;-0.6199193757509291;1.8395666480507025;2.5056743238797576;2.52844158154754;1.3164821783262532;-0.7536061341116986
25;-1.507070079329702;0.0802173076145585;-0.09715169213298926;1.3384002605832226;1.6444961064870174;2.140636709833562;2.212769502733687;0.03675312312637907;-1.199193704183153;-1.5934726614310326;-1.0872779741684764;1.3263202515377257;2.8806674576857394;1.925147721242947;1.1268201119585137;-0.3647797672450318;-1.6963440316983953;-2.218086486040461;-1.6777501498797653;0.7133265361859161;2.573106233943286;2.2283605159615365;2.2982201095089847;-0.21654891193051568
26;-2.0926684790546535;-0.42211265084940786;-0.311054903222771;0.6844679754378349;1.4349134177200231;2.0294471950474113;2.4615928996037337;0.9685709702002265;-1.0988230190985533;-1.6420452605640303;-1.740095934114915;0.34597103575293386;2.3900286552156333;2.3558501852871867;1.6777894294779012;0.00030008134631014094;-1.4830535487227037;-1.9578679543493207;-2.4704073993428652;-0.4445691444917103;2.2280495681027004;1.8463632573078863;2.9355910063319706;0.5472220234775468
27;-2.3747636243708565;-1.037132827908513;-0.43572636828530253;-0.0465314621092477;1.1676286729382779;1.7659581319095436;2.403699594224715;1.8912696060705814;-1.03006179172545;-1.531569408403419;-2.0540418733135253;-0.6881642124798273;1.5718722247656292;2.589827094387365;2.0252249255118686;0.5692569701704038;-1.1272154004340909;-1.6137164004478495;-2.8539432158648843;-1.4752859618912149;1.4133680930278738;1.5252361567292023;3.068377845468258;1.4155446867383055
28;-2.2968416052569034;-1.64578234045966;-0.5785714438453584;-0.6959212066914006;0.7970956842039336;1.3823701169215468;2.133190233667489;2.5868647786759777;-0.9786604945071959;-1.3006308574493581;-2.053351214334668;-1.6213750278240837;0.5735802307033573;2.490271805651588;2.1714807295469845;1.2525845900414316;-0.6847815087161943;-1.2761475906780646;-2.775490490416521;-2.273569710536559;0.2353800844852182;1.2804339535498361;2.6834190640217694;2.22025641302517
29;-1.8820392133684634;-2.1044322186236264;-0.8218274160628799;-1.1389898431205001;0.28959984021658775;0.9278854979932397;1.7477941691816672;2.887595053835057;-0.884456470479118;-1.0057583466220728;-1.8226435268546013;-2.2947699461333273;-0.4547391334736553;1.9829019439420015;2.15176814007227;1.8903394869959251;-0.23917166381274993;-0.9621311773422965;-2.299464660271223;-2.776470267915387;-1.0677624546394946;1.0036155386021284;1.9187719941095471;2.778371908937981
30;-1.220008201304923;-2.2875629239382276;-1.17694911329667;-1.3354006034574784;-0.3373837443175002;0.4531300490342358;1.311845109253876;2.7371123371677926;-0.6788986173234686;-0.7107221350735738;-1.4645004806396023;-2.5913163104415444;-1.3877401903583604;1.1014195721944788;1.9889273622701906;2.312328617609531;0.1338133371339928;-0.638841803489101;-1.5871816557726042;-2.9452407140484183;-2.2134979025142303;0.5378875681706866;1.0054245705660252;2.935440463065135
31;-0.43623148208137436;-2.1247257629542475;-1.5729580188901118;-1.339674215458748;-0.9992126219480677;-0.009130038570669255;0.8487233702474013;2.206166335336381;-0.32994739320986444;-0.4640652216719052;-1.063993159525814;-2.477622777911537;-2.1289048373959614;-0.01119589943256584;1.6677269866704458;2.403942819589641;0.3958306254632621;-0.27144566872860665;-0.8358568974721425;-2.7611372174164512;-2.9739714685391694;-0.2153854045625273;0.17021599339643106;2.612278078497364
32;0.34276952509832026;-1.6213996860831419;-1.8822132969473402;-1.2660447267444754;-1.564792418361137;-0.45271770433753894;0.3590840670486818;1.4565485044291488;0.1311322666839782;-0.2766804600400036;-0.6738722853595552;-2.019139842993019;-2.6023133619182803;-1.1461516311243432;1.1462028137594742;2.1448686830690584;0.5548144216586631;0.13655586305868436;-0.20514116640414848;-2.240470213085055;-3.241700437340881;-1.2151925151213427;-0.45534314534958553;1.8394310761533976
33;1.0149927189029846;-0.8587843467540298;-1.9704724191490184;-1.2252674892490234;-1.9072901940700917;-0.887663002331431;-0.15238781513499056;0.6720170763946165;0.6171565680063643;-0.1152806455122203;-0.3199171971704291;-1.3582929916704525;-2.7493637562549154;-2.0953513718773116;0.3980520890936896;1.6035971799765385;0.6510310132049802;0.5341314308153724;0.23354632898958497;-1.4558304508909194;-3.038543116405445;-2.2689165877200477;-0.8760944647796104;0.7620087418380589
34;1.5122481621180748;0.02639977123353989;-1.749151900377717;-1.2652005990070267;-1.9602355585502806;-1.3149695601360547;-0.6605399154445064;-0.010143516743047837;1.0232631411921458;0.07944204348045286;-0.014655761388536637;-0.6637293898354801;-2.5405883267973435;-2.7099431099698554;-0.5398271811522558;0.8950885157441868;0.731650240600864;0.8476262728939088;0.5019892616601336;-0.5417785981494028;-2.475636980697069;-3.0979930371148416;-1.2034071441824805;-0.3949398746776225
35;1.7953378014699695;0.875708407968253;-1.2093686495490334;-1.3448445856011515;-1.749147424313761;-1.702409160082357;-1.122537096105269;-0.5359591479834865;1.2745735585076419;0.35585985784008173;0.23400505796427531;-0.0735433101927644;-1.9979658541054783;-2.9277010546251407;-1.5452146918021425;0.12810611489319806;0.8291636755260584;1.0220150320079422;0.6763298288818478;0.32949539385254334;-1.6943542664263347;-3.4497844078202275;-1.569607155941863;-1.394371409061851
36;1.8443513285170108;1.5464328024554839;-0.42721228348551665;-1.3544103965427767;-1.3800723424563934;-1.9794751502157766;-1.4946790691838545;-0.927242846341793;1.3560051721436974;0.7148131337905884;0.42480813504073345;0.34237631334119534;-1.2111490783413557;-2.765047379928577;-2.4311758178013667;-0.6280687427073548;0.9527948274482944;1.0521745066718726;0.829239181298947;0.9984007351122811;-0.8210953710701884;-3.201620394868334;-2.0314053919758623;-2.064836663694602
37;1.654364148381034;1.9420036439482733;0.45800630092115135;-1.1710522992736039;-0.9887252211375445;-2.0598827430935565;-1.7491524548961581;-1.2402920982159706;1.3073242538103897;1.0953275812563938;0.5703815709772875;0.5868492833420198;-0.3303284394221018;-2.287888776314258;-3.0033334449759437;-1.3418067838150258;1.0913325654808508;0.9855034031467028;0.986103844382674;1.371836534119112;0.047008614941907445;-2.4084816337367494;-2.5143885050487946;-2.3547951791964277
38;1.2412906712996559;2.0271596887348924;1.2817532538583538;-0.7229521121424813;-0.6753174261702815;-1.883286702080377;-1.8782751211161177;-1.517134290791276;1.1873139311572782;1.3938892350035965;0.6983705179833923;0.7103863267277133;0.4698237242463417;-1.5827363307135294;-3.127663384991132;-1.9888786375912644;1.2188196989278894;0.8952963024991181;1.117545960493682;1.4528623038173232;0.831094392825962;-1.2754788030504742;-2.830712678776509;-2.337092587603493
39;0.6538198356891101;1.8251204780070678;1.894831606623133;-0.03161340880362034;-0.4587462632109161;-1.4541860320431352;-1.8842126605923408;-1.7559605849882227;1.029805615714386;1.5097156883176657;0.8389474338799694;0.7741470080001773;1.0434865666872706;-0.7428719331036681;-2.7770787516857203;-2.517962180255729;1.29608308268984;0.8412613617850471;1.1680246560137122;1.329307447680983;1.455049486635029;-0.073512340645383;-2.764551754704253;-2.15851727428571
40;-0.019312720370301906;1.4005149446064695;2.1953673221391155;0.7860219327609814;-0.27449623092368713;-0.8542907495282585;-1.7637627221544931;-1.9134417082670272;0.8197383687514169;1.3925744625144383;1.0021741080214814;0.8210049030178241;1.3206602239764151;0.1305324407835083;-2.036536513386231;-2.8384564511585775;1.269261229206125;0.8395407711377619;1.0993902452263418;1.1261638555018534;1.8454265243833212;0.958389750333604;-2.184006988513726;-1.9565623372033907
41;-0.6574890302464877;0.8367126013693486;2.1462375397514997;1.5545975511198726;-0.018032302972575992;-0.2172255005638913;-1.5023457755307408;-1.9324503651244616;0.5056533949645813;1.0667394212694103;1.1590369381662344;0.8660129502146445;1.3250592017176532;0.9249708586165009;-1.0677853162844777;-2.8432714215522243;1.0740560734941242;0.8571023434717864;0.9210750105129921;0.9462226339219557;1.9519991142179856;1.6795869960431042;-1.1230712825705542;-1.7842630386820661
42;-1.1351948808451178;0.2170959316812084;1.776826680288929;2.0984719144369404;0.38838792664474475;0.3249568193788711;-1.0853329750707592;-1.7755910113780144;0.04272971255174583;0.6172941048834261;1.2416975580947376;0.9039252565780245;1.1540591064054924;1.5253671583944919;-0.053863019283265784;-2.4575367833686403;0.6542647655296556;0.83031043138919;0.6885268786045031;0.8293482159658829;1.7762553380453763;2.060199072423504;0.20888051742017255;-1.582902923712737
43;-1.360110729917192;-0.38391509284340924;1.1712127633968965;2.296137711009969;0.939989303515824;0.6969922244316495;-0.5219839790411925;-1.4447053919161863;-0.5591296223810257;0.14639345394371928;1.1690290905567229;0.9219994750265728;0.9308172334562801;1.8398764434026185;0.8500894647909206;-1.6874247334940562;-0.006331012710343378;0.6947328008629925;0.47174228761280457;0.7495524846342315;1.3862315309006952;2.14667186751756;1.4968010716910485;-1.2199054833831957
44;-1.3060968451397426;-0.9007778312777577;0.44669623346085485;2.111305197710532;1.5338535054767242;0.907788750885389;0.1338230871279253;-0.977897806667329;-1.2125275326375535;-0.27525174945201325;0.8878735798018051;0.906561837203277;0.7520540875754803;1.8330086705809048;1.5414502647975403;-0.6412304252391363;-0.8526549201516009;0.41013788318970285;0.313829572715589;0.6473515784166343;0.9021872839337486;2.0098880022444225;2.4365610436572798;-0.5755547847127719
45;-1.0243794914926623;-1.2740472806405105;-0.2721915825964159;1.5937854869233854;2.0021138992574095;1.0339336602874774;0.7832167929496917;-0.4305091111475777;-1.772169870914869;-0.6333336279795698;0.40847705520103206;0.8403920387358053;0.6554255992128081;1.5469897587352979;1.9686061949939644;0.49143085206196885;-1.748433791093808;-0.02844218761898873;0.20489568461982463;0.47554252720966217;0.4548975728651332;1.7079018782398077;2.8440458860661786;0.3653226034303681
46;-0.6250045630458795;-1.4526767740240227;-0.8781935120337856;0.8562681906360105;2.1784604414100794;1.1666737907460587;1.3089965565861237;0.144699669886382;-2.089765313862964;-0.956936517403473;-0.18733823062379787;0.697892303782934;0.6183447004839266;1.0949017471738487;2.1160930612787174;1.4949246934671052;-2.5023688520747074;-0.5919592824546598;0.08676138636125513;0.2306678039888022;0.13580950429054703;1.2797137235104947;2.7082336320101033;1.4665582031291458
47;-0.23465019996869857;-1.4051555666973992;-1.298510672080979;0.04020725891818183;1.9667932698060209;1.3502258578680069;1.6194072692001071;0.705157215489917;-2.0763201975419143;-1.276217093696999;-0.773167134593222;0.44857949234369354;0.5831026826471506;0.6229987612958892;1.9929200946647165;2.1928048484342586;-2.9270307347188345;-1.2227597563641233;-0.11427927188628079;-0.04704609286261838;-0.03516680425879888;0.7637227874598003;2.169422323207302;2.4683543091732854
48;0.05108425772343457;-1.1358971511895644;-1.5009198138595727;-0.7164617007482563;1.381249771783401;1.5452750854449502;1.6865130980536474;1.2118460360347472;-1.73878569714264;-1.5779589701489105;-1.2282889093814409;0.07366773845982019;0.49109290406168876;0.25672773769660073;1.6327547983082282;2.4946636066090133;-2.906964756675857;-1.8379016505056767;-0.4450154886422914;-0.30242884830512673;-0.10724324866699611;0.21895668253343398;1.4408680725961462;3.082066444706866
49;0.19940011159684085;-0.697073306449513;-1.489010805777378;-1.302581233082111;0.5419795796232773;1.639178772208562;1.556614329215077;1.618041761374093;-1.1719094435386175;-1.7887250517926037;-1.4850243657168205;-0.4107847028344976;0.3080359774510846;0.05512817562078645;1.1015961284254645;2.4074120252084565;-2.4429616716701603;-2.3319519243981803;-0.8956254570349994;-0.5025888631892924;-0.16371696423363222;-0.27237195066006936;0.71702577823513;3.1096192388516695
50;0.24198998883849454;-0.18529578658093437;-1.29096502318337;-1.6468757861744445;-0.3677908030541311;1.4999936656721369;1.32398162078857;1.8671911022353447;-0.5111280919707797;-1.7997436644249496;-1.5474171857887107;-0.9393045667341495;0.031351413982325965;-0.004841240074397117;0.49972431091444197;2.0124544346148245;-1.6482908441028163;-2.587420801872502;-1.3964500531804303;-0.65799462264737;-0.2741905128288424;-0.6275914362490154;0.11234709300994677;2.5307885742200646
51;0.2473999390447153;0.2813597334382988;-0.9484817711987907;-1.7229610025297484;-1.1616978393435964;1.0480289966463838;1.0797216796015734;1.9072882366721846;0.12620182270317526;-1.522702331580653;-1.4713080914462442;-1.4050575425509817;-0.31681089326260126;-0.007383361460157556;-0.053658792879809784;1.425711565288049;-0.6969112612420876;-2.499817780611356;-1.83984256182891;-0.8134467051114855;-0.4600971480754641;-0.7993197950292362;-0.34715600211707176;1.5160001171848558
52;0.2791593029759407;0.6001461499864877;-0.5109880544745996;-1.5481700551820672;-1.7016023196479575;0.3087798550067257;0.8630136450831524;1.7163495313341717;0.6786322859570901;-0.9459824640269919;-1.3183636098622693;-1.6929553420608012;-0.7000793947312155;-0.051956359957558026;-0.45344240052282875;0.7616770260455883;0.24977552421304194;-2.014607387000942;-2.1137101500567304;-1.0138209689194704;-0.6906081684394116;-0.8013922259118953;-0.6879811279073053;0.3583839972393418
53;0.3612671654317757;0.7194150993692907;-0.035628486975992184;-1.1766189639783642;-1.9232993815790491;-0.5799738228942227;0.642679809587534;1.3232137615304105;1.1388342194213275;-0.15850781011629086;-1.1124421822769712;-1.7245697533189273;-1.0729455390709552;-0.2054918659018505;-0.6460936710676977;0.11481047896889948;1.0980767729351664;-1.161207408270985;-2.1309775309119856;-1.265009426344003;-0.9075752073522294;-0.7064806203608727;-0.9393035670426411;-0.6420658388228968
54;0.4678806336074167;0.6564067669947244;0.41157098070199716;-0.6865730905300195;-1.8341240205871037;-1.411343591317397;0.34160930574503157;0.8075106755013909;1.5182571915158811;0.6747345062975878;-0.825898237686623;-1.4918977952059969;-1.3799072135380996;-0.47465307439518756;-0.6517432921675695;-0.4421209864998008;1.8291214562258444;-0.06380635933139561;-1.8461188014529244;-1.5136447941933695;-1.061489160677266;-0.6133519896843705;-1.1019647763296823;-1.2874943860330519
55;0.5407916793214718;0.4870081594668707;0.7600817450743976;-0.16384279026370702;-1.4922858192963342;-1.9827866270235472;-0.1071216829157284;0.2735866499111667;1.804921245978977;1.3747500243231365;-0.4057632284753372;-1.060443793256637;-1.556182487325577;-0.8077289716929155;-0.5561841970317764;-0.8535234567136059;2.456151363302955;1.0839255372271315;-1.259898865224966;-1.6585782804153961;-1.1353761351451188;-0.5999138041878288;-1.1522242217160437;-1.5358749589155656
56;0.5237595429207104;0.3105257547018294;0.9486557618193963;0.31466027298592486;-0.9820159599543946;-2.166350680589175;-0.7023774265143062;-0.19070536786268932;1.944957134655515;1.8163699437222105;0.17481376926675277;-0.537969883106965;-1.5385893754414606;-1.120081234911357;-0.4729101836374274;-1.081956681144129;2.9611609043496965;2.0753457482379996;-0.41910862012664324;-1.5894355974690957;-1.1427048990027437;-0.6869441923823798;-1.071955258261981;-1.4811184596510578
57;0.39473150442159466;0.20518205451072308;0.9456637851069533;0.6922491757191384;-0.3945809947931572;-1.9459287779347516;-1.3482989832188164;-0.5482547143313072;1.863199121314906;1.9670097521381462;0.8713303092582403;-0.02487701341736906;-1.287944250747572;-1.3270072894620524;-0.4914392366456354;-1.1181563040350118;3.255087835214775;2.7552030297022743;0.5840454846666465;-1.2333484381478101;-1.1027179988181206;-0.8314556623615711;-0.8802157345245099;-1.2787414256308545
58;0.17940568969460863;0.19536129386908307;0.7665076975689009;0.9358277332034795;0.18264176746911298;-1.4095141739994894;-1.8767299849506598;-0.8194018640885576;1.5126806373621908;1.8783239559390954;1.558952666098487;0.42634425827496364;-0.813653963779069;-1.368249921712002;-0.6362206697751913;-0.9928440414764301;3.194405076643662;3.061212537626474;1.615311070570353;-0.5878900667947969;-1.0113098878300621;-0.9517619119492232;-0.6414059397562444;-1.0609137563741404
59;-0.05942703243557991;0.24629496100881607;0.4766691850693376;1.03262372642568;0.6728030363447159;-0.7060626206458137;-2.111196062988349;-1.0550883666353563;0.9227413044094404;1.6395870291232086;2.0702129328288947;0.8195039588040144;-0.1850326729658831;-1.2172483456962955;-0.8556261552975031;-0.7775967464753191;2.654000438223938;3.0223432525476452;2.512173073188381;0.27300368828166377;-0.8287119121914467;-0.9687798787303014;-0.44133328978223807;-0.8845042529857449
60;-0.24927777500663142;0.2882639280609028;0.17400633704473212;0.9851184958379919;1.0164919111959054;0.00925985662022889;-1.942786530922545;-1.290202445377253;0.21321972704324488;1.3227369160719866;2.262903195653684;1.1864379779411172;0.4821827417206009;-0.87874193274956;-1.0454902416485818;-0.566221360204549;1.6198757186407173;2.7166710593605696;3.1134986971311407;1.2189986883563844;-0.49505875747663985;-0.840288826845501;-0.34379647704135896;-0.7325881481633367
61;-0.3367751484470097;0.25748078517562634;-0.045819716288941145;0.8091727951899652;1.1798657845904805;0.617133037152367;-1.3814074074552918;-1.504196808221675;-0.44001664107988436;0.9519890162767196;2.083202331984775;1.5398859695890927;1.0626256295898056;-0.38350532781177343;-1.0947814288261464;-0.43976351976435246;0.24710427964230958;2.2151191964408525;3.3008286026451468;2.096889505206334;0.03228531180618868;-0.5710067859717989;-0.3534977323350061;-0.5581156698314592
62;-0.30387786621626134;0.13247926752690636;-0.12678087472699978;0.5366553612463638;1.1606803126895135;1.050487239304212;-0.5578498669277694;-1.6143365645231957;-0.8750337145032303;0.5141967574965682;1.5901376898785486;1.8379670996829545;1.465323579209068;0.2137759760629087;-0.9313826966271663;-0.4301585193105609;-1.1589410067835786;1.5464528367466188;3.036130206791283;2.7630399699614347;0.7396052898238512;-0.19712439206967053;-0.40830271423919584;-0.3362668503262623
63;-0.16633495024259237;-0.05247979890361233;-0.07488561156679142;0.21863715141435724;0.9876845890013697;1.2876761456746133;0.32364939600255377;-1.5100430954367843;-1.0142640909062388;-7.309715739775569e-05;0.927979877739955;1.9853558206859618;1.6622585278409947;0.8349457442257804;-0.5482301253533339;-0.5017464364721967;-2.2416159592310683;0.7066011583696801;2.3769495173579362;3.1061031992191506;1.5382531701882614;0.2406110603911951;-0.40709825556320256;-0.09112670678806103
64;0.04013515380871309;-0.22325935468411365;0.04681667052823267;-0.07771981722382347;0.7117280525591911;1.3353248948973633;1.0591733942691575;-1.1135872949771912;-0.8976947142715721;-0.5545225305622774;0.26154106671217436;1.8751745460834406;1.6854745775689126;1.3842394967504255;-0.0018670286564801825;-0.5629675352710849;-2.7316374450025633;-0.29247217184184243;1.4578145869605483;3.060034181284172;2.2786786194014956;0.7154532972057974;-0.25907664720901924;0.11838070676164326
65;0.2745981633731761;-0.30209285453728846;0.15003183766504571;-0.28327110733521066;0.39171064179711534;1.2145583280087482;1.5113454689284966;-0.4358843464928706;-0.65976098139125;-1.0550999085458035;-0.29073809384404;1.4506924372186691;1.5940230412376988;1.7654792403638924;0.6106027310828934;-0.5057701650748491;-2.5594527892775534;-1.3665232164902725;0.44354032661092296;2.612145937318534;2.7924508528691367;1.212218906194473;0.0716141080942421;0.24146454267143863
66;0.4973332852407511;-0.24539619165388704;0.16531200857286082;-0.3498471347959123;0.08152685881300087;0.9569381252649223;1.6409319442462373;0.40388176249283364;-0.46081973850127406;-1.3805588160087;-0.6910900554538372;0.7519593082746024;1.430066047375135;1.9086135611743582;1.1819106946602709;-0.255712073018088;-1.8844304517248256;-2.337302528765877;-0.5238090093821046;1.8090162873207831;2.944061598816445;1.7064116362984856;0.5485601632528034;0.27734198947379424
67;0.6668406276750357;-0.06457989297172603;0.07670913521406607;-0.2723207878391466;-0.17696936366697302;0.6069885857924899;1.4961350385797718;1.2088740785989687;-0.40853887478005113;-1.4412141779328578;-0.9691809362338276;-0.08157626055640038;1.1910509958704547;1.7944669548892134;1.619034186286614;0.19038395539082395;-1.0237484595157025;-2.971405892466621;-1.357681792800534;0.7571521724167521;2.6709533391853544;2.1409832010424346;1.0797743381817495;0.28698941739907513
68;0.7348223296353567;0.1788729493503007;-0.07084788702356855;-0.09692231547450696;-0.35450598091233676;0.22307681870725815;1.1726554220569365;1.7740267845648525;-0.5098249073820058;-1.2322492059747703;-1.1743307752911676;-0.8581829395362038;0.8364362826047627;1.4632740284493808;1.8560034998475166;0.7565804575671427;-0.31391150525719924;-3.0714024522129506;-2.023850682329443;-0.38856198449354035;1.9978795740973028;2.4201140732130613;1.5562634765608583;0.3645723725707915
69;0.6494335061521133;0.39926120259288456;-0.19576803798456355;0.09255406259587085;-0.43259689000571067;-0.1296470808427807;0.7688454726420306;1.9627468746178283;-0.6771077441303129;-0.8483735763500576;-1.325661961821107;-1.4087956395721886;0.32695946826027306;0.9988959273714455;1.8578441726596593;1.3126883693405595;0.028561854065939973;-2.5770113277140765;-2.507163356278761;-1.452852963047869;1.0248862854743117;2.430316333345381;1.8899144159826575;0.5832521953749339
70;0.3720593293586226;0.5189735377876153;-0.22365940925549735;0.20817601465328203;-0.4046773423002362;-0.3938050941638877;0.35731576758113703;1.7554909793817168;-0.7834094206798531;-0.4472040832398272;-1.3922305173467333;-1.6518148672433086;-0.3263834534915935;0.4938875679478775;1.6217973246722317;1.7195293205833388;-0.01838394723100864;-1.6209657995245457;-2.7736522684709417;-2.2797953861164237;-0.1009847481813852;2.0830513826244164;2.031667222056854;0.9460524642664342
71;-0.09727426293375027;0.49187097342800323;-0.1285452720633672;0.19689885447617284;-0.2818941355257577;-0.5350920964458555;-0.019205424122175116;1.2490876336674934;-0.7350048212516622;-0.1778291393614255;-1.3153645906845939;-1.6148066274101271;-1.0348825535447013;0.012877732368088812;1.1790422814335555;1.8742235524085886;-0.3036927992485581;-0.5016621884918714;-2.758171303832388;-2.770246664757945;-1.2170625552940562;1.35946600603723;1.9653767482308335;1.370277375896828
72;-0.6995824372277039;0.30983444811735955;0.049655199462578514;0.06579687182691392;-0.09944855807056441;-0.5501752287727284;-0.33508865190692505;0.6101524665428131;-0.5225185138113062;-0.11171608813461753;-1.0582772360132353;-1.4037362057244271;-1.6473888870432911;-0.42530854367223275;0.594336462614481;1.737712245027636;-0.6019035022764705;0.42455525022228935;-2.3930298376052206;-2.9003310160916236;-2.170738238732128;0.3347433779308892;1.6886152220346187;1.7152896854036002
73;-1.3167955336754353;-0.004812733898003532;0.2203031146270773;-0.12096417334163997;0.08424553680148947;-0.46331676985924686;-0.5673336317728146;0.00742861985155667;-0.22466780449430523;-0.21312494313631428;-0.6500425013606879;-1.1390966488338117;-2.0058599573823854;-0.8359098532597949;-0.042221419928249404;1.3373568052028009;-0.7331436657215662;0.8857866560463128;-1.666192139177553;-2.7119992511504667;-2.8379899932257886;-0.8313220771715573;1.1990155874021204;1.839545112724049
74;-1.798837324730733;-0.41121072016236754;0.2821890215230117;-0.27421686857308913;0.20128751759430796;-0.31456390741476126;-0.6918492406716058;-0.4446470706919212;0.03468436206431193;-0.3650884091640855;-0.1932658083666658;-0.8956574182002301;-2.0146994879950633;-1.2334496381374704;-0.6342950287851147;0.7494916506019178;-0.6421091992616501;0.8047378501053627;-0.6742894384922735;-2.281356656220728;-3.1376149382747878;-1.9348597509541796;0.4993073205102519;1.6575531068854517
75;-2.0110354648838786;-0.8568800267108123;0.16878934057368766;-0.32622226948108424;0.19908559450559837;-0.14673854096559474;-0.6926931448707994;-0.7082865414765019;0.15102152579816702;-0.43660824399219667;0.17384295830661534;-0.6786265808978476;-1.6872610774039;-1.5956331877812846;-1.1047792712285631;0.07375463802408554;-0.4006169773418883;0.32291589079539623;0.3687443468322718;-1.6833857210283159;-3.0429340737803545;-2.7828157214300644;-0.38024361846623644;1.16920344669603
76;-1.882825778928061;-1.2773727721867723;-0.12273093406384739;-0.26791860000542556;0.06570219303435537;0.0024094972102123163;-0.576218851130345;-0.8076607464305356;0.09068332561673718;-0.3542162289460512;0.3424207298556887;-0.4463098519274569;-1.1432675570761142;-1.8506626656448588;-1.4163157429609168;-0.5897038871997952;-0.1419682422956192;-0.2730942165075271;1.1868853790086886;-0.9740599808403975;-2.58823439284757;-3.240580376335397;-1.3573456883416382;0.45074200220933713
77;-1.4354344631632272;-1.594703243328442;-0.5306886517603113;-0.1568225005991704;-0.1587116482068056;0.10171820288264409;-0.378359882494891;-0.7930502122787108;-0.09546186507164262;-0.139137103289424;0.2887316182442111;-0.16138574167140518;-0.556676115438221;-1.90053040979185;-1.5751153926920114;-1.1550995075081878;0.02894634917522504;-0.686516049039974;1.545656090138157;-0.1997346894584192;-1.8641866377616172;-3.2566477952864563;-2.2911148398763297;-0.3819886913193427
78;-0.7744750758448806;-1.7240914592001222;-0.9534796498938412;-0.0898466431391373;-0.39424824060259633;0.12607318035018333;-0.15789273113995375;-0.7074267252094139;-0.29916269710619287;0.1091366634751633;0.08804058130319765;0.16374621278739854;-0.08036232720573827;-1.671563557009683;-1.6141758359070086;-1.5592489825307152;0.09708230634586529;-0.7398887049574507;1.3577795732544624;0.5751569982087331;-0.9987201769287084;-2.860839955328158;-3.0053241092185914;-1.2142305669228082
79;-0.049542707090037844;-1.594246235845449;-1.2852029916240808;-0.15346513470252227;-0.5553122171989817;0.0594997780431361;0.0222343178879508;-0.5727832726954584;-0.4047057604979308;0.27226734939155406;-0.12318756723441077;0.45766025210788114;0.21344955875884977;-1.1653551191543954;-1.5641791427841711;-1.766758626744912;0.13848875500399133;-0.43754449256592676;0.7360571159875228;1.2460338626181218;-0.1269486263847951;-2.143853237159704;-3.337088271804836;-1.9551309248081625
80;0.6012321118717608;-1.176559329772505;-1.4452543385035406;-0.37585512636233864;-0.5914338088647784;-0.09636747552746194;0.11591540785944388;-0.39851766161929036;-0.33476686647047343;0.2817213963912055;-0.21722313909619909;0.6240313217742198;0.3472041151832654;-0.4795431991736848;-1.4293060857138542;-1.7735200460942016;0.2664366324970915;0.0640736150547844;-0.03995546529438851;1.6761251123231076;0.6389377596876399;-1.230491265438374;-3.1915735160540577;-2.535780080782435
81;1.0964231803191904;-0.5094408918782931;-1.3915925767465576;-0.7051749160891061;-0.5136058646372186;-0.3132291881446925;0.10664511283010666;-0.200133362188565;-0.07211760557987269;0.15896414427415562;-0.1390144057506904;0.5992654735000739;0.40241039613560375;0.2179109682272608;-1.1843271889888116;-1.606105476987519;0.5581669084966087;0.5553352712445706;-0.6351426394798088;1.742362551753389;1.2271206959707919;-0.2561041813964385;-2.5782631549130457;-2.8931991947307028
82;1.4263738833351356;0.29793145286820466;-1.1185134544143405;-1.0251337471067532;-0.3901488240554616;-0.535287826000009;0.007074975309786152;-0.011600451908650479;0.34644185321149173;0.00633413284179013;0.07091705985847468;0.39826801824886415;0.4579691823262648;0.7523336755538657;-0.7976914546201532;-1.3134987401894953;1.005630003086358;0.8849578031299027;-0.7990363421239537;1.4018817474142908;1.6045783685397412;0.6508149196746416;-1.612125945570635;-2.960194297219072
83;1.6333565437898947;1.0904166822080128;-0.6480578608851518;-1.2004142733319076;-0.311151502036786;-0.6930511089477528;-0.15148492462036786;0.11913395338240056;0.8522602425260546;-0.04491083047566548;0.30658593955179636;0.11884050272242136;0.5396136332056238;1.0134264851459287;-0.26895290706347885;-0.9509642043001915;1.5157179877091362;1.025479603378423;-0.46908674262091965;0.7428358657777158;1.7615030885696619;1.3819855209010925;-0.4792989213231655;-2.6761078433422134
84;1.7694646021337426;1.7140884315097191;-0.024787461745543977;-1.130227791088101;-0.3377629027113578;-0.7297180336535276;-0.33148397101085797;0.14966842288273793;1.3661773006028837;0.09942672544824532;0.4617335909686797;-0.10093396704720414;0.6095308705107482;0.9976148441532653;0.34238329646058496;-0.561793239630134;1.9546340792444794;1.0631111093225343;0.21230471866986855;-0.016400127554357574;1.6959104656442663;1.8612266906903532;0.6173234069860674;-2.017900794835396
85;1.855487820855382;2.0667176817488406;0.6830108335355787;-0.7856456002515927;-0.46240050678433575;-0.6284493591397114;-0.4964971193886158;0.06558847226375744;1.8085122068332433;0.45062762004939433;0.49263062644799616;-0.1501450653609953;0.6003318320762978;0.7997055490361198;0.9178658194283628;-0.16655616328205441;2.2064168614225643;1.1252293391380008;0.9737448550534111;-0.5930216240651366;1.4127589148383608;2.054225666268414;1.5100607632867633;-1.0347369043643242
86;1.8625940692574599;2.128526031885134;1.3813369321871707;-0.21610886472244217;-0.6021873291574091;-0.42464739456852085;-0.6124637475762167;-0.10827290785379395;2.0994421452672323;0.9321643976235474;0.4428680508085852;5.78789110387834e-05;0.47062380140813537;0.5587973155992573;1.3171215437058426;0.23263261608410002;2.2113625902150185;1.2912710575281867;1.5442491957039863;-0.7496019085086;0.941431308022301;1.9723440544778421;2.097789232783714;0.13720363603510738
87;1.72619049892233;1.9582794348370067;1.9575152761082986;0.47334844968811346;-0.6318170845400425;-0.19271109723903154;-0.6475971318140211;-0.3148789176363828;2.160486478057999;1.4135296865324838;0.41642239826545113;0.28504196717473507;0.24641510969101585;0.38793808226731086;1.4362485190338037;0.6335709301397929;1.9670383148368393;1.537917028407188;1.7709464433939381;-0.3993556830457785;0.36006197961588204;1.6669343380251234;2.3506657052049262;1.2950821190500208
88;1.3844750471767433;1.656440062777538;2.3021280385467335;1.159248978713759;-0.44176307721858893;-0.009952104499455848;-0.5769659537239761;-0.48649099694639975;1.9272333150592071;1.761338305330311;0.5145051325600013;0.5850056778891963;0.021097843141457226;0.32524496383873125;1.2583823598603792;1.0117666831350216;1.5005781039573478;1.7463914276352779;1.668464775938565;0.34584153894825437;-0.19500517235116888;1.2148926803603004;2.294879368367071;2.222315704281019
89;0.8215405349350183;1.3137233188403792;2.3416114614503263;1.7325540137751283;0.005870299866202397;0.08557356182818247;-0.39313145708300556;-0.5689010904757211;1.3738984865703556;1.8811838886365306;0.7716233462918528;0.7909025420963227;-0.08829658368556396;0.3312887862106877;0.868242652489163;1.3101227817778636;0.8389045931493535;1.7633134402942747;1.3809169069142575;1.2133365545336006;-0.5530963571219144;0.7013013865357179;1.9905175855467583;2.7535621470313285
90;0.0926193207784489;0.971015793054968;2.0674533698485313;2.1154226457228664;0.6510453121691547;0.12023771105510817;-0.11711442857947466;-0.536469413338919;0.5386197209836959;1.7339286544804537;1.1260006057322913;0.8602204869069502;-0.004332389664087;0.3308156850457198;0.41974530266633747;1.4515959336217898;0.002206218777049157;1.478130702282696;1.0833389588114297;1.8807596167130678;-0.5675654346126421;0.20673542025265867;1.5137445429700245;2.8238182359089135
91;-0.6821297610566974;0.6107763001842746;1.5453434114593554;2.2619790655165133;1.351754520857214;0.17629034974789515;0.20000008383433251;-0.39291438818242697;-0.467008133521749;1.3276792880160784;1.4399253784653947;0.8311039639248529;0.2646932180261626;0.27167986665960536;0.07048826538687995;1.373208852601794;-0.9730733784291866;0.8749500785989499;0.879109439089461;2.1101243481668375;-0.18694478513824248;-0.1969882596760458;0.947224978037313;2.4808289406798516
92;-1.3537622619045493;0.18352256892467006;0.8952657480161497;2.1524989942973627;1.9342714201373412;0.34973511425670023;0.4913636203523961;-0.1616697336627667;-1.4753379043683412;0.7001718556758939;1.558440529035959;0.7877103084428585;0.6230757132892166;0.16470412115967167;-0.08465889257976197;1.0656148484786274;-1.9993451216566356;0.03538304830465566;0.7481535845657178;1.8417329728602216;0.4974692169919631;-0.44606663512314826;0.37562079165912965;1.8576710283127635
93;-1.7951844606425318;-0.3456028857674424;0.24811089691525356;1.791469995143717;2.253791979226016;0.6935224523017545;0.701651007405074;0.12543457329675806;-2.30472917166675;-0.09215934358183575;1.3754782334886395;0.7980249368813398;0.932436197985363;0.08027883623206498;-0.04731091279220678;0.5955369954535112;-2.9212871973087764;-0.9012227333031018;0.5700475844755327;1.2038393352192922;1.2597026270888143;-0.4877808972934741;-0.1196059915057592;1.120731626002383
94;-1.944604518324294;-0.9560400175587811;-0.30209913514347697;1.2129712381975557;2.2385353344718966;1.1750383319990794;0.8142505323870926;0.43419679138424266;-2.810334817232674;-0.9721126597927264;0.8752036719484835;0.8612382562709849;1.078127060471415;0.10369187530505034;0.0997040326856081;0.0942420302894372;-3.5401165054315373;-1.79144938828034;0.20450047976486246;0.4361632984040868;1.810990353662238;-0.29476645205796026;-0.46931559122926336;0.4176326400382941
95;-1.8238610980295524;-1.5599305936450452;-0.7270335766309735;0.48731259818126854;1.9010085102456573;1.6719155916065829;0.8615380217815196;0.7282747859161309;-2.922234820895508;-1.8339754972098345;0.13228657485499565;0.8962198196598427;1.0203031755278804;0.2760745554444632;0.24653606682430138;-0.2880131230927445;-3.677246029346648;-2.524166774212104;-0.417819855068692;-0.2315056452903718;1.9108409227036949;0.11101059230482868;-0.628222964625367;-0.15418145608856454
96;-1.5249846881297489;-2.027395695332722;-1.0590304383558795;-0.28195018971175445;1.317765194897843;2.011951497117219;0.9080352331750866;0.969017020899535;-2.655724343755177;-2.544921062763819;-0.7223474883104231;0.7791047406057148;0.8019328152668572;0.5568577889949563;0.3183349051769154;-0.44256845754118274;-3.2498745549252996;-3.0252159805679124;-1.2433786947521157;-0.6829937917317388;1.4686786383182222;0.6374497667446387;-0.5842970239074626;-0.5510790456506427
97;-1.171634468247134;-2.2379326494728833;-1.3547092296180536;-0.9776292176902617;0.5935501458634881;2.040657251462697;1.0108777267831957;1.1209163294059161;-2.0927580925899343;-2.9663037850403624;-1.5475138611777837;0.41024734312611066;0.5113162675992375;0.831491045406455;0.31047162743075596;-0.34860569569810884;-2.3193180321451923;-3.2398501138180262;-2.107722794164876;-0.9506010361283682;0.5867550462278929;1.1233653210193786;-0.3621891675388287;-0.7669380496442233
98;-0.8715680778954854;-2.133221630848985;-1.646795531774569;-1.5014955683902629;-0.17031703518222024;1.6855401887605916;1.1767142369393015;1.1633853906239613;-1.3473349188467116;-2.992470257663726;-2.225597689353652;-0.2254114624317365;0.22308552705823764;0.9620197696108351;0.2783694552700863;-0.0808064356547598;-1.0834264781609393;-3.1171921879985036;-2.8006414813462843;-1.1678107793279808;-0.47966140427673504;1.3741914544667473;-0.02013372852351107;-0.8127915966205689
99;-0.6786131525419841;-1.7455108201164005;-1.9109361853249387;-1.8056037958850375;-0.8909518450693168;0.9874497977846382;1.3398017930816895;1.102209988103888;-0.5330532496038507;-2.5910915964543633;-2.6730376646481178;-1.0364390054249264;-0.04626886923535421;0.8532652323683495;0.28986615771078394;0.22686695988490488;0.18791316330349694;-2.6174521209526302;-3.1474461876840465;-1.4700006755219477;-1.429036444587595;1.2281719307920351;0.3575077491042811;-0.7060532720769334
100;-0.5776911580961932;-1.187518362629528;-2.0670643664347454;-1.9050609428557679;-1.502991498044635;0.08557274893749153;1.3779188879093223;0.9706062833931164;0.2543422103140047;-1.8241009510873163;-2.833482297001043;-1.8520701757450946;-0.34148445310862674;0.4983003375792792;0.36981704971756535;0.44362058198176174;1.2458060917242493;-1.7436493716838108;-3.065617613227822;-1.8992219601557228;-2.037645224110994;0.6289955146009216;0.6701056512824434;-0.4732612070845581
101;-0.49705592707220425;-0.608246385623669;-2.016591167241703;-1.8626759399563182;-1.95239717129035;-0.8348206411178252;1.1638406086543962;0.813994788500578;0.9385740729528459;-0.8358848117289124;-2.669954700636224;-2.483231349741748;-0.7282541933723321;-0.021155476967906692;0.47114533649011814;0.4986643363981112;1.9410025359270469;-0.5781183127115905;-2.5748708903566992;-2.3643504005064315;-2.2417938523027794;-0.33001461905686647;0.8138040519244047;-0.1599275979078259
102;-0.3419659632490003;-0.13494607969723482;-1.6969945791335133;-1.7509303622821586;-2.196504680748208;-1.6059577180816536;0.6302331384896054;0.6629039234611649;1.458115712869068;0.1885910258261725;-2.1697056548589897;-2.786433812053883;-1.2335607006469274;-0.5780037308525421;0.49113854766477716;0.40348009596330237;2.2536452838591714;0.7051535245402889;-1.7668531019653346;-2.6762917664824046;-2.1397144009199587;-1.4182373606144867;0.7006458289934623;0.16369111629677924
103;-0.036917250783438445;0.1728374830002227;-1.1249726532347455;-1.6104729808050013;-2.2139892118808726;-2.123906442199053;-0.1838775932609141;0.5085302050140077;1.766711036369015;1.0778842575635852;-1.3624854733962946;-2.70170318960434;-1.8025042253313615;-1.0607624089556695;0.32536775867987766;0.2294652369345754;2.2658079284242576;1.871266016526074;-0.7609394454720293;-2.637574541720505;-1.9154697898574657;-2.3407582162883895;0.2848264809914986;0.40919167533330836
104;0.4387669661828004;0.3378050140304011;-0.4041194254960485;-1.4282511755711216;-2.017890522779002;-2.361036739310271;-1.1302138548750356;0.29809783307564924;1.8435888315848183;1.7171422700194112;-0.3390874769288231;-2.2529896179284323;-2.2986907199122473;-1.4173501927993768;-0.07055662027273421;0.055537190267948205;2.097610803259916;2.6930522360682927;0.3260353423467104;-2.138534610717838;-1.7268793818410164;-2.8459214765633165;-0.40927252937279324;0.48948160937684393
105;1.0345222101839235;0.44363935662811893;0.309181805625274;-1.1490875428777045;-1.659449094012381;-2.3468831959542147;-1.996640155445273;-0.04115073542195416;1.7070110601956678;2.064072407238687;0.7479755800563933;-1.5206059766537638;-2.551037376027252;-1.6582158249355305;-0.6462840445428257;-0.08314378755451123;1.843647938113512;3.028693489381575;1.3843655326857598;-1.2119881126338135;-1.61706432568897;-2.820748493871508;-1.2699852942334473;0.34416742727757454
106;1.637277720172848;0.5893160986180451;0.8665186137801769;-0.7163132280934686;-1.2144997908202184;-2.1347520908909146;-2.5817885367771827;-0.5564367422725577;1.4183602771557013;2.1368905773523146;1.7119900609810557;-0.607622777206066;-2.4243032343906292;-1.8202955667691518;-1.2691124926703918;-0.21518893835477707;1.5414239384208586;2.8706685987349614;2.300111128350352;-0.02303359380258377;-1.4954664970347915;-2.329184972912179;-2.107264007106269;-0.03892871393519929
107;2.102891616413929;0.839792954617209;1.1858563291017836;-0.11992484583631896;-0.7554057667562413;-1.7747993831038293;-2.765356095052862;-1.2242842537774674;1.0671757195323008;1.9871526620727584;2.381937300482423;0.3804500823862985;-1.8781570498327942;-1.9168019308910034;-1.777317136966921;-0.40981293953958997;1.1819141328954015;2.340815184265691;2.9497446640035747;1.1948160355618256;-1.196659630727767;-1.5733790642838208;-2.6955971285031444;-0.6135825146933302
108;2.300085808846305;1.1935425613617998;1.2794852474094902;0.575343976639691;-0.32264784916369704;-1.3055586531209378;-2.5430156039565253;-1.9318929065956443;0.7390903001290318;1.6749781463164761;2.6544596667967384;1.337571322863256;-0.9866053358121434;-1.90615117185562;-2.045858544382401;-0.7237722698138915;0.7476923513926504;1.6333559974745855;3.2179041719823327;2.2209916785206425;-0.584149811796207;-0.7954592174570188;-2.843487968665026;-1.27883704322654
109;2.1521344363680157;1.578679969413244;1.2384793016189266;1.240437061012831;0.08665887191138341;-0.76168656257971;-2.0129281563136248;-2.500898585874069;0.48119799624370085;1.257797154260538;2.5239539234661437;2.1510437033327485;0.08876053968981873;-1.7017142905694633;-2.0300278606453164;-1.1495359796051572;0.25049830375309695;0.9342782062369228;3.037017035014833;2.9075873333829674;0.35654418563906787;-0.16750894176923145;-2.465308523013844;-1.895037445696839
110;1.6620274420513736;1.8771762038644064;1.1819579631577277;1.7291117394003057;0.5040666852174913;-0.18534661782191872;-1.3246107598681598;-2.7486015693183465;0.2842765685766645;0.7916253295398424;2.0767015100257993;2.7040874753512822;1.1548612281189266;-1.2195320569411041;-1.7662743202158513;-1.59600591123412;-0.2557281233265617;0.356480655865816;2.4282879796929238;3.1964399487129134;1.484355134298074;0.27582884083430437;-1.6233866466130504;-2.3093244357970084
111;0.9125551233065979;1.9663226933500157;1.1961126997831781;1.9396724567338195;0.9549385084890736;0.3716945478526054;-0.6177362202641001;-2.56124216591926;0.09414727757004515;0.3345741416021235;1.4527321037170524;2.897072118079257;2.043653336136226;-0.4381097099688346;-1.3344050508766352;-1.9153933613900325;-0.6926583358764196;-0.08031768911794102;1.5166129340892767;3.0990449365372865;2.545486198455864;0.6290196888036923;-0.5160125524193994;-2.387742918190256
112;0.041924127545646325;1.7618111364095064;1.2918907516805274;1.8599382269332716;1.4229683645706435;0.859223559026493;0.02007718115623441;-1.9451800505124668;-0.15149943500109359;-0.05795685154378657;0.7945628704928054;2.682272495298207;2.6450194758797223;0.5637658528216125;-0.8068782881770221;-1.9642182458352058;-0.9931207265661611;-0.4213602365454119;0.5029136442473521;2.66340694557156;3.2701312344400995;1.0374961201595985;0.5904018686147363;-2.0501333462182387
113;-0.795402649551858;1.2481345842238376;1.4001553444632704;1.5714645586077363;1.8365914946036797;1.2454500273295186;0.5609303143398782;-1.030528956945669;-0.4799709163046211;-0.34841703592290035;0.20639056790572766;2.0938931218522603;2.909171005749789;1.6140539450620912;-0.21663972448734292;-1.667330162735297;-1.1317567787273586;-0.7224597983110006;-0.3996374350616967;1.9527906528096137;3.475059699155993;1.592083963048409;1.4594837052120602;-1.3006552479990512
114;-1.4678386556554344;0.48769001899659054;1.4048360405246347;1.2095250247806024;2.0892652147565096;1.5262561900446934;1.0141528646858897;-0.024136615217854346;-0.8585434556828014;-0.533683484957879;-0.26112383766715597;1.2530686883219821;2.829848038462185;2.498348065951259;0.4380495077535008;-1.052085668101288;-1.1331887778466976;-1.003147121360101;-1.0376850630279189;1.0462030188932665;3.1246354841740183;2.2529324441871927;1.9701667902525608;-0.24290373158079412
115;-1.8922332202584942;-0.39278705227757427;1.1974157333010906;0.898189526000465;2.0866624825544617;1.7176957144159617;1.392962730962411;0.8666797798379811;-1.2029022499317326;-0.649222070929942;-0.6008189414012874;0.3387047586278979;2.4276975082063093;3.0308369035856066;1.1569998544914415;-0.23617829052954814;-1.0550566379479316;-1.2329593427124945;-1.363645055143854;0.05078492636363256;2.3273846259098026;2.8446285827124167;2.1487017854503345;0.9317739376737875
116;-2.039438654187396;-1.233351331499456;0.7280246287420188;0.6928715344128865;1.7970962504299361;1.8342615054524214;1.6917415267540714;1.504468512835623;-1.4156375267543344;-0.7523616101204291;-0.8269780656854185;-0.46689710909500737;1.7473659671832946;3.112391180269069;1.8950460563186804;0.6223621768235714;-0.9579804149243837;-1.3546318211985164;-1.4338159051657349;-0.8944126784378568;1.2788091837560573;3.127062405705929;2.13116834666653;1.987522818664784
117;-1.9230106279921326;-1.8801092268894104;0.03215232603251271;0.559034970776159;1.2770792076171662;1.8667194545991221;1.8850423530952654;1.8550937437211457;-1.4337278384798522;-0.8892948879862914;-0.9574657027708916;-1.0344291704251138;0.8672096046220595;2.751594871031147;2.5426817234147725;1.3850336641866021;-0.8800057588581083;-1.3259203288883399;-1.3619291038786443;-1.6386218168417985;0.18520681158714464;2.9072481624375763;2.074659540076229;2.7104693081090048
118;-1.581309913292769;-2.2215701426381993;-0.7756779241317096;0.3973638392648912;0.6553332730578916;1.776159021534572;1.9441066677069412;1.9730193652409769;-1.2581367953475588;-1.0628311715373286;-1.0087398362205098;-1.3209331331193912;-0.09239339882075431;2.0451466680416877;2.9471967252101323;1.9715042103439318;-0.827214326425399;-1.1522901032027912;-1.254482844239203;-2.0615602077436193;-0.7939226467348697;2.136366779510388;2.062359497175178;2.976272198919763
119;-1.064336812360039;-2.2122921088932697;-1.535781886696287;0.10233427745617445;0.08029214431958309;1.5124233967786656;1.8561750628891738;1.951445013122196;-0.9486777978763291;-1.2209075131740617;-1.00055420684662;-1.3668067428774693;-0.9783594747775232;1.1341316810488156;2.9676741004453557;2.360350794280993;-0.7802915857758671;-0.8903224803493865;-1.1622208748201928;-2.1179323495897897;-1.5646285723314726;0.9443693519217441;2.0524517692030213;2.7902573485714397
120;-0.4311915112782816;-1.8779487095797502;-2.08974953514019;-0.37512670929943764;-0.3435654407220902;1.0497087159234726;1.6322694250843108;1.8662454173180363;-0.5876552756289374;-1.2761492703142352;-0.9595271777190183;-1.2616026444077;-1.6378372202998943;0.1610967729900279;2.537228638488495;2.558254707083644;-0.7076533926288151;-0.6206126714034067;-1.0708938374485193;-1.8583932019968101;-2.0834151252259545;-0.4034294987910114;1.8993901401441253;2.2790110855271557
121;0.24463166180298937;-1.3017396182689152;-2.3226877642759454;-0.9913851847152693;-0.5978412310298733;0.41928139006382326;1.2991350640275598;1.742317513190543;-0.2344742080604074;-1.1491794425528903;-0.9125710009621173;-1.09833573275756;-1.9645577791629445;-0.7537713540456356;1.7007626609491444;2.562085292555117;-0.5751599226263238;-0.40713190597552773;-0.9310074380673428;-1.4113722819353718;-2.3310427312326683;-1.6047553346666485;1.4387114739439781;1.6325115511064408
122;0.871584757458915;-0.5980627693209276;-2.18934988598842;-1.6169668052719326;-0.7482868071912061;-0.28239538450189444;0.8832617603908519;1.5556948378302358;0.1009628336350133;-0.813315112694148;-0.870855662027854;-0.9388264698310219;-1.9367772271384756;-1.5150120574580437;0.6088691938749133;2.3410466695242964;-0.34969799502763305;-0.26682974716691255;-0.7044957258958681;-0.931125225992684;-2.2987831780296695;-2.4259082954285867;0.5925347981754644;1.020202454422762
123;1.3478891428089386;0.11669183896318908;-1.7198966941208154;-2.0822834557755088;-0.899044600505278;-0.9200020606148573;0.40081082221465636;1.2641255342921975;0.4494799661017971;-0.31544545877560304;-0.8152436772425606;-0.8030969247650485;-1.6258644836828455;-2.0448505326512434;-0.5290702647058272;1.852303411719488;-0.0023751505505874015;-0.1656281919180692;-0.39854607209212883;-0.5365691387413062;-1.9962030754572637;-2.767400316187285;-0.5596311439603909;0.5200063656363164
124;1.5840580046457886;0.7463483439280804;-1.0076740920898326;-2.240567302251487;-1.1264974389449358;-1.3706718953107178;-0.13722085019622873;0.8445435711879467;0.8436165077611344;0.23999495276460026;-0.6969813019841812;-0.6807273720008206;-1.1682030085313018;-2.2826668563246435;-1.5098310538552655;1.0817321741549624;0.48069486074105894;-0.040756153235105064;-0.06683482383873252;-0.2711780235617073;-1.4706123162165008;-2.6668592820328425;-1.7839753418717366;0.09617306468018609
125;1.5332374155536055;1.2244835357477935;-0.18502304481656756;-2.0206238117796738;-1.4273175283357886;-1.5749588768434524;-0.7071314566747635;0.31529078756207296;1.2728168185162605;0.7363472169238009;-0.45973351891262454;-0.5508660834714136;-0.7118232277099437;-2.1985576281808608;-2.1901337083375636;0.08467141618985814;1.0786630640058092;0.1649551679156671;0.22062418923317706;-0.10278687713793745;-0.8177242910049709;-2.2493394510224327;-2.771702789779579;-0.36068616170603224
126;1.21490902417728;1.5122329411919435;0.6060076673020324;-1.44936941384246;-1.7083475800369168;-1.5597180913534092;-1.2555087918642034;-0.26705525266050245;1.6622495401290247;1.0945361258732458;-0.07500015425535245;-0.39649849812584176;-0.3622402277562092;-1.814415862340935;-2.509353402439414;-1.00038133573406;1.7169664339558959;0.4753899269776903;0.41884548253321874;0.039837617502012534;-0.16756669524790704;-1.6588207889112985;-3.258473657316451;-0.949885517091922
127;0.7174867428345602;1.5909436755300919;1.2417332168111737;-0.6393565170512526;-1.8245833354787493;-1.4186041865085621;-1.6988771485857612;-0.83015547882752;1.8918293245297557;1.299448446630204;0.428315960907678;-0.2069012165134944;-0.15186319984625918;-1.2160288628037161;-2.4796043266068732;-1.978187534482855;2.2655168389872307;0.8715784123444366;0.5343373695347933;0.21650983871145052;0.3539957717874931;-1.0074872569665199;-3.1278495473538372;-1.6764874928303426
128;0.17390724275557143;1.4577898129928848;1.6383125361979407;0.2487449391375069;-1.6471089792043268;-1.2585270911396598;-1.9467467781525807;-1.311232512568784;1.8484721049737651;1.38843339861036;0.959684933552445;0.026853424625858213;-0.04438014144044129;-0.5411982021539095;-2.1578816043751394;-2.654612299989681;2.565996755557199;1.2994463577786088;0.6204244812825516;0.44014018914457603;0.670445082761446;-0.3623087531790478;-2.451236945963488;-2.4133440034215354
129;-0.2824854263708174;1.1288566810482348;1.7625809638588301;1.0512068255511713;-1.1280841836913793;-1.139770403275087;-1.9395416532393623;-1.6700013722837443;1.4842039548459802;1.410013974033923;1.395156128150113;0.31297230940204523;0.03257005386126216;0.05845551865968884;-1.6200621433509002;-2.9001044058515646;2.4848982246734526;1.6852342477895554;0.7441713329640891;0.674485486766404;0.7818958931817376;0.23657627476968351;-1.4489719754874386;-2.934712390819289
130;-0.5636159545837778;0.6474143241182754;1.6304913955505274;1.637969418995146;-0.3320263807992831;-1.0423870141613498;-1.6809972224992196;-1.8848164680799022;0.8477748191335539;1.3791653375685309;1.6265233569372002;0.6500004646813701;0.14603621195838384;0.46812570814762156;-0.9490478923918634;-2.6899900306025244;1.971245959775857;1.9488259922920665;0.9440746675347577;0.8627495435678854;0.7581398378639328;0.7489350277632234;-0.3955780545578104;-3.0104783951925524
131;-0.6535025666813443;0.08926754345612686;1.2948482062794335;1.932904487190869;0.5802099316259113;-0.8785171264264969;-1.244385694735292;-1.9402059982452637;0.07126807102630221;1.2582655027712972;1.60641760015252;1.0113738336283495;0.32835758151429495;0.6494078664423364;-0.23547921928315074;-2.104956689010527;1.089564320266389;2.0124289539473548;1.2021388510601387;0.9665677397935932;0.6997976561643726;1.1231606060799102;0.48314298127542693;-2.5173024924265017
132;-0.6039881949388537;-0.4438221084354628;0.8275113283360958;1.9179254726172728;1.4057173166035848;-0.5459765010349109;-0.7448184427698815;-1.819639715045172;-0.6819361022685492;0.9778240294559695;1.3646751627103277;1.3357089874880492;0.5703027113090441;0.648752168394261;0.42101534333068913;-1.2951146113988994;0.006963694701459008;1.8098195179959513;1.4447254465696182;0.9899227137184364;0.6877999802137887;1.3101902262383331;1.07451230224552;-1.511548307482061
133;-0.5019452490494037;-0.846254881533556;0.3029347613021973;1.626088172059558;1.966595175052215;0.004105269526816349;-0.2891642140111301;-1.5124754453119906;-1.2800590352089571;0.48681014181459914;0.9865288187040326;1.535292125031677;0.8332870657729926;0.5696994981344395;0.9222572201808028;-0.42751681962641946;-1.0642718980675967;1.302763332536342;1.5701654233298954;0.9730724558469483;0.7476912647601821;1.2924885717602648;1.3824764460155585;-0.22560527023558669
134;-0.42437822680779264;-1.0406468936702857;-0.21161847296585867;1.1290323646110352;2.16153822504531;0.7213123885697293;0.07048575590621527;-1.0321021186999613;-1.6635184497591673;-0.19678595749821537;0.5649062599896585;1.5254505272535408;1.0680470393490435;0.522093714455022;1.1960110736552072;0.35855783593983553;-1.9425351550401933;0.5043361794086899;1.487678250732799;0.9607471705241439;0.8462234907660586;1.1061007003535932;1.4808386422150108;1.0137677151388176
135;-0.40343821467756275;-1.0063720875969802;-0.6582249259614572;0.5217532089898415;1.9843888607411573;1.457024664923697;0.3535632578611599;-0.431750032610442;-1.843904441359404;-0.9668277019830415;0.1545451832904367;1.2633254058312609;1.2276979685495577;0.5727082848177029;1.2239619920660567;0.972963476482953;-2.5331605304256475;-0.5014482959575706;1.1489972486023865;0.9649205703685384;0.9189173414713847;0.8370263926866371;1.4503859566208694;1.9081321836846514
136;-0.4176879855700419;-0.7897537552076221;-0.9867576670043998;-0.09420898793989059;1.509134298428439;2.014258285194315;0.6268429969182759;0.1970110259077242;-1.8668613391583566;-1.6564218917056146;-0.24495953972725448;0.7753993757703785;1.2714791943244674;0.7198418584178375;1.0556828735168444;1.372434197731171;-2.83642623763114;-1.559634572161967;0.5615617618238959;0.9459147858528492;0.910015176553639;0.589066828905588;1.3364530244439277;2.2944315350907782
137;-0.4120495869119104;-0.48798300839055586;-1.1559055660568591;-0.6278559933949226;0.854865462773152;2.223531748126677;0.9509453446194831;0.7485776048741243;-1.7653931410937496;-2.100666882778852;-0.6670829453175542;0.15601747767045165;1.1647622571346523;0.9010011377285501;0.7955280891999084;1.546766568887583;-2.9055216917798585;-2.4742518105090134;-0.2160268850686342;0.8248219268781638;0.800666819389942;0.4385597080444361;1.145557070639748;2.1887576080742064
138;-0.334170445324428;-0.21122516112114256;-1.1408407061331096;-1.013167608780293;0.14887150049857342;2.009573749005674;1.3267633257476055;1.1410028258720823;-1.5346640619863787;-2.2029593406595627;-1.1310259916902539;-0.4661704566499505;0.8840384780277712;1.0258475160763925;0.5632712967310954;1.5078985904809188;-2.7822806332062378;-3.063162307153331;-1.0875162545469073;0.5220543504173094;0.6101689726115573;0.40053203394776327;0.873671783883495;1.751716755133784
139;-0.16722489673609975;-0.038887463989495136;-0.9458451234124191;-1.2170978301957232;-0.4990275235423395;1.41921614444197;1.6731246217972289;1.3469217501553514;-1.1447255338931115;-1.970263609065435;-1.5993281498166438;-0.9784719850505972;0.4303347121685438;1.0156342447910829;0.44458376547053835;1.2887797131703866;-2.4529313836663817;-3.216452920880678;-1.9329156708529052;0.0021215690866583925;0.37270101319442217;0.4251143539674421;0.5402268053081041;1.1989024607409475
140;0.05774345950270572;0.009808947475324563;-0.6143195646752826;-1.2389072028325916;-1.0076707660964528;0.6005840318419986;1.851533894581342;1.3986530732884876;-0.5826106009934239;-1.4997101813257367;-1.9694155666827269;-1.3248106204780785;-0.1551325976525795;0.8307015202151254;0.4548399663611175;0.9476169576982818;-1.855482952443938;-2.9305203824840853;-2.62086349449968;-0.698286975539096;0.10731460617956348;0.4261010497322215;0.20116075106721526;0.7044111873495038
141;0.2750702707163168;-0.023126109084450387;-0.22677186086561138;-1.1022342289321247;-1.3261099463422807;-0.2532593338804563;1.7287751753124752;1.3619123234533952;0.10485617448706022;-0.9258855599330493;-2.1090446019625664;-1.5145539560583263;-0.7857052760916725;0.4775089530677169;0.5344213581686822;0.5662768216882295;-0.9392226211581581;-2.299468934146591;-3.0240527724662756;-1.4722370272950545;-0.19730797296785996;0.3256258475618246;-0.06965172525445994;0.34362739738272124
142;0.4147682418524605;-0.06216654749615522;0.11820678352865364;-0.8446996725535625;-1.4325325515948082;-0.9686149828094988;1.2470659054776752;1.291141384147929;0.7988430453596118;-0.35948650779781977;-1.9194839483770263;-1.5950538456997894;-1.3445542853368895;-0.0009571744338919413;0.5782786109426652;0.23418713717357909;0.257434814660067;-1.4672376154891635;-3.042666187417502;-2.1720469438692906;-0.5716308272485586;0.09072333755546254;-0.21936858364803868;0.09619832612308188
143;0.43324123508467083;-0.04072780293083668;0.33590989735233806;-0.510415293627551;-1.3341799344881529;-1.4363321802382352;0.46599319326855704;1.1919588440305746;1.3412078499603437;0.1487843106571537;-1.3924084973966624;-1.6049436314942271;-1.7193849021539274;-0.5404664784128163;0.4855000552781785;0.01942376016146795;1.561192267760696;-0.5659337990026729;-2.6337861969068057;-2.6513263012493615;-1.0330368847729563;-0.2563769823313318;-0.2502494122005571;-0.10366522967720784
144;0.3292792265412308;0.06310003047415935;0.38754644500805036;-0.14771238251333837;-1.066816404252459;-1.624207360049449;-0.44619819932029786;1.0144022179244356;1.5994243283104042;0.6018190980110691;-0.6278086941390123;-1.5375348445632973;-1.842241705209232;-1.0671641949517618;0.20534317901864957;-0.060169723655619387;2.6881348636623006;0.325500245990537;-1.8354184037100247;-2.801676904608178;-1.5520222026994823;-0.6561706835743182;-0.22568553438376518;-0.3058345736083088
145;0.13969900361489754;0.2154222956638182;0.2964458184192877;0.1904488220011567;-0.6898319741559165;-1.5605673581755726;-1.2693382100235728;0.6843591472896499;1.5299988290905753;1.0163025521192512;0.19936744777378848;-1.3386682184355319;-1.7137737148132741;-1.5037561127285957;-0.2406680343270012;-0.04880339902855477;3.3391187636222264;1.1795868786095898;-0.7698542722887174;-2.572994493277503;-2.0386269384446862;-1.0437046148773876;-0.24167510514963297;-0.5091658592336151
146;-0.07951766997726115;0.3450591436598004;0.13818454409317146;0.4490992195103718;-0.27492152984149454;-1.3051129980189788;-1.810023189644978;0.1584726220620791;1.204403900758463;1.378832465950137;0.9080334967220274;-0.9431447032306897;-1.3973117842456158;-1.7755461675301047;-0.7678344394542975;-0.03690448123701977;3.3259093818265426;1.9790985363539133;0.3824977908770811;-1.9769700551934515;-2.360417625464848;-1.3734460286068353;-0.37790084885433645;-0.6698511209606881
147;-0.27402263126719895;0.38148752387764256;0.006667402154144096;0.5813500668241031;0.10926417022770848;-0.9242866414946251;-1.9665769349373465;-0.5275196204818038;0.7802385972226669;1.6291734288746975;1.379845005102649;-0.3298561919862144;-0.9841555770960062;-1.822517971025454;-1.26050042294232;-0.1210591336731245;2.665267088593683;2.6658182041666842;1.432991781507027;-1.0806013824246297;-2.386247963334208;-1.622989373155138;-0.6547713328206433;-0.7421992216161805
148;-0.4028333694010178;0.2923674528575274;-0.029055998310245523;0.5647894684629616;0.41072316391907954;-0.48015310869312466;-1.7531653782481973;-1.2462333343954293;0.42980365462566894;1.6842257723315104;1.5930834891648196;0.4376763699284517;-0.5484687275724505;-1.6176271179045987;-1.610202074750245;-0.3568898840601508;1.589002842276339;3.1181949490848093;2.237997385544153;0.003542883062547117;-2.0362455755132167;-1.7766034561277988;-1.0194483489390005;-0.7214290857675412
149;-0.4381347441552566;0.10180378235829232;0.04360937737035468;0.4164444870583582;0.6006707546484275;-0.030632015150728692;-1.2772562721330818;-1.8136756827914802;0.26193948477015533;1.48980089842842;1.6066429460716534;1.2127787684544975;-0.11748720818079081;-1.1831663669841812;-1.743599217376908;-0.7273267954997753;0.45811679965964136;3.1822060949648234;2.7306719722594206;1.1290393781492407;-1.3155227629775437;-1.803609077377594;-1.3674029718053482;-0.6583304806276201
150;-0.35932164748674816;-0.11881768939157204;0.17702419527746696;0.1957250456385018;0.6719532216402401;0.3679144151765307;-0.6867723904946412;-2.0586762931098117;0.2772805603415126;1.0680997602462112;1.5074581718156752;1.8138762135689166;0.3251238560969939;-0.5932983296949783;-1.6330126583782745;-1.1422031310689764;-0.3821802774634653;2.747778269758548;2.916436654425726;2.1331530261982485;-0.31789869673607674;-1.6505582044967533;-1.5865159028855707;-0.6344273808133255
151;-0.15133454425222803;-0.2813225586058951;0.29001582787921376;-0.01134829935454796;0.6330591274053072;0.663819764947355;-0.11484048239511269;-1.8945301834576507;0.3793976912146596;0.5288852807398129;1.3545518538844172;2.0974798538729527;0.80437022432882;0.04429435567685429;-1.2927163659696745;-1.4700906852153421;-0.738707159160012;1.8317894883670718;2.8374671391302586;2.8636340156741493;0.7993194365482866;-1.2576971252896276;-1.5996527961734208;-0.7115794003390477
152;0.18655253510180492;-0.31644494575980553;0.3120371526876171;-0.12378728606956507;0.5034121555718822;0.8203429205142059;0.35382589139244947;-1.3582292007357164;0.4344228442578898;0.032267716871388685;1.1528081851591558;2.0185090425554426;1.3089761895527516;0.6230935164122176;-0.7694621458838189;-1.587897828366555;-0.6337180556205944;0.6172326872375338;2.5300706851302657;3.2116581909507462;1.8562556691435546;-0.5944703564978706;-1.3849891050489131;-0.8864131765399808
153;0.6245079228998746;-0.19787328113323222;0.2223558741086166;-0.10015989750380844;0.31305309211376503;0.8272782111399992;0.686221020412107;-0.5982635103999603;0.3462685413288762;-0.28061771904427535;0.8699175985114799;1.6460164123748133;1.765958219783174;1.0729844960590815;-0.13385323960242257;-1.4261218125798227;-0.268329714988414;-0.5844128398169176;2.003805524910333;3.139820219947052;2.6902717072130726;0.30452568125155466;-0.9682717371712191;-1.0779746942852775
154;1.0898425894446846;0.05405947533064091;0.0639980765836885;0.041410080835703494;0.10453561158318822;0.7058523688681507;0.8824311128453168;0.18274230432663463;0.10738305510534468;-0.3526885461810908;0.48264126795162204;1.1260760549982662;2.0547476527007342;1.377301120909904;0.526902919348796;-0.9913198760829962;0.09074946399490474;-1.4415715006444516;1.258001713827091;2.6913876919469724;3.1831685211750282;1.3245719243716345;-0.3980661431233946;-1.1581081059475529
155;1.4715400464484827;0.38608957096871327;-0.07502622879007664;0.23013584604884874;-0.06905660375987954;0.5024980130010198;0.9528223877182365;0.8028420109935845;-0.20042876961441086;-0.2357769523074887;0.020106224734818712;0.6122112934405726;2.058251004125565;1.5615393197231346;1.1190300534108792;-0.3595309349824846;0.24093259583596502;-1.7357953898050535;0.32652381964081;1.9733968043572856;3.2735486345727782;2.2887841479065836;0.276460666730143;-1.0097460746434654
156;1.6472515106544714;0.7320093842424577;-0.10395379444666498;0.37579089697304313;-0.15511657876995288;0.2739317290816295;0.9062682447821734;1.1587843191420997;-0.452942729073626;-0.060489542936844;-0.4265702230808462;0.2008944243421315;1.7253344080685353;1.6597667276181758;1.5583951386943198;0.3521093461374333;0.12535695787430873;-1.4557288345929493;-0.6801155791412367;1.119204175113192;2.95887250853735;3.0045239751532606;1.0102570645355162;-0.5828139708351299
157;1.525759789038286;1.027482089600422;0.02608035409476997;0.4133989554016325;-0.12063616941218927;0.07103640825901042;0.7536690469800106;1.244026031430315;-0.5509203114926869;0.03354989508077513;-0.7382824551606985;-0.09452420992573395;1.1097924391986527;1.6789879819213824;1.7904451774592158;1.020555696917224;-0.16873920701329168;-0.8029954181990657;-1.570458489141085;0.24806259274575246;2.2924513178386996;3.319660799502354;1.7487891455525366;0.08055758526929514
158;1.087077662868932;1.21507805291836;0.29667770777915686;0.3369232748522762;0.02900139082489321;-0.0710815166184123;0.5193889061706972;1.125213553555792;-0.4716009459406497;-0.03029154240762652;-0.8280606423849523;-0.3210963360583814;0.36134213067613097;1.584726936602303;1.8051690008863563;1.5448414180816148;-0.4840830656191014;-0.10342441112785597;-2.1226495548830986;-0.5581245884253357;1.3765872617998416;3.165800971560413;2.409667922619652;0.8621933445688859
159;0.40007452370382646;1.2437672492490932;0.6273562979410874;0.203550085060554;0.2436130501506249;-0.1344443837654835;0.24823556828804078;0.8957115936515656;-0.27877884447472856;-0.22997545812447096;-0.6922650790040111;-0.5327235784926287;-0.33051312699319796;1.3197652448906665;1.6372851919524247;1.8603143354793832;-0.6922515425977213;0.3355442925276585;-2.174792985128111;-1.2505912819713347;0.3490320997546893;2.5728150326972656;2.878304770861157;1.613660111005415
160;-0.3938598599516047;1.0717208751251723;0.906970716394196;0.10457534026713733;0.44231551969292965;-0.1145341637290131;-0.00039505537555806214;0.6328363982997295;-0.08950944180934872;-0.4637592695359248;-0.4210323986665869;-0.7407979836538148;-0.8128348035867683;0.8479901539257679;1.3481980784313392;1.9408666725639012;-0.7612967085590082;0.35317241456430243;-1.7121020066842998;-1.7891742885275514;-0.6397715450844262;1.6529174882538882;3.0290493008959167;2.20578362961313
161;-1.1268716608220357;0.6783848246888328;1.0349084614834108;0.1163918114401339;0.5457586325920616;-0.01773604151329987;-0.1701208625371105;0.3784814302474632;-0.017935698356601137;-0.6119274671782358;-0.15871793527317024;-0.8999899698653056;-1.0270954664007073;0.1982579388561389;0.9969771304344878;1.7950423101954873;-0.7586523266395513;-0.01089405101353998;-0.9014016511906324;-2.1188982476601432;-1.456006811096014;0.5652307363434415;2.7676203830797244;2.5576805653812875
162;-1.6613639197073347;0.08319217476254258;0.9530319291985204;0.2562106107945302;0.5126424012337654;0.13670657891377958;-0.22756089858309841;0.1463612200270706;-0.12600382252678766;-0.6062909423196388;-0.033941869120699825;-0.9375905005244285;-1.0194293731073216;-0.5201296046256233;0.6158403215805283;1.460527100084094;-0.7948687127564888;-0.5591558647529347;-0.045046232311055714;-2.1703547536481658;-2.009378539406301;-0.5230805990045246;2.076144046427277;2.636415117880501
163;-1.9324180516588145;-0.6401694074980664;0.6568321579994366;0.46562279653345573;0.3613897026100001;0.3127453541627831;-0.17359709020484373;-0.056539684333447436;-0.4032843180930912;-0.46917639674658473;-0.09704698333306896;-0.8074112940027898;-0.9001472103581099;-1.1450575895894521;0.20511342638505675;0.9973289118407699;-0.9462301428046275;-1.0476273196533483;0.5337162787925359;-1.8921229193907274;-2.2665779496665097;-1.4665784476439876;1.0375765689321483;2.437194766032688
164;-1.957440191651702;-1.3670907966699124;0.18661269541060915;0.6313830733710893;0.16310424430826687;0.45848888935156795;-0.04025889796421078;-0.21274264564629974;-0.7798596043852726;-0.3014632079331908;-0.2994308282816331;-0.5334776223025146;-0.7769889759832946;-1.5232191537653839;-0.2477867140588398;0.4772943513705467;-1.2026086678279413;-1.3056068930899267;0.6244077633564958;-1.3007899891557706;-2.2454785639142254;-2.1580616665621513;-0.17533859916018485;1.9646160028956743
165;-1.810403808396607;-1.9492567526841222;-0.39081681163808113;0.63404091858618;0.006133230740297459;0.517835828866812;0.12380817454861372;-0.2937653349591572;-1.1588341355105458;-0.22758490372359125;-0.5259848061927448;-0.21414851431269222;-0.7000894592769079;-1.5760330233646023;-0.7357840770341645;-0.030870657049970746;-1.4682520890859916;-1.30328641942363;0.21857380989688618;-0.5169899768516963;-1.9944079309255085;-2.534897471025732;-1.344710129442965;1.2317685531228424
166;-1.5752180250632484;-2.259252164052841;-0.9977806153493685;0.40120793488364503;-0.05156374063220646;0.4516842539008666;0.27038930412351636;-0.27584955223500846;-1.4482152744678545;-0.32821162760909073;-0.6620383362334965;0.01924715618228398;-0.6483335677260618;-1.335209503299764;-1.2068567080472017;-0.4772938376229742;-1.6104711057360688;-1.1381646754931158;-0.48995803182717457;0.24358346207430215;-1.5696344677373553;-2.58039422265012;-2.268009914714729;0.27901103435982033
167;-1.3024238501668561;-2.23458827098209;-1.5528370817004824;-0.05944400809497904;-0.01752066730603502;0.2592096698438682;0.3627254260055282;-0.1601103372689554;-1.578057373757887;-0.5963055965527257;-0.6569211536040482;0.06760608530566378;-0.5616517256582334;-0.9277967791708236;-1.565416766203835;-0.8398805591680819;-1.5244618767946903;-0.9560633889814427;-1.1953344284442395;0.7344628292197792;-1.0251315312715714;-2.3227045456349376;-2.810172212633328;-0.8020774015021559
168;-0.9907301656104908;-1.9002059843363128;-1.9726529593017332;-0.6614008108208183;0.03290736763476087;-0.014191488873562433;0.3777764418367693;0.017541431217117397;-1.5020991176975034;-0.9377159974285346;-0.5485516880890483;-0.08375765386764666;-0.39661753347613826;-0.5170646001844127;-1.7057349885061717;-1.1202358723995935;-1.1768728796584478;-0.855868563146381;-1.6168990064065532;0.7770108843649077;-0.419858113339915;-1.829787204073974;-2.9286278839027124;-1.8610284723336628
169;-0.6014217386712857;-1.3568851950843208;-2.177366182790364;-1.2714276635543973;-0.008782522543252208;-0.29115453201772984;0.30365163730564293;0.1945921553601478;-1.194062933361144;-1.2127606088537355;-0.43588073281009543;-0.3563327540226992;-0.1693877605282182;-0.22943854646714865;-1.5634741630605697;-1.3270018148040037;-0.6077102769349098;-0.8316274078285858;-1.6167096126069895;0.348068793153249;0.16599965655049503;-1.197765783277454;-2.666517516374935;-2.711403547408657
170;-0.0964987094991528;-0.7391252958601255;-2.105816409400607;-1.7551932829472006;-0.22782425335064954;-0.4959548409468237;0.13873638005583733;0.3046988774191773;-0.650248293248132;-1.2946942401856434;-0.4155917258957087;-0.6189664549462436;0.041709958652262936;-0.10522283642800725;-1.1580842433400451;-1.4556207632094327;0.10238381490486745;-0.7807652858945873;-1.241948929126267;-0.3905851348325569;0.6240829611174895;-0.5328884924465279;-2.1234696927486185;-3.1813041816095136
171;0.5206553906865734;-0.16161694512407196;-1.7383562767926886;-2.0152521239515866;-0.6356772125913854;-0.5921180976255072;-0.10423243069319782;0.30285959327490425;0.09815662836581654;-1.1154945419961746;-0.5193206512717795;-0.755404568889654;0.13681528913684604;-0.09745587793918081;-0.6002520967384332;-1.478058054042736;0.8722585884624336;-0.5686273215414235;-0.6764454792346284;-1.1439107114109959;0.8363546998082584;0.06811409124657114;-1.4204719505612429;-3.171278210074839
172;1.1843059447000228;0.3201921310560714;-1.1159106591327825;-2.0077833055691476;-1.1513501037348761;-0.6032722368679374;-0.3923982736749664;0.18007993139196282;0.9710626721859317;-0.6804397112976963;-0.6868181303234093;-0.7209688877323764;0.05470237992472117;-0.11631452074397847;-0.05539645196816604;-1.3522775911952913;1.6397839331370103;-0.10956356403812949;-0.13218035144722323;-1.5997255358615905;0.7203743419527029;0.5322362022155352;-0.6730204401508039;-2.6926366202261693
173;1.7771810921998608;0.7166842509975248;-0.34124694509302095;-1.737848882510249;-1.6251350849143789;-0.6027455645784;-0.6730411367592448;-0.038347640386052345;1.8379091810317874;-0.052366989501854505;-0.7899679610871995;-0.556911516093878;-0.18371929793562813;-0.0913021711198449;0.3221991451761361;-1.0500434307662265;2.3507418035204113;0.5806892405442065;0.2594808362059622;-1.5582060620877658;0.2828170298206627;0.81459802617296;0.021979634848593596;-1.867064710371882
174;2.1692752724616264;1.075842317729399;0.4448841751584754;-1.243811473821549;-1.8943886658569509;-0.673259943509912;-0.8858431917950813;-0.3071256675617835;2.5385663406081678;0.6779043729500844;-0.6945205003619284;-0.35554311417956763;-0.4757182205849312;-0.01442103393306425;0.45283985142340866;-0.588960787936107;2.931158628347368;1.386537495339968;0.5007549762174102;-1.0137915267950437;-0.34987960113472183;0.8950034419938735;0.5890214194959771;-0.8866963362208194
175;2.267248508018189;1.4363664439452968;1.106886362711703;-0.5838899505206695;-1.8455234364055353;-0.8552970393921865;-0.9853951918837097;-0.5778910104839818;2.924382951898971;1.4153982834124756;-0.32670155723327365;-0.19765224655947347;-0.6827131652123631;0.060236454900951586;0.36023615230026;-0.04861006972052848;3.271162974497101;2.141202255842077;0.7014965960232511;-0.1498738170591083;-0.9503574355652289;0.7740893134957948;0.9739781738736089;0.04757380080363097
176;2.0521194535209406;1.7881386929580547;1.558698187707877;0.16864713458440178;-1.4543827809786067;-1.1114059142498465;-0.9632242795297719;-0.8098974478327474;2.9040872885108833;2.069062639945341;0.28901568123325483;-0.09953425659782063;-0.6971069758325478;0.05873912153488503;0.15089029621847308;0.44380776889402135;3.2427566832167534;2.691166936366108;0.9945518795101281;0.7507296400540743;-1.2631415624278477;0.47642273056241713;1.1466257560860174;0.7828275397849278
177;1.5885639726845167;2.062232218387931;1.78794198158202;0.9251047757467389;-0.789194698728907;-1.3280117707089425;-0.8550361579660335;-0.9720574570422852;2.4740538128338603;2.5486763385739395;1.037426582998084;-0.001101304282803084;-0.4929105487579296;-0.05531613432337602;-0.04458263089227031;0.7573467944857145;2.7516339818499658;2.941265866134999;1.4425444087198058;1.4346423771721117;-1.106400118876722;0.06110600069646979;1.10573646628344;1.2441389109330838
178;1.0020053075749438;2.157096713854;1.8468461830313887;1.585366700976431;0.020717255356565253;-1.3581612099508016;-0.7244954976268805;-1.0408608570597515;1.718741533737499;2.7644041395156975;1.7573127834813114;0.19736096194736732;-0.13240351616391685;-0.24413057138639793;-0.13647344794425723;0.8123081425458983;1.7983028952575475;2.862394018702345;1.9874184242308788;1.7822779350821754;-0.45712801378512025;-0.3691378618029351;0.8826344902752611;1.4312652982167304
179;0.43349688908547024;1.988373298698577;1.8136373476343342;2.0536396510323884;0.8318120232483018;-1.0872963549682457;-0.6278078570758457;-1.0008741084171966;0.7815254846233934;2.6406239652754584;2.297658708189607;0.5702478048039268;0.2735155334087405;-0.40343060171448714;-0.11268196836841368;0.6188691105263099;0.5123178961932352;2.469366975259047;2.467691952431456;1.8378994230068906;0.524179293644291;-0.6747516972617007;0.5389404952080765;1.3918483183699666
180;-0.00895985254632578;1.5370380803157497;1.7441150826310374;2.2640867120658115;1.526039271825425;-0.49110878581296646;-0.5764263509255353;-0.8505696860158799;-0.1796951710832695;2.1437883196337015;2.558088820078188;1.110050935205527;0.6270775930911401;-0.41215743085135303;-0.028853259643383845;0.2774874499863996;-0.8663875287562969;1.7938068127975433;2.6906074618931393;1.7552031391625083;1.5476661867952826;-0.7118382621774153;0.15748312941690998;1.189830431486798
181;-0.28371531945382183;0.8708414896360211;1.6393032317431913;2.2046230631585852;2.028851576773104;0.3428281848365348;-0.519963453712304;-0.609384410971103;-1.0319804962199945;1.3108560718954407;2.4998059595255584;1.7109916311091395;0.8911010326382884;-0.19683796205935433;0.03972269879667614;-0.062267027432062964;-2.0581596347633013;0.8757003786514317;2.51857725991115;1.692090151577946;2.30731911892838;-0.38608402054544455;-0.17104214401349754;0.8853616524538066
182;-0.42170141254328425;0.1270418598034917;1.447301633195447;1.9238694974581194;2.3055010391058173;1.2406542963314473;-0.36347172513679066;-0.31779583210567863;-1.6873497019512782;0.25953617455608957;2.1323293542721453;2.2024820029098153;1.0949728537550254;0.22564091242033846;0.05447813842212458;-0.2659285183333133;-2.8369098473101513;-0.2205040563124444;1.925819589686689;1.7131218667098485;2.6026345236257544;0.2927496770072687;-0.3620680213932809;0.5317242202664338
183;-0.5049726675468345;-0.5365900181319049;1.0993245490942232;1.512958910158626;2.3472726782113247;2.0031522385721767;-0.015600064259814597;-0.02480740259633888;-2.1015273937803487;-0.8315592821942672;1.493786330043948;2.415300815738864;1.2969812402135046;0.7510652259188962;0.04394467999250378;-0.26984601237639483;-3.103178595571691;-1.3810676686750223;1.0015605170855595;1.7513398315952748;2.4116656692380127;1.1851475524054458;-0.35020459118530145;0.183048248592232
184;-0.6271561057962128;-1.0002393863893948;0.5609884358818044;1.0675359007244227;2.161589515595937;2.473696959430592;0.5540394583941012;0.2342412519189476;-2.2614318632300003;-1.7693519165672746;0.641485065793944;2.247210961293279;1.5268909300863287;1.234939772727641;0.08943313039205306;-0.10051950675279858;-2.903623005264418;-2.4358088002090477;-0.09309241631116735;1.6473672247714894;1.8810703033149205;2.047182123792166;-0.10234979022748988;-0.09924414022692205
185;-0.8512030774368616;-1.2235782398435715;-0.1293899559173142;0.6479131417225125;1.7726182805142796;2.583350242708067;1.2781070546308722;0.4576483788245954;-2.174963285786453;-2.4010462790714255;-0.3429117377320642;1.6974519270960557;1.744551810550263;1.5570319058187512;0.27373088615668717;0.151228872462632;-2.3908379689004886;-3.1869058900899274;-1.1848292356495418;1.2420335617714935;1.239870626964935;2.606984093815531;0.36817051392560113;-0.2506904176870821
186;-1.1798153843999657;-1.2524706987460665;-0.8579757123313081;0.2587742540230925;1.2280145230001758;2.35665691904135;1.9976387240626776;0.6805644134364153;-1.870503647720013;-2.6537441825988695;-1.3438080979723321;0.858245161267452;1.8412772449785773;1.667803022260527;0.6225516217187339;0.38575207671480727;-1.7471747080744622;-3.469583068118681;-2.1319518190684965;0.4717158812631456;0.6819176228349456;2.6655159818521774;0.9893431610763023;-0.21983075943501784
187;-1.5488079524680767;-1.1894213364705706;-1.4724596313834082;-0.1391815347084941;0.6007388942194757;1.882137201500052;2.512941957803689;0.9539898389928569;-1.402665206754882;-2.543094939018057;-2.214300888447389;-0.12559701004144613;1.6861775163509136;1.5927145124589606;1.0733397161949685;0.548279540217574;-1.1121145579019236;-3.217944287740589;-2.836394453198464;-0.5832110160798591;0.2772550935973665;2.17776351567536;1.6282830730974531;0.011108243556435748
188;-1.8455807751661861;-1.1424765849462044;-1.8423504095663632;-0.5905347302043946;-0.022755295491024598;1.2675824094361567;2.658411543568693;1.3061465583910297;-0.8532733909507954;-2.151010997901748;-2.8013733260061966;-1.1039351090039955;1.193888067130186;1.395600948999517;1.4909240314242407;0.6508849506369505;-0.546786496607311;-2.500893459485255;-3.2313879855750227;-1.7193174765407964;-0.043527169414292896;1.2744106242436914;2.1091175314800563;0.4113277638531028
189;-1.946427690735147;-1.1756960656635096;-1.9131813795969457;-1.100296211212044;-0.5667286584864225;0.6038719767397522;2.3673861904434457;1.705844974827003;-0.3180412167637151;-1.5872110105556532;-2.9890174594069308;-1.952425520181138;0.3778675375376144;1.126169392816186;1.723163269314939;0.751202458722463;-0.04601163213144341;-1.505309767986674;-3.267059253928136;-2.686148243114535;-0.42679079614293947;0.20958005719941122;2.255354604860358;0.8999900599178496
190;-1.7600961704113185;-1.2818901878276625;-1.7276567396902078;-1.6090756485079885;-0.9908719203887393;-0.048437919279526356;1.6972347678944995;2.050876227882961;0.12068394856131569;-0.9546231621877506;-2.7406581393619867;-2.5793644314669404;-0.6387710004693901;0.7852501245432888;1.6673161134430274;0.9014181394368405;0.4181466585937095;-0.47023965520298283;-2.913731325350837;-3.276877951022609;-0.9910667579828263;-0.7442436322916705;1.9487706812168868;1.3595662175129581
191;-1.2627302937508975;-1.3872950034286293;-1.4030024727994719;-2.0050201692174126;-1.300015388214346;-0.6511735647078261;0.8041089402174011;2.1944596676646477;0.42298281004598515;-0.33226393587941017;-2.118610267627691;-2.9173091313915234;-1.6601442216937463;0.3298865129783798;1.312209323763232;1.0985108722171604;0.8520509774627343;0.39823356040239855;-2.185613421568528;-3.3906457940600236;-1.737279506887691;-1.405682945389723;1.1836470272018533;1.659915313555703
192;-0.5119644751043704;-1.3840319244063337;-1.0754332047211572;-2.1696255708936785;-1.5301631104122038;-1.1727135792124725;-0.1189251950461415;2.003378512026092;0.6050008522861318;0.2238864546299967;-1.267970529831443;-2.9169542534192447;-2.4829928646132418;-0.28425107940107786;0.73538458939772;1.2665094946311357;1.2219564140275223;0.9915251237108283;-1.1681825294967336;-3.043749264821823;-2.522127861004363;-1.7460300881195894;0.08974228937751634;1.686889677378872
193;0.3650670190379331;-1.175759380558973;-0.8385630012828031;-2.035202123154043;-1.7161365632375738;-1.5793925697087687;-0.9101531254993256;1.4228255405825567;0.7260060770414217;0.6724618549862355;-0.37002098404929507;-2.5556441798200638;-2.9588475706812027;-1.0487202473289363;0.05985994971339956;1.2836180103732848;1.4690820990807427;1.3139107474563958;-0.024422797490116346;-2.336150780930278;-3.108692828290278;-1.8736162344344693;-1.094341700324418;1.3700628108203992
194;1.205852325060709;-0.7185598771867626;-0.7048927027360216;-1.6237014693794252;-1.8587186637817685;-1.8407363998734136;-1.4832342421800955;0.5159687577631438;0.8523463841762889;0.9832103468969823;0.41437279843282876;-1.8585503447269933;-3.0266209720154396;-1.8700761146304177;-0.6028905207841533;1.0415198758248982;1.5449926179326614;1.4465407324383182;1.0356384934075258;-1.4008992868645835;-3.2680790865391787;-1.950634049106706;-2.0950135060774264;0.7053964388124778
195;1.8567709678102315;-0.042875690004635925;-0.60754476631767;-1.0448221023586952;-1.9120423341132635;-1.9430254949872758;-1.831362388098793;-0.5440845605611463;1.0163221873397843;1.1434370815810864;0.986658201228386;-0.9171350822992188;-2.707985364432448;-2.5816665249268933;-1.1911974086192507;0.5055038720454417;1.4431091679216064;1.484344387217444;1.8161572520054787;-0.3662231632983186;-2.8808522187426937;-2.086853786455792;-2.698391720288651;-0.23173651562480238
196;2.2119747796752027;0.7495811413783376;-0.4397574402604136;-0.45192942692582233;-1.802112303631124;-1.8985277402725316;-1.997426368670154;-1.529934456841786;1.1930259659507079;1.1684388499445848;1.3221518071714116;0.11349485328552497;-2.0780179860856456;-2.997285899306465;-1.6932420700722999;-0.25712868560142416;1.2068556472876906;1.481815236302917;2.2010798788510324;0.6554724472229971;-1.9895864775886307;-2.266787047356436;-2.8252069412299514;-1.289266021022637
197;2.234034802425142;1.5113018313078963;-0.11230537887427296;0.0235093105649236;-1.469568232101408;-1.740406966921397;-2.0319996782664687;-2.239576448376443;1.3096188139123819;1.103785378429483;1.4522166908678749;1.046746296292361;-1.233430883209913;-2.9815180507553776;-2.1134054378121805;-1.0959670225920237;0.9107716485729452;1.4349684530365794;2.1914783706711387;1.5589534642057625;-0.7810325759007487;-2.349443973887352;-2.5502518393408415;-2.262642481726079
198;1.9514974100442635;2.087781719627306;0.3978777778745155;0.32651011961289095;-0.9142169527190525;-1.5039015264317916;-1.9633533904053364;-2.5643124655023897;1.283498511701495;1.0108638504547829;1.4322023620296633;1.7174455976280392;-0.27567898946518976;-2.5027707886354036;-2.429966934286635;-1.8338766575407106;0.6272021441606661;1.3037334833971188;1.8945787257250473;2.2382852476127133;0.4876663598953202;-2.1417571932178987;-2.0549306801313785;-2.9411948237533947
199;1.4382438997259275;2.3577687173741837;1.0287066630005048;0.4948072558393021;-0.21510923691706937;-1.2054944049762426;-1.7925938048283088;-2.514900526094787;1.0687453914099847;0.9385646083931839;1.3141684730642251;2.033009201949084;0.6887956863423901;-1.644747511908228;-2.5742492066655043;-2.3315201851300404;0.3980262697552287;1.055673479133172;1.4692501294133147;2.5971828617713095;1.5791238409239927;-1.5080106253131702;-1.5340095290390943;-3.16739537017577
200;0.7864473867015154;2.2637413380366493;1.6498072554173666;0.6287438108883975;0.48873179219244955;-0.8354419977965248;-1.5102552951711705;-2.1968922756350673;0.6845539356843896;0.8956677646442159;1.1358785088475951;1.9988437685174525;1.5432712252050917;-0.5741134488515477;-2.448113900690981;-2.527852437766809;0.22527591041347889;0.7015622154602758;1.0555215065605976;2.578867864953466;2.340419716003474;-0.45862826624186603;-1.101842821778673;-2.8895697953870227
201;0.08561228672880938;1.8247743177316706;2.105875060001699;0.8302920367604585;1.0508727035051202;-0.3718947278019;-1.1186065783371644;-1.7509768297983872;0.20908116966895957;0.8418705330533014;0.9245812785526075;1.7059555112637408;2.166574772407872;0.5164845611470603;-1.9732524482325484;-2.4394300611086055;0.08148945562974462;0.30097643459140677;0.7233223656346324;2.198898454662809;2.719995781264564;0.8277406753191575;-0.7454701830848081;-2.1848540587610827
202;-0.5855312978757109;1.129090161734557;2.267714299392021;1.1420108216395948;1.3781447082401475;0.18922293518438144;-0.643219630002788;-1.2898155037790593;-0.25795032506766163;0.7068963815621505;0.7046113653464555;1.287553499817851;2.4575784117210486;1.461795100588676;-1.1458281648217645;-2.1251242593996356;-0.0705535419853772;-0.06414490942794732;0.46381947538480894;1.5573411188552047;2.742427736178333;2.0607574859177045;-0.3493452134125393;-1.2369748186302676
203;-1.1563474039128439;0.30939509539882226;2.071936828625911;1.5162460516217273;1.468005481578519;0.8065484873474851;-0.12718929331127954;-0.8614905431871536;-0.6421157578801013;0.4309188164641227;0.4977990328716336;0.8662614783469631;2.3705868844888722;2.1525257015657755;-0.06525832632586073;-1.6414907059030721;-0.26149846287279577;-0.33059389707852477;0.22251040012652068;0.8155973689160496;2.4669843137391334;2.9461091424405477;0.22030096587860917;-0.2717906984861911
204;-1.5597611530824338;-0.4908875062599736;1.5376242010437122;1.8293109211647505;1.4020031246022353;1.387656281271243;0.38555240742692365;-0.4529937228001422;-0.9230605872947852;0.005363735313608786;0.3143035796259809;0.5162062717870206;1.9422799879396846;2.5352720257491845;1.081119794460326;-1.0171057687394243;-0.5086477341963002;-0.4845926632422248;-0.04925653572939073;0.1431132799312048;1.9579577438629223;3.292967735033126;1.0154241241161759;0.5253896793440875
205;-1.735583454707872;-1.1498205339196814;0.7583534789439237;1.933235103052077;1.2974070351057723;1.814425050600505;0.8640116161107649;-0.025095493044257164;-1.12838570109171;-0.509615828360702;0.14196603940760127;0.25393114978558606;1.2912180422121817;2.596409051436593;2.0726903658174725;-0.2604117513076343;-0.815381279279494;-0.5647242877202581;-0.3557268851787644;-0.3421751762228494;1.2799534392484222;3.0728217686695958;1.944341051867904;1.074309250969703
206;-1.6454402957631153;-1.588094945747111;-0.1239490492486684;1.7203195795794015;1.241448267491539;1.990286448249969;1.2902176322120014;0.44523170734041156;-1.2970801820827005;-1.003199966681221;-0.05348330442987026;0.055587057290097996;0.5838099162053789;2.348266335796142;2.7246607792955992;0.606378669362886;-1.1687292135426561;-0.6369165340634124;-0.6522620580300749;-0.6102332110572732;0.5107886402315585;2.40829710473155;2.7838090877682156;1.414574413234474
207;-1.2937456470712028;-1.7744424741154936;-0.9533230093041578;1.1713526672785899;1.242472803523947;1.8855403240866953;1.6458827905441367;0.939273328256177;-1.4360004681358023;-1.3598656099209183;-0.31080869332031164;-0.11487250821274465;-0.02124917298815633;1.8286205434289284;2.9406819859590763;1.511797057026114;-1.5310244531101802;-0.7570150690059212;-0.8743300583495872;-0.7141344448541701;-0.24807533040479257;1.505916667998281;3.263262072450039;1.6615034370268644
208;-0.7421981726198706;-1.7173159657521402;-1.592871412644344;0.36792664615022463;1.2240711713083599;1.5549642958613514;1.8971178494294165;1.3994966936618263;-1.4980811727124987;-1.509014504031747;-0.6441656694543844;-0.28382952002880446;-0.42551812550366624;1.1102920551188815;2.7284356366500617;2.3245837315077886;-1.8309883761705477;-0.9416057069405782;-0.9794380331813355;-0.7480813329982822;-0.880965194985134;0.5714539542054144;3.182110449732106;1.9234510399091544
209;-0.10541050108521018;-1.4502657678411741;-1.9499805562726222;-0.5332141291904677;1.0661313407891082;1.1150889697917077;1.991985946988564;1.7548434449029342;-1.3986465118242692;-1.450962720368068;-1.0191335973765012;-0.46139141833494723;-0.6163987189714575;0.3066338762946871;2.1776381612020232;2.8806318381574942;-1.9665674900550918;-1.160455121100622;-0.9749082867363843;-0.7920395914089107;-1.289278352108655;-0.251247073093328;2.5033705971426796;2.22283556367141
210;0.47664078222607464;-1.019833329359961;-1.9899103889968837;-1.3497362194304419;0.6724894005596724;0.6902056505673081;1.8781416654299032;1.950489776818161;-1.0632737256597702;-1.245038380905672;-1.351370748808121;-0.6467415598150976;-0.6554382516301883;-0.44134980152302605;1.417726458280279;3.0381732075033367;-1.8293909675143625;-1.3501885315817057;-0.9142925541827029;-0.8728652788865606;-1.429187130490264;-0.8961525640614452;1.3782158455294524;2.4642142971659418
211;0.8814718860125393;-0.4812756820781832;-1.7363994149344695;-1.9257260496342632;0.031199656180827484;0.3543564323798989;1.5337947978574462;1.9645456360674094;-0.4806825765866398;-0.9675324595547485;-1.5343264406316606;-0.8346676445412343;-0.6377828944656457;-0.9993057591475148;0.5785243170267166;2.735071475016741;-1.3483061854100322;-1.437888302156429;-0.8648354273826098;-0.9608562708749672;-1.3326542561075736;-1.351396131546727;0.09026388435849164;2.470682584301449
212;1.0447585197050975;0.09908964308313092;-1.2601941537843597;-2.1679131009643724;-0.7626806887284413;0.10049460826451258;0.9938612747748778;1.8051559948959666;0.27074479641381355;-0.665243283275289;-1.4852873796104256;-1.0143915414334004;-0.6445611466000933;-1.283015904563393;-0.23050062508289426;2.0196435745411927;-0.5341827147595373;-1.3615333066178084;-0.8656342539449919;-0.999472356453437;-1.0960208780837861;-1.6218726050413683;-1.0525417776373267;2.0747017119719375
213;0.9800553202789563;0.6418172246105337;-0.6589650629995125;-2.0580840290656313;-1.5330106487303041;-0.14535796645349164;0.35250160337141545;1.4951167871273008;1.0405576439821616;-0.33329689748846175;-1.186267854243216;-1.1610050938189274;-0.7108495076490061;-1.2895283862914337;-0.9218906285727502;1.0395467617539491;0.49928939834476344;-1.081128592711404;-0.9010063252150154;-0.9471926872184872;-0.838532047839944;-1.705883440489536;-1.8269555604784375;1.2192670421325447
214;0.7674310487343841;1.0605851080336464;-0.03444227661704685;-1.6444650927757853;-2.0847528544819838;-0.4710817422585481;-0.2649913926684163;1.0583734674965297;1.6611157334986857;0.06850743289621844;-0.6965505643242228;-1.2289798302556245;-0.8208086504433143;-1.0976518076845636;-1.424625007001885;-0.005765087181480472;1.55663797286408;-0.5835767520822908;-0.903992231101787;-0.8049876677702509;-0.6508674341750813;-1.5987758990202763;-2.1561041924976907;0.016679981870843102
215;0.5154559335768887;1.28015196418945;0.5265196942537178;-1.02103965983139;-2.2737441089417616;-0.9142679786354329;-0.7500264541905453;0.5192653628542843;2.0117200885030346;0.5702268367424518;-0.12813865677856162;-1.1590084384515533;-0.9259622203368815;-0.8341926135667187;-1.685232187146266;-0.9264657628256487;2.4208764142910977;0.11165295067825645;-0.7874748726285101;-0.6133546054937185;-0.5600964216458907;-1.3155413313690287;-2.1025594945547654;-1.2691167171993407
216;0.31403307950713394;1.2612288914370147;0.962009604315458;-0.30388692091733305;-2.054071253084701;-1.4217769890686136;-1.053907209678368;-0.08593991305452393;2.0586623404256987;1.1453973691910657;0.40377032432082466;-0.9016328196996353;-0.9718106752650205;-0.6201805141374067;-1.6808244426098582;-1.5909185826281935;2.9278632392398856;0.9432442777811878;-0.4857812833621054;-0.4224395629513903;-0.5284755356507709;-0.9108021318685325;-1.806806834760424;-2.3133526441524586
217;0.20010085090643134;1.0205809557995333;1.2355183096324187;0.3900836496019247;-1.4860223836665531;-1.856492874567486;-1.2019444838482432;-0.6966570001669;1.851730150080384;1.6943401945323986;0.8282577280337707;-0.44843890481521764;-0.9176013985703175;-0.5220731344462994;-1.4365435272135405;-1.9444577734508677;3.018842975865118;1.8011955304673002;0.014036889055032552;-0.25542338019322053;-0.4845000248532868;-0.47652187723063133;-1.4096490592459197;-2.854197533439911
218;0.1516233347177639;0.6337288499069517;1.3307112873984959;0.9604566294953881;-0.7068576796976016;-2.0505114765489028;-1.268615308399298;-1.2288896065690602;1.4826585489404203;2.0716029729326624;1.1375496348153735;0.14717756337640983;-0.7427307716055745;-0.5303554395122553;-1.0322693450484186;-1.9985385878022566;2.7443943238748285;2.5342234978980103;0.6639490519891792;-0.08924208061456346;-0.3669516169223706;-0.11308969697904953;-0.998978483393715;-2.7921489149635823
219;0.11086293783185151;0.21425142003949943;1.246809509156273;1.3366009662198977;0.11800087715538758;-1.8799302686917825;-1.3255920261176923;-1.595630641018948;1.0323195942448717;2.146352442951385;1.3671437622900962;0.775547533563688;-0.444002200435657;-0.5736212312243062;-0.5866574099010328;-1.8044631257040546;2.218654811228349;2.979655978067494;1.3688492993303072;0.13405153304427703;-0.15673115192596132;0.11212964058887635;-0.6017709016372732;-2.2194856061169235
220;0.02326378007496665;-0.12487054588537702;0.9991862347588962;1.4860170607263858;0.8412295572061286;-1.3252129283116831;-1.3909740200369913;-1.73917986341231;0.538471429081101;1.8643875357585162;1.5502423910598442;1.3051729190193322;-0.03320708480088725;-0.5584008656683052;-0.21921429777016363;-1.4294424781170176;1.550842079074017;3.0114900608459427;2.0115452308178514;0.47051910614902537;0.11980436900852674;0.1949985833326529;-0.2139284275993904;-1.3688069905067046
221;-0.1289315925144211;-0.31217135524269096;0.6247044717640027;1.4158012190441933;1.3617753190219795;-0.4884073258086193;-1.4093634217137159;-1.657359222332039;0.0017129597480204234;1.2779023894562447;1.6756867807827085;1.631561185407572;0.45893787203847236;-0.41357236376130857;-0.005478536366390813;-0.9452778198144882;0.7948998262708562;2.588091097349972;2.476467096548999;0.932516598202827;0.4142747711442328;0.19495209139730713;0.15971454055935452;-0.5088846774180086
222;-0.31533993898224016;-0.3421068397950121;0.18592330202899027;1.1660647390173313;1.6315701873450439;0.44004298700473543;-1.2768523975820263;-1.406067870967443;-0.5774769999214229;0.5261326219556549;1.6775710799941432;1.715607457409108;0.9753401623403049;-0.11883764100145029;0.052734882466921554;-0.4276422557074576;-0.05193509756713202;1.7752252372428912;2.6663257668736073;1.4652028074989893;0.6887581220537221;0.20368245179787556;0.4845725370560946;0.16045792710185997
223;-0.47284642075539984;-0.2707876966443669;-0.23360579566566927;0.7969535779577231;1.6476611111795143;1.2481646757044893;-0.9005263077468613;-1.07290700247835;-1.1580162997308603;-0.22303179773659948;1.4663737027848052;1.5904764374252869;1.431488186481804;0.292151513321475;0.025541201104367986;0.0445440197708627;-1.0003908903836929;0.7286779141440916;2.5141313804315457;1.9545274400228345;0.9351701957156832;0.29847831351453313;0.7078556055108505;0.5664925979615767
224;-0.5380716960024624;-0.1844155255481177;-0.5470898440930677;0.3739342484915086;1.440005568501459;1.7720790110982276;-0.2621329018248054;-0.733952164253447;-1.6444743352213904;-0.8390944884447147;0.9861252495759647;1.3328292453785548;1.7299076702447242;0.7493155501887031;0.020496046531387688;0.39934132547857715;-2.0014517822467743;-0.35931370439389315;1.9960031240054728;2.262979588992663;1.1688404373357832;0.50501487255495;0.7927815126766324;0.7545339756422897
225;-0.47904601587082635;-0.15543518243268334;-0.6915922160806323;-0.043216200714624974;1.0616997903116898;1.9394556185378293;0.5485866218694443;-0.417537972245559;-1.9148381407334012;-1.2680745478546278;0.2648206401779918;1.0148577759566828;1.7899531138368592;1.170862426934023;0.13099418358489337;0.5922115020208534;-2.906605516051437;-1.3251862511753565;1.1457807373139928;2.2758286534556524;1.4007683686265404;0.7883462815202876;0.7505002290416531;0.8271945370278723
226;-0.31012289691176165;-0.20784764541889472;-0.6531541702611646;-0.40484425315532785;0.582154366610205;1.7734612743360985;1.3510299382860391;-0.09715698504645519;-1.8781772365172278;-1.5267882663761325;-0.5732680840914237;0.6655173702832378;1.580857678080576;1.4825162826764204;0.39187651812538404;0.6264569060582572;-3.4909244990196866;-2.0780620331734165;0.0644560530762806;1.937529420971081;1.607295450691374;1.0742470543030485;0.6460726238628003;0.8717541785394742
227;-0.08438332293161144;-0.30863826913532505;-0.47626659368489954;-0.6709433098302758;0.0796628958472655;1.3636406680908615;1.9360163983896115;0.2799138449533125;-1.5301280100053427;-1.6609914862792394;-1.3446025777778787;0.26470046801584585;1.139846157139586;1.6266415165326729;0.7625316422083326;0.5589125065311381;-3.5389446872087826;-2.6007206763478403;-1.0869074325590775;1.2657450643248895;1.7185834856427789;1.2860766031275652;0.5712096403263064;0.9161562410148808
228;0.12990873187359042;-0.388965200269552;-0.249491659345047;-0.8108299734273707;-0.36958248769609264;0.8235399704820713;2.1449723248690487;0.7426024938066023;-0.9720399691032989;-1.696800229965363;-1.8763586721159367;-0.22529905287151525;0.5622062203583553;1.5653566922935123;1.1435256377071508;0.4816245938940825;-2.954498799956341;-2.910375392059428;-2.117608672045581;0.34305175779027397;1.6368435903274752;1.375075217309861;0.597401297630674;0.9327395788148112
229;0.27486668474561776;-0.3835500147020351;-0.07040551931895736;-0.8075769142535602;-0.7049570662472584;0.2559980348567961;1.929458657711017;1.253251813466203;-0.37799646330546555;-1.6173226713406932;-2.07393222900779;-0.8098236575496413;-0.03515215804307446;1.2847966800524224;1.4164771057811036;0.48321112877303746;-1.835647971197377;-3.0068188811409176;-2.8556554981927644;-0.7042138491278588;1.2780467115664997;1.3283159016352066;0.7356680177372669;0.8789564000358162
230;0.3179274719425904;-0.26765050581955824;-0.0044981543330110535;-0.667266845312531;-0.8925316387378976;-0.26258293277995476;1.3648304989653075;1.6992635632456687;0.07729498685881667;-1.37936507540441;-1.9512353014049497;-1.4251645966784674;-0.5592684595092499;0.8034019270543854;1.4873222084313473;0.606381462908983;-0.4678920268478344;-2.8447688622771006;-3.195826974363423;-1.7291372513890397;0.6170288469585267;1.1539557861635674;0.9259933621249311;0.7435455769094622
231;0.2519517923303178;-0.07280141696622813;-0.05759867507779655;-0.42733154100907234;-0.9287834488201683;-0.6808373691475996;0.6147802218937082;1.9290947597715324;0.29399352733103545;-0.9588385881037425;-1.6094363453670884;-1.9412617830813148;-0.9714814843888908;0.179394699882792;1.3146479975946561;0.8227160539599436;0.7715486314011747;-2.3538672183373843;-3.125119543625494;-2.584141211133328;-0.2866769402942168;0.8580937090938021;1.0627674103308657;0.5662298240522534
232;0.08602251672601843;0.12599757824702118;-0.17622038530355946;-0.15544431728021063;-0.8354526727888004;-0.9644314599683108;-0.13339882761791672;1.8183222401862844;0.2868350498218304;-0.39412540783556105;-1.1782103529532368;-2.2079859748902706;-1.2855137825129435;-0.49194469528492624;0.9151455105531473;1.0388794416547222;1.5589248381555285;-1.5000243459131213;-2.712331968464511;-3.1390789122444325;-1.2952660771547546;0.432362285304225;1.0425075545865607;0.4178990746715648
233;-0.16260755626361728;0.24417294533269446;-0.2768262889755038;0.06648215516419886;-0.6490398964840363;-1.0920271138309492;-0.7316319836321135;1.333743330879726;0.16822325554142328;0.20380824060410369;-0.7535641435474106;-2.1233165857201763;-1.534635120722943;-1.0974498433944901;0.35046164169834176;1.133314817619026;1.750995296285141;-0.3526497039395638;-2.067127459428512;-3.3010840446829786;-2.2283928721020287;-0.1364277208405401;0.8085742045003549;0.35418181974267565
234;-0.46784976603537176;0.22495744535517467;-0.29012082759373475;0.17045645368505943;-0.4110008030484396;-1.058901523797245;-1.105948356147686;0.5623531032344616;0.0839213325431708;0.686610086811596;-0.36634810599159706;-1.6871061213344152;-1.7282241668691172;-1.538150510809941;-0.29329141439903356;1.0073245972444085;1.432810727458313;0.888027736550893;-1.2913630990512914;-3.035602240820899;-2.9121542966436014;-0.8386588396009289;0.3709189987825139;0.372483185968171
235;-0.7863281485700556;0.06234435586780632;-0.1981207225084842;0.13119360511658817;-0.16290484339262007;-0.8838112389382621;-1.2547532794299068;-0.31136357938343884;0.1356539540262803;0.9334878111719467;0.004134851244734811;-1.0099020919931696;-1.825884393441792;-1.7605699015613399;-0.9232927010708829;0.6274987196062368;0.863862640296939;1.9324797686909052;-0.45051198271133186;-2.3812563453263214;-3.221667555308124;-1.6136645945669554;-0.20560894666142715;0.40098538732228384
236;-1.0503154666521788;-0.199334339271802;-0.04481730602186234;-0.01966493401333659;0.05406362490952048;-0.6110734261619926;-1.220845844354181;-1.07076809976883;0.33119085539266413;0.9107697760743596;0.38459361158284133;-0.26988167454660544;-1.7482664286556093;-1.770492670992734;-1.4516906849065923;0.04123741396700939;0.3508569117123717;2.5043989157078568;0.418953607816093;-1.448108726013326;-3.104028736350061;-2.3411530512034164;-0.8329956827980243;0.3292019097230584
237;-1.1733135821703737;-0.48550290078662484;0.08549630225197538;-0.2041881977208749;0.2001635528844101;-0.30273052068743134;-1.0579985138381582;-1.5450140146436362;0.586732744176518;0.6914905052180746;0.7624246011108843;0.36080402846947945;-1.4221904798707796;-1.6200159169919817;-1.8042993542380683;-0.6394067955480135;0.11100174294614781;2.4595284294584205;1.2734241212814816;-0.3936326594030085;-2.579736449203927;-2.863122185536499;-1.4308737736503758;0.06506664680966714
238;-1.0733250880709262;-0.7183494888402258;0.11154525222950328;-0.33196432542124776;0.24374747516062706;-0.022483309084111766;-0.8104111674927612;-1.6643011584789567;0.7777835650855675;0.4214152156111014;1.0717909891983208;0.7822694855246453;-0.8358363946880818;-1.3734818781628506;-1.9307362275223123;-1.275752233533395;0.19157862215581187;1.8607053706999517;2.024990320582288;0.6181854733247547;-1.7296349966762639;-3.0307004041771495;-1.9393843719298576;-0.412156110098031
239;-0.7075227664393053;-0.8372136137061292;-0.0017953424262628012;-0.34243240886848225;0.1738240119448877;0.18124645155097296;-0.5112621816567107;-1.4698393478222802;0.8091988589478053;0.247635369567371;1.222092304409343;0.9922815453416575;-0.07092914120287808;-1.071186367796515;-1.816146667019522;-1.7444350648357234;0.4794690533383142;0.9657519206318628;2.535436230390105;1.4584567158363961;-0.6765788498000465;-2.7564413796242713;-2.311215462599914;-1.0316878604858017
240;-0.10233462738805219;-0.8058239512325386;-0.22214654348575652;-0.23464738097397494;0.012281961545033526;0.28517037837213094;-0.19331025191901838;-1.079166225347289;0.6664893013042654;0.2472267780283438;1.1526001255682787;1.0606768949471272;0.7107976352541572;-0.7127432964985302;-1.4887758837922733;-1.9669908536339806;0.7864124455577869;0.12673073701718934;2.6571728157509416;2.056937440296225;0.432990650703697;-2.0489697107610865;-2.494917885348203;-1.6540654473065532
241;0.6386552738945168;-0.6095002889630166;-0.4602656182611833;-0.06798351710230577;-0.18399007528294614;0.29062720407704323;0.10192776862001884;-0.628490481244944;0.4225778238824771;0.3940192438869532;0.8793684617965245;1.0712990270265976;1.324995873669004;-0.27154012179885684;-1.0156373759379014;-1.9197946123848002;0.9582508000442341;-0.3555044514727437;2.3075526801558084;2.397526144300068;1.4478351802209777;-1.0152021604301233;-2.427819809894387;-2.123977444131215
242;1.3580328833435122;-0.25129583243044645;-0.606679494539207;0.06856056082556801;-0.33779710677093017;0.21586654602650845;0.3265459027705687;-0.2217321827082121;0.19928994756050256;0.5807441557980494;0.5033420612611959;1.067267398521884;1.6389900954797807;0.26699466473992906;-0.4831960313728478;-1.6273383253607407;0.9487971803135241;-0.3531946399703703;1.5376077070743133;2.491798346855107;2.2333051036567158;0.16940528417116982;-2.0504427110107706;-2.325288904088898
243;1.8931934514743296;0.24551884147416247;-0.5759863792956159;0.10419518862413671;-0.3808336066542163;0.0878360424788168;0.440532316749634;0.09210999770520065;0.10645176395402514;0.6834083049125999;0.17059711304348962;1.0314973911091652;1.6250180458423058;0.8666469631376508;0.030878692130452967;-1.1475389182575162;0.8235551557463813;0.04767580072994676;0.5511384359719088;2.350354858982102;2.6944130398276998;1.3085035501710138;-1.3393454252485772;-2.2120606822318813
244;2.1308433625528798;0.828861896579241;-0.3383465819420838;0.027060639121418636;-0.28503370384220256;-0.06153349132775721;0.4291721842103585;0.30977182237961426;0.19092813879534243;0.6318573724463017;0.0040070188226251635;0.9118451489059293;1.3645646629575088;1.4276410490866116;0.48133342275931956;-0.5569176660458603;0.6998301315199468;0.6050624167557459;-0.34901148764489154;1.973665841591988;2.794368184059844;2.2310949747772173;-0.3411896589833764;-1.805401018627379
245;2.043382091862875;1.4115443586426162;0.07389022889780741;-0.10391251308342006;-0.07922303784172419;-0.19504042284223383;0.31213881546419997;0.4464990704094671;0.41938791992522173;0.4478827225374637;0.043484268795919545;0.6726185135008578;1.001914645724386;1.81328877228392;0.8608616195433146;0.061475260125907774;0.6639823630850874;1.04475705228406;-0.8730493936773882;1.3714791409783151;2.5599506504086444;2.821718229072;0.8135464970816371;-1.1660690393093383
246;1.6906970318538515;1.8782835635082993;0.5829059144798008;-0.18355158977581987;0.16072889088876735;-0.27129794518746336;0.13795565286465905;0.5115610432655;0.6984923959039079;0.23098289392474164;0.22846107398730334;0.33799477750784823;0.6724120951657621;1.9069289835357195;1.183249812670637;0.6289094305159398;0.7152787019360276;1.1866340532948751;-0.8660221288644019;0.5992856974107954;2.068958607985582;3.030233786594273;1.930330060387188;-0.3647332095325832
247;1.1870765851879186;2.111354623550652;1.0931593227581424;-0.1103436072069584;0.3469293805025926;-0.25272489654683;-0.03350284895846867;0.5013270492756977;0.9168673481822516;0.1010563422098387;0.43307915541163505;-0.0022164697108599807;0.44405332717003504;1.6706950362839372;1.4534536710559345;1.0825185158490744;0.7661171947813574;1.011593161295562;-0.3796852655457333;-0.21550996994412414;1.4237427385228052;2.8662299504567335;2.8002430590700533;0.5309283660442828
248;0.649615912251134;2.0289138404174563;1.5154633029985716;0.16248236743972627;0.4238824264251677;-0.12064309386607996;-0.15104667880618627;0.41088547862094504;0.9852341995867421;0.1303816243902008;0.5349175363043588;-0.23097794972487376;0.3023889642039787;1.1734207963357464;1.6435919887864252;1.386108289235206;0.6936903339819419;0.6415931051824265;0.3446901010088707;-0.8848752337622763;0.7230187375773711;2.3866412611967225;3.260447409186326;1.447834873907674
249;0.15304825613285525;1.619841895470379;1.779029237480085;0.5994946578329932;0.3992152165812153;0.10968596198938008;-0.18498414015394488;0.252595731732314;0.8573507348532382;0.3017249078509068;0.4791276243029445;-0.2657277630827518;0.1832802743653309;0.569457536827167;1.692639536036323;1.535183658065103;0.4094115991266456;0.25179123629982203;0.9789063438811717;-1.2173708316509193;0.04560115425294124;1.6826001680645097;3.240533907339668;2.2901532814396486
250;-0.2880522888183421;0.9566814231022375;1.8331460711674163;1.0919554242334464;0.34257708027030853;0.385097650674683;-0.1286989279418349;0.06613570238623419;0.5291803726971276;0.5137075654788741;0.302554266535569;-0.10727112839779387;0.030601719681507683;0.03604838422595384;1.5347614334841877;1.5512654942529565;-0.09431021826411995;-0.032427708687830736;1.2490477092464665;-1.1016530152323092;-0.547784353238883;0.8664646420155302;2.7766981624952707;2.933244958086778
251;-0.7031741010791399;0.17651119054909134;1.6469866551857804;1.4977154430439865;0.35024243334283073;0.6291000485438247;0.007594611749102781;-0.08893750127045591;0.026803116268571424;0.6284196995913301;0.10524225368365353;0.1540402750189446;-0.1575672056234383;-0.3001721147753801;1.1434096289952915;1.4656635883312743;-0.7430571586779428;-0.1972561950261682;1.0482973021126154;-0.575225283761625;-1.0009791775796244;0.056965129293446236;1.9909866492132446;3.2430617162765265
252;-1.1267111013732658;-0.5651077085547289;1.2152622873067622;1.6923665130158405;0.4913914059510404;0.7723527793757067;0.20362942865024547;-0.15524923420772418;-0.6029532337652218;0.5346917987527684;-0.013481416571642008;0.3805148613398419;-0.322605033673561;-0.4102940790933771;0.5660894993632104;1.3001347744961775;-1.4191747305931144;-0.3317034839558073;0.4684010852543074;0.16303192059117222;-1.2529576987999798;-0.6383310375654074;1.0480718052525084;3.118718557617483
253;-1.5579743609361296;-1.1476931213076864;0.5699600969580029;1.6085568930521945;0.7631417594531602;0.785387879201397;0.4312333987520395;-0.10200289974961407;-1.2923144728352227;0.19490095857768774;-0.017423220473629195;0.4553205005794023;-0.38241474262125086;-0.3604788217156325;-0.07364571455678218;1.0560341553333974;-2.0119202551260558;-0.5595862198199977;-0.261836687723249;0.8142640931471581;-1.2473487127149763;-1.140130855682673;0.10938454881779225;2.5393691066296378
254;-1.9424045328091322;-1.5223512990964743;-0.21025814569355808;1.2489531866891321;1.0785712284799072;0.6952265781599879;0.6527979468820155;0.06187085349940206;-1.9475679044197491;-0.34469514605792717;0.04112731989937039;0.3389288379308296;-0.28874717793325944;-0.2631614790105863;-0.6143599238594838;0.7206075213319678;-2.447917452135503;-0.9549409770176509;-0.8958249747834065;1.0954516713507232;-0.9633066184900885;-1.4083218187142383;-0.6987579255757068;1.5901074793765448
255;-2.184670270715257;-1.7142092637518918;-1.0046555420395062;0.6731257732986434;1.2960831394787418;0.5734673395162987;0.8221334342159502;0.2923288479548163;-2.4513825607685855;-0.978812613041356;0.047400625019869316;0.08254360607619907;-0.06890330405109941;-0.210718603966537;-0.9201700452809503;0.2893381960402232;-2.68810676503877;-1.4889729669995906;-1.283512085618247;0.8590806077367859;-0.452748690385264;-1.4424547630913427;-1.296801296068921;0.44974477136885527
256;-2.187902268101725;-1.790591417938721;-1.6752423729346784;-0.02908083287592464;1.2776759755795168;0.4980336110467144;0.893516071563052;0.5287013509080207;-2.6820564034268664;-1.5843637218893756;-0.11294212800424924;-0.20811104685485068;0.1752649391151329;-0.22894038643906062;-0.9387038818716942;-0.20797312273777413;-2.7022385076259146;-2.0351905529782908;-1.4239979053692824;0.15927311728360094;0.14213480811965562;-1.272973428729344;-1.6479861137846672;-0.6583041932238087
257;-1.9001446943365172;-1.812245724650643;-2.106388463250589;-0.7618774555295273;0.9490037805680352;0.5064240580555304;0.8386074135325926;0.7151104469953906;-2.548313178401846;-2.054937064589768;-0.48831290607082056;-0.43681532563152936;0.3130064232183916;-0.27513543469363944;-0.7231846683630996;-0.6951395053596381;-2.4477965859310165;-2.425180576597722;-1.4349401257418386;-0.7699893234793134;0.6130802435922207;-0.9497831900815764;-1.7487182772795256;-1.5323859705370069
258;-1.3455355591142932;-1.79369017904881;-2.24287751404161;-1.4361517456935262;0.3333454042532224;0.5657349233698172;0.6630011166222671;0.8142297094885953;-2.0260224172537638;-2.315111814173435;-1.027745954070401;-0.5711420262630271;0.25034547784633104;-0.27919775314577067;-0.4057298086171083;-1.0641885650799394;-1.8767184812898525;-2.5208637478254645;-1.4620480987874405;-1.616536930328462;0.7537901469434463;-0.5357248730072537;-1.6213974001902098;-2.0483310264306995
259;-0.6250359156093339;-1.6939063254860884;-2.1071999560703376;-1.9717822651960104;-0.455056191558582;0.5785497373268896;0.4104836263359327;0.8094797790304212;-1.178094672628755;-2.317093216273088;-1.5956314288450553;-0.6555211998992636;-0.021136645660129905;-0.20085538804778474;-0.13453093924124357;-1.2151229282549507;-0.9727342473745699;-2.2644054290143907;-1.581955399005972;-2.1236061300498528;0.44785122868959687;-0.10739378310583556;-1.3116785361450083;-2.182754087302312
260;0.11432753518264949;-1.4425016741970467;-1.7851082631697548;-2.2986859842985883;-1.252791852447045;0.42614125791850177;0.14755767375975412;0.6996692178679579;-0.14483840285082197;-2.033456476885436;-2.02478674062352;-0.7757842737866436;-0.4200209777462486;-0.06716937380284799;-0.007083040023663126;-1.1035427765348313;0.20198807195102386;-1.684758113388372;-1.7516497105709181;-2.191211761162847;-0.26479296769199956;0.24250562398511927;-0.8866539584731348;-1.998736303130838
261;0.7287433708548086;-0.9875116204434801;-1.3842231504376263;-2.365121103020321;-1.902797116316904;0.030287687305061053;-0.06801722869866823;0.4937269147467881;0.8937584370570276;-1.4595202917515746;-2.179382099925888;-0.9960935652277011;-0.8174220463812685;0.03358267776603102;-0.03380406864912086;-0.7709444895438914;1.4839239512956401;-0.8673900744621676;-1.8291460541776805;-1.8978484895999952;-1.1808556766769318;0.4123246480050402;-0.42916710325775603;-1.606308777946901
262;1.1249347882280833;-0.3392003699714632;-0.9852950003667683;-2.1538167348209902;-2.298376901539513;-0.596555630320586;-0.21937294164153232;0.2104010000146769;1.768269833741809;-0.6281231539130865;-1.9976259026120284;-1.3051370258755315;-1.1015077132415407;-0.0006344160294366741;-0.14957842767783397;-0.3383699480222534;2.632842251410736;0.0863462477008526;-1.6503091345197032;-1.4361552912572995;-1.9990714205402211;0.31624898409895363;-0.02644006960295324;-1.1194755548412614
263;1.2867771031533415;0.414237054728557;-0.6109063744326233;-1.6970113001461713;-2.399869007799404;-1.3390726002253721;-0.34395076693729143;-0.118767463426809;2.3613426046718757;0.37362734296877825;-1.4987927518884403;-1.6032769978462862;-1.227417345677889;-0.2239306415525594;-0.26416298203957933;0.03813610584544759;3.402210327087521;1.082943522647184;-1.117929394732055;-0.9999519832897725;-2.435102507285536;-0.07656842620193738;0.24457792521130906;-0.6285515147393699
264;1.2718804611115444;1.1291080799705557;-0.2282117498448713;-1.0776150055365046;-2.2241548153541233;-2.0132641697751654;-0.516165513930278;-0.4498313296364636;2.6251010475665004;1.4022086728397676;-0.7601278948203003;-1.7393577016106359;-1.2250633114314824;-0.602679763047017;-0.3209996549275137;0.23124255079317205;3.626293209466152;2.0333534626431446;-0.25615163276984826;-0.683390767745943;-2.33568462990708;-0.705502843765695;0.33069194320533607;-0.19451170620904307
265;1.181180702280236;1.6575921195926786;0.21553283597769282;-0.4091161564052491;-1.820480860385896;-2.4325614693267563;-0.8035077007480882;-0.7358385511335248;2.5726763155672043;2.281058422490875;0.11636718023356807;-1.5785235755821023;-1.16245355480866;-1.021536496993007;-0.3299956652376692;0.19447440845382374;3.2824065835671523;2.834739758457722;0.7942984256697534;-0.4439008214978765;-1.7382379013590263;-1.4083979291296393;0.21170699538099874;0.14128398371545128
266;1.1146413302873774;1.904315935892902;0.7439563360203547;0.200977780291068;-1.2493931138499919;-2.4758557111120045;-1.2166934102540712;-0.944044100175609;2.2550464125087224;2.8460005222115274;1.0269929010127143;-1.0661391362064656;-1.088400572055152;-1.3331162590379346;-0.35558286438685976;-0.023506551575851572;2.4970541188141686;3.362144260468096;1.8314157092212155;-0.14477282067249062;-0.8464703558376676;-1.9549456703232873;-0.09458579615330275;0.34560903546346733
267;1.13034351217497;1.8617943858322858;1.3166206042299036;0.6878324563654873;-0.5744166709769476;-2.127207703670755;-1.6812500458808564;-1.0716785650169869;1.7390899861776374;2.9950578239397196;1.8713122061277208;-0.2562869844565524;-0.9904461639694842;-1.424346846961945;-0.46781901286728167;-0.3096474933657762;1.4924507762121477;3.4889530659806867;2.6643238492895653;0.3494930593987112;0.06672571045419226;-2.120786654053488;-0.5301888617419539;0.3913790829374768
268;1.221768841134938;1.6086582899828432;1.8291246249780448;1.0466640669844571;0.1357333521622641;-1.4719243049674717;-2.0498975726503588;-1.148084381548866;1.0971762836183225;2.7200516094311573;2.5467200751045214;0.7066057273465064;-0.7946766245254112;-1.2634025863387368;-0.6861922941226622;-0.5457047966062287;0.4997818532116653;3.1344692293150267;3.165974549797347;1.0785979995771333;0.7814488258961422;-1.7762203557476466;-0.9977718241383485;0.2674861996082299
269;1.3207009816318995;1.272216162300372;2.150980432154825;1.319833768204098;0.8048815516715195;-0.6553634223771923;-2.1552851215852202;-1.21672635508171;0.4073297357440372;2.1051781027441856;2.9485703864438877;1.6399192855999702;-0.4093522143778182;-0.902888538227547;-0.9504647561632458;-0.6641448072216324;-0.31906537894822623;2.3150625657370703;3.2867511947519557;1.943240399275871;1.2178923949384048;-0.9496602021014089;-1.3687397582445482;-0.006396521158622395
270;1.3239418682124326;0.9730488965270023;2.1835719061784977;1.5589080912625537;1.3568339665323965;0.17245438806557922;-1.8811771432746724;-1.3027353471832936;-0.2458920416128654;1.293937070214139;2.9873463587593165;2.380606252863777;0.21157295939681364;-0.4404563823956946;-1.137611910165404;-0.6711467402205816;-0.9066971811117659;1.1668956810525069;3.0352439610815223;2.734520199622637;1.446692563175645;0.16831348173788213;-1.504380081162439;-0.3708024181350494
271;1.134045514694021;0.7764711856544255;1.9089581905435324;1.781839507296267;1.733526159931546;0.8999934082018277;-1.2188224546506887;-1.383113115637089;-0.7799974034198672;0.44095905845989036;2.6204933503541223;2.82229285679177;1.0210144244447996;0.037748337479692945;-1.1175000966767874;-0.6257643220035649;-1.292546190624955;-0.08033670927240338;2.4500573997926947;3.21843922572659;1.6208849176623457;1.2893565383366536;-1.2921996849573267;-0.7310216363291432
272;0.699796723896761;0.6711603077495734;1.4039459484107804;1.9499461006297862;1.9144495055505326;1.469232013319268;-0.2807469649359485;-1.379582194753416;-1.134423953350976;-0.32920722742728326;1.882801061417875;2.9213872739452875;1.8749739093713267;0.4965882916938884;-0.8176353153531528;-0.5891754642013752;-1.5404820718498433;-1.1736584140887234;1.5861229114705357;3.2311354317744114;1.8684028010344065;2.1360966860026958;-0.6902807068717446;-0.975839171555432
273;0.04232856987355133;0.5821293475982926;0.8109772888340384;1.9799297011415036;1.923557729033286;1.8639821940102914;0.7357190440887376;-1.1847591879189707;-1.2923300666549502;-0.9410294351023246;0.895157122263639;2.6809897892142343;2.5763374187016983;0.9516453598452201;-0.2619354077281903;-0.5749934144427851;-1.6953703260346558;-1.9211400515563914;0.5226937115419511;2.7389197815791793;2.203701648752517;2.5470375730715107;0.237548025771393;-1.0045259930830315
274;-0.7425187923682649;0.41022650833806457;0.2790496405137634;1.7871837388884795;1.8153592112156807;2.08656771315819;1.6185924781490946;-0.7145811196797104;-1.289360431190118;-1.3634835195645494;-0.159521457582461;2.1318947637641235;2.9450293593773815;1.431120743601306;0.43700692063394975;-0.5310233479061368;-1.757828410912679;-2.2509811359788543;-0.619919375750873;1.839566648050766;2.505674323879777;2.528441581547541;1.316482178326215;-0.7536061341117223
275;-1.5070700793296552;0.08021730761458398;-0.09715169213296587;1.3384002605832552;1.644496106487041;2.140636709833563;2.2127695027336602;0.036753123126322645;-1.199193704183157;-1.5934726614310293;-1.0872779741684229;1.3263202515377928;2.880667457685757;1.92514772124292;1.1268201119584909;-0.3647797672450504;-1.6963440316984113;-2.218086486040465;-1.6777501498796947;0.7133265361859813;2.5731062339433075;2.228360515961563;2.2982201095089567;-0.216548911930559
276;-2.0926684790546353;-0.42211265084939736;-0.31105490322276663;0.6844679754378392;1.4349134177200351;2.029447195047422;2.461592899603736;0.9685709702002168;-1.0988230190985553;-1.6420452605640408;-1.74009593411491;0.3459710357529581;2.390028655215653;2.355850185287189;1.6777894294779094;0.000300081346309905;-1.4830535487227157;-1.9578679543493371;-2.470407399342847;-0.4445691444916912;2.228049568102725;1.846363257307906;2.935591006331983;0.5472220234775425
277;-2.3747636243708397;-1.0371328279084882;-0.4357263682852982;-0.04653146210922367;1.167628672938287;1.7659581319095619;2.4036995942247277;1.8912696060705603;-1.030061791725448;-1.5315694084034335;-2.054041873313527;-0.6881642124797898;1.5718722247656745;2.5898270943873642;2.025224925511875;0.5692569701703849;-1.1272154004341006;-1.613716400447885;-2.8539432158648768;-1.4752859618911822;1.4133680930279258;1.5252361567292247;3.0683778454682744;1.4155446867382813
278;-2.2968416052569016;-1.6457823404596617;-0.5785714438453566;-0.6959212066913971;0.7970956842039324;1.3823701169215514;2.1331902336674857;2.5868647786759875;-0.9786604945072004;-1.3006308574493604;-2.0533512143346675;-1.6213750278240882;0.5735802307033625;2.490271805651591;2.1714807295469916;1.2525845900414339;-0.6847815087161899;-1.276147590678079;-2.775490490416519;-2.2735697105365626;0.23538008448522424;1.2804339535498481;2.6834190640217708;2.2202564130251727
279;-1.882039213368473;-2.104432218623611;-0.8218274160628714;-1.1389898431204961;0.28959984021659174;0.9278854979932538;1.747794169181679;2.887595053835058;-0.8844564704791156;-1.0057583466220796;-1.8226435268546195;-2.2947699461333206;-0.45473913347362394;1.98290194394202;2.1517681400722677;1.8903394869959163;-0.2391716638127498;-0.9621311773423125;-2.2994646602712456;-2.776470267915377;-1.0677624546394677;1.0036155386021421;1.9187719941095684;2.7783719089379786
280;-1.220008201304963;-2.287562923938227;-1.1769491132966456;-1.3354006034574628;-0.3373837443174722;0.4531300490342732;1.3118451092539085;2.7371123371678148;-0.6788986173234879;-0.7107221350735948;-1.4645004806396322;-2.5913163104415413;-1.3877401903583149;1.1014195721945454;1.988927362270214;2.3123286176095275;0.13381333713396987;-0.6388418034891343;-1.5871816557726603;-2.9452407140484187;-2.2134979025141854;0.5378875681707426;1.0054245705660878;2.93544046306515
281;-0.436231482081385;-2.124725762954239;-1.5729580188901058;-1.3396742154587415;-0.9992126219480684;-0.009130038570668325;0.8487233702474082;2.2061663353363943;-0.3299473932098659;-0.4640652216719071;-1.0639931595258236;-2.4776227779115527;-2.128904837395964;-0.011195899432556944;1.6677269866704596;2.4039428195896573;0.3958306254632604;-0.271445668728613;-0.8358568974721661;-2.7611372174164726;-2.9739714685391747;-0.2153854045625144;0.17021599339645627;2.612278078497385
282;0.3427695250982906;-1.6213996860831494;-1.8822132969473273;-1.2660447267444745;-1.5647924183611202;-0.4527177043375322;0.35908406704869145;1.4565485044291742;0.13113226668396558;-0.2766804600400047;-0.6738722853595668;-2.019139842993048;-2.6023133619182857;-1.1461516311243138;1.1462028137594968;2.144868683069087;0.5548144216586597;0.13655586305868728;-0.2051411664041769;-2.2404702130850978;-3.2417004373408997;-1.21519251512131;-0.45534314534954934;1.8394310761534416
283;1.0149927189029477;-0.8587843467540682;-1.9704724191490155;-1.2252674892490127;-1.9072901940700813;-0.887663002331421;-0.15238781513496374;0.6720170763946544;0.6171565680063427;-0.11528064551221881;-0.31991719717044226;-1.3582929916704933;-2.7493637562549256;-2.0953513718772787;0.39805208909373146;1.603597179976569;0.6510310132049764;0.5341314308153593;0.2335463289895614;-1.4558304508909696;-3.038543116405469;-2.2689165877200104;-0.8760944647795914;0.7620087418381156
284;1.5122481621180577;0.026399771233524723;-1.749151900377719;-1.2652005990070305;-1.9602355585502746;-1.3149695601360556;-0.6605399154444953;-0.010143516743037574;1.0232631411921393;0.07944204348044576;-0.014655761388539607;-0.6637293898354919;-2.540588326797357;-2.70994310996985;-0.5398271811522387;0.8950885157441917;0.7316502406008485;0.847626272893908;0.5019892616601271;-0.5417785981494302;-2.475636980697074;-3.097993037114845;-1.2034071441824696;-0.39493987467761094
285;1.7953378014699555;0.8757084079682251;-1.2093686495490523;-1.3448445856011535;-1.749147424313761;-1.7024091600823503;-1.1225370961052554;-0.5359591479834682;1.2745735585076385;0.3558598578400728;0.2340050579642702;-0.0735433101927826;-1.9979658541055008;-2.927701054625149;-1.5452146918021064;0.12810611489322218;0.8291636755260492;1.0220150320079415;0.6763298288818532;0.3294953938525026;-1.6943542664263562;-3.4497844078202426;-1.569607155941846;-1.394371409061813
286;1.8443513285170028;1.5464328024554375;-0.4272122834855716;-1.3544103965427916;-1.3800723424564199;-1.9794751502157615;-1.4946790691838305;-0.9272428463417646;1.356005172143697;0.7148131337905608;0.4248081350407134;0.3423763133411677;-1.2111490783414154;-2.765047379928605;-2.431175817801326;-0.6280687427073075;0.9527948274482816;1.052174506671867;0.8292391812989344;0.9984007351122358;-0.8210953710702579;-3.201620394868389;-2.0314053919758424;-2.064836663694558
287;1.654364148381039;1.9420036439482424;0.45800630092112476;-1.1710522992736119;-0.9887252211375475;-2.0598827430935502;-1.7491524548961626;-1.2402920982159633;1.307324253810384;1.0953275812563792;0.5703815709772873;0.5868492833420228;-0.3303284394221282;-2.28788877631429;-3.0033334449759432;-1.3418067838150143;1.0913325654808506;0.985503403146693;0.9861038443826838;1.3718365341191014;0.0470086149418702;-2.4084816337367845;-2.5143885050488084;-2.354795179196426
288;1.2412906712996705;2.0271596887348737;1.2817532538583165;-0.7229521121425054;-0.6753174261702893;-1.8832867020803719;-1.8782751211161264;-1.5171342907912648;1.18731393115727;1.3938892350035814;0.6983705179833941;0.710386326727718;0.4698237242463177;-1.5827363307135682;-3.127663384991153;-1.9888786375912482;1.2188196989278812;0.8952963024991086;1.1175459604936926;1.4528623038173336;0.8310943928259253;-1.2754788030505297;-2.830712678776534;-2.337092587603502
289;0.6538198356891173;1.8251204780070585;1.894831606623119;-0.031613408803622935;-0.4587462632109253;-1.4541860320431343;-1.8842126605923424;-1.7559605849882214;1.0298056157143818;1.5097156883176672;0.8389474338799652;0.7741470080001792;1.0434865666872681;-0.7428719331036777;-2.777078751685734;-2.51796218025573;1.2960830826898457;0.8412613617850435;1.1680246560137086;1.3293074476809965;1.4550494866350179;-0.07351234064539405;-2.764551754704277;-2.1585172742857206
290;-0.019312720370287688;1.400514944606482;2.195367322139105;0.7860219327609607;-0.2744962309236978;-0.8542907495282639;-1.7637627221544974;-1.913441708267034;0.8197383687514234;1.392574462514437;1.0021741080214746;0.8210049030178265;1.3206602239764142;0.13053244078348922;-2.0365365133862587;-2.8384564511585726;1.2692612292061298;0.8395407711377619;1.0993902452263442;1.1261638555018658;1.8454265243833008;0.9583897503335873;-2.1840069885137448;-1.9565623372034
291;-0.6574890302464662;0.8367126013693822;2.146237539751498;1.554597551119844;-0.018032302972594574;-0.2172255005639142;-1.5023457755307474;-1.932450365124471;0.5056533949645956;1.0667394212694232;1.1590369381662242;0.8660129502146436;1.3250592017176652;0.9249708586164718;-1.0677853162845266;-2.843271421552234;1.0740560734941322;0.8571023434717842;0.9210750105129942;0.946222633921972;1.9519991142179889;1.6795869960430783;-1.1230712825706055;-1.7842630386820855
292;-1.135194880845118;0.21709593168120572;1.776826680288918;2.0984719144369355;0.38838792664473987;0.32495681937887444;-1.0853329750707448;-1.7755910113780162;0.04272971255174583;0.6172941048834175;1.2416975580947252;0.9039252565780255;1.1540591064055;1.5253671583944994;-0.0538630192832608;-2.457536783368646;0.6542647655296504;0.8303104313891829;0.6885268786044937;0.8293482159658879;1.7762553380453845;2.0601990724235084;0.2088805174201777;-1.5829029237127483
293;-1.3601107299171769;-0.38391509284338515;1.1712127633969058;2.2961377110099557;0.9399893035157977;0.6969922244316282;-0.5219839790412094;-1.4447053919162038;-0.5591296223809945;0.14639345394373304;1.1690290905567247;0.9219994750265734;0.9308172334562864;1.8398764434026142;0.8500894647908986;-1.6874247334940957;-0.006331012710311258;0.6947328008630133;0.4717422876128093;0.7495524846342336;1.3862315309007218;2.1466718675175613;1.4968010716910143;-1.2199054833832348
294;-1.3060968451397426;-0.9007778312777249;0.44669623346090065;2.111305197710536;1.533853505476685;0.9077887508853674;0.13382308712789537;-0.9778978066673514;-1.2125275326375051;-0.2752517494519844;0.8878735798018197;0.9065618372032688;0.7520540875754914;1.8330086705809268;1.5414502647975148;-0.6412304252392055;-0.8526549201515397;0.4101378831897303;0.3138295727155945;0.6473515784166377;0.9021872839337909;2.0098880022444408;2.4365610436572442;-0.5755547847128244
295;-1.0243794914926567;-1.2740472806405014;-0.27219158259640003;1.5937854869233863;2.002113899257401;1.0339336602874638;0.7832167929496829;-0.4305091111475795;-1.7721698709148517;-0.633333627979557;0.40847705520103494;0.8403920387358013;0.6554255992128084;1.5469897587353079;1.9686061949939664;0.4914308520619523;-1.7484337910937822;-0.028442187618973602;0.20489568461982344;0.47554252720965995;0.45489757286514754;1.7079018782398185;2.844045886066182;0.36532260343035516
296;-0.6250045630458837;-1.4526767740240176;-0.8781935120337641;0.8562681906360301;2.1784604414100777;1.1666737907460518;1.308996556586103;0.1446996698863668;-2.0897653138629537;-0.956936517403462;-0.18733823062377436;0.6978923037829405;0.6183447004839278;1.094901747173863;2.1160930612787174;1.4949246934670766;-2.502368852074682;-0.5919592824546429;0.08676138636127051;0.23066780398881273;0.13580950429055944;1.2797137235105094;2.708233632010112;1.466558203129113
297;-0.2346501999687052;-1.4051555666974056;-1.298510672080955;0.04020725891822324;1.9667932698060349;1.3502258578680009;1.619407269200095;0.7051572154898871;-2.0763201975419134;-1.2762170936969806;-0.7731671345931962;0.4485794923437143;0.5831026826471539;0.6229987612959094;1.9929200946647323;2.1928048484342346;-2.927030734718817;-1.2227597563640935;-0.11427927188625786;-0.04704609286260186;-0.03516680425879436;0.7637227874598327;2.169422323207335;2.4683543091732507
298;0.051084257723452424;-1.1358971511895661;-1.5009198138595685;-0.7164617007482416;1.3812497717833983;1.5452750854449402;1.6865130980536311;1.2118460360347494;-1.7387856971426427;-1.577958970148896;-1.2282889093814287;0.07366773845981542;0.49109290406167594;0.25672773769659446;1.6327547983082387;2.494663606609028;-2.9069647566758383;-1.8379016505056678;-0.4450154886422806;-0.30242884830513184;-0.10724324866701443;0.2189566825334538;1.4408680725961498;3.0820664447068706
299;0.19940011159685042;-0.6970733064495243;-1.4890108057773854;-1.302581233082084;0.5419795796232951;1.6391787722085596;1.5566143292150725;1.6180417613740812;-1.171909443538631;-1.788725051792592;-1.485024365716809;-0.41078470283448376;0.3080359774510783;0.055128175620778964;1.1015961284254834;2.407412025208479;-2.4429616716701603;-2.331951924398158;-0.8956254570349836;-0.5025888631892844;-0.16371696423365456;-0.2723719506600562;0.7170257782351547;3.1096192388516832
300;0.24198998883849412;-0.185295786580953;-1.2909650231833691;-1.646875786174416;-0.36779080305407386;1.499993665672155;1.323981620788575;1.8671911022353267;-0.5111280919708183;-1.799743664424946;-1.5474171857886947;-0.9393045667341121;0.03135141398234037;-0.004841240074397207;0.4997243109144768;2.0124544346148623;-1.6482908441028765;-2.5874208018724842;-1.3964500531803856;-0.6579946226473512;-0.2741905128288385;-0.6275914362489969;0.11234709300998605;2.530788574220129
301;0.2473999390447049;0.2813597334382983;-0.9484817711987983;-1.7229610025297293;-1.161697839343568;1.048028996646398;1.0797216796015876;1.9072882366721766;0.12620182270315133;-1.5227023315806565;-1.471308091446235;-1.4050575425509664;-0.3168108932625888;-0.007383361460151949;-0.05365879287979857;1.4257115652880732;-0.6969112612421278;-2.4998177806113526;-1.8398425618289018;-0.8134467051114593;-0.46009714807545876;-0.7993197950292371;-0.34715600211704856;1.5160001171848891
302;0.27915930297592884;0.6001461499864876;-0.5109880544746277;-1.548170055182077;-1.7016023196479197;0.3087798550067658;0.8630136450831718;1.7163495313341777;0.678632285957051;-0.9459824640270255;-1.3183636098622735;-1.6929553420607826;-0.7000793947311915;-0.051956359957555584;-0.45344240052281964;0.76167702604563;0.24977552421296584;-2.014607387000964;-2.113710150056723;-1.0138209689194442;-0.6906081684393951;-0.8013922259119132;-0.687981127907278;0.35838399723939945
303;0.3612671654317642;0.7194150993692918;-0.03562848697599162;-1.17661896397836;-1.9232993815790271;-0.579973822894213;0.6426798095875417;1.3232137615304025;1.1388342194213095;-0.15850781011629855;-1.1124421822769635;-1.7245697533189104;-1.0729455390709437;-0.20549186590185659;-0.646093671067707;0.11481047896890093;1.0980767729351257;-1.1612074082709953;-2.1309775309119736;-1.2650094263439848;-0.9075752073522151;-0.7064806203608903;-0.9393035670426452;-0.6420658388228886
304;0.4678806336074041;0.6564067669947236;0.41157098070199355;-0.6865730905300288;-1.834124020587089;-1.4113435913173762;0.34160930574503745;0.8075106755013965;1.5182571915158587;0.6747345062975664;-0.8258982376866176;-1.4918977952059869;-1.3799072135380825;-0.4746530743951879;-0.6517432921675834;-0.44212098649980713;1.8291214562258;-0.0638063593314285;-1.8461188014529166;-1.5136447941933553;-1.0614891606772376;-0.6133519896843878;-1.1019647763297;-1.2874943860330523
305;0.5407916793214774;0.48700815946687204;0.7600817450743835;-0.16384279026373155;-1.4922858192963389;-1.9827866270235255;-0.10712168291570638;0.27358664991118775;1.8049212459789548;1.3747500243231012;-0.4057632284753533;-1.0604437932566382;-1.556182487325558;-0.807728971692908;-0.5561841970317916;-0.8535234567136085;2.456151363302912;1.0839255372270629;-1.2598988652249883;-1.6585782804153772;-1.135376135145087;-0.5999138041878311;-1.1522242217160699;-1.5358749589155822
306;0.523759542920714;0.31052575470182886;0.9486557618194034;0.3146602729859147;-0.9820159599544046;-2.166350680589167;-0.7023774265142994;-0.19070536786268358;1.9449571346555168;1.8163699437221998;0.1748137692667442;-0.5379698831069633;-1.5385893754414472;-1.120081234911348;-0.4729101836374375;-1.0819566811441474;2.9611609043496916;2.075345748237967;-0.41910862012665157;-1.5894355974690866;-1.1427048990027182;-0.6869441923823706;-1.0719552582620056;-1.4811184596510716
307;0.3947315044215864;0.20518205451070365;0.9456637851069484;0.6922491757191267;-0.39458099479316944;-1.9459287779347538;-1.3482989832187926;-0.5482547143312823;1.8631991213148982;1.967009752138142;0.8713303092582088;-0.024877013417394067;-1.287944250747589;-1.3270072894620475;-0.49143923664562816;-1.1181563040349967;3.255087835214762;2.7552030297022516;0.5840454846666047;-1.2333484381478381;-1.1027179988181421;-0.8314556623615718;-0.8802157345245177;-1.278741425630834
308;0.17940568969461518;0.19536129386906947;0.7665076975689027;0.9358277332034687;0.1826417674690838;-1.409514173999511;-1.876729984950636;-0.8194018640885384;1.512680637362207;1.8783239559390965;1.558952666098448;0.42634425827493794;-0.8136539637790993;-1.3682499217120063;-0.6362206697751807;-0.9928440414764309;3.194405076643672;3.061212537626458;1.615311070570298;-0.5878900667948415;-1.0113098878300817;-0.9517619119492196;-0.6414059397562596;-1.0609137563741418
309;-0.05942703243558086;0.246294961008801;0.4766691850693229;1.032623726425674;0.6728030363447075;-0.7060626206458105;-2.1111960629883355;-1.0550883666353523;0.9227413044094426;1.639587029123198;2.0702129328288774;0.8195039588040096;-0.18503267296589102;-1.2172483456962992;-0.8556261552974991;-0.7775967464753138;2.6540004382239415;3.0223432525476337;2.512173073188363;0.2730036882816572;-0.8287119121914661;-0.9687798787303054;-0.4413332897822395;-0.8845042529857431
310;-0.24927777500662915;0.2882639280608905;0.1740063370447254;0.9851184958379918;1.0164919111958945;0.009259856620209794;-1.9427865309225514;-1.2902024453772358;0.21321972704325923;1.3227369160719902;2.2629031956536783;1.1864379779410978;0.4821827417205731;-0.8787419327495654;-1.045490241648568;-0.566221360204551;1.6198757186407542;2.716671059360584;3.1134986971311123;1.2189986883563455;-0.49505875747665695;-0.8402888268455007;-0.3437964770413567;-0.732588148163349
311;-0.33677514844700823;0.25748078517562895;-0.045819716288949056;0.8091727951899728;1.179865784590477;0.6171330371523426;-1.3814074074553144;-1.5041968082216597;-0.4400166410798596;0.951989016276731;2.0832023319847845;1.5398859695890712;1.0626256295897822;-0.3835053278117915;-1.0947814288261355;-0.43976351976434747;0.24710427964237766;2.2151191964408805;3.300828602645135;2.096889505206294;0.03228531180616079;-0.5710067859718089;-0.3534977323349865;-0.5581156698314718
312;-0.30387786621627216;0.1324792675269138;-0.12678087472699887;0.5366553612463674;1.1606803126895175;1.0504872393042022;-0.5578498669277708;-1.6143365645232004;-0.8750337145032223;0.5141967574965726;1.5901376898785562;1.83796709968295;1.4653235792090626;0.21377597606290608;-0.9313826966271652;-0.43015851931056487;-1.1589410067835695;1.5464528367466357;3.0361302067912854;2.7630399699614254;0.7396052898238473;-0.19712439206968302;-0.4083027142391796;-0.3362668503262721
313;-0.1663349502425947;-0.05247979890360175;-0.07488561156680253;0.2186371514143512;0.9876845890013796;1.2876761456745889;0.3236493960025172;-1.5100430954367963;-1.0142640909062266;-7.309715737410794e-05;0.927979877739983;1.9853558206859565;1.6622585278409747;0.8349457442257413;-0.5482301253533534;-0.5017464364721927;-2.2416159592310287;0.7066011583697382;2.376949517357976;3.1061031992191266;1.5382531701882178;0.24061106039115446;-0.40709825556319956;-0.09112670678807716
314;0.04013515380870521;-0.223259354684101;0.04681667052822317;-0.07771981722381813;0.7117280525592062;1.335324894897355;1.0591733942691113;-1.113587294977224;-0.8976947142715754;-0.5545225305622342;0.2615410667122162;1.8751745460834512;1.6854745775689062;1.3842394967503835;-0.0018670286565198174;-0.5629675352710797;-2.7316374450025425;-0.29247217184176033;1.4578145869606238;3.060034181284178;2.278678619401444;0.7154532972057519;-0.25907664720903584;0.1183807067616367
315;0.2745981633731916;-0.30209285453728585;0.15003183766504968;-0.28327110733521993;0.3917106417971108;1.2145583280087362;1.5113454689284773;-0.4358843464928832;-0.6597609813912377;-1.0550999085457768;-0.2907380938440275;1.450692437218675;1.5940230412376841;1.765479240363866;0.6106027310828795;-0.5057701650748428;-2.5594527892775454;-1.3665232164902332;0.44354032661096654;2.6121459373185387;2.7924508528691128;1.212218906194441;0.07161410809422464;0.24146454267145268
316;0.4973332852407592;-0.2453961916538937;0.16531200857287037;-0.34984713479591617;0.08152685881300516;0.9569381252649315;1.6409319442462198;0.4038817624927994;-0.46081973850127034;-1.380558816008677;-0.6910900554538115;0.7519593082746356;1.4300660473751319;1.908613561174339;1.1819106946602453;-0.2557120730180965;-1.8844304517248487;-2.337302528765834;-0.5238090093820352;1.8090162873208229;2.9440615988164365;1.7064116362984518;0.5485601632527609;0.2773419894738123
317;0.6668406276750435;-0.06457989297172499;0.07670913521407163;-0.2723207878391486;-0.17696936366697866;0.6069885857924975;1.4961350385797652;1.2088740785989571;-0.408538874780046;-1.4412141779328502;-0.9691809362338204;-0.08157626055638768;1.1910509958704607;1.794466954889204;1.619034186286595;0.19038395539082126;-1.023748459515706;-2.971405892466619;-1.3576817928005074;0.7571521724167829;2.6709533391853513;2.1409832010424177;1.0797743381817224;0.28698941739908745
318;0.7348223296353642;0.17887294935029535;-0.07084788702356731;-0.09692231547450743;-0.35450598091234253;0.22307681870727716;1.1726554220569407;1.774026784564841;-0.5098249073820066;-1.2322492059747758;-1.1743307752911574;-0.8581829395361791;0.8364362826047731;1.4632740284493821;1.856003499847498;0.7565804575671298;-0.31391150525722067;-3.071402452212964;-2.023850682329422;-0.38856198449348756;1.99787957409732;2.420114073213042;1.5562634765608256;0.3645723725707891
319;0.6494335061521308;0.39926120259289294;-0.1957680379845408;0.09255406259588517;-0.4325968900057143;-0.12964708084277088;0.7688454726420367;1.9627468746178072;-0.6771077441302867;-0.8483735763500602;-1.3256619618210814;-1.4087956395721566;0.32695946826030353;0.9988959273714769;1.857844172659663;1.3126883693405265;0.02856185406596079;-2.5770113277140867;-2.507163356278726;-1.4528529630477975;1.0248862854743623;2.430316333345404;1.889914415982658;0.5832521953749084
320;0.372059329358626;0.5189735377876353;-0.2236594092554783;0.20817601465330615;-0.4046773423002296;-0.39380509416389375;0.3573157675811219;1.7554909793816904;-0.7834094206798453;-0.44720408323980665;-1.3922305173467115;-1.6518148672432909;-0.32638345349158626;0.4938875679478758;1.6217973246722264;1.7195293205833277;-0.018383947231003984;-1.620965799524516;-2.7736522684709177;-2.2797953861164046;-0.1009847481813747;2.083051382624422;2.03166722205686;0.9460524642664273
321;-0.0972742629337411;0.4918709734280114;-0.1285452720633602;0.19689885447620148;-0.2818941355257486;-0.5350920964458645;-0.019205424122165166;1.2490876336674996;-0.7350048212516718;-0.17782913936141284;-1.3153645906845792;-1.6148066274101232;-1.0348825535446748;0.01287773236810802;1.179042281433573;1.8742235524085817;-0.3036927992485484;-0.5016621884918873;-2.758171303832383;-2.7702466647579187;-1.2170625552940137;1.3594660060372612;1.965376748230846;1.3702773758968059
322;-0.6995824372276807;0.3098344481173766;0.04965519946257668;0.06579687182694484;-0.09944855807055233;-0.5501752287727344;-0.33508865190691395;0.6101524665428323;-0.5225185138113274;-0.11171608813460548;-1.0582772360132373;-1.4037362057244223;-1.6473888870432556;-0.42530854367221144;0.5943364626145106;1.737712245027639;-0.6019035022764682;0.4245552502222689;-2.3930298376052406;-2.9003310160916085;-2.170738238732067;0.33474337793093895;1.6886152220346464;1.715289685403577
323;-1.3167955336754293;-0.004812733897999431;0.22030311462707763;-0.12096417334162915;0.08424553680149917;-0.4633167698592471;-0.5673336317728089;0.007428619851562984;-0.22466780449432133;-0.21312494313630914;-0.6500425013606922;-1.1390966488338081;-2.005859957382375;-0.8359098532597872;-0.0422214199282329;1.3373568052028098;-0.7331436657215825;0.8857866560463109;-1.6661921391775598;-2.7119992511504694;-2.837989993225768;-0.8313220771715354;1.1990155874021362;1.8395451127240543
324;-1.798837324730726;-0.4112107201623495;0.28218902152301606;-0.27421686857309036;0.20128751759431318;-0.3145639074147681;-0.6918492406716055;-0.4446470706919031;0.03468436206430456;-0.3650884091640795;-0.19326580836667817;-0.8956574182002417;-2.014699487995062;-1.2334496381374547;-0.6342950287851001;0.7494916506019385;-0.6421091992616552;0.8047378501053718;-0.6742894384923068;-2.281356656220748;-3.137614938274776;-1.934859750954149;0.4993073205102785;1.6575531068854672
325;-2.01103546488388;-0.8568800267108042;0.16878934057370218;-0.3262222694810764;0.19908559450562124;-0.14673854096558214;-0.692693144870795;-0.708286541476488;0.1510215257981477;-0.43660824399221493;0.1738429583065926;-0.6786265808978434;-1.6872610774039158;-1.5956331877812544;-1.104779271228521;0.07375463802413164;-0.40061697734192847;0.322915890795408;0.3687443468322129;-1.6833857210283538;-3.042934073780358;-2.782815721430004;-0.380243618466164;1.1692034466960826
326;-1.8828257789280771;-1.2773727721867838;-0.122730934063841;-0.2679186000054257;0.06570219303437887;0.002409497210240981;-0.5762188511303389;-0.8076607464305219;0.09068332561671552;-0.3542162289460754;0.34242072985568006;-0.44630985192745715;-1.1432675570761075;-1.8506626656448346;-1.4163157429608957;-0.5897038871997679;-0.14196824229564442;-0.27309421650754645;1.1868853790086735;-0.9740599808404176;-2.588234392847577;-3.2405803763353562;-1.357345688341608;0.4507420022093804
327;-1.4354344631632585;-1.5947032433284545;-0.5306886517603076;-0.15682250059917155;-0.15871164820679223;0.10171820288266815;-0.37835988249488767;-0.7930502122786947;-0.09546186507165434;-0.13913710328945553;0.28873161824420174;-0.16138574167142272;-0.5566761154382334;-1.9005304097918345;-1.575115392691993;-1.1550995075081514;0.028946349175213146;-0.6865160490399971;1.545656090138132;-0.19973468945844863;-1.864186637761656;-3.256647795286439;-2.2911148398762844;-0.3819886913192903
328;-0.7744750758448941;-1.7240914592001353;-0.9534796498938469;-0.08984664313912523;-0.394248240602597;0.12607318035019693;-0.1578927311399473;-0.7074267252094072;-0.2991626971062017;0.10913666347515835;0.08804058130319309;0.16374621278738888;-0.0803623272057469;-1.6715635570096778;-1.6141758359069942;-1.5592489825306954;0.09708230634586149;-0.7398887049574547;1.3577795732544524;0.5751569982087208;-0.9987201769287332;-2.8608399553281494;-3.0053241092185763;-1.2142305669227824
329;-0.04954270709006097;-1.5942462358454634;-1.2852029916240857;-0.15346513470251813;-0.5553122171989855;0.0594997780431447;0.02223431788795846;-0.5727832726954657;-0.4047057604979354;0.27226734939154607;-0.12318756723441443;0.4576602521078687;0.21344955875883728;-1.1653551191544063;-1.56417914278417;-1.7667586267448951;0.13848875500398278;-0.4375444925659393;0.7360571159875328;1.2460338626181122;-0.12694862638484233;-2.1438532371597208;-3.337088271804823;-1.9551309248081368
330;0.6012321118717223;-1.1765593297725343;-1.4452543385035517;-0.375855126362322;-0.5914338088647789;-0.09636747552745141;0.11591540785945117;-0.39851766161930263;-0.33476686647048737;0.2817213963912073;-0.2172231390961984;0.6240313217742123;0.34720411518325184;-0.47954319917372307;-1.4293060857138598;-1.7735200460941931;0.2664366324970676;0.06407361505476913;-0.03995546529435552;1.676125112323098;0.6389377596875909;-1.2304912654384395;-3.191573516054065;-2.535780080782403
331;1.0964231803191935;-0.5094408918783018;-1.3915925767465782;-0.7051749160891092;-0.5136058646372207;-0.31322918814469697;0.10664511283011777;-0.20013336218856848;-0.0721176055798809;0.1589641442741555;-0.13901440575069524;0.5992654735000739;0.40241039613559026;0.21791096822724149;-1.1843271889888054;-1.606105476987505;0.5581669084965843;0.5553352712445745;-0.6351426394798002;1.7423625517533907;1.2271206959707772;-0.2561041813964709;-2.5782631549130435;-2.893199194730692
332;1.4263738833351343;0.2979314528681827;-1.1185134544143724;-1.0251337471067765;-0.39014882405546647;-0.53528782600001;0.0070749753097972545;-0.011600451908640702;0.3464418532114794;0.006334132841777612;0.07091705985846433;0.3982680182488581;0.4579691823262427;0.752333675553835;-0.7976914546201647;-1.3134987401894818;1.0056300030863285;0.8849578031298903;-0.7990363421239546;1.4018817474142877;1.604578368539716;0.6508149196745862;-1.6121259455706631;-2.9601942972190614
333;1.6333565437898885;1.090416682207976;-0.6480578608851781;-1.200414273331923;-0.31115150203679903;-0.6930511089477716;-0.1514849246203558;0.1191339533824195;0.8522602425260429;-0.04491083047565693;0.30658593955177404;0.11884050272240367;0.5396136332055987;1.0134264851459174;-0.26895290706349884;-0.9509642043001962;1.515717987709136;1.0254796033784261;-0.4690867426209589;0.7428358657777143;1.7615030885696368;1.3819855209010559;-0.4792989213232163;-2.6761078433422267
334;1.7694646021337426;1.714088431509713;-0.024787461745550222;-1.1302277910881149;-0.3377629027113613;-0.7297180336535425;-0.33148397101086374;0.14966842288274865;1.3661773006028888;0.09942672544825254;0.4617335909686733;-0.1009339670472179;0.6095308705107355;0.9976148441532557;0.342383296460578;-0.5617932396301315;1.9546340792444943;1.063111109322546;0.21230471866985862;-0.01640012755437366;1.6959104656442534;1.8612266906903365;0.6173234069860547;-2.017900794835393
335;1.8554878208553844;2.06671768174883;0.6830108335355555;-0.7856456002516171;-0.4624005067843405;-0.6284493591397218;-0.49649711938861774;0.06558847226376502;1.8085122068332404;0.450627620049387;0.4926306264479921;-0.15014506536100367;0.6003318320762938;0.7997055490361151;0.9178658194283426;-0.1665561632820673;2.2064168614225745;1.125229339138001;0.9737448550533983;-0.5930216240651375;1.4127589148383617;2.0542256662684024;1.510060763286723;-1.0347369043643522
336;1.86259406925747;2.128526031885136;1.3813369321871372;-0.21610886472247348;-0.6021873291574045;-0.4246473945685386;-0.612463747576229;-0.1082729078537812;2.099442145267224;0.9321643976235272;0.44286805080860076;5.787891102201903e-05;0.47062380140813426;0.5587973155992575;1.3171215437058255;0.2326326160840847;2.2113625902150416;1.2912710575281823;1.5442491957039766;-0.7496019085086124;0.9414313080223141;1.972344054477853;2.097789232783682;0.13720363603504726
337;1.7261904989223447;1.9582794348370145;1.9575152761082968;0.473348449688107;-0.6318170845400484;-0.19271109723904395;-0.6475971318140407;-0.3148789176363901;2.1604864780580075;1.4135296865324898;0.4164223982654621;0.2850419671747392;0.24641510969100408;0.3879380822672953;1.436248519033792;0.6335709301397849;1.9670383148368558;1.5379170284072066;1.7709464433939468;-0.3993556830457826;0.36006197961587616;1.6669343380251176;2.3506657052049116;1.2950821190499986
338;1.3844750471767597;1.656440062777558;2.302128038546732;1.1592489787137479;-0.44176307721860225;-0.009952104499464293;-0.5769659537239888;-0.4864909969464053;1.9272333150592234;1.7613383053303109;0.5145051325600021;0.585005677889191;0.021097843141464845;0.3252449638387259;1.2583823598603794;1.0117666831350032;1.5005781039573756;1.7463914276352785;1.6684647759385756;0.3458415389482288;-0.19500517235115544;1.214892680360319;2.294879368367071;2.222315704280982
339;0.821540534935051;1.3137233188404058;2.341611461450348;1.7325540137751156;0.005870299866168938;0.0855735618281676;-0.3931314570830352;-0.5689010904757429;1.3738984865704036;1.8811838886365455;0.7716233462918581;0.7909025420963258;-0.08829658368556698;0.3312887862106856;0.868242652489164;1.3101227817778285;0.8389045931494112;1.7633134402943043;1.3809169069142855;1.2133365545335795;-0.5530963571219069;0.7013013865357421;1.9905175855467618;2.7535621470312837
340;0.09261932077846904;0.9710157930549986;2.067453369848544;2.1154226457228655;0.6510453121691407;0.12023771105509845;-0.11711442857948796;-0.5364694133389503;0.5386197209837293;1.7339286544804706;1.1260006057322949;0.860220486906967;-0.0043323896640850845;0.33081568504571546;0.41974530266633026;1.4515959336217736;0.0022062187770728048;1.4781307022827357;1.083338958811449;1.8807596167130798;-0.5675654346126406;0.2067354202526589;1.5137445429700391;2.8238182359088917
341;-0.6821297610566778;0.610776300184302;1.5453434114593843;2.261979065516517;1.351754520857196;0.1762903497478766;0.20000008383432322;-0.39291438818245056;-0.46700813352170334;1.3276792880161068;1.4399253784653903;0.8311039639248571;0.2646932180261542;0.27167986665960986;0.07048826538688956;1.3732088526017932;-0.9730733784291457;0.8749500785989975;0.8791094390894749;2.1101243481668384;-0.18694478513826074;-0.19698825967603714;0.9472249780373546;2.4808289406798587
342;-1.3537622619045635;0.18352256892466792;0.8952657480161647;2.152498994297371;1.9342714201373612;0.349735114256699;0.49136362035239417;-0.16166973366278078;-1.4753379043683412;0.7001718556759023;1.5584405290359697;0.7877103084428725;0.6230757132892248;0.16470412115968208;-0.08465889257976073;1.0656148484786154;-1.9993451216566411;0.03538304830467914;0.7481535845657332;1.8417329728602285;0.4974692169919739;-0.4460666351231481;0.37562079165914325;1.857671028312764
343;-1.7951844606425367;-0.3456028857674448;0.24811089691526744;1.7914699951437325;2.253791979226031;0.6935224523017501;0.7016510074050699;0.12543457329674526;-2.304729171666747;-0.09215934358181743;1.3754782334886508;0.7980249368813492;0.9324361979853661;0.08027883623206675;-0.04731091279219733;0.5955369954535158;-2.9212871973087755;-0.9012227333030756;0.5700475844755583;1.203839335219301;1.2597026270888114;-0.4877808972934747;-0.11960599150574264;1.1207316260024063
344;-1.9446045183243044;-0.9560400175587663;-0.3020991351434488;1.2129712381975888;2.2385353344719157;1.1750383319990572;0.8142505323870921;0.43419679138423717;-2.8103348172326617;-0.9721126597926761;0.875203671948517;0.8612382562709764;1.0781270604714202;0.10369187530504845;0.09970403268560568;0.09424203028946318;-3.540116505431514;-1.791449388280302;0.20450047976490224;0.43616329840412316;1.8109903536622214;-0.2947664520579834;-0.4693155912292529;0.4176326400383494
345;-1.82386109802956;-1.559930593645063;-0.7270335766309743;0.4873125981812745;1.9010085102456624;1.6719155916065918;0.8615380217815151;0.7282747859161328;-2.922234820895516;-1.8339754972098323;0.13228657485500486;0.896219819659844;1.0203031755278762;0.27607455544445914;0.2465360668243059;-0.28801312309273863;-3.677246029346657;-2.5241667742121026;-0.4178198550686719;-0.23150564529036396;1.9108409227036904;0.11101059230481233;-0.6282229646253769;-0.15418145608853676
346;-1.5249846881297604;-2.027395695332716;-1.059030438355868;-0.2819501897117145;1.3177651948978821;2.0119514971172316;0.9080352331750856;0.9690170208995277;-2.655724343755214;-2.544921062763798;-0.7223474883103791;0.779104740605737;0.801932815266879;0.5568577889949478;0.3183349051769184;-0.4425684575411666;-3.249874554925352;-3.02521598056791;-1.2433786947520609;-0.6829937917317017;1.4686786383182546;0.637449766744624;-0.5842970239074717;-0.5510790456506056
347;-1.1716344682471518;-2.237932649472878;-1.354709229618033;-0.9776292176902216;0.5935501458635235;2.040657251462713;1.0108777267831905;1.120916329405911;-2.0927580925899667;-2.966303785040356;-1.547513861177752;0.4102473431261342;0.511316267599257;0.8314910454064579;0.3104716274307625;-0.3486056956981115;-2.319318032145238;-3.239850113818033;-2.107722794164851;-0.9506010361283538;0.5867550462279338;1.1233653210193844;-0.36218916753882574;-0.7669380496442119
348;-0.871568077895489;-2.1332216308489915;-1.646795531774571;-1.501495568390251;-0.17031703518221075;1.6855401887606045;1.1767142369393093;1.1633853906239715;-1.3473349188467278;-2.992470257663733;-2.2255976893536515;-0.22541146243173538;0.2230855270582349;0.962019769610852;0.2783694552701105;-0.08080643565474482;-1.0834264781609582;-3.1171921879985054;-2.800641481346298;-1.1678107793279904;-0.47966140427672777;1.3741914544667735;-0.0201337285234906;-0.8127915966205542
349;-0.678613152541987;-1.7455108201164171;-1.9109361853249371;-1.8056037958850344;-0.8909518450692966;0.9874497977846685;1.339801793081691;1.1022099881038987;-0.5330532496038828;-2.5910915964543904;-2.673037664648112;-1.036439005424907;-0.046268869235355344;0.8532652323683643;0.2898661577107965;0.2268669598849108;0.18791316330344873;-2.6174521209526542;-3.1474461876840527;-1.4700006755219484;-1.4290364445875774;1.228171930792059;0.3575077491042859;-0.7060532720769315
350;-0.5776911580962018;-1.187518362629551;-2.0670643664347477;-1.9050609428557705;-1.5029914980446089;0.08557274893753546;1.3779188879093343;0.970606283393131;0.2543422103139724;-1.8241009510873671;-2.8334822970010447;-1.8520701757450648;-0.3414844531086194;0.4983003375793069;0.3698170497175701;0.44362058198176735;1.2458060917242024;-1.7436493716838566;-3.0656176132278503;-1.8992219601557059;-2.037645224110978;0.6289955146009549;0.6701056512824556;-0.47326120708456454
351;-0.49705592707220453;-0.6082463856236792;-2.016591167241704;-1.862675939956322;-1.952397171290349;-0.8348206411178144;1.1638406086544109;0.813994788500579;0.9385740729528407;-0.8358848117289344;-2.669954700636235;-2.4832313497417395;-0.7282541933723286;-0.021155476967896117;0.4711453364901219;0.4986643363981061;1.9410025359270344;-0.5781183127116177;-2.574870890356716;-2.364350400506428;-2.2417938523027754;-0.3300146190568486;0.8138040519244075;-0.15992759790783834
352;-0.34196596324901907;-0.13494607969725303;-1.6969945791335361;-1.7509303622821792;-2.1965046807481947;-1.6059577180816285;0.6302331384896418;0.6629039234611871;1.4581157128690443;0.1885910258261216;-2.169705654859026;-2.7864338120538914;-1.2335607006469087;-0.578003730852521;0.491138547664782;0.403480095963324;2.2536452838591545;0.7051535245402244;-1.7668531019653855;-2.676291766482418;-2.1397144009199747;-1.418237360614448;0.70064582899348;0.16369111629678385
353;-0.036917250783471446;0.17283748300019522;-1.1249726532347943;-1.6104729808050229;-2.213989211880879;-2.1239064421990252;-0.18387759326084582;0.5085302050140349;1.766711036368999;1.0778842575635224;-1.3624854733963718;-2.7017031896043684;-1.8025042253313275;-1.060762408955641;0.3253677586799044;0.2294652369345909;2.265807928424263;1.8712660165259893;-0.760939445472115;-2.637574541720546;-1.9154697898574826;-2.3407582162883425;0.28482648099154056;0.4091916753333039
354;0.4387669661827904;0.33780501403039176;-0.4041194254960542;-1.4282511755711333;-2.0178905227790147;-2.361036739310275;-1.13021385487503;0.298097833075667;1.8435888315848212;1.7171422700194061;-0.3390874769288459;-2.2529896179284585;-2.2986907199122544;-1.417350192799387;-0.07055662027272544;0.055537190267954895;2.0976108032599288;2.693052236068272;0.3260353423466948;-2.138534610717885;-1.7268793818410333;-2.8459214765633156;-0.40927252937279485;0.48948160937685853
355;1.0345222101838858;0.4436393566281127;0.3091818056252537;-1.1490875428777225;-1.6594490940124198;-2.3468831959542187;-1.9966401554452486;-0.04115073542192481;1.7070110601956967;2.064072407238684;0.7479755800563355;-1.5206059766538251;-2.5510373760272524;-1.658215824935528;-0.6462840445427979;-0.08314378755450846;1.8436479381135622;3.0286934893815634;1.3843655326857123;-1.2119881126338925;-1.6170643256889943;-2.820748493871525;-1.26998529423341;0.3441674272776008
356;1.6372777201728372;0.5893160986180411;0.8665186137801694;-0.7163132280934702;-1.2144997908202353;-2.1347520908909154;-2.581788536777186;-0.5564367422725442;1.4183602771557084;2.136890577352322;1.7119900609810403;-0.6076227772060881;-2.424303234390635;-1.820295566769152;-1.2691124926703845;-0.21518893835477249;1.5414239384208783;2.8706685987349685;2.3001111283503373;-0.023033593802608804;-1.495466497034804;-2.3291849729121905;-2.1072640071062616;-0.03892871393518509
357;2.1028916164139173;0.8397929546172014;1.185856329101781;-0.11992484583631692;-0.7554057667562548;-1.774799383103838;-2.7653560950528666;-1.2242842537774636;1.0671757195323124;1.9871526620727717;2.3819373004824205;0.3804500823862763;-1.8781570498328142;-1.9168019308910027;-1.777317136966915;-0.40981293953957787;1.1819141328954264;2.3408151842657143;2.9497446640035703;1.1948160355618085;-1.196659630727802;-1.573379064283828;-2.6955971285031377;-0.6135825146933088
358;2.300085808846302;1.1935425613617814;1.279485247409477;0.5753439766396565;-0.32264784916372946;-1.3055586531209769;-2.543015603956554;-1.9318929065956236;0.7390903001290594;1.6749781463165168;2.6544596667967424;1.3375713228632005;-0.9866053358122149;-1.9061511718556488;-2.0458585443824013;-0.7237722698138633;0.7476923513926947;1.6333559974746625;3.217904171982351;2.220991678520588;-0.5841498117962878;-0.795459217457083;-2.84348796866504;-1.2788370432264997
359;2.152134436368014;1.5786799694132339;1.2384793016189155;1.2404370610128408;0.08665887191137883;-0.7616865625797317;-2.0129281563136354;-2.5008985858740833;0.48119799624370674;1.2577971542605633;2.523953923466161;2.151043703332746;0.0887605396897945;-1.7017142905694844;-2.030027860645324;-1.1495359796051614;0.25049830375311094;0.9342782062369658;3.037017035014853;2.9075873333829727;0.35654418563904255;-0.16750894176926845;-2.46530852301386;-1.8950374456968495
360;1.6620274420513927;1.8771762038644042;1.1819579631577233;1.7291117394002888;0.5040666852174767;-0.18534661782195835;-1.3246107598681875;-2.7486015693183563;0.28427656857667405;0.7916253295398615;2.0767015100258233;2.7040874753512676;1.1548612281188941;-1.2195320569411254;-1.7662743202158766;-1.5960059112341307;-0.25572812332653094;0.3564806558658467;2.428287979692945;3.19643994871291;1.4843551342980432;0.2758288408342911;-1.6233866466130935;-2.309324435797045
361;0.9125551233066361;1.9663226933500186;1.1961126997831795;1.9396724567338113;0.9549385084890524;0.3716945478525688;-0.6177362202641326;-2.5612421659192903;0.09414727757006425;0.33457414160214394;1.4527321037170864;2.897072118079259;2.043653336136191;-0.4381097099688738;-1.3344050508766598;-1.9153933613900411;-0.6926583358763911;-0.08031768911791493;1.5166129340893277;3.099044936537294;2.5454861984558264;0.6290196888036844;-0.5160125524194568;-2.3877429181902823
362;0.04192412754566066;1.761811136409514;1.2918907516805265;1.859938226933273;1.422968364570632;0.8592235590264745;0.020077181156224127;-1.94518005051249;-0.15149943500108165;-0.05795685154377618;0.7945628704928145;2.682272495298211;2.645019475879719;0.5637658528215863;-0.8068782881770298;-1.9642182458352204;-0.9931207265661515;-0.4213602365454069;0.5029136442473827;2.663406945571557;3.2701312344401;1.037496120159589;0.59040186861471;-2.050133346218252
363;-0.7954026495518198;1.2481345842238591;1.4001553444632695;1.5714645586077454;1.836591494603671;1.245450027329506;0.560930314339853;-1.0305289569457086;-0.47997091630460603;-0.3484170359228913;0.20639056790574672;2.0938931218522945;2.909171005749784;1.61405394506205;-0.21663972448736163;-1.6673301627353119;-1.1317567787273541;-0.7224597983109835;-0.39963743506165883;1.9527906528096381;3.475059699155993;1.5920839630483923;1.4594837052120402;-1.3006552479990843
364;-1.4678386556554002;0.4876900189966303;1.40483604052464;1.2095250247806204;2.0892652147565043;1.5262561900446856;1.0141528646858653;-0.02413661521789731;-0.8585434556827809;-0.5336834849578723;-0.26112383766713565;1.2530686883220277;2.829848038462202;2.4983480659512165;0.4380495077534704;-1.0520856681013169;-1.1331887778466876;-1.0031471213600982;-1.0376850630278833;1.046203018893311;3.124635484174041;2.2529324441871657;1.9701667902525495;-0.24290373158084308
365;-1.8922332202584775;-0.39278705227754307;1.1974157333011128;0.8981895260004806;2.0866624825544684;1.7176957144159581;1.3929627309623918;0.8666797798379503;-1.2029022499317203;-0.6492220709299298;-0.6008189414012671;0.3387047586279326;2.42769750820633;3.0308369035856013;1.156999854491418;-0.23617829052957795;-1.055056637947928;-1.2329593427124808;-1.3636450551438317;0.05078492636367582;2.3273846259098385;2.8446285827124154;2.1487017854503274;0.9317739376737533
366;-2.0394386541873777;-1.2333513314994209;0.7280246287420411;0.6928715344129003;1.7970962504299488;1.8342615054524223;1.691741526754066;1.5044685128356086;-1.4156375267543344;-0.7523616101204171;-0.8269780656854143;-0.46689710909497717;1.747365967183335;3.112391180269086;1.895046056318668;0.6223621768235488;-0.9579804149243882;-1.354631821198513;-1.4338159051657344;-0.8944126784378147;1.2788091837561144;3.1270624057059524;2.1311683466665414;1.9875228186647527
367;-1.923010627992132;-1.8801092268893973;0.032152326032526934;0.5590349707761734;1.2770792076171655;1.8667194545991328;1.8850423530952685;1.8550937437211292;-1.4337278384798537;-0.8892948879862856;-0.9574657027708923;-1.034429170425099;0.8672096046220762;2.7515948710311666;2.5426817234147605;1.3850336641865968;-0.8800057588581145;-1.3259203288883374;-1.361929103878651;-1.6386218168417628;0.1852068115871504;2.9072481624375976;2.074659540076233;2.7104693081089994
368;-1.5813099132927697;-2.2215701426381727;-0.7756779241316942;0.3973638392648931;0.6553332730578789;1.7761590215345677;1.9441066677069523;1.9730193652409835;-1.2581367953475446;-1.062831171537324;-1.0087398362205262;-1.3209331331194063;-0.09239339882074354;2.045146668041716;2.9471967252101434;1.9715042103439346;-0.8272143264253876;-1.1522901032027901;-1.2544828442392366;-2.061560207743625;-0.7939226467348516;2.136366779510418;2.0623594971752066;2.97627219891977
369;-1.0643368123600812;-2.2122921088932648;-1.5357818866962518;0.10233427745619936;0.08029214431961214;1.5124233967786762;1.85617506288919;1.951445013122194;-0.9486777978763461;-1.220907513174053;-1.0005542068466236;-1.3668067428774786;-0.9783594747774806;1.1341316810488766;2.967674100445372;2.3603507942809756;-0.7802915857758727;-0.8903224803493861;-1.1622208748202132;-2.1179323495898057;-1.5646285723314324;0.9443693519218188;2.0524517692030484;2.7902573485714477
370;-0.43119151127830485;-1.8779487095797562;-2.0897495351401876;-0.3751267092994366;-0.3435654407220749;1.0497087159234808;1.6322694250843164;1.8662454173180367;-0.587655275628945;-1.2761492703142472;-0.9595271777190184;-1.2616026444077006;-1.6378372202998879;0.16109677299004957;2.5372286384885054;2.55825470708364;-0.707653392628824;-0.6206126714034024;-1.070893837448529;-1.858393201996819;-2.083415125225947;-0.4034294987909984;1.8993901401441518;2.279011085527154
371;0.24463166180297213;-1.301739618268923;-2.3226877642759254;-0.9913851847152546;-0.5978412310298745;0.4192813900638123;1.2991350640275559;1.7423175131905453;-0.23447420806039426;-1.1491794425528763;-0.9125710009621055;-1.0983357327575771;-1.964557779162964;-0.7537713540456275;1.700762660949171;2.5620852925551114;-0.5751599226263097;-0.4071319059755065;-0.9310074380673339;-1.4113722819354098;-2.331042731232671;-1.6047553346666428;1.4387114739439937;1.6325115511064574
372;0.8715847574588593;-0.5980627693209822;-2.1893498859884413;-1.6169668052718968;-0.7482868071911815;-0.2823953845018505;0.8832617603908841;1.5556948378302669;0.10096283363498176;-0.8133151126941793;-0.8708556620278569;-0.9388264698310479;-1.9367772271384827;-1.515012057458004;0.6088691938750065;2.341046669524333;-0.34969799502765375;-0.2668297471669316;-0.7044957258958744;-0.9311252259927427;-2.298783178029682;-2.4259082954285542;0.5925347981755548;1.0202024544228234
373;1.3478891428089228;0.11669183896317833;-1.7198966941208018;-2.082283455775491;-0.89904460050527;-0.9200020606148468;0.4008108222146457;1.2641255342921998;0.4494799661017992;-0.31544545877559926;-0.815243677242548;-0.8030969247650479;-1.6258644836828593;-2.044850532651257;-0.5290702647058161;1.852303411719499;-0.0023751505505874293;-0.16562819191806605;-0.3985460720921066;-0.5365691387413217;-1.9962030754572846;-2.7674003161873086;-0.5596311439603733;0.5200063656363489
374;1.5840580046457793;0.7463483439280556;-1.0076740920898535;-2.2405673022514967;-1.1264974389449323;-1.3706718953106958;-0.1372208501962041;0.8445435711879783;0.8436165077611181;0.23999495276457147;-0.6969813019842039;-0.6807273720008353;-1.1682030085313082;-2.282666856324631;-1.5098310538552369;1.0817321741549928;0.4806948607410433;-0.04075615323514034;-0.06683482383876183;-0.27117802356172804;-1.470612316216517;-2.666859282032836;-1.7839753418717064;0.0961730646802132
375;1.5332374155536106;1.224483535747773;-0.18502304481660042;-2.020623811779681;-1.427317528335763;-1.5749588768434397;-0.7071314566747496;0.31529078756209694;1.2728168185162314;0.7363472169237814;-0.45973351891262476;-0.5508660834714108;-0.7118232277099583;-2.198557628180876;-2.190133708337554;0.08467141618990764;1.0786630640057866;0.16495516791565076;0.22062418923317384;-0.10278687713793515;-0.8177242910050129;-2.2493394510224487;-2.7717027897795523;-0.36068616170601614
376;1.21490902417728;1.5122329411919349;0.6060076673020135;-1.4493694138424618;-1.70834758003691;-1.5597180913534068;-1.2555087918641945;-0.26705525266049673;1.6622495401290123;1.0945361258732398;-0.07500015425536424;-0.3964984981258399;-0.3622402277562102;-1.8144158623409474;-2.5093534024394177;-1.0003813357340436;1.7169664339558879;0.4753899269776822;0.41884548253320475;0.03983761750201442;-0.16756669524792606;-1.6588207889113102;-3.258473657316451;-0.9498855170919165
377;0.7174867428345852;1.5909436755300954;1.2417332168111574;-0.6393565170512807;-1.8245833354787566;-1.4186041865085735;-1.6988771485857426;-0.8301554788275003;1.8918293245297553;1.2994484466302072;0.4283159609076558;-0.20690121651350862;-0.1518631998462704;-1.216028862803734;-2.479604326606874;-1.978187534482816;2.265516838987221;0.8715784123444283;0.5343373695347836;0.2165098387114407;0.35399577178746744;-1.0074872569665285;-3.1278495473538506;-1.6764874928303093
378;0.17390724275559027;1.4577898129928961;1.6383125361979038;0.2487449391374388;-1.6471089792043572;-1.2585270911396664;-1.9467467781525654;-1.3112325125687558;1.848472104973778;1.388433398610347;0.9596849335523975;0.02685342462583165;-0.04438014144045227;-0.5411982021539609;-2.1578816043751767;-2.6546122999896498;2.56599675555719;1.2994463577785802;0.6204244812825292;0.4401401891445477;0.6704450827614122;-0.36230875317911215;-2.4512369459635424;-2.4133440034215004
379;-0.2824854263708107;1.1288566810482337;1.762580963858819;1.051206825551147;-1.128084183691406;-1.1397704032750877;-1.9395416532393561;-1.6700013722837395;1.4842039548459975;1.4100139740339188;1.3951561281500902;0.3129723094020389;0.032570053861254056;0.05845551865967026;-1.6200621433509164;-2.900104405851571;2.484898224673458;1.685234247789548;0.7441713329640769;0.6744854867663946;0.7818958931817279;0.2365762747696546;-1.4489719754874693;-2.9347123908192905
380;-0.5636159545837832;0.6474143241182804;1.630491395550518;1.6379694189951148;-0.33202638079931;-1.0423870141613483;-1.6809972224992198;-1.8848164680798938;0.8477748191335707;1.3791653375685173;1.6265233569371862;0.6500004646813542;0.14603621195838823;0.4681257081476209;-0.9490478923918877;-2.6899900306025506;1.971245959775873;1.9488259922920508;0.9440746675347413;0.8627495435678756;0.7581398378639465;0.7489350277632066;-0.3955780545578487;-3.010478395192575
381;-0.6535025666813481;0.08926754345612348;1.2948482062794362;1.9329044871908463;0.5802099316259071;-0.8785171264265041;-1.2443856947352943;-1.9402059982452566;0.07126807102631519;1.2582655027712926;1.6064176001525179;1.011373833628343;0.3283575815142887;0.6494078664423374;-0.23547921928315513;-2.104956689010541;1.0895643202663967;2.012428953947359;1.202138851060139;0.9665677397935802;0.6997976561643816;1.1231606060798949;0.48314298127541855;-2.517302492426512
382;-0.6039881949388574;-0.44382210843545294;0.8275113283361234;1.9179254726172712;1.405717316603559;-0.5459765010349328;-0.7448184427698968;-1.8196397150451677;-0.6819361022685202;0.9778240294559899;1.3646751627103295;1.3357089874880321;0.5703027113090414;0.6487521683942633;0.42101534333067636;-1.2951146113989402;0.006963694701502834;1.8098195179959538;1.4447254465696147;0.9899227137184188;0.6877999802138075;1.310190226238328;1.0745123022454957;-1.5115483074820957
383;-0.501945249049402;-0.8462548815335494;0.30293476130223274;1.626088172059566;1.9665951750521862;0.004105269526782848;-0.28916421401115255;-1.5124754453119913;-1.2800590352089205;0.4868101418146238;0.9865288187040477;1.5352921250316547;0.8332870657729811;0.5696994981344561;0.9222572201807953;-0.42751681962646176;-1.0642718980675157;1.3027633325363548;1.5701654233298923;0.9730724558469293;0.7476912647601772;1.292488571760299;1.3824764460155474;-0.22560527023564714
384;-0.4243782268077925;-1.0406468936702844;-0.21161847296584868;1.1290323646110427;2.161538225045304;0.7213123885697263;0.07048575590620249;-1.032102118699961;-1.6635184497591569;-0.19678595749820763;0.5649062599896626;1.5254505272535352;1.0680470393490429;0.522093714455024;1.1960110736552094;0.35855783593982804;-1.9425351550401662;0.5043361794086964;1.4876782507328012;0.9607471705241322;0.8462234907660556;1.1061007003536054;1.4808386422150102;1.0137677151388162
385;-0.40343821467754015;-1.0063720875969664;-0.6582249259614492;0.5217532089898503;1.9843888607411309;1.4570246649236687;0.3535632578611452;-0.4317500326104496;-1.8439044413593757;-0.9668277019830055;0.15454518329043596;1.2633254058312422;1.2276979685495466;0.572708284817697;1.2239619920660747;0.9729634764829604;-2.5331605304255915;-0.5014482959575318;1.1489972486024032;0.9649205703685148;0.9189173414713603;0.837026392686662;1.4503859566208859;1.9081321836846534
386;-0.4176879855700328;-0.7897537552076304;-0.9867576670043814;-0.09420898793984037;1.5091342984284641;2.0142582851942823;0.6268429969182472;0.197011025907677;-1.8668613391583466;-1.6564218917055602;-0.24495953972722231;0.7753993757704102;1.2714791943244594;0.719841858417825;1.0556828735168626;1.3724341977311614;-2.836426237631103;-1.559634572161876;0.5615617618239443;0.9459147858528559;0.9100151765536206;0.5890668289056087;1.3364530244439492;2.2944315350907742
387;-0.41204958691191207;-0.4879830083905597;-1.1559055660568534;-0.6278559933948933;0.8548654627731721;2.223531748126673;0.9509453446194635;0.7485776048740895;-1.7653931410937493;-2.1006668827788295;-0.6670829453175297;0.15601747767047952;1.1647622571346494;0.9010011377285438;0.795528089199919;1.5467665688875822;-2.9055216917798594;-2.4742518105089553;-0.21602688506859594;0.8248219268781787;0.8006668193899367;0.43855970804443833;1.1455570706397655;2.1887576080742206
388;-0.3341704453244249;-0.21122516112112577;-1.1408407061331045;-1.013167608780284;0.1488715004985775;2.009573749005668;1.3267633257475961;1.1410028258720695;-1.534664061986369;-2.2029593406595565;-1.131025991690239;-0.4661704566499436;0.8840384780277748;1.0258475160763871;0.5632712967310955;1.5078985904809181;-2.7822806332062306;-3.063162307153315;-1.087516254546893;0.5220543504173205;0.6101689726115661;0.40053203394775855;0.8736717838835025;1.7517167551337902
389;-0.16722489673609459;-0.038887463989478274;-0.9458451234124083;-1.2170978301957087;-0.4990275235423188;1.4192161444419789;1.6731246217972071;1.3469217501553317;-1.1447255338931164;-1.970263609065428;-1.599328149816613;-0.9784719850505733;0.430334712168552;1.015634244791073;0.4445837654705326;1.2887797131703984;-2.452931383666397;-3.216452920880657;-1.932915670852861;0.0021215690866899506;0.3727010131944266;0.42511435396743175;0.5402268053081173;1.1989024607409695
390;0.0577434595027059;0.009808947475347315;-0.6143195646752653;-1.2389072028325885;-1.00767076609644;0.6005840318419989;1.8515338945813264;1.3986530732884743;-0.5826106009934232;-1.4997101813257327;-1.9694155666827107;-1.3248106204780656;-0.15513259765257306;0.8307015202151184;0.4548399663611004;0.9476169576982849;-1.8554829524439482;-2.930520382484077;-2.6208634944996603;-0.6982869755390793;0.10731460617956701;0.4261010497322128;0.20116075106722087;0.704411187349512
391;0.2750702707163024;-0.023126109084440225;-0.22677186086561218;-1.1022342289321316;-1.3261099463422552;-0.253259333880405;1.7287751753124916;1.3619123234533985;0.10485617448702367;-0.9258855599330792;-2.1090446019625646;-1.5145539560583092;-0.7857052760916268;0.477508953067751;0.534421358168689;0.5662768216882452;-0.9392226211582283;-2.2994689341466295;-3.0240527724662556;-1.4722370272950185;-0.19730797296781513;0.32562584756184465;-0.06965172525443213;0.34362739738275205
392;0.41476824185246175;-0.06216654749616059;0.1182067835286607;-0.8446996725535567;-1.432532551594794;-0.9686149828094892;1.2470659054776785;1.2911413841479402;0.7988430453596033;-0.3594865077978254;-1.9194839483770259;-1.5950538456997858;-1.3445542853368821;-0.0009571744338790766;0.5782786109426858;0.2341871371735879;0.25743481466005763;-1.467237615489174;-3.0426661874175016;-2.172046943869296;-0.5716308272485427;0.09072333755548401;-0.21936858364801962;0.09619832612309812
393;0.4332412350846665;-0.040727802930849856;0.33590989735235793;-0.5104152936275433;-1.3341799344881364;-1.4363321802382027;0.4659931932685662;1.1919588440305788;1.34120784996032;0.14878431065713504;-1.3924084973966615;-1.6049436314942063;-1.7193849021539118;-0.5404664784127919;0.4855000552781834;0.0194237601614691;1.5611922677606533;-0.5659337990027091;-2.633786196906806;-2.6513263012493415;-1.0330368847729332;-0.2563769823313001;-0.2502494122005594;-0.10366522967719108
394;0.3292792265412203;0.06310003047414461;0.38754644500805857;-0.14771238251333116;-1.0668164042524637;-1.6242073600494276;-0.44619819932026433;1.0144022179244387;1.599424328310382;0.60181909801105;-0.6278086941390416;-1.5375348445632888;-1.8422417052092055;-1.067164194951738;0.20534317901865132;-0.06016972365564122;2.688134863662252;0.32550024599047755;-1.8354184037100596;-2.801676904608162;-1.552022202699437;-0.6561706835742933;-0.22568553438379174;-0.30583457360830896
395;0.13969900361487825;0.21542229566380328;0.29644581841929046;0.19044882200117091;-0.6898319741559068;-1.560567358175557;-1.2693382100235528;0.684359147289657;1.5299988290905573;1.0163025521192357;0.1993674477737812;-1.3386682184355267;-1.7137737148132544;-1.503756112728575;-0.24066803432699255;-0.04880339902857199;3.3391187636222086;1.179586878609555;-0.769854272288736;-2.572994493277498;-2.038626938444657;-1.043704614877369;-0.24167510514963078;-0.5091658592336303
396;-0.07951766997725751;0.34505914365979606;0.13818454409317021;0.44909921951036974;-0.2749215298415043;-1.3051129980189775;-1.8100231896449603;0.15847262206209153;1.2044039007584695;1.3788324659501168;0.9080334967220023;-0.9431447032306953;-1.397311784245615;-1.775546167530094;-0.7678344394542833;-0.03690448123702396;3.325909381826549;1.9790985363538793;0.382497790877039;-1.9769700551934646;-2.360417625464839;-1.3734460286068155;-0.3779008488543246;-0.6698511209606972
397;-0.274022631267199;0.3814875238776441;0.0066674021541440615;0.5813500668241036;0.109264170227696;-0.924286641494636;-1.9665769349373377;-0.5275196204817748;0.7802385972226824;1.629173428874681;1.379845005102625;-0.32985619198624183;-0.9841555770960039;-1.8225179710254402;-1.2605004229422947;-0.12105913367313231;2.6652670885937275;2.6658182041666487;1.4329917815069735;-1.080601382424674;-2.3862479633341938;-1.622989373155103;-0.65477133282062;-0.7421992216161992
398;-0.4028333694010381;0.29236745285751964;-0.029055998310273543;0.5647894684629622;0.41072316391908253;-0.48015310869313194;-1.7531653782481778;-1.2462333343954008;0.42980365462566045;1.6842257723314913;1.5930834891647958;0.4376763699284207;-0.5484687275724562;-1.617627117904591;-1.6102020747502195;-0.3568898840601382;1.589002842276354;3.1181949490847916;2.237997385544099;0.0035428830625011537;-2.036245575513226;-1.7766034561277915;-1.01944834893896;-0.7214290857675528
399;-0.43813474415528275;0.10180378235826947;0.04360937737032039;0.41644448705834425;0.6006707546484269;-0.0306320151507226;-1.2772562721330603;-1.8136756827914453;0.26193948477014567;1.4898008984283917;1.6066429460716212;1.2127787684544598;-0.11748720818080066;-1.183166366984164;-1.7435992173768617;-0.7273267954997605;0.45811679965965235;3.1822060949648097;2.7306719722593757;1.1290393781491674;-1.3155227629775583;-1.803609077377579;-1.3674029718052896;-0.6583304806276231
400;-0.3593216474867713;-0.11881768939157447;0.17702419527745353;0.19572504563850024;0.6719532216402361;0.36791441517650164;-0.6867723904946584;-2.058676293109794;0.2772805603415162;1.0680997602462372;1.5074581718156626;1.8138762135688637;0.3251238560969589;-0.593298329695007;-1.6330126583782665;-1.142203131068946;-0.38218027746341837;2.7477782697585873;2.9164366544257088;2.133153026198158;-0.317898696736154;-1.650558204496769;-1.5865159028855422;-0.6344273808133071
401;-0.15133454425222864;-0.2813225586058973;0.29001582787920044;-0.011348299354552026;0.6330591274052971;0.6638197649473521;-0.11484048239511206;-1.894530183457653;0.3793976912146599;0.5288852807398101;1.3545518538844112;2.097479853872948;0.8043702243288111;0.0442943556768422;-1.2927163659696854;-1.4700906852153424;-0.7387071591600078;1.831789488367072;2.837467139130248;2.863634015674145;0.7993194365482679;-1.2576971252896396;-1.5996527961734341;-0.7115794003390588
402;0.18655253510180458;-0.31644494575980314;0.31203715268760485;-0.12378728606958378;0.503412155571874;0.8203429205142027;0.3538258913924429;-1.35822920073574;0.4344228442578981;0.03226771687140073;1.1528081851591432;2.018509042555448;1.3089761895527252;0.6230935164121927;-0.7694621458838409;-1.5878978283665484;-0.6337180556206098;0.6172326872375857;2.530070685130268;3.21165819095073;1.8562556691435101;-0.5944703564979044;-1.3849891050489287;-0.8864131765399706
403;0.6245079228998545;-0.1978732811332377;0.22235587410862678;-0.10015989750382669;0.31305309211376997;0.8272782111400018;0.6862210204120957;-0.5982635104000014;0.34626854132888896;-0.2806177190442725;0.8699175985114891;1.6460164123748369;1.7659582197831556;1.0729844960590682;-0.13385323960246637;-1.426121812579844;-0.26832971498843405;-0.5844128398168696;2.0038055249103524;3.1398202199470653;2.6902717072130398;0.30452568125151547;-0.9682717371712546;-1.0779746942852786
404;1.0898425894447037;0.05405947533064591;0.06399807658369366;0.04141008083568805;0.1045356115831694;0.7058523688681461;0.882431112845311;0.18274230432663927;0.10738305510536986;-0.35268854618108675;0.48264126795162415;1.126076054998258;2.0547476527007054;1.3773011209098964;0.5269029193487967;-0.9913198760829756;0.09074946399491718;-1.441571500644436;1.258001713827097;2.691387691946972;3.1831685211750003;1.3245719243716179;-0.39806614312339905;-1.1581081059475213
405;1.4715400464484796;0.3860895709687067;-0.07502622879006994;0.23013584604883142;-0.06905660375990139;0.5024980130010206;0.9528223877182276;0.8028420109935523;-0.20042876961437633;-0.23577695230747878;0.02010622473483728;0.6122112934405877;2.0582510041255637;1.5615393197231155;1.1190300534108313;-0.359530934982523;0.2409325958359845;-1.7357953898050391;0.3265238196408632;1.9733968043573382;3.2735486345727645;2.2887841479065174;0.276460666730085;-1.0097460746434823
406;1.64725151065448;0.7320093842424754;-0.10395379444666575;0.3757908969730447;-0.15511657876996748;0.27393172908161345;0.9062682447821643;1.158784319142087;-0.45294272907361643;-0.06048954293682225;-0.42657022308084136;0.20089442434212804;1.7253344080685244;1.6597667276181765;1.558395138694297;0.3521093461374323;0.1253569578743254;-1.4557288345929118;-0.6801155791412485;1.1192041751132114;2.9588725085373313;3.004523975153258;1.0102570645355051;-0.5828139708351484
407;1.5257597890383037;1.027482089600444;0.026080354094772808;0.41339895540163873;-0.12063616941220356;0.07103640825898985;0.7536690469800006;1.2440260314302967;-0.5509203114926698;0.03354989508079291;-0.7382824551606824;-0.09452420992572587;1.109792439198648;1.6789879819213605;1.790445177459194;1.0205556969172098;-0.16873920701327674;-0.8029954181990506;-1.570458489141067;0.24806259274577805;2.292451317838701;3.3196607995023273;1.7487891455525149;0.08055758526926561
408;1.0870776628689642;1.215078052918369;0.2966777077791335;0.33692327485228457;0.02900139082489024;-0.07108151661841791;0.5193889061707228;1.1252135535557901;-0.4716009459406567;-0.030291542407615002;-0.8280606423849527;-0.3210963360583622;0.36134213067617793;1.5847269366023056;1.8051690008863581;1.5448414180815901;-0.4840830656190956;-0.10342441112787806;-2.1226495548830795;-0.5581245884252864;1.376587261799904;3.1658009715604227;2.409667922619633;0.8621933445688275
409;0.40007452370384383;1.2437672492491119;0.6273562979411081;0.20355008506057837;0.24361305015062446;-0.13444438376550388;0.24823556828801668;0.8957115936515483;-0.27877884447472395;-0.22997545812443865;-0.6922650790039863;-0.5327235784926095;-0.3305131269931939;1.3197652448906525;1.6372851919524007;1.8603143354793557;-0.6922515425977072;0.3355442925276798;-2.174792985128095;-1.2505912819713083;0.34903209975471233;2.572815032697261;2.8783047708611265;1.6136601110053765
410;-0.3938598599515837;1.0717208751251797;0.9069707163942008;0.10457534026714271;0.44231551969292926;-0.11453416372901776;-0.0003950553755548286;0.632836398299734;-0.08950944180935705;-0.4637592695359177;-0.4210323986665966;-0.740797983653798;-0.8128348035867563;0.8479901539257814;1.3481980784313365;1.9408666725638843;-0.761296708559015;0.35317241456430354;-1.7121020066843298;-1.7891742885275392;-0.6397715450843869;1.6529174882539197;3.0290493008959016;2.2057836296130966
411;-1.1268716608220108;0.6783848246888795;1.0349084614834403;0.11639181144015111;0.5457586325920764;-0.01773604151330721;-0.17012086253712247;0.3784814302474536;-0.01793569835659964;-0.6119274671782208;-0.15871793527316153;-0.8999899698652764;-1.0270954664006688;0.19825793885618212;0.9969771304344832;1.7950423101954593;-0.7586523266395429;-0.01089405101351314;-0.9014016511906643;-2.1188982476601117;-1.4560068110959354;0.5652307363435163;2.767620383079735;2.557680565381241
412;-1.6613639197073358;0.08319217476256081;0.9530319291985578;0.2562106107945509;0.5126424012337836;0.1367065789137924;-0.22756089858311415;0.1463612200270655;-0.12600382252678352;-0.606290942319637;-0.03394186912068631;-0.9375905005244061;-1.0194293731072903;-0.5201296046255868;0.6158403215805346;1.4605271000840698;-0.7948687127564745;-0.5591558647529302;-0.04504623231105838;-2.170354753648154;-2.0093785394062507;-0.5230805990044687;2.0761440464272978;2.636415117880485
413;-1.9324180516588114;-0.6401694074980493;0.6568321579994582;0.46562279653345723;0.36138970261000425;0.3127453541627897;-0.1735970902048596;-0.05653968433344068;-0.40328431809308374;-0.46917639674658795;-0.09704698333306623;-0.8074112940027964;-0.9001472103581045;-1.1450575895894288;0.20511342638507238;0.997328911840779;-0.946230142804606;-1.0476273196533414;0.5337162787925283;-1.8921229193907534;-2.266577949666506;-1.4665784476439339;1.0375765689321792;2.4371947660326994
414;-1.95744019165171;-1.3670907966698895;0.18661269541062525;0.6313830733710963;0.163104244308286;0.4584888893515885;-0.040258897964215515;-0.21274264564630987;-0.7798596043852699;-0.30146320793321135;-0.29943082828161866;-0.5334776223025058;-0.7769889759832775;-1.5232191537653719;-0.24778671405882202;0.4772943513705609;-1.202608667827949;-1.3056068930899376;0.6244077633565157;-1.3007899891557808;-2.2454785639142156;-2.1580616665621166;-0.17533859916014133;1.9646160028956987
415;-1.8104038083966179;-1.9492567526841182;-0.3908168116380872;0.6340409185861983;0.006133230740299735;0.517835828866837;0.12380817454862261;-0.2937653349591624;-1.1588341355105576;-0.22758490372360948;-0.5259848061927387;-0.2141485143126871;-0.7000894592768883;-1.57603302336459;-0.7357840770341549;-0.03087065704996872;-1.4682520890860025;-1.3032864194236564;0.21857380989688902;-0.5169899768516832;-1.9944079309254974;-2.534897471025712;-1.3447101294429493;1.2317685531228406
416;-1.5752180250632644;-2.2592521640528593;-0.9977806153493506;0.40120793488365525;-0.05156374063219431;0.45168425390090017;0.27038930412353174;-0.2758495522350057;-1.4482152744678605;-0.3282116276091126;-0.6620383362335049;0.019247156182292377;-0.6483335677260486;-1.3352095032997484;-1.206856708047169;-0.4772938376229635;-1.6104711057360908;-1.138164675493153;-0.48995803182715725;0.2435834620742895;-1.5696344677373546;-2.580394222650097;-2.2680099147146904;0.2790110343598602
417;-1.3024238501668597;-2.2345882709820977;-1.5528370817005015;-0.05944400809499349;-0.017520667306035076;0.25920966984387284;0.36272542600555097;-0.16011033726895482;-1.5780573737578902;-0.5963055965527407;-0.6569211536040637;0.0676060853056619;-0.5616517256582225;-0.9277967791708057;-1.5654167662038283;-0.8398805591680828;-1.5244618767947;-0.9560633889814482;-1.1953344284442553;0.7344628292197858;-1.0251315312715619;-2.322704545634925;-2.810172212633323;-0.8020774015021614
418;-0.9907301656105122;-1.9002059843363313;-1.9726529593017337;-0.6614008108208032;0.03290736763476891;-0.0141914888735485;0.37777644183679615;0.017541431217122663;-1.5020991176975165;-0.9377159974285421;-0.5485516880890663;-0.08375765386764651;-0.39661753347613793;-0.5170646001844089;-1.705734988506155;-1.1202358723995771;-1.1768728796584775;-0.8558685631464025;-1.6168990064065683;0.7770108843649086;-0.4198581133399263;-1.8297872040739853;-2.9286278839026885;-1.8610284723336277
419;-0.6014217386713133;-1.3568851950843699;-2.1773661827903767;-1.271427663554391;-0.008782522543240495;-0.29115453201770647;0.3036516373056725;0.1945921553601636;-1.1940629333611799;-1.2127606088537497;-0.43588073281012635;-0.3563327540226935;-0.169387760528241;-0.22943854646714731;-1.5634741630605582;-1.327001814803971;-0.6077102769349775;-0.8316274078286027;-1.6167096126070286;0.3480687931532583;0.16599965655046633;-1.1977657832774877;-2.666517516374931;-2.711403547408594
420;-0.09649870949914265;-0.7391252958601285;-2.1058164094006067;-1.7551932829472243;-0.22782425335064424;-0.49595484094682785;0.1387363800558466;0.30469887741919643;-0.6502482932481283;-1.2946942401856496;-0.4155917258957239;-0.6189664549462532;0.0417099586522621;-0.10522283642800773;-1.1580842433400276;-1.455620763209419;0.10238381490486273;-0.7807652858945979;-1.2419489291262664;-0.39058513483258583;0.6240829611174943;-0.5328884924465228;-2.1234696927486065;-3.1813041816094922
421;0.520655390686579;-0.16161694512408942;-1.738356276792705;-2.015252123951613;-0.6356772125914024;-0.5921180976255108;-0.10423243069319059;0.30285959327494427;0.09815662836581243;-1.1154945419961912;-0.5193206512717948;-0.7554045688896867;0.1368152891368215;-0.09745587793918309;-0.6002520967384203;-1.478058054042714;0.8722585884624321;-0.5686273215414559;-0.6764454792346515;-1.1439107114110203;0.836354699808245;0.06811409124655503;-1.4204719505612462;-3.1712782100748216
422;1.1843059447000053;0.32019213105604005;-1.1159106591328178;-2.007783305569162;-1.1513501037348608;-0.603272236867935;-0.39239827367495883;0.18007993139198963;0.971062672185888;-0.680439711297723;-0.6868181303234057;-0.7209688877323908;0.05470237992472107;-0.11631452074398511;-0.055396451968185025;-1.352277591195293;1.6397839331369832;-0.1095635640381741;-0.13218035144724555;-1.5997255358615912;0.7203743419527102;0.5322362022155199;-0.6730204401508554;-2.69263662022619
423;1.7771810921998503;0.7166842509975186;-0.3412469450930402;-1.7378488825102707;-1.6251350849143769;-0.6027455645784034;-0.6730411367592422;-0.038347640386039675;1.8379091810317663;-0.0523669895018683;-0.7899679610872058;-0.5569115160938947;-0.18371929793562683;-0.09130217111984983;0.32219914517612025;-1.050043430766228;2.3507418035203957;0.5806892405441855;0.2594808362059491;-1.5582060620877802;0.28281702982066326;0.8145980261729521;0.02197963484856802;-1.867064710371897
424;2.169275272461646;1.0758423177294059;0.44488417515844975;-1.2438114738215769;-1.894388665856971;-0.6732599435099293;-0.8858431917950927;-0.307125667561765;2.5385663406081695;0.6779043729500671;-0.6945205003619342;-0.35554311417958506;-0.47571822058495106;-0.014421033933092776;0.45283985142339633;-0.588960787936114;2.9311586283473803;1.386537495339946;0.500754976217389;-1.0137915267950801;-0.34987960113472194;0.8950034419938604;0.5890214194959462;-0.8866963362208637
425;2.267248508018201;1.4363664439452837;1.1068863627116572;-0.5838899505207181;-1.8455234364055682;-0.8552970393921826;-0.9853951918837078;-0.577891010483967;2.9243829518989664;1.4153982834124326;-0.3267015572333173;-0.19765224655948835;-0.6827131652123585;0.06023645490093877;0.3602361523002609;-0.048610069720571;3.2711629744971042;2.1412022558420314;0.7014965960232156;-0.149873817059173;-0.9503574355651998;0.774089313495805;0.97397817387358;0.04757380080355175
426;2.052119453520959;1.7881386929580856;1.5586981877078787;0.1686471345843904;-1.4543827809786376;-1.1114059142498776;-0.9632242795297978;-0.8098974478327587;2.904087288510913;2.069062639945355;0.28901568123324706;-0.09953425659782703;-0.6971069758325674;0.05873912153485719;0.15089029621844235;0.44380776889399637;3.2427566832167956;2.6911669363661344;0.9945518795101057;0.7507296400540516;-1.263141562427863;0.4764227305623995;1.1466257560860034;0.7828275397848699
427;1.5885639726845195;2.0622322183879453;1.787941981582028;0.9251047757467311;-0.7891946987289311;-1.328011770708962;-0.8550361579660435;-0.9720574570422972;2.474053812833894;2.5486763385739413;1.037426582998071;-0.001101304282810453;-0.49291054875794477;-0.05531613432337443;-0.04458263089227514;0.7573467944856864;2.751633981850003;2.9412658661350206;1.4425444087197772;1.434642377172088;-1.1064001188767263;0.06110600069647282;1.1057364662834481;1.2441389109330476
428;1.0020053075749655;2.15709671385401;1.8468461830314014;1.5853667009764165;0.020717255356536096;-1.358161209950815;-0.7244954976268987;-1.0408608570597826;1.7187415337375453;2.764404139515704;1.7573127834813027;0.19736096194738018;-0.13240351616393287;-0.24413057138641453;-0.13647344794428518;0.8123081425458764;1.7983028952575948;2.862394018702369;1.9874184242308834;1.7822779350821913;-0.4571280137851579;-0.36913786180295166;0.8826344902752523;1.431265298216704
429;0.43349688908547124;1.988373298698585;1.8136373476343515;2.053639651032379;0.831812023248309;-1.0872963549682613;-0.6278078570758578;-1.0008741084172195;0.7815254846234123;2.6406239652754664;2.2976587081896183;0.570247804803943;0.2735155334087448;-0.4034306017144985;-0.1126819683684478;0.6188691105262834;0.5123178961932474;2.46936697525906;2.4676919524314758;1.8378994230069168;0.5241792936442917;-0.6747516972617276;0.5389404952080539;1.3918483183699455
430;-0.008959852546302854;1.5370380803157746;1.7441150826310323;2.2640867120658066;1.5260392718253994;-0.4911087858130005;-0.5764263509255273;-0.8505696860158867;-0.17969517108323188;2.1437883196337255;2.5580888200781775;1.1100509352055035;0.6270775930911295;-0.4121574308513591;-0.028853259643388876;0.27748744998642205;-0.8663875287562423;1.7938068127975668;2.690607461893126;1.7552031391625227;1.5476661867952426;-0.7118382621774186;0.15748312941692116;1.1898304314868091
431;-0.28371531945382894;0.8708414896360087;1.6393032317432015;2.2046230631585995;2.0288515767731266;0.3428281848365513;-0.5199634537123212;-0.6093844109711286;-1.0319804962200083;1.310856071895438;2.499805959525584;1.7109916311091733;0.8911010326383146;-0.19683796205934917;0.03972269879665988;-0.06226702743209981;-2.058159634763307;0.8757003786514312;2.5185772599111886;1.6920901515779732;2.3073191189284072;-0.3860840205454286;-0.17104214401352297;0.8853616524537727
432;-0.4217014125432806;0.12704185980350027;1.447301633195465;1.9238694974581376;2.305501039105821;1.2406542963314364;-0.3634717251368062;-0.3177958321056965;-1.6873497019512698;0.2595361745561225;2.132329354272169;2.2024820029098247;1.0949728537550363;0.22564091242034023;0.0544781384221171;-0.2659285183333279;-2.8369098473101357;-0.22050405631241038;1.9258195896867256;1.713121866709875;2.60263452362577;0.29274967700726573;-0.3620680213932921;0.5317242202664332
433;-0.5049726675468456;-0.5365900181319044;1.099324549094231;1.5129589101586596;2.3472726782113464;2.003152238572175;-0.015600064259824423;-0.024807402596355832;-2.1015273937803625;-0.8315592821942241;1.493786330043983;2.415300815738878;1.2969812402135235;0.7510652259188969;0.0439446799925117;-0.26984601237641037;-3.1031785955717104;-1.381067668674973;1.0015605170856152;1.7513398315952962;2.4116656692380567;1.1851475524054265;-0.3502045911853164;0.18304824859224617
434;-0.6271561057962137;-1.0002393863893997;0.5609884358818006;1.067535900724434;2.161589515595949;2.473696959430609;0.5540394583941021;0.23424125191893896;-2.2614318632300168;-1.7693519165672744;0.6414850657939579;2.247210961293295;1.5268909300863427;1.2349397727276545;0.08943313039205522;-0.10051950675279771;-2.9036230052644387;-2.4358088002090406;-0.09309241631115003;1.6473672247715188;1.8810703033149363;2.0471821237921772;-0.1023497902274926;-0.09924414022691788
435;-0.8512030774368556;-1.2235782398435626;-0.1293899559173028;0.6479131417225291;1.7726182805142878;2.583350242708079;1.2781070546308635;0.45764837882458137;-2.174963285786458;-2.4010462790714175;-0.3429117377320433;1.6974519270960815;1.7445518105502642;1.5570319058187578;0.2737308861566809;0.1512288724626269;-2.3908379689005113;-3.186905890089907;-1.1848292356495285;1.2420335617715288;1.2398706269649526;2.606984093815529;0.36817051392559974;-0.2506904176870861
436;-1.1798153843999428;-1.2524706987460694;-0.8579757123312983;0.2587742540231089;1.2280145230002109;2.3566569190413675;1.9976387240626696;0.6805644134364066;-1.8705036477200476;-2.6537441825988752;-1.3438080979722984;0.858245161267501;1.841277244978581;1.6678030222605407;0.6225516217187268;0.38575207671481154;-1.7471747080745177;-3.469583068118678;-2.1319518190684805;0.47171588126320635;0.6819176228349768;2.6655159818521956;0.9893431610762922;-0.21983075943503164
437;-1.5488079524680618;-1.1894213364705728;-1.4724596313834042;-0.13918153470849481;0.6007388942194914;1.882137201500061;2.512941957803684;0.9539898389928552;-1.4026652067548928;-2.5430949390180664;-2.2143008884473723;-0.12559701004142526;1.686177516350914;1.5927145124589646;1.0733397161949578;0.5482795402175782;-1.112114557901935;-3.217944287740596;-2.8363944531984564;-0.5832110160798327;0.27725509359736755;2.1777635156753767;1.6282830730974416;0.011108243556423612
438;-1.8455807751661675;-1.1424765849462029;-1.8423504095663656;-0.5905347302043965;-0.02275529549102276;1.267582409436184;2.658411543568721;1.3061465583910412;-0.8532733909508112;-2.1510109979017833;-2.8013733260062113;-1.1039351090039795;1.1938880671302095;1.3956009489995411;1.4909240314242571;0.6508849506369572;-0.5467864966073452;-2.5008934594853174;-3.2313879855750436;-1.7193174765407724;-0.04352716941425655;1.274410624243734;2.109117531480066;0.41132776385309755
439;-1.9464276907351392;-1.1756960656635012;-1.9131813795969488;-1.1002962112120345;-0.5667286584864086;0.6038719767397904;2.367386190443486;1.7058449748270068;-0.3180412167637408;-1.5872110105557051;-2.9890174594069565;-1.95242552018111;0.37786753753766256;1.1261693928162184;1.7231632693149488;0.751202458722461;-0.046011632131482794;-1.5053097679867606;-3.267059253928185;-2.686148243114506;-0.42679079614288956;0.20958005719948042;2.255354604860374;0.899990059917828
440;-1.7600961704113154;-1.2818901878276554;-1.7276567396902078;-1.6090756485079913;-0.9908719203887364;-0.04843791927951091;1.6972347678945208;2.050876227882969;0.12068394856131764;-0.9546231621877795;-2.740658139362014;-2.5793644314669333;-0.6387710004693562;0.7852501245432999;1.6673161134430388;0.9014181394368324;0.4181466585937118;-0.47023965520303684;-2.9137313253508634;-3.276877951022616;-0.9910667579827951;-0.7442436322916377;1.9487706812169039;1.3595662175129475
441;-1.2627302937509217;-1.3872950034286078;-1.403002472799474;-2.0050201692174157;-1.300015388214355;-0.6511735647078031;0.8041089402174346;2.194459667664667;0.42298281004599464;-0.3322639358794487;-2.118610267627738;-2.9173091313915416;-1.6601442216937043;0.3298865129784091;1.312209323763255;1.098510872217151;0.852050977462747;0.39823356040233693;-2.185613421568588;-3.3906457940600614;-1.737279506887656;-1.4056829453896824;1.1836470272019075;1.6599153135556939
442;-0.511964475104408;-1.384031924406352;-1.0754332047211768;-2.1696255708936762;-1.5301631104121909;-1.1727135792124392;-0.11892519504610104;2.003378512026116;0.605000852286113;0.22388645462996704;-1.2679705298314843;-2.916954253419251;-2.4829928646132116;-0.2842510794010482;0.73538458939775;1.2665094946311406;1.2219564140274972;0.9915251237107944;-1.1681825294967818;-3.0437492648218423;-2.5221278610043374;-1.7460300881195785;0.08974228937755978;1.6868896773788913
443;0.36506701903793753;-1.1757593805589606;-0.8385630012828045;-2.0352021231540376;-1.7161365632375816;-1.579392569708777;-0.910153125499336;1.4228255405825587;0.7260060770414184;0.6724618549862509;-0.37002098404929323;-2.555644179820075;-2.958847570681204;-1.0487202473289507;0.059859949713381294;1.2836180103732966;1.469082099080753;1.3139107474563985;-0.02442279749012022;-2.3361507809302755;-3.1086928282902946;-1.8736162344344776;-1.0943417003244371;1.370062810820408
444;1.2058523250606594;-0.718559877186786;-0.7048927027360256;-1.6237014693794567;-1.8587186637817623;-1.8407363998734116;-1.4832342421800777;0.5159687577632024;0.8523463841762751;0.9832103468969738;0.4143727984327962;-1.8585503447270455;-3.0266209720154515;-1.870076114630394;-0.6028905207841436;1.041519875824918;1.5449926179326519;1.4465407324383088;1.0356384934074714;-1.4008992868646413;-3.2680790865391867;-1.9506340491067284;-2.0950135060774135;0.7053964388125251
445;1.856770967810229;-0.042875690004647;-0.6075447663176898;-1.0448221023586979;-1.9120423341132768;-1.9430254949872774;-1.8313623880987746;-0.5440845605611432;1.0163221873397834;1.1434370815810784;0.9866582012283656;-0.9171350822992274;-2.7079853644324574;-2.5816665249268977;-1.1911974086192458;0.5055038720454439;1.4431091679216024;1.4843443872174347;1.816157252005453;-0.366223163298327;-2.880852218742706;-2.0868537864558014;-2.698391720288652;-0.23173651562480746
446;2.21197477967518;0.7495811413783258;-0.439757440260408;-0.4519294269258253;-1.8021123036311146;-1.8985277402725396;-1.9974263686701628;-1.5299344568417863;1.1930259659506983;1.1684388499445926;1.3221518071714244;0.11349485328551277;-2.0780179860856642;-2.9972858993064695;-1.6932420700723152;-0.2571286856014171;1.2068556472876877;1.481815236302934;2.2010798788510395;0.6554724472229836;-1.9895864775886656;-2.2667870473564475;-2.8252069412299656;-1.289266021022627
447;2.2340348024251475;1.5113018313078517;-0.11230537887429853;0.02350931056490689;-1.4695682321014267;-1.7404069669214206;-2.0319996782664687;-2.2395764483764133;1.3096188139123761;1.103785378429493;1.4522166908678797;1.046746296292314;-1.233430883209974;-2.9815180507553913;-2.1134054378121556;-1.095967022591981;0.9107716485729622;1.434968453036596;2.191478370671143;1.558953464205715;-0.7810325759008186;-2.349443973887358;-2.5502518393408677;-2.2626424817260378
448;1.9514974100442528;2.0877817196272797;0.3978777778745087;0.326510119612892;-0.914216952719043;-1.503901526431799;-1.963353390405341;-2.5643124655024017;1.2834985117014839;1.0108638504547847;1.4322023620296764;1.7174455976280472;-0.275678989465206;-2.5027707886354253;-2.429966934286633;-1.8338766575407246;0.6272021441606481;1.3037334833971297;1.8945787257250775;2.238285247612697;0.48766635989531226;-2.141757193217923;-2.0549306801314;-2.9411948237534054
449;1.4382438997259432;2.35776871737417;1.028706663000496;0.49480725583928686;-0.21510923691707168;-1.2054944049762544;-1.7925938048283219;-2.5149005260947845;1.0687453914099894;0.9385646083931849;1.3141684730642333;2.0330092019490857;0.688795686342368;-1.6447475119082564;-2.574249206665505;-2.3315201851300396;0.39802626975523064;1.0556734791331785;1.46925012941334;2.5971828617712953;1.5791238409239792;-1.5080106253131984;-1.5340095290391136;-3.167395370175772
450;0.7864473867015429;2.2637413380366427;1.6498072554173382;0.6287438108883748;0.48873179219242047;-0.8354419977965378;-1.5102552951712;-2.1968922756350855;0.6845539356844074;0.8956677646442162;1.1358785088476062;1.9988437685174685;1.5432712252050602;-0.5741134488516044;-2.448113900691009;-2.5278524377668288;0.22527591041348383;0.7015622154602954;1.055521506560632;2.578867864953477;2.340419716003459;-0.4586282662419376;-1.1018428217787268;-2.8895697953870516
451;0.08561228672883758;1.8247743177316713;2.1058750600016674;0.8302920367604388;1.0508727035051177;-0.37189472780189037;-1.1186065783371788;-1.7509768297984056;0.2090811696689547;0.8418705330532854;0.9245812785526174;1.7059555112637734;2.1665747724078828;0.5164845611470282;-1.9732524482325782;-2.439430061108624;0.08148945562973521;0.3009764345913982;0.7233223656346665;2.198898454662847;2.7199957812645748;0.8277406753191257;-0.7454701830848441;-2.184854058761128
452;-0.5855312978756818;1.1290901617345765;2.2677142993920207;1.1420108216395686;1.3781447082401301;0.1892229351843793;-0.643219630002816;-1.2898155037790768;-0.25795032506765087;0.7068963815621438;0.7046113653464701;1.287553499817872;2.457578411721051;1.4617951005886574;-1.1458281648218123;-2.1251242593996644;-0.07055354198537415;-0.06414490942795062;0.4638194753848297;1.557341118855245;2.7424277361783465;2.0607574859176814;-0.3493452134125864;-1.2369748186303184
453;-1.1563474039128072;0.3093950953988621;2.0719368286259088;1.516246051621699;1.4680054815785144;0.8065484873474633;-0.12718929331128892;-0.8614905431871634;-0.6421157578800942;0.43091881646412344;0.4977990328716293;0.8662614783469855;2.3705868844889064;2.1525257015657644;-0.06525832632591576;-1.6414907059031072;-0.2614984628727909;-0.33059389707854103;0.22251040012651246;0.8155973689161022;2.4669843137391845;2.9461091424405352;0.22030096587856474;-0.2717906984862595
454;-1.5597611530824211;-0.49088750625993915;1.537624201043712;1.8293109211647405;1.4020031246022333;1.3876562812712248;0.3855524074269153;-0.45299372280014405;-0.9230605872947869;0.00536373531361603;0.31430357962598;0.5162062717870186;1.9422799879397141;2.5352720257491868;1.081119794460294;-1.0171057687394445;-0.5086477341962872;-0.48459266324223277;-0.04925653572940594;0.14311327993122355;1.9579577438629585;3.2929677350331388;1.015424124116152;0.5253896793440438
455;-1.7355834547078726;-1.1498205339196457;0.7583534789439503;1.933235103052073;1.2974070351057712;1.8144250506004889;0.864011616110756;-0.02509549304427841;-1.1283857010917002;-0.5096158283606753;0.14196603940760516;0.25393114978558773;1.291218042212213;2.5964090514366056;2.0726903658174383;-0.2604117513076594;-0.8153812792794886;-0.5647242877202393;-0.3557268851787562;-0.3421751762228234;1.2799534392484544;3.072821768669608;1.9443410518678772;1.074309250969692
456;-1.6454402957631278;-1.5880949457471092;-0.12394904924868999;1.7203195795793864;1.2414482674915412;1.9902864482499576;1.2902176322120225;0.44523170734041134;-1.2970801820827076;-1.0031999666812252;-0.05348330442987494;0.0555870572900872;0.5838099162053617;2.3482663357961355;2.7246607792956032;0.6063786693629014;-1.168729213542692;-0.6369165340633971;-0.6522620580300817;-0.6102332110572768;0.5107886402315507;2.4082971047315103;2.783809087768227;1.4145744132344853
457;-1.2937456470712085;-1.7744424741154772;-0.9533230093041372;1.171352667278604;1.242472803523968;1.8855403240866937;1.645882790544134;0.9392733282561555;-1.4360004681358016;-1.3598656099209132;-0.31080869332028743;-0.11487250821272388;-0.02124917298813654;1.8286205434289395;2.940681985959077;1.511797057026094;-1.5310244531101975;-0.7570150690059092;-0.8743300583495577;-0.7141344448541492;-0.2480753304047501;1.5059166679982867;3.2632620724500456;1.6615034370268587
458;-0.742198172619878;-1.7173159657521317;-1.5928714126443075;0.36792664615027104;1.2240711713083563;1.5549642958613634;1.8971178494294028;1.3994966936618027;-1.4980811727124894;-1.5090145040317307;-0.6441656694543746;-0.28382952002879164;-0.425518125503661;1.1102920551189244;2.7284356366500844;2.3245837315077704;-1.8309883761705343;-0.9416057069405472;-0.979438033181349;-0.7480813329982704;-0.880965194985115;0.5714539542054716;3.1821104497321415;1.9234510399091584
459;-0.10541050108521839;-1.4502657678411806;-1.9499805562725998;-0.5332141291904395;1.0661313407891266;1.1150889697917166;1.9919859469885643;1.7548434449029313;-1.3986465118242781;-1.4509627203680635;-1.0191335973764875;-0.46139141833493774;-0.616398718971449;0.3066338762947138;2.1776381612020503;2.8806318381574934;-1.9665674900550985;-1.1604551211006182;-0.9749082867363765;-0.792039591408908;-1.2892783521086346;-0.25124707309329125;2.503370597142708;2.2228355636714214
460;0.4766407822260765;-1.0198333293599566;-1.9899103889968668;-1.3497362194304263;0.6724894005596815;0.6902056505672991;1.8781416654298855;1.9504897768181673;-1.0632737256597684;-1.2450383809056609;-1.3513707488081015;-0.6467415598151052;-0.6554382516302055;-0.4413498015230243;1.4177264582802898;3.0381732075033514;-1.8293909675143507;-1.3501885315816908;-0.9142925541826991;-0.872865278886569;-1.4291871304902757;-0.8961525640614384;1.3782158455294724;2.464214297165957
461;0.8814718860125296;-0.4812756820782201;-1.7363994149344848;-1.9257260496342323;0.031199656180860923;0.35435643237992;1.533794797857474;1.96454563606741;-0.4806825765866721;-0.9675324595547622;-1.5343264406316635;-0.834667644541218;-0.6377828944656467;-0.9993057591474936;0.5785243170267667;2.735071475016771;-1.348306185410064;-1.4378883021564348;-0.8648354273826088;-0.960856270874956;-1.3326542561075911;-1.3513961315467065;0.09026388435856397;2.470682584301465
462;1.0447585197050948;0.09908964308311805;-1.2601941537843622;-2.1679131009643644;-0.7626806887284286;0.10049460826453122;0.9938612747748787;1.8051559948959732;0.2707447964137867;-0.6652432832752908;-1.485287379610421;-1.0143915414334022;-0.6445611466000918;-1.2830159045633827;-0.23050062508288988;2.01964357454122;-0.5341827147595575;-1.361533306617817;-0.8656342539449866;-0.9994723564534314;-1.0960208780838077;-1.6218726050413457;-1.0525417776373243;2.0747017119719646
463;0.9800553202789521;0.6418172246105269;-0.658965062999523;-2.0580840290656064;-1.5330106487302795;-0.1453579664534771;0.3525016033714247;1.495116787127295;1.0405576439821305;-0.3332968974884661;-1.1862678542432161;-1.1610050938189096;-0.710849507649005;-1.2895283862914426;-0.9218906285727514;1.0395467617539838;0.4992893983447293;-1.0811285927114096;-0.901006325215027;-0.947192687218466;-0.8385320478399704;-1.7058834404895327;-1.826955560478426;1.2192670421325724
464;0.7674310487343955;1.0605851080336395;-0.034442276617087444;-1.6444650927758102;-2.084752854481968;-0.4710817422585285;-0.2649913926683914;1.058373467496543;1.66111573349866;0.06850743289619125;-0.6965505643242413;-1.2289798302556196;-0.8208086504433127;-1.0976518076845767;-1.424625007001878;-0.005765087181427306;1.55663797286403;-0.583576752082311;-0.9039922311017922;-0.8049876677702376;-0.6508674341751007;-1.5987758990202947;-2.1561041924976783;0.016679981870891286
465;0.5154559335768709;1.2801519641894294;0.5265196942537007;-1.021039659831393;-2.2737441089417354;-0.9142679786354062;-0.7500264541905356;0.5192653628542971;2.0117200885029947;0.5702268367424317;-0.12813865677856326;-1.1590084384515416;-0.9259622203368674;-0.8341926135667315;-1.6852321871462825;-0.9264657628256372;2.420876414291044;0.11165295067821907;-0.7874748726285097;-0.6133546054937042;-0.5600964216458818;-1.315541331369056;-2.1025594945547947;-1.2691167171993176
466;0.31403307950714127;1.2612288914370244;0.962009604315428;-0.3038869209173864;-2.0540712530847203;-1.4217769890685816;-1.0539072096783422;-0.08593991305449658;2.0586623404256903;1.14539736919102;0.40377032432078974;-0.9016328196996467;-0.9718106752650054;-0.6201805141374237;-1.680824442609885;-1.5909185826281675;2.9278632392398403;0.943244277781113;-0.48578128336212456;-0.4224395629513793;-0.5284755356507673;-0.9108021318685704;-1.8068068347604598;-2.3133526441524226
467;0.2001008509064151;1.0205809557995462;1.2355183096324023;0.39008364960188313;-1.4860223836665751;-1.856492874567449;-1.2019444838482314;-0.696657000166872;1.8517301500803782;1.6943401945323515;0.8282577280337546;-0.4484389048152338;-0.9176013985702951;-0.5220731344462936;-1.4365435272135754;-1.9444577734508834;3.0188429758650908;1.801195530467229;0.014036889055005865;-0.25542338019321653;-0.4845000248532511;-0.4765218772306567;-1.4096490592459663;-2.8541975334399234
468;0.15162333471774306;0.633728849906928;1.3307112873984637;0.9604566294953585;-0.7068576796976217;-2.0505114765488894;-1.268615308399268;-1.228889606569036;1.4826585489404078;2.0716029729326255;1.1375496348153291;0.1471775633763902;-0.7427307716055624;-0.5303554395122562;-1.032269345048428;-1.9985385878022792;2.744394323874813;2.5342234978979485;0.6639490519891311;-0.08924208061458858;-0.36695161692235506;-0.11308969697906793;-0.9989784833937452;-2.7921489149636103
469;0.1108629378318471;0.2142514200394895;1.2468095091562759;1.3366009662198581;0.11800087715533956;-1.879930268691801;-1.3255920261176972;-1.5956306410189218;1.0323195942449024;2.146352442951378;1.3671437622900822;0.7755475335636391;-0.4440022004357045;-0.573621231224325;-0.5866574099010549;-1.8044631257040615;2.218654811228388;2.979655978067473;1.3688492993302852;0.13405153304422363;-0.15673115192601372;0.11212964058884718;-0.6017709016373182;-2.219485606116935
470;0.023263780074954533;-0.12487054588541902;0.9991862347588842;1.4860170607263845;0.8412295572061406;-1.3252129283116503;-1.3909740200369842;-1.739179863412288;0.5384714290810788;1.864387535758501;1.5502423910598417;1.3051729190193289;-0.03320708480086758;-0.5584008656682851;-0.21921429777014065;-1.42944247811701;1.5508420790740063;3.011490060845913;2.0115452308178705;0.47051910614903086;0.1198043690085436;0.19499858333266543;-0.2139284275993998;-1.368806990506664
471;-0.12893159251440606;-0.3121713552427089;0.6247044717640085;1.4158012190442135;1.3617753190219632;-0.48840732580861823;-1.4093634217137145;-1.6573592223320421;0.0017129597480260994;1.2779023894562571;1.6756867807827134;1.6315611854075753;0.45893787203846614;-0.41357236376131606;-0.005478536366381362;-0.9452778198144919;0.7948998262708762;2.58809109734996;2.4764670965490163;0.932516598202832;0.4142747711442176;0.19495209139732197;0.15971454055933293;-0.5088846774180117
472;-0.3153399389822298;-0.3421068397950232;0.18592330202900592;1.1660647390173349;1.6315701873450423;0.4400429870046919;-1.2768523975820214;-1.4060678709674415;-0.5774769999213997;0.526132621955683;1.677571079994133;1.7156074574091005;0.9753401623402795;-0.11883764100144696;0.0527348824669442;-0.42764225570747016;-0.05193509756709678;1.7752252372429318;2.666325766873586;1.4652028074989503;0.6887581220537173;0.20368245179789507;0.48457253705610037;0.16045792710184606
473;-0.47284642075537864;-0.2707876966443683;-0.23360579566568151;0.796953577957722;1.6476611111794945;1.2481646757044706;-0.9005263077468507;-1.0729070024783485;-1.1580162997308332;-0.22303179773658682;1.4663737027847856;1.590476437425281;1.4314881864817903;0.29215151332147016;0.02554120110438733;0.04454401977087284;-1.0003908903836556;0.7286779141441148;2.514131380431529;1.9545274400228272;0.9351701957156651;0.29847831351453535;0.7078556055108651;0.5664925979615821
474;-0.5380716960024567;-0.18441552554811222;-0.5470898440930723;0.3739342484915169;1.4400055685014599;1.7720790110982096;-0.26213290182482213;-0.7339521642534584;-1.6444743352213775;-0.8390944884447011;0.9861252495759807;1.3328292453785553;1.7299076702447127;0.7493155501886887;0.020496046531387202;0.39934132547857565;-2.001451782246744;-0.35931370439385935;1.9960031240054852;2.262979588992658;1.1688404373357681;0.505014872554943;0.7927815126766358;0.7545339756422782
475;-0.4790460158708177;-0.15543518243267582;-0.6915922160806286;-0.04321620071461754;1.061699790311699;1.939455618537822;0.5485866218693987;-0.4175379722455689;-1.9148381407333788;-1.2680745478546118;0.26482064017803236;1.0148577759566912;1.7899531138368394;1.1708624269340038;0.13099418358489306;0.5922115020208635;-2.906605516051388;-1.3251862511752983;1.1457807373140385;2.275828653455652;1.4007683686265109;0.7883462815202711;0.7505002290416739;0.8271945370278778
476;-0.31012289691175904;-0.20784764541887774;-0.6531541702611577;-0.40484425315532646;0.5821543666102167;1.773461274336077;1.3510299382860214;-0.09715698504647849;-1.878177236517216;-1.526788266376109;-0.5732680840913977;0.6655173702832503;1.5808576780805756;1.4825162826764096;0.3918765181253709;0.626456906058244;-3.490924499019677;-2.0780620331733672;0.06445605307631688;1.9375294209710971;1.6072954506913817;1.0742470543030236;0.6460726238628011;0.8717541785394589
477;-0.08438332293159136;-0.3086382691353014;-0.47626659368488256;-0.6709433098302732;0.0796628958472656;1.3636406680908373;1.9360163983895902;0.2799138449532973;-1.5301280100053216;-1.6609914862792132;-1.3446025777778503;0.2647004680158543;1.139846157139582;1.6266415165326502;0.7625316422083269;0.5589125065311343;-3.5389446872087635;-2.600720676347813;-1.0869074325590247;1.2657450643249033;1.7185834856427809;1.2860766031275395;0.571209640326314;0.9161562410148714
478;0.12990873187358717;-0.3889652002695488;-0.24949165934504286;-0.810829973427372;-0.36958248769605767;0.8235399704821035;2.1449723248690313;0.7426024938065683;-0.9720399691033309;-1.6968002299653524;-1.8763586721158958;-0.22529905287146917;0.5622062203583902;1.5653566922935085;1.1435256377071241;0.4816245938940807;-2.9544987999564034;-2.910375392059404;-2.117608672045485;0.3430517577903416;1.6368435903274994;1.3750752173098357;0.5974012976306566;0.9327395788148272
479;0.27486668474560555;-0.3835500147020488;-0.07040551931896866;-0.8075769142535768;-0.7049570662472571;0.25599803485681605;1.9294586577110293;1.2532518134661932;-0.37799646330549047;-1.6173226713407047;-2.073932229007791;-0.8098236575496313;-0.03515215804307599;1.2847966800524173;1.416477105781085;0.4832111287730434;-1.8356479711974374;-3.006818881140927;-2.855655498192745;-0.7042138491278396;1.2780467115664917;1.3283159016351818;0.7356680177372357;0.878956400035832
480;0.31792747194260784;-0.2676505058195487;-0.004498154332984755;-0.6672668453125168;-0.8925316387378778;-0.26258293277992484;1.3648304989653186;1.6992635632456248;0.0772949868587939;-1.3793650754044147;-1.9512353014049224;-1.425164596678401;-0.5592684595092118;0.8034019270544038;1.4873222084313293;0.6063814629089586;-0.46789202684792036;-2.844768862277115;-3.195826974363369;-1.7291372513889438;0.617028846958595;1.1539557861635799;0.9259933621248971;0.7435455769094593
481;0.25195179233033577;-0.07280141696622701;-0.05759867507778749;-0.42733154100907217;-0.9287834488201541;-0.6808373691475639;0.6147802218937466;1.9290947597715211;0.29399352733101036;-0.9588385881037738;-1.6094363453670981;-1.9412617830812635;-0.9714814843888442;0.1793946998828336;1.314647997594668;0.8227160539599276;0.771548631401086;-2.353867218337434;-3.125119543625498;-2.5841412111332507;-0.2866769402941205;0.8580937090938358;1.0627674103308573;0.5662298240522596
482;0.08602251672602085;0.1259975782470219;-0.17622038530355064;-0.15544431728020092;-0.8354526727888041;-0.9644314599683045;-0.1333988276179105;1.8183222401862746;0.28683504982182423;-0.39412540783556793;-1.1782103529532337;-2.2079859748902506;-1.2855137825129241;-0.49194469528492035;0.9151455105531252;1.0388794416546896;1.5589248381555152;-1.5000243459131521;-2.712331968464519;-3.1390789122443956;-1.2952660771547186;0.43236228530422915;1.0425075545865234;0.4178990746715292
483;-0.16260755626361836;0.244172945332693;-0.2768262889755091;0.06648215516419456;-0.6490398964840546;-1.0920271138309516;-0.7316319836320956;1.333743330879754;0.16822325554143142;0.20380824060407876;-0.7535641435474207;-2.123316585720204;-1.5346351207229476;-1.097449843394462;0.350461641698366;1.133314817619031;1.7509952962851545;-0.3526497039396047;-2.067127459428555;-3.3010840446829812;-2.2283928721020096;-0.13642772084052104;0.8085742045003729;0.35418181974267715
484;-0.46784976603539075;0.22495744535518378;-0.2901208275937415;0.17045645368507414;-0.4110008030484259;-1.0589015237972363;-1.105948356147668;0.5623531032344454;0.0839213325431587;0.6866100868115956;-0.3663481059915914;-1.6871061213344083;-1.7282241668691225;-1.5381505108099351;-0.293291414399023;1.0073245972444298;1.432810727458272;0.8880277365509178;-1.291363099051291;-3.035602240820889;-2.912154296643611;-0.8386588396009403;0.37091899878254675;0.3724831859681953
485;-0.7863281485700828;0.06234435586780096;-0.1981207225084866;0.13119360511659278;-0.1629048433925994;-0.8838112389382551;-1.2547532794298886;-0.31136357938343917;0.13565395402625607;0.933487811171924;0.004134851244730661;-1.0099020919931707;-1.8258843934417759;-1.7605699015613148;-0.9232927010708756;0.6274987196062273;0.8638626402969125;1.9324797686908814;-0.4505119827113536;-2.3812563453263285;-3.221667555308105;-1.6136645945669301;-0.20560894666140583;0.4009853873222623
486;-1.0503154666521746;-0.19933433927179356;-0.044817306021875475;-0.019664934013320923;0.05406362490951955;-0.6110734261619976;-1.220845844354178;-1.0707680997687838;0.3311908553926378;0.9107697760743572;0.3845936115828141;-0.2698816745466461;-1.7482664286556155;-1.7704926709927278;-1.4516906849065572;0.04123741396705863;0.3508569117123845;2.5043989157078284;0.41895360781602786;-1.4481087260133858;-3.1040287363500796;-2.3411530512033645;-0.8329956827979793;0.3292019097230817
487;-1.1733135821703997;-0.4855029007866611;0.08549630225195157;-0.20418819772087302;0.20016355288442714;-0.30273052068740564;-1.0579985138381252;-1.545014014643614;0.5867327441764814;0.6914905052180356;0.7624246011108499;0.3608040284694675;-1.4221904798707772;-1.6200159169919657;-1.804299354238026;-0.63940679554799;0.11100174294610915;2.4595284294583752;1.2734241212814417;-0.3936326594030569;-2.5797364492039363;-2.863122185536466;-1.430873773650336;0.06506664680969082
488;-1.0733250880709582;-0.7183494888402433;0.11154525222949682;-0.33196432542126386;0.24374747516064166;-0.02248330908410065;-0.8104111674927508;-1.664301158478921;0.7777835650855401;0.42141521561108675;1.0717909891982953;0.7822694855246152;-0.8358363946880976;-1.3734818781628402;-1.9307362275222992;-1.2757522335333613;0.19157862215578148;1.8607053706999421;2.024990320582244;0.6181854733247005;-1.7296349966762878;-3.0307004041771446;-1.9393843719298383;-0.4121561100979827
489;-0.7075227664393355;-0.8372136137061434;-0.0017953424262747639;-0.34243240886851073;0.17382401194490446;0.18124645155098565;-0.511262181656708;-1.4698393478222709;0.8091988589477903;0.2476353695673484;1.2220923044093204;0.9922815453416385;-0.0709291412029151;-1.0711863677965185;-1.8161466670195194;-1.7444350648356726;0.4794690533382825;0.9657519206318849;2.5354362303900735;1.45845671583634;-0.6765788498001221;-2.7564413796242766;-2.311215462599881;-1.0316878604857407
490;-0.10233462738805484;-0.8058239512325588;-0.22214654348576823;-0.2346473809739977;0.01228196154502402;0.28517037837215004;-0.19331025191901452;-1.0791662253472731;0.6664893013042661;0.24722677802832532;1.1526001255682592;1.06067689494711;0.7107976352541434;-0.7127432964985281;-1.4887758837922649;-1.966990853633951;0.7864124455577896;0.12673073701717563;2.657172815750935;2.0569374402962017;0.4329906507036553;-2.0489697107610803;-2.4949178853481997;-1.6540654473065093
491;0.6386552738945152;-0.6095002889630154;-0.46026561826117424;-0.06798351710229232;-0.18399007528294975;0.29062720407705966;0.10192776862001231;-0.6284904812449615;0.4225778238824778;0.39401924388696064;0.879368461796532;1.0712990270266087;1.32499587366901;-0.27154012179886067;-1.0156373759379076;-1.9197946123847938;0.9582508000442317;-0.35550445147273785;2.307552680155835;2.3975261443000844;1.4478351802209604;-1.015202160430119;-2.427819809894391;-2.123977444131194
492;1.358032883343491;-0.25129583243046594;-0.6066794945392204;0.06856056082556694;-0.3377971067709294;0.21586654602651448;0.3265459027705618;-0.22173218270822576;0.19928994756050297;0.5807441557980507;0.5033420612612182;1.0672673985218784;1.6389900954797594;0.26699466473989647;-0.48319603137286676;-1.6273383253607256;0.9487971803135189;-0.35319463997036293;1.537607707074361;2.4917983468551212;2.2333051036566607;0.16940528417110318;-2.0504427110107883;-2.325288904088867
493;1.8931934514743145;0.24551884147414274;-0.5759863792956204;0.10419518862413055;-0.3808336066542295;0.0878360424788257;0.44053231674963705;0.0921099977051964;0.10645176395403304;0.6834083049126009;0.17059711304349087;1.0314973911091654;1.625018045842302;0.8666469631376273;0.030878692130439075;-1.147538918257527;0.8235551557463731;0.04767580072993537;0.551138435971941;2.3503548589821146;2.6944130398276904;1.3085035501709534;-1.3393454252486099;-2.2120606822318623
494;2.130843362552896;0.8288618965792154;-0.3383465819421082;0.027060639121431494;-0.28503370384222393;-0.061533491327756554;0.42917218421037423;0.30977182237960293;0.19092813879534187;0.6318573724463112;0.004007018822625774;0.911845148905944;1.3645646629575174;1.4276410490865667;0.481333422759304;-0.5569176660458808;0.6998301315199444;0.6050624167557067;-0.34901148764484774;1.9736658415920358;2.794368184059843;2.2310949747771507;-0.3411896589834287;-1.8054010186274025
495;2.0433820918628838;1.4115443586426317;0.07389022889780295;-0.10391251308344468;-0.07922303784173353;-0.1950404228422533;0.31213881546418915;0.4464990704094619;0.4193879199252351;0.4478827225374632;0.04348426879592861;0.6726185135008551;1.001914645724365;1.8132887722838984;0.860861619543292;0.061475260125904416;0.6639823630850847;1.0447570522840752;-0.8730493936773809;1.3714791409783154;2.559950650408637;2.8217182290719625;0.8135464970816206;-1.1660690393093547
496;1.6906970318538739;1.8782835635083095;0.5829059144797888;-0.18355158977582664;0.16072889088874856;-0.27129794518749933;0.13795565286464467;0.5115610432654866;0.6984923959039379;0.23098289392477692;0.22846107398730242;0.3379947775078474;0.6724120951657537;1.90692898353569;1.1832498126706197;0.6289094305159189;0.7152787019360726;1.186634053294924;-0.8660221288643909;0.5992856974107974;2.0689586079855786;3.0302337865942346;1.9303300603871605;-0.36473320953261223
497;1.1870765851879534;2.111354623550661;1.093159322758138;-0.11034360720696634;0.3469293805025847;-0.2527248965468677;-0.03350284895849273;0.501327049275695;0.916867348182267;0.10105634220987508;0.4330791554116493;-0.0022164697108518552;0.4440533271700256;1.6706950362839266;1.4534536710559114;1.082518515849047;0.7661171947813896;1.011593161295615;-0.37968526554573223;-0.21550996994410418;1.42374273852283;2.8662299504567184;2.800243059070005;0.5309283660442371
498;0.6496159122511311;2.028913840417449;1.5154633029985711;0.16248236743971892;0.42388242642518814;-0.12064309386607386;-0.1510466788061975;0.4108854786209741;0.9852341995867293;0.13038162439019962;0.5349175363043659;-0.23097794972488087;0.30238896420397765;1.1734207963357544;1.643591988786435;1.38610828923522;0.6936903339819387;0.6415931051824324;0.3446901010088667;-0.8848752337622935;0.7230187375773856;2.3866412611967247;3.26044740918633;1.4478348739076976
499;0.15304825613285525;1.619841895470379;1.7790292374800998;0.5994946578329937;0.39921521658121983;0.10968596198938446;-0.1849841401539582;0.252595731732321;0.8573507348532363;0.30172490785090367;0.47912762430294964;-0.2657277630827518;0.18328027436533645;0.5694575368271689;1.6926395360363111;1.5351836580650986;0.4094115991266567;0.25179123629980704;0.9789063438811678;-1.217370831650926;0.04560115425294475;1.682600168064529;3.2405339073396453;2.2901532814396512
500;-0.2880522888182989;0.9566814231023075;1.8331460711674425;1.0919554242334375;0.34257708027031186;0.3850976506746471;-0.12869892794185478;0.06613570238621534;0.5291803726971773;0.5137075654788921;0.3025542665356088;-0.10727112839778577;0.030601719681535633;0.03604838422597817;1.5347614334841893;1.5512654942529323;-0.09431021826405382;-0.03242770868778928;1.2490477092465015;-1.101653015232286;-0.547784353238827;0.8664646420155787;2.7766981624953027;2.9332449580867186
501;-0.7031741010791294;0.17651119054911385;1.6469866551857872;1.4977154430439894;0.3502424333428281;0.6291000485438264;0.007594611749089486;-0.088937501270465;0.02680311626858469;0.6284196995913293;0.10524225368366458;0.15404027501894768;-0.15756720562342913;-0.3001721147753771;1.143409628995297;1.4656635883312716;-0.7430571586779223;-0.1972561950261617;1.0482973021126312;-0.5752252837616298;-1.0009791775796166;0.05696512929346969;1.9909866492132626;3.243061716276516
502;-1.126711101373268;-0.5651077085547106;1.2152622873067715;1.6923665130158618;0.4913914059510612;0.772352779375712;0.20362942865024394;-0.1552492342077439;-0.6029532337652257;0.5346917987527817;-0.013481416571632737;0.38051486133986223;-0.3226050336735298;-0.4102940790933716;0.5660894993632095;1.300134774496174;-1.4191747305931106;-0.3317034839557911;0.4684010852543268;0.16303192059118796;-1.2529576987999649;-0.6383310375653839;1.0480718052525275;3.1187185576174787
503;-1.5579743609361119;-1.147693121307669;0.5699600969580361;1.6085568930522065;0.7631417594531388;0.7853878792013946;0.43123339875203065;-0.10200289974962062;-1.292314472835184;0.19490095857770934;-0.017423220473633205;0.4553205005793972;-0.38241474262126385;-0.36047882171563683;-0.07364571455674784;1.0560341553334123;-2.011920255126023;-0.5595862198199781;-0.2618366877232212;0.8142640931471249;-1.2473487127149985;-1.1401308556826535;0.10938454881783932;2.5393691066296737
504;-1.942404532809153;-1.5223512990964716;-0.21025814569355253;1.2489531866891506;1.0785712284799323;0.6952265781600013;0.6527979468820285;0.06187085349939042;-1.947567904419764;-0.3446951460579208;0.041127319899372065;0.33892883793084866;-0.28874717793324245;-0.2631614790105628;-0.6143599238594666;0.7206075213319661;-2.447917452135537;-0.9549409770176217;-0.8958249747834046;1.095451671350732;-0.9633066184900608;-1.4083218187142295;-0.6987579255756705;1.5901074793765553
505;-2.1846702707152574;-1.714209263751882;-1.0046555420394572;0.6731257732986841;1.296083139478754;0.5734673395163018;0.8221334342159585;0.292328847954797;-2.4513825607685695;-0.9788126130413213;0.04740062501987004;0.08254360607622521;-0.06890330405110379;-0.21071860396652758;-0.9201700452809317;0.289338196040248;-2.6881067650387878;-1.488972966999557;-1.2835120856182345;0.8590806077368203;-0.45274869038527793;-1.4424547630913467;-1.2968012960688702;0.44974477136892144
506;-2.187902268101763;-1.7905914179387366;-1.6752423729346495;-0.029080832875887024;1.277675975579551;0.49803361104674276;0.8935160715630656;0.5287013509080227;-2.6820564034268783;-1.5843637218893665;-0.11294212800422812;-0.2081110468548362;0.17526493911513474;-0.22894038643903825;-0.9387038818716678;-0.20797312273774077;-2.702238507625953;-2.0351905529782774;-1.4239979053692577;0.1592731172836354;0.14213480811965148;-1.2729734287293641;-1.6479861137846177;-0.6583041932237225
507;-1.90014469433654;-1.8122457246506645;-2.106388463250605;-0.7618774555295066;0.9490037805680682;0.5064240580555665;0.8386074135326261;0.7151104469954033;-2.54831317840189;-2.0549370645897884;-0.4883129060708229;-0.4368153256315209;0.3130064232184059;-0.27513543469361706;-0.7231846683630683;-0.6951395053595947;-2.4477965859310786;-2.4251805765977474;-1.4349401257418428;-0.7699893234792896;0.6130802435922235;-0.9497831900815684;-1.7487182772794858;-1.5323859705369505
508;-1.3455355591143296;-1.7936901790488244;-2.2428775140416173;-1.4361517456934976;0.3333454042532769;0.5657349233698415;0.6630011166222843;0.814229709488595;-2.026022417253821;-2.315111814173451;-1.0277459540703657;-0.5711420262630074;0.2503454778463452;-0.2791977531457783;-0.40572980861712266;-1.064188565079903;-1.8767184812899278;-2.520863747825497;-1.4620480987874152;-1.6165369303284116;0.7537901469434393;-0.535724873007281;-1.6213974001902147;-2.048331026430658
509;-0.625035915609305;-1.693906325486094;-2.1071999560703545;-1.9717822651960375;-0.45505619155860383;0.5785497373268954;0.4104836263359336;0.8094797790304482;-1.1780946726287498;-2.3170932162730944;-1.5956314288450693;-0.6555211998992797;-0.021136645660138995;-0.20085538804778216;-0.13453093924123205;-1.2151229282549294;-0.9727342473745637;-2.2644054290144027;-1.5819553990059765;-2.1236061300498563;0.4478512286895947;-0.10739378310583333;-1.3116785361450187;-2.182754087302289
510;0.11432753518264406;-1.442501674197041;-1.785108263169757;-2.29868598429858;-1.2527918524470454;0.42614125791849855;0.1475576737597462;0.6996692178679542;-0.14483840285082658;-2.0334564768854277;-2.0247867406235103;-0.7757842737866488;-0.42002097774623975;-0.06716937380285473;-0.007083040023662404;-1.1035427765348373;0.20198807195103097;-1.6847581133883691;-1.7516497105709001;-2.191211761162857;-0.26479296769199157;0.24250562398512257;-0.8866539584731399;-1.998736303130844
511;0.7287433708547955;-0.9875116204434938;-1.3842231504376494;-2.36512110302032;-1.9027971163168986;0.03028768730508037;-0.06801722869867263;0.4937269147468048;0.8937584370569911;-1.4595202917515984;-2.1793820999258826;-0.9960935652277054;-0.8174220463812708;0.03358267776602683;-0.033804068649107205;-0.7709444895438926;1.4839239512956028;-0.8673900744621915;-1.8291460541776825;-1.8978484896000283;-1.1808556766769114;0.4123246480050442;-0.42916710325776286;-1.6063087779469158
512;1.1249347882280838;-0.3392003699714621;-0.9852950003667911;-2.1538167348209885;-2.2983769015395334;-0.5965556303205902;-0.2193729416415245;0.2104010000146874;1.7682698337418057;-0.6281231539130853;-1.9976259026120524;-1.3051370258755464;-1.1015077132415638;-0.0006344160294504408;-0.14957842767782137;-0.3383699480222342;2.6328422514107266;0.08634624770086094;-1.6503091345197376;-1.4361552912573219;-1.9990714205402436;0.3162489840989303;-0.026440069602930827;-1.1194755548412563
513;1.2867771031533402;0.4142370547285507;-0.6109063744326435;-1.697011300146186;-2.3998690077994076;-1.3390726002253581;-0.3439507669372824;-0.11876746342681635;2.361342604671868;0.373627342968741;-1.4987927518884503;-1.6032769978462778;-1.2274173456779014;-0.22393064155255968;-0.26416298203957767;0.0381361058454459;3.402210327087499;1.082943522647168;-1.1179293947320748;-0.9999519832897855;-2.4351025072855483;-0.07656842620192779;0.24457792521131927;-0.6285515147393982
514;1.2718804611115742;1.129108079970551;-0.22821174984488046;-1.0776150055365346;-2.224154815354142;-2.0132641697751366;-0.5161655139302836;-0.4498313296364642;2.6251010475665097;1.4022086728397243;-0.7601278948203339;-1.7393577016106208;-1.2250633114314817;-0.6026797630470209;-0.32099965492752036;0.231242550793178;3.6262932094661666;2.033353462643102;-0.25615163276987024;-0.6833907677459574;-2.335684629907111;-0.7055028437656533;0.33069194320533946;-0.19451170620905922
515;1.1811807022802432;1.6575921195926644;0.21553283597767042;-0.4091161564052862;-1.8204808603859246;-2.4325614693267625;-0.8035077007480742;-0.7358385511335241;2.5726763155672305;2.2810584224908514;0.11636718023352699;-1.578523575582114;-1.1624535548086818;-1.0215364969930258;-0.32999566523767954;0.19447440845382621;3.2824065835671785;2.8347397584577068;0.7942984256697223;-0.44390082149790205;-1.7382379013590794;-1.4083979291296578;0.2117069953809958;0.1412839837154392
516;1.1146413302873817;1.9043159358929007;0.7439563360203529;0.20097778029105162;-1.2493931138500185;-2.475855711112034;-1.2166934102540827;-0.9440441001756132;2.2550464125087575;2.8460005222115417;1.026992901012703;-1.066139136206482;-1.088400572055182;-1.3331162590379644;-0.3555828643868799;-0.023506551575864176;2.497054118814215;3.36214426046812;1.8314157092212042;-0.14477282067252056;-0.8464703558377077;-1.9549456703233206;-0.0945857961533309;0.3456090354634548
517;1.1303435121749654;1.861794385832292;1.3166206042298794;0.6878324563654504;-0.5744166709769964;-2.1272077036707855;-1.6812500458808441;-1.0716785650169804;1.7390899861776816;2.995057823939727;1.871312206127679;-0.2562869844566083;-0.9904461639695015;-1.4243468469619525;-0.4678190128672828;-0.3096474933657712;1.4924507762122157;3.488953065980702;2.664323849289536;0.3494930593986647;0.06672571045413792;-2.120786654053505;-0.5301888617419445;0.39137908293747614
518;1.2217688411349372;1.608658289982838;1.8291246249780553;1.0466640669844598;0.13573335216226662;-1.4719243049674642;-2.0498975726503628;-1.1480843815488493;1.0971762836183283;2.7200516094311618;2.546720075104518;0.7066057273464978;-0.7946766245254093;-1.263402586338727;-0.6861922941226473;-0.5457047966062141;0.49978185321168267;3.1344692293150245;3.1659745497973466;1.078597999577122;0.7814488258961368;-1.7762203557476335;-0.9977718241383305;0.2674861996082609
519;1.3207009816318944;1.2722161623003583;2.1509804321548454;1.3198337682041117;0.8048815516714845;-0.6553634223772165;-2.155285121585255;-1.2167263550817409;0.4073297357440741;2.105178102744236;2.9485703864439023;1.6399192855999598;-0.4093522143778428;-0.9028885382275702;-0.9504647561632668;-0.664144807221667;-0.3190653789481665;2.3150625657371253;3.286751194751999;1.9432403992758642;1.2178923949383642;-0.9496602021014403;-1.3687397582445942;-0.006396521158626656
520;1.3239418682124207;0.9730488965269984;2.1835719061785106;1.5589080912625608;1.3568339665323967;0.1724543880655515;-1.8811771432746835;-1.3027353471832912;-0.24589204161285233;1.2939370702141781;2.987346358759339;2.380606252863756;0.2115729593967935;-0.44045638239570095;-1.137611910165402;-0.6711467402205782;-0.9066971811117421;1.1668956810525535;3.0352439610815525;2.73452019962263;1.446692563175628;0.16831348173785038;-1.5043800811624422;-0.3708024181350289
521;1.1340455146940065;0.7764711856544231;1.9089581905435378;1.7818395072962552;1.733526159931567;0.8999934082018407;-1.2188224546507211;-1.3831131156371093;-0.7799974034198742;0.44095905845989747;2.620493350354148;2.822292856791789;1.0210144244447952;0.0377483374796784;-1.1175000966768098;-0.6257643220035713;-1.2925461906249813;-0.08033670927235989;2.4500573997927457;3.2184392257266006;1.6208849176623414;1.2893565383366092;-1.2921996849573367;-0.7310216363291259
522;0.699796723896774;0.6711603077495694;1.4039459484107868;1.949946100629788;1.9144495055505393;1.4692320133192618;-0.28074696493596807;-1.3795821947534335;-1.134423953350984;-0.32920722742725866;1.8828010614179005;2.921387273945307;1.874973909371307;0.49658829169387453;-0.8176353153531735;-0.5891754642013705;-1.5404820718498662;-1.1736584140886823;1.586122911470572;3.231135431774447;1.8684028010343903;2.136096686002666;-0.6902807068717681;-0.9758391715554251
523;0.04232856987357284;0.5821293475983099;0.8109772888340617;1.9799297011415098;1.9235577290332926;1.8639821940102883;0.7357190440887018;-1.184759187919009;-1.2923300666549447;-0.9410294351023082;0.8951571222636975;2.680989789214267;2.576337418701696;0.9516453598452107;-0.26193540772822355;-0.5749934144428078;-1.695370326034665;-1.9211400515563626;0.5226937115420252;2.738919781579239;2.2037016487525314;2.5470375730714947;0.23754802577135498;-1.004525993083057
524;-0.7425187923682511;0.41022650833806124;0.27904964051375625;1.7871837388884846;1.8153592112156953;2.086567713158193;1.618592478149089;-0.7145811196797153;-1.2893604311901286;-1.363483519564557;-0.15952145758244607;2.131894763764137;2.9450293593773837;1.4311207436013154;0.4370069206339674;-0.5310233479061361;-1.7578284109126832;-2.250981135978846;-0.6199193757508596;1.8395666480507689;2.5056743238797914;2.5284415815475714;1.3164821783262326;-0.7536061341117414
525;-1.5070700793296536;0.08021730761460082;-0.09715169213294983;1.338400260583262;1.6444961064870491;2.1406367098335544;2.2127695027336642;0.03675312312631185;-1.199193704183158;-1.5934726614310133;-1.0872779741684107;1.3263202515377985;2.880667457685782;1.9251477212429242;1.1268201119584726;-0.36477976724506456;-1.696344031698417;-2.218086486040471;-1.6777501498796765;0.7133265361860108;2.573106233943338;2.228360515961566;2.29822010950893;-0.21654891193056258
526;-2.092668479054607;-0.4221126508493779;-0.31105490322275825;0.6844679754378398;1.4349134177200615;2.0294471950474424;2.46159289960374;0.9685709702002074;-1.0988230190985604;-1.6420452605640616;-1.7400959341149003;0.34597103575299415;2.390028655215691;2.355850185287198;1.6777894294779292;0.0003000813463141794;-1.4830535487227403;-1.9578679543493642;-2.4704073993428155;-0.4445691444916656;2.2280495681027763;1.8463632573079447;2.93559100633201;0.5472220234775466
527;-2.374763624370835;-1.0371328279084713;-0.43572636828526734;-0.04653146210920167;1.1676286729383103;1.7659581319095894;2.403699594224723;1.8912696060705532;-1.030061791725458;-1.5315694084034377;-2.0540418733135115;-0.6881642124797599;1.5718722247657182;2.589827094387383;2.025224925511888;0.5692569701703701;-1.1272154004341255;-1.6137164004479094;-2.853943215864848;-1.4752859618911658;1.4133680930279922;1.5252361567292654;3.0683778454682806;1.4155446867382917
528;-2.296841605256894;-1.6457823404595968;-0.5785714438453403;-0.695921206691366;0.797095684203963;1.38237011692159;2.133190233667539;2.5868647786759627;-0.9786604945071982;-1.3006308574493919;-2.053351214334708;-1.6213750278240262;0.5735802307034558;2.490271805651632;2.17148072954701;1.2525845900414179;-0.6847815087162368;-1.2761475906781254;-2.775490490416571;-2.273569710536503;0.235380084485332;1.2804339535498974;2.6834190640218596;2.2202564130251567
529;-1.882039213368464;-2.1044322186235997;-0.8218274160628553;-1.138989843120498;0.2895998402165828;0.9278854979932665;1.7477941691816836;2.887595053835069;-0.884456470479102;-1.00575834662209;-1.8226435268546286;-2.2947699461333224;-0.45473913347362455;1.9829019439420417;2.1517681400722832;1.8903394869959216;-0.2391716638127466;-0.9621311773423247;-2.2994646602712665;-2.776470267915382;-1.0677624546394566;1.00361553860217;1.918771994109591;2.7783719089379915
530;-1.2200082013049756;-2.2875629239382085;-1.176949113296639;-1.3354006034574701;-0.3373837443174791;0.45313004903426696;1.3118451092539114;2.7371123371678188;-0.6788986173234748;-0.7107221350735817;-1.4645004806396478;-2.591316310441556;-1.3877401903582947;1.1014195721945572;1.988927362270196;2.3123286176095177;0.13381333713399113;-0.6388418034891259;-1.5871816557726806;-2.9452407140484156;-2.213497902514174;0.5378875681707368;1.0054245705660865;2.9354404630651527
531;-0.436231482081424;-2.1247257629542435;-1.5729580188900696;-1.3396742154587469;-0.9992126219480351;-0.00913003857065739;0.8487233702474274;2.206166335336436;-0.3299473932098746;-0.4640652216718997;-1.0639931595258432;-2.477622777911579;-2.1289048373959365;-0.011195899432474246;1.6677269866704731;2.403942819589666;0.395830625463282;-0.2714456687286053;-0.8358568974722216;-2.7611372174164877;-2.973971468539162;-0.21538540456244648;0.17021599339650922;2.6122780784974062
532;0.34276952509826825;-1.621399686083155;-1.88221329694733;-1.266044726744471;-1.5647924183611095;-0.4527177043375292;0.3590840670487117;1.4565485044291802;0.13113226668395256;-0.27668046004000973;-0.6738722853595787;-2.0191398429930585;-2.602313361918289;-1.1461516311242892;1.1462028137595088;2.1448686830691037;0.5548144216586423;0.13655586305869497;-0.20514116640421054;-2.2404702130851075;-3.2417004373409113;-1.2151925151212914;-0.45534314534952247;1.8394310761534574
533;1.0149927189029195;-0.8587843467540639;-1.9704724191490035;-1.225267489248996;-1.9072901940700704;-0.8876630023314367;-0.1523878151349588;0.6720170763946552;0.6171565680063447;-0.11528064551219891;-0.31991719717043704;-1.3582929916705153;-2.7493637562549433;-2.09535137187728;0.39805208909374984;1.6035971799765893;0.6510310132049801;0.5341314308153914;0.2335463289895609;-1.4558304508910103;-3.038543116405499;-2.268916587720016;-0.8760944647795544;0.7620087418381438
534;1.5122481621180222;0.02639977123349333;-1.7491519003777223;-1.2652005990070183;-1.960235558550272;-1.3149695601360454;-0.6605399154444931;-0.010143516743020699;1.0232631411921256;0.07944204348044423;-0.014655761388545921;-0.6637293898355184;-2.5405883267973897;-2.7099431099698603;-0.5398271811522208;0.8950885157442262;0.7316502406008422;0.8476262728939088;0.5019892616601165;-0.541778598149478;-2.475636980697136;-3.0979930371148603;-1.203407144182453;-0.39493987467755665
535;1.7953378014699346;0.8757084079681746;-1.2093686495490843;-1.3448445856011455;-1.7491474243137624;-1.702409160082342;-1.122537096105241;-0.5359591479834417;1.274573558507615;0.3558598578400665;0.2340050579642609;-0.0735433101928078;-1.9979658541055474;-2.9277010546251603;-1.5452146918020693;0.12810611489326335;0.8291636755260322;1.0220150320079489;0.6763298288818371;0.32949539385245397;-1.6943542664264137;-3.4497844078202604;-1.569607155941835;-1.3943714090617667
536;1.844351328516993;1.5464328024554472;-0.42721228348551504;-1.354410396542757;-1.3800723424563657;-1.979475150215771;-1.494679069183878;-0.9272428463418055;1.3560051721436785;0.7148131337905937;0.42480813504076975;0.34237631334121577;-1.2111490783413765;-2.765047379928614;-2.431175817801372;-0.6280687427073572;0.9527948274482773;1.0521745066718848;0.8292391812990034;0.998400735112276;-0.821095371070215;-3.2016203948683786;-2.0314053919758854;-2.064836663694589
537;1.6543641483810627;1.9420036439482307;0.4580063009210516;-1.1710522992736416;-0.9887252211375888;-2.05988274309356;-1.7491524548961457;-1.2402920982159316;1.307324253810396;1.0953275812563528;0.5703815709772657;0.5868492833419907;-0.3303284394221937;-2.28788877631434;-3.0033334449759095;-1.3418067838149637;1.091332565480852;0.9855034031466904;0.9861038443826637;1.3718365341190613;0.047008614941806276;-2.4084816337368613;-2.5143885050487698;-2.354795179196425
538;1.2412906712996727;2.0271596887348675;1.281753253858315;-0.7229521121424829;-0.6753174261702786;-1.883286702080363;-1.8782751211161224;-1.5171342907912746;1.1873139311572631;1.3938892350035812;0.6983705179833928;0.7103863267277395;0.46982372424633445;-1.5827363307135671;-3.1276633849911466;-1.9888786375912557;1.2188196989278848;0.8952963024991017;1.1175459604936937;1.4528623038173556;0.8310943928259348;-1.2754788030505222;-2.8307126787765164;-2.3370925876035193
539;0.653819835689111;1.825120478007043;1.8948316066231112;-0.03161340880362935;-0.4587462632109295;-1.454186032043121;-1.8842126605923513;-1.7559605849882174;1.029805615714372;1.5097156883176606;0.8389474338799667;0.774147008000176;1.0434865666872657;-0.7428719331036705;-2.7770787516857487;-2.5179621802557306;1.296083082689856;0.8412613617850396;1.1680246560137064;1.3293074476810027;1.4550494866349934;-0.07351234064538323;-2.764551754704292;-2.1585172742857335
540;-0.01931272037024473;1.4005149446064868;2.1953673221390657;0.7860219327608985;-0.2744962309237216;-0.8542907495283115;-1.7637627221545051;-1.9134417082670254;0.8197383687514272;1.3925744625144505;1.0021741080214626;0.8210049030178195;1.3206602239764043;0.13053244078343543;-2.036536513386334;-2.8384564511585855;1.2692612292061465;0.8395407711377598;1.0993902452263424;1.126163855501895;1.8454265243832861;0.9583897503335217;-2.1840069885138487;-1.9565623372034602
541;-0.6574890302464635;0.8367126013693942;2.146237539751483;1.5545975511198207;-0.01803230297260419;-0.21722550056390727;-1.502345775530735;-1.9324503651244873;0.5056533949646042;1.066739421269411;1.1590369381662062;0.8660129502146545;1.3250592017176792;0.9249708586164797;-1.0677853162845585;-2.843271421552245;1.0740560734941276;0.8571023434717866;0.9210750105129737;0.9462226339220076;1.9519991142179904;1.679586996043069;-1.123071282570622;-1.7842630386821048
542;-1.135194880845109;0.21709593168124178;1.7768266802889285;2.0984719144369044;0.38838792664471494;0.32495681937884646;-1.0853329750707648;-1.7755910113780347;0.04272971255178043;0.6172941048834425;1.2416975580947283;0.903925256578018;1.1540591064055072;1.5253671583944852;-0.05386301928331497;-2.457536783368677;0.654264765529684;0.830310431389216;0.6885268786045042;0.8293482159659025;1.776255338045393;2.060199072423478;0.20888051742012392;-1.582902923712774
543;-1.3601107299171895;-0.3839150928433456;1.17121276339696;2.2961377110099406;0.939989303515755;0.6969922244316265;-0.5219839790412337;-1.4447053919162085;-0.5591296223809593;0.1463934539437503;1.1690290905567156;0.9219994750265548;0.9308172334563178;1.8398764434026373;0.850089464790845;-1.687424733494159;-0.006331012710272976;0.6947328008629985;0.47174228761279163;0.7495524846342314;1.386231530900772;2.1466718675175835;1.4968010716909408;-1.2199054833832554
544;-1.3060968451397348;-0.9007778312777145;0.44669623346091075;2.1113051977105384;1.5338535054766738;0.9077887508853525;0.1338230871278862;-0.977897806667363;-1.212527532637485;-0.27525174945197406;0.8878735798018168;0.9065618372032768;0.7520540875754921;1.833008670580926;1.5414502647975088;-0.6412304252392296;-0.8526549201515186;0.41013788318974675;0.3138295727155871;0.6473515784166433;0.9021872839338066;2.009888002244439;2.436561043657241;-0.575554784712847
545;-1.0243794914926652;-1.2740472806405059;-0.272191582596386;1.593785486923383;2.002113899257407;1.033933660287461;0.7832167929496859;-0.4305091111475704;-1.7721698709148483;-0.6333336279795573;0.40847705520102967;0.8403920387357933;0.6554255992128124;1.5469897587353143;1.9686061949939775;0.4914308520619439;-1.7484337910937775;-0.028442187618982318;0.20489568461982338;0.47554252720963086;0.4548975728651578;1.7079018782398305;2.8440458860661875;0.3653226034303575
546;-0.6250045630459077;-1.4526767740240043;-0.8781935120337102;0.8562681906360815;2.1784604414100683;1.1666737907460298;1.3089965565860617;0.14469966988633776;-2.0897653138629204;-0.9569365174034298;-0.18733823062373908;0.697892303782935;0.6183447004839231;1.0949017471739066;2.116093061278736;1.494924693467019;-2.5023688520746017;-0.5919592824545876;0.08676138636127503;0.23066780398879708;0.13580950429057037;1.2797137235105658;2.7082336320101685;1.466558203129046
547;-0.23465019996869277;-1.4051555666973954;-1.2985106720809134;0.04020725891825586;1.966793269806041;1.3502258578679984;1.6194072692000638;0.7051572154898689;-2.0763201975418983;-1.2762170936969472;-0.7731671345931707;0.44857949234372985;0.5831026826471645;0.622998761295926;1.9929200946647485;2.192804848434223;-2.9270307347187803;-1.2227597563640578;-0.11427927188621767;-0.047046092862592925;-0.03516680425878538;0.7637227874598747;2.169422323207363;2.4683543091732525
548;0.05108425772345858;-1.1358971511895535;-1.5009198138595437;-0.7164617007482265;1.3812497717833903;1.545275085444922;1.6865130980536338;1.2118460360347303;-1.7387856971426119;-1.577958970148868;-1.2282889093814346;0.07366773845981625;0.49109290406166256;0.25672773769659085;1.6327547983082542;2.4946636066090417;-2.906964756675817;-1.8379016505056338;-0.44501548864226764;-0.30242884830513117;-0.10724324866704661;0.21895668253344738;1.4408680725961946;3.0820664447068977
549;0.19940011159686405;-0.6970733064495568;-1.4890108057773959;-1.3025812330820183;0.5419795796233813;1.6391787722085733;1.556614329215089;1.6180417613740439;-1.1719094435386979;-1.788725051792586;-1.4850243657167863;-0.41078470283441376;0.30803597745112016;0.05512817562080149;1.1015961284255409;2.4074120252085014;-2.442961671670219;-2.3319519243981373;-0.8956254570349429;-0.5025888631892339;-0.16371696423362322;-0.272371950659979;0.7170257782352224;3.1096192388516886
550;0.24198998883851555;-0.1852957865809422;-1.290965023183383;-1.6468757861744172;-0.3677908030540793;1.499993665672138;1.323981620788559;1.8671911022353158;-0.5111280919708173;-1.7997436644249403;-1.5474171857886951;-0.9393045667341079;0.031351413982323495;-0.004841240074432096;0.4997243109144699;2.0124544346148703;-1.6482908441028732;-2.5874208018724696;-1.396450053180384;-0.6579946226473676;-0.27419051282885853;-0.6275914362490087;0.11234709300997854;2.5307885742201175
551;0.2473999390447132;0.28135973343832027;-0.948481771198794;-1.7229610025297193;-1.161697839343551;1.0480289966464018;1.0797216796015774;1.9072882366721633;0.12620182270314498;-1.5227023315806592;-1.4713080914462275;-1.4050575425509466;-0.3168108932625817;-0.007383361460163607;-0.05365879287980267;1.4257115652880858;-0.6969112612421424;-2.499817780611347;-1.8398425618288985;-0.8134467051114529;-0.46009714807545743;-0.7993197950292316;-0.34715600211702896;1.5160001171848927
552;0.2791593029759253;0.6001461499865165;-0.5109880544746013;-1.548170055182063;-1.7016023196479428;0.3087798550067044;0.8630136450831541;1.7163495313341517;0.67863228595709;-0.9459824640269818;-1.3183636098622633;-1.6929553420607946;-0.7000793947312176;-0.05195635995756569;-0.4534424005228468;0.7616770260455811;0.24977552421302296;-2.014607387000905;-2.113710150056745;-1.0138209689194633;-0.6906081684394041;-0.8013922259119248;-0.6879811279072897;0.35838399723932163
553;0.3612671654317337;0.7194150993693037;-0.03562848697601992;-1.1766189639783866;-1.9232993815790083;-0.5799738228941522;0.6426798095875536;1.3232137615304378;1.1388342194212748;-0.15850781011635864;-1.1124421822769688;-1.7245697533189244;-1.0729455390709115;-0.2054918659018397;-0.6460936710677007;0.11481047896893626;1.0980767729350633;-1.1612074082710604;-2.1309775309119816;-1.2650094263439828;-0.9075752073521812;-0.7064806203609079;-0.9393035670426177;-0.6420658388228309
554;0.4678806336073787;0.6564067669947121;0.4115709807019894;-0.6865730905300287;-1.834124020587069;-1.4113435913173569;0.34160930574506504;0.8075106755014243;1.518257191515841;0.6747345062975336;-0.825898237686637;-1.4918977952059995;-1.379907213538074;-0.4746530743951712;-0.6517432921675508;-0.4421209864997864;1.829121456225773;-0.06380635933147649;-1.8461188014529446;-1.5136447941933815;-1.0614891606772283;-0.6133519896843838;-1.1019647763296463;-1.2874943860330248
555;0.5407916793214671;0.4870081594668558;0.7600817450743967;-0.1638427902637089;-1.4922858192963206;-1.9827866270235355;-0.10712168291572699;0.2735866499111811;1.8049212459789612;1.374750024323125;-0.4057632284753413;-1.0604437932566306;-1.5561824873255732;-0.8077289716929176;-0.5561841970317628;-0.8535234567136072;2.456151363302931;1.0839255372271137;-1.2598988652249647;-1.6585782804154123;-1.1353761351450995;-0.5999138041878307;-1.1522242217160394;-1.5358749589155603
556;0.5237595429206836;0.3105257547018177;0.948655761819391;0.3146602729858876;-0.9820159599544369;-2.1663506805891553;-0.7023774265142247;-0.19070536786263864;1.9449571346554935;1.8163699437221685;0.17481376926667686;-0.5379698831070214;-1.538589375441448;-1.1200812349113156;-0.47291018363743287;-1.0819566811441297;2.961160904349643;2.0753457482378743;-0.41910862012674177;-1.5894355974691186;-1.1427048990027313;-0.6869441923823623;-1.0719552582620089;-1.4811184596510603
557;0.39473150442159904;0.20518205451070587;0.9456637851069709;0.692249175719127;-0.3945809947931994;-1.9459287779347567;-1.3482989832187828;-0.5482547143312831;1.8631991213149175;1.9670097521381402;0.8713303092581992;-0.02487701341739576;-1.2879442507475796;-1.3270072894620257;-0.4914392366456306;-1.1181563040350346;3.25508783521478;2.755203029702219;0.5840454846665895;-1.2333484381478286;-1.1027179988181104;-0.8314556623615414;-0.8802157345245453;-1.2787414256308711
558;0.17940568969459428;0.19536129386902704;0.7665076975688776;0.9358277332034881;0.18264176746909622;-1.409514173999456;-1.876729984950624;-0.819401864088539;1.5126806373621713;1.8783239559390645;1.558952666098449;0.42634425827495664;-0.8136539637790575;-1.368249921711968;-0.636220669775167;-0.9928440414764466;3.1944050766436654;3.0612125376264165;1.6153110705703058;-0.5878900667948056;-1.0113098878300621;-0.9517619119491745;-0.6414059397562584;-1.06091375637416
559;-0.05942703243557509;0.24629496100879045;0.4766691850693403;1.0326237264256604;0.6728030363446553;-0.7060626206458811;-2.111196062988332;-1.055088366635308;0.922741304409496;1.6395870291232189;2.0702129328288317;0.8195039588039408;-0.18503267296596532;-1.2172483456963057;-0.8556261552974835;-0.7775967464753275;2.654000438224029;3.022343252547648;2.5121730731882472;0.27300368828154054;-0.8287119121915062;-0.9687798787302891;-0.44133328978226793;-0.8845042529857601
560;-0.24927777500663423;0.2882639280608875;0.1740063370447099;0.9851184958379897;1.0164919111958755;0.009259856620207486;-1.9427865309225354;-1.2902024453772245;0.2132197270432763;1.322736916071983;2.26290319565365;1.1864379779410783;0.4821827417205623;-0.878741932749542;-1.0454902416485465;-0.5662213602045502;1.6198757186407882;2.7166710593605954;3.1134986971310563;1.2189986883563189;-0.4950587574766715;-0.840288826845478;-0.3437964770413218;-0.7325881481633637
561;-0.3367751484470117;0.2574807851756104;-0.045819716288981654;0.8091727951899346;1.1798657845904537;0.617133037152345;-1.3814074074552747;-1.5041968082216495;-0.44001664107987104;0.951989016276716;2.083202331984734;1.5398859695890503;1.062625629589776;-0.383505327811775;-1.0947814288261286;-0.43976351976433503;0.24710427964234427;2.2151191964408707;3.3008286026450966;2.096889505206282;0.03228531180614519;-0.5710067859718094;-0.3534977323349859;-0.5581156698314655
562;-0.30387786621628426;0.1324792675269269;-0.12678087472702074;0.5366553612463725;1.1606803126895133;1.0504872393041589;-0.5578498669278166;-1.6143365645231782;-0.8750337145031897;0.5141967574966135;1.5901376898785684;1.8379670996828952;1.465323579209026;0.21377597606286852;-0.9313826966271497;-0.43015851931053417;-1.1589410067834593;1.5464528367467159;3.036130206791288;2.763039969961342;0.7396052898237735;-0.19712439206971685;-0.40830271423912745;-0.33626685032626097
563;-0.16633495024260653;-0.052479798903598024;-0.07488561156680791;0.21863715141434661;0.9876845890013608;1.2876761456745693;0.32364939600250553;-1.5100430954367743;-1.0142640909062106;-7.309715734055144e-05;0.9279798777399803;1.9853558206859114;1.6622585278409565;0.8349457442257378;-0.5482301253533456;-0.5017464364721725;-2.2416159592309866;0.7066011583697787;2.3769495173579758;3.106103199219093;1.5382531701881872;0.24061106039112992;-0.4070982555631872;-0.09112670678804563
564;0.04013515380872195;-0.2232593546841078;0.04681667052822834;-0.07771981722383678;0.711728052559205;1.3353248948973568;1.059173394269143;-1.1135872949771959;-0.8976947142715632;-0.554522530562264;0.2615410667121847;1.8751745460834413;1.6854745775688966;1.384239496750391;-0.0018670286564698019;-0.562967535271049;-2.73163744500256;-0.29247217184180724;1.4578145869606025;3.0600341812841467;2.278678619401452;0.7154532972057657;-0.2590766472089868;0.11838070676168305
565;0.2745981633731872;-0.30209285453726303;0.15003183766504302;-0.2832711073352241;0.3917106417971209;1.214558328008747;1.5113454689284538;-0.4358843464929453;-0.6597609813912357;-1.05509990854575;-0.2907380938439994;1.4506924372187142;1.594023041237697;1.7654792403638346;0.6106027310828291;-0.5057701650748496;-2.5594527892775645;-1.36652321649016;0.44354032661104403;2.6121459373185805;2.7924508528690826;1.2122189061944002;0.07161410809419808;0.24146454267144815
566;0.4973332852407753;-0.24539619165386725;0.16531200857288664;-0.3498471347959352;0.08152685881298583;0.9569381252649203;1.6409319442461903;0.4038817624927683;-0.46081973850123487;-1.3805588160086621;-0.6910900554537978;0.7519593082746465;1.4300660473751408;1.9086135611743267;1.1819106946602045;-0.2557120730181289;-1.884430451724812;-2.3373025287658074;-0.5238090093819971;1.8090162873208488;2.9440615988164343;1.7064116362984343;0.5485601632527324;0.2773419894737817
567;0.6668406276750544;-0.06457989297172936;0.07670913521409026;-0.2723207878391479;-0.17696936366699528;0.6069885857925112;1.4961350385797472;1.208874078598945;-0.4085388747800318;-1.441214177932849;-0.9691809362338084;-0.08157626055637837;1.1910509958704603;1.7944669548892123;1.6190341862865893;0.19038395539080313;-1.0237484595156885;-2.971405892466619;-1.3576817928004807;0.7571521724167918;2.6709533391853495;2.14098320104244;1.0797743381817018;0.2869894173990798
568;0.7348223296353918;0.1788729493502974;-0.07084788702353088;-0.0969223154745054;-0.35450598091234903;0.22307681870728768;1.1726554220569414;1.7740267845647786;-0.5098249073819687;-1.2322492059747736;-1.174330775291118;-0.8581829395361162;0.8364362826048002;1.4632740284494032;1.856003499847473;0.7565804575670708;-0.3139115052572222;-3.0714024522129537;-2.0238506823293436;-0.38856198449338214;1.9978795740973692;2.420114073213053;1.5562634765607737;0.36457237257075925
569;0.6494335061521304;0.3992612025928927;-0.19576803798456505;0.09255406259587746;-0.4325968900057178;-0.12964708084275567;0.7688454726420503;1.9627468746178114;-0.6771077441303046;-0.848373576350081;-1.3256619618210823;-1.4087956395721533;0.3269594682603159;0.9988959273714785;1.8578441726596444;1.312688369340528;0.028561854065936212;-2.577011327714118;-2.507163356278739;-1.4528529630477656;1.024886285474376;2.430316333345397;1.889914415982626;0.5832521953748981
570;0.37205932935863484;0.5189735377876581;-0.223659409255469;0.20817601465331792;-0.4046773423002221;-0.39380509416389226;0.35731576758111766;1.755490979381682;-0.7834094206798476;-0.4472040832398151;-1.3922305173466831;-1.6518148672432695;-0.326383453491559;0.4938875679478781;1.6217973246722004;1.7195293205833069;-0.018383947230999544;-1.6209657995245461;-2.773652268470903;-2.279795386116351;-0.10098474818133724;2.0830513826244266;2.031667222056841;0.9460524642663828
571;-0.09727426293367622;0.49187097342805197;-0.12854527206336286;0.19689885447620062;-0.2818941355257531;-0.5350920964458394;-0.01920542412213465;1.2490876336675318;-0.735004821251683;-0.17782913936144448;-1.3153645906845932;-1.6148066274101034;-1.0348825535445831;0.012877732368157147;1.1790422814336041;1.8742235524085737;-0.30369279924854303;-0.5016621884919945;-2.7581713038323907;-2.770246664757857;-1.2170625552938876;1.3594660060373613;1.9653767482308682;1.3702773758967575
572;-0.699582437227676;0.3098344481173839;0.04965519946258718;0.0657968718269695;-0.09944855807053651;-0.5501752287727425;-0.33508865190691156;0.6101524665428321;-0.5225185138113432;-0.11171608813460282;-1.0582772360132278;-1.4037362057244067;-1.6473888870432314;-0.4253085436721913;0.5943364626145132;1.7377122450276101;-0.6019035022764698;0.42455525022225504;-2.3930298376052597;-2.900331016091594;-2.1707382387320115;0.33474337793097997;1.68861522203464;1.7152896854035289
573;-1.3167955336754351;-0.0048127338979829515;0.22030311462709337;-0.12096417334159813;0.08424553680154986;-0.4633167698592477;-0.5673336317728013;0.007428619851571408;-0.22466780449435358;-0.21312494313631014;-0.6500425013606839;-1.1390966488337864;-2.0058599573823304;-0.8359098532597522;-0.0422214199282072;1.337356805202798;-0.7331436657216068;0.8857866560463021;-1.666192139177584;-2.7119992511504667;-2.837989993225687;-0.8313220771714744;1.1990155874021753;1.8395451127240323
574;-1.7988373247307068;-0.41121072016234117;0.28218902152302927;-0.27421686857306654;0.2012875175943337;-0.31456390741476653;-0.6918492406715994;-0.4446470706918849;0.03468436206427351;-0.36508840916408525;-0.19326580836671256;-0.8956574182002313;-2.014699487995059;-1.2334496381374023;-0.6342950287850432;0.7494916506019595;-0.642109199261675;0.8047378501053859;-0.6742894384923941;-2.2813566562207948;-3.1376149382747447;-1.934859750954025;0.4993073205103542;1.657553106885458
575;-2.0110354648838964;-0.8568800267108171;0.16878934057372183;-0.3262222694810733;0.19908559450564206;-0.14673854096556752;-0.6926931448707928;-0.7082865414764723;0.15102152579813702;-0.43660824399222276;0.1738429583065782;-0.678626580897846;-1.687261077403901;-1.5956331877812202;-1.1047792712284972;0.0737546380241342;-0.40061697734192836;0.3229158907954012;0.368744346832191;-1.6833857210283822;-3.0429340737803448;-2.7828157214299507;-0.38024361846613464;1.1692034466961045
576;-1.8828257789280851;-1.2773727721867731;-0.12273093406382751;-0.26791860000542755;0.06570219303437497;0.0024094972102206152;-0.5762188511303491;-0.8076607464305277;0.09068332561673692;-0.3542162289460608;0.34242072985568;-0.44630985192747336;-1.1432675570761275;-1.8506626656448284;-1.41631574296089;-0.5897038871997633;-0.14196824229561622;-0.27309421650750465;1.186885379008662;-0.9740599808404468;-2.5882343928476024;-3.240580376335347;-1.3573456883415844;0.45074200220938887
577;-1.435434463163251;-1.5947032433284705;-0.5306886517603094;-0.1568225005991609;-0.15871164820680067;0.10171820288267863;-0.37835988249488195;-0.7930502122786901;-0.09546186507166131;-0.13913710328944479;0.2887316182442023;-0.16138574167142297;-0.5566761154382219;-1.9005304097918214;-1.5751153926919828;-1.1550995075081605;0.02894634917521889;-0.6865160490400016;1.5456560901381422;-0.19973468945844475;-1.8641866377616407;-3.256647795286413;-2.2911148398763115;-0.3819886913192928
578;-0.7744750758449657;-1.7240914592001615;-0.9534796498938315;-0.08984664313913533;-0.394248240602577;0.12607318035022674;-0.15789273113993402;-0.7074267252093916;-0.2991626971062129;0.1091366634751023;0.08804058130318818;0.16374621278735405;-0.08036232720577433;-1.6715635570096818;-1.6141758359069704;-1.559248982530659;0.09708230634582443;-0.7398887049575151;1.3577795732544538;0.5751569982086454;-0.9987201769287979;-2.8608399553281694;-3.0053241092185194;-1.2142305669227074
579;-0.04954270709008246;-1.5942462358454526;-1.2852029916240912;-0.15346513470252612;-0.5553122171989904;0.059499778043157106;0.022234317887971353;-0.5727832726954608;-0.4047057604979347;0.27226734939153235;-0.12318756723443255;0.45766025210785605;0.21344955875885357;-1.1653551191544091;-1.5641791427841798;-1.7667586267448911;0.1384887550039767;-0.43754449256596567;0.7360571159875187;1.246033862618105;-0.12694862638484405;-2.143853237159738;-3.3370882718048156;-1.9551309248081228
580;0.6012321118717325;-1.176559329772522;-1.4452543385035894;-0.37585512636237084;-0.5914338088648088;-0.09636747552744568;0.11591540785951061;-0.3985176616192528;-0.3347668664704752;0.2817213963911627;-0.21722313909626478;0.6240313217741723;0.3472041151832478;-0.47954319917366217;-1.4293060857138227;-1.773520046094162;0.26643663249706695;0.06407361505474365;-0.03995546529447187;1.6761251123230738;0.6389377596876056;-1.2304912654383915;-3.1915735160540106;-2.5357800807824047
581;1.0964231803191424;-0.5094408918783557;-1.391592576746583;-0.7051749160890823;-0.5136058646372318;-0.3132291881446885;0.10664511283013674;-0.2001333621885898;-0.07211760557989948;0.1589641442741696;-0.13901440575071555;0.5992654735000754;0.40241039613559193;0.21791096822720368;-1.1843271889888358;-1.6061054769875387;0.5581669084965555;0.5553352712445431;-0.6351426394797881;1.7423625517534005;1.2271206959707486;-0.25610418139654756;-2.5782631549131088;-2.8931991947306805
582;1.4263738833351312;0.29793145286817735;-1.118513454414383;-1.0251337471067856;-0.3901488240554871;-0.5352878260000404;0.007074975309825204;-0.011600451908620482;0.346441853211498;0.006334132841787993;0.07091705985843265;0.3982680182488276;0.4579691823262275;0.75233367555383;-0.7976914546201496;-1.3134987401894789;1.0056300030863465;0.8849578031298875;-0.7990363421239929;1.4018817474142644;1.604578368539711;0.6508149196745567;-1.6121259455706531;-2.960194297219057
583;1.633356543789907;1.0904166822080141;-0.6480578608851502;-1.200414273331932;-0.311151502036807;-0.6930511089477688;-0.15148492462037033;0.11913395338241575;0.8522602425260727;-0.04491083047566584;0.3065859395517908;0.1188405027224019;0.5396136332055957;1.0134264851459136;-0.26895290706347524;-0.9509642043001874;1.5157179877091382;1.0254796033784197;-0.46908674262092065;0.7428358657776903;1.761503088569655;1.3819855209010659;-0.47929892132317786;-2.6761078433422036
584;1.7694646021337668;1.71408843150969;-0.024787461745596484;-1.1302277910881506;-0.33776290271138515;-0.7297180336535556;-0.3314839710108563;0.14966842288275017;1.366177300602872;0.09942672544822942;0.46173359096866645;-0.10093396704720779;0.6095308705107092;0.9976148441532414;0.34238329646051413;-0.5617932396301598;1.9546340792444674;1.0631111093225267;0.2123047186698051;-0.016400127554312943;1.6959104656442552;1.8612266906902903;0.6173234069859466;-2.0179007948354633
585;1.8554878208554118;2.0667176817488424;0.6830108335355439;-0.7856456002516625;-0.4624005067843721;-0.6284493591397551;-0.49649711938864405;0.06558847226377212;1.8085122068332677;0.4506276200493839;0.4926306264479954;-0.15014506536102215;0.6003318320762658;0.7997055490360854;0.9178658194282865;-0.16655616328208891;2.2064168614226176;1.1252293391379975;0.9737448550533804;-0.5930216240651319;1.4127589148383424;2.0542256662683607;1.5100607632866536;-1.0347369043644024
586;1.8625940692574792;2.128526031885149;1.3813369321871818;-0.21610886472245996;-0.6021873291574388;-0.42464739456853035;-0.6124637475762438;-0.10827290785379079;2.099442145267256;0.9321643976235573;0.4428680508085878;5.78789110270983e-05;0.4706238014081339;0.5587973155992394;1.3171215437058068;0.2326326160840834;2.2113625902150598;1.2912710575281776;1.5442491957039932;-0.7496019085086018;0.9414313080222957;1.9723440544778368;2.097789232783658;0.13720363603509494
587;1.72619049892239;1.958279434837056;1.9575152761082641;0.4733484496880406;-0.6318170845400763;-0.19271109723907834;-0.64759713181408;-0.3148789176363839;2.160486478058031;1.4135296865324662;0.41642239826547506;0.2850419671747148;0.24641510969101266;0.387938082267288;1.4362485190337622;0.6335709301397304;1.9670383148369244;1.5379170284072048;1.7709464433939472;-0.3993556830458326;0.36006197961591835;1.6669343380251582;2.3506657052048623;1.295082119049864
588;1.3844750471767808;1.6564400627775782;2.302128038546731;1.1592489787137343;-0.44176307721862174;-0.009952104499460705;-0.5769659537240076;-0.48649099694641584;1.927233315059236;1.761338305330298;0.5145051325600021;0.5850056778891918;0.021097843141461937;0.3252449638387348;1.258382359860372;1.0117666831349914;1.500578103957401;1.746391427635285;1.6684647759385653;0.345841538948215;-0.1950051723511607;1.2148926803603641;2.294879368367069;2.2223157042809403
589;0.8215405349350428;1.3137233188404167;2.3416114614503383;1.732554013775132;0.005870299866186243;0.08557356182815996;-0.3931314570830294;-0.5689010904757547;1.3738984865703896;1.8811838886365562;0.7716233462918591;0.7909025420963346;-0.08829658368555802;0.3312887862106777;0.8682426524891462;1.3101227817778378;0.8389045931493995;1.7633134402943214;1.3809169069142684;1.2133365545336026;-0.5530963571219124;0.7013013865357318;1.9905175855467583;2.753562147031285
590;0.09261932077850735;0.9710157930550147;2.067453369848565;2.1154226457228544;0.6510453121691009;0.12023771105510486;-0.11711442857949787;-0.5364694133389577;0.5386197209837771;1.7339286544804835;1.1260006057322638;0.8602204869069731;-0.0043323896640987125;0.33081568504571857;0.41974530266635995;1.4515959336217708;0.0022062187771069164;1.4781307022827637;1.0833389588114517;1.880759616713049;-0.5675654346126519;0.20673542025267955;1.513744542970084;2.823818235908897
591;-0.6821297610566501;0.6107763001843084;1.5453434114594036;2.261979065516522;1.351754520857185;0.17629034974788432;0.20000008383430998;-0.3929143881824635;-0.4670081335216803;1.3276792880161197;1.4399253784653954;0.8311039639248836;0.2646932180261501;0.271679866659614;0.07048826538688573;1.3732088526017814;-0.9730733784291344;0.8749500785990216;0.879109439089485;2.1101243481668686;-0.18694478513825097;-0.19698825967603442;0.9472249780373478;2.4808289406798574
592;-1.353762261904541;0.1835225689246796;0.8952657480161882;2.1524989942973995;1.9342714201373774;0.34973511425669607;0.49136362035239023;-0.16166973366282023;-1.4753379043683317;0.7001718556759221;1.558440529035989;0.7877103084429222;0.6230757132892544;0.1647041211596919;-0.08465889257976975;1.0656148484785868;-1.999345121656636;0.03538304830469946;0.7481535845657644;1.841732972860296;0.4974692169920087;-0.4460666351231284;0.37562079165914314;1.8576710283127342
593;-1.7951844606424974;-0.3456028857673902;0.24811089691531202;1.7914699951437718;2.2537919792260173;0.6935224523017088;0.7016510074050593;0.1254345732967221;-2.3047291716666893;-0.09215934358174872;1.3754782334886742;0.7980249368813516;0.9324361979853523;0.0802788362320635;-0.047310912792206394;0.5955369954535563;-2.9212871973087053;-0.9012227333030074;0.5700475844755709;1.2038393352193684;1.259702627088765;-0.4877808972934794;-0.11960599150570747;1.120731626002453
594;-1.944604518324294;-0.9560400175587572;-0.3020991351434331;1.212971238197608;2.238535334471948;1.1750383319990834;0.8142505323870872;0.43419679138421946;-2.81033481723268;-0.9721126597926876;0.875203671948541;0.8612382562710155;1.0781270604714546;0.10369187530507512;0.09970403268562017;0.09424203028945805;-3.540116505431539;-1.791449388280308;0.20450047976493352;0.4361632984041569;1.8109903536622654;-0.2947664520579318;-0.4693155912292274;0.41763264003834166
595;-1.8238610980295624;-1.5599305936450707;-0.727033576630962;0.48731259818129136;1.901008510245678;1.6719155916066009;0.8615380217815322;0.7282747859161559;-2.9222348208955324;-1.8339754972098186;0.13228657485500964;0.8962198196598358;1.020303175527914;0.2760745554444921;0.2465360668243251;-0.28801312309273563;-3.6772460293466485;-2.5241667742121288;-0.41781985506866093;-0.23150564529035297;1.9108409227037262;0.11101059230485871;-0.6282229646253781;-0.15418145608852493
596;-1.5249846881297893;-2.027395695332711;-1.0590304383558629;-0.28195018971165636;1.3177651948979257;2.011951497117235;0.9080352331751008;0.9690170208995402;-2.655724343755257;-2.5449210627637715;-0.7223474883103298;0.7791047406057355;0.8019328152669153;0.5568577889949581;0.31833490517695395;-0.4425684575411609;-3.2498745549253947;-3.025215980567916;-1.243378694752013;-0.6829937917316896;1.468678638318329;0.6374497667446248;-0.5842970239074663;-0.5510790456505794
597;-1.171634468247145;-2.2379326494728966;-1.354709229618059;-0.9776292176902293;0.5935501458635236;2.0406572514627213;1.0108777267831852;1.1209163294059288;-2.092758092589997;-2.9663037850403566;-1.547513861177735;0.4102473431261277;0.5113162675992469;0.8314910454064581;0.3104716274307566;-0.34860569569809885;-2.319318032145264;-3.2398501138180325;-2.107722794164843;-0.9506010361283389;0.5867550462279388;1.1233653210193784;-0.36218916753886954;-0.7669380496442086
598;-0.8715680778954839;-2.1332216308489977;-1.6467955317745826;-1.5014955683902405;-0.17031703518219574;1.6855401887606223;1.1767142369393242;1.163385390623968;-1.3473349188467536;-2.992470257663748;-2.2255976893536475;-0.22541146243170937;0.22308552705825124;0.9620197696108488;0.2783694552701046;-0.08080643565474227;-1.083426478161001;-3.117192187998537;-2.8006414813462968;-1.1678107793279509;-0.4796614042767039;1.3741914544667686;-0.020133728523506506;-0.8127915966205574
599;-0.6786131525419926;-1.7455108201164569;-1.9109361853249387;-1.8056037958850246;-0.8909518450692367;0.9874497977847494;1.3398017930817172;1.1022099881039313;-0.5330532496039687;-2.5910915964544627;-2.6730376646481147;-1.0364390054248402;-0.046268869235313495;0.8532652323683932;0.28986615771080537;0.22686695988491096;0.18791316330331795;-2.61745212095276;-3.147446187684079;-1.4700006755219042;-1.4290364445874895;1.2281719307920955;0.35750774910426997;-0.7060532720769287
600;-0.5776911580961988;-1.1875183626295578;-2.0670643664347526;-1.9050609428557792;-1.502991498044601;0.08557274893755434;1.3779188879093534;0.9706062833931381;0.2543422103139501;-1.824100951087397;-2.83348229700106;-1.8520701757450477;-0.3414844531086054;0.498300337579324;0.3698170497175636;0.44362058198176;1.2458060917241636;-1.7436493716838979;-3.0656176132278823;-1.8992219601556872;-2.037645224110951;0.6289955146009762;0.6701056512824441;-0.4732612070845852
601;-0.4970559270722227;-0.6082463856236955;-2.0165911672417165;-1.862675939956339;-1.9523971712903343;-0.8348206411177963;1.1638406086544557;0.8139947885006035;0.9385740729528141;-0.8358848117289823;-2.669954700636274;-2.4832313497417418;-0.7282541933723177;-0.021155476967869326;0.4711453364901347;0.4986643363981115;1.9410025359269867;-0.5781183127116784;-2.574870890356785;-2.364350400506445;-2.2417938523027554;-0.3300146190568223;0.8138040519244247;-0.15992759790784417
602;-0.34196596324901346;-0.13494607969726194;-1.6969945791335606;-1.7509303622821908;-2.1965046807481894;-1.6059577180815898;0.6302331384896791;0.662903923461178;1.4581157128690365;0.18859102582605827;-2.169705654859064;-2.7864338120538656;-1.2335607006468707;-0.5780037308525071;0.4911385476647828;0.40348009596333206;2.253645283859156;0.705153524540146;-1.7668531019654161;-2.676291766482397;-2.1397144009199933;-1.4182373606143934;0.700645828993513;0.1636911162967547
603;-0.03691725078347071;0.1728374830001963;-1.124972653234797;-1.6104729808050418;-2.2139892118808877;-2.123906442199021;-0.18387759326082267;0.5085302050140477;1.7667110363690166;1.0778842575634993;-1.3624854733964182;-2.701703189604375;-1.8025042253313088;-1.0607624089556378;0.3253677586799165;0.22946523693458795;2.265807928424284;1.8712660165259478;-0.7609394454721502;-2.637574541720575;-1.9154697898574817;-2.3407582162883274;0.2848264809915707;0.4091916753333008
604;0.43876696618279115;0.3378050140304186;-0.4041194254960421;-1.4282511755711282;-2.017890522779022;-2.361036739310282;-1.1302138548750287;0.29809783307564475;1.843588831584838;1.717142270019419;-0.33908747692884744;-2.252989617928449;-2.298690719912244;-1.417350192799399;-0.07055662027274673;0.05553719026795176;2.09761080325993;2.6930522360682816;0.32603534234670317;-2.1385346107178616;-1.7268793818410373;-2.845921476563338;-0.4092725293727954;0.4894816093768635
605;1.0345222101839107;0.44363935662811904;0.30918180562529274;-1.149087542877707;-1.6594490940124063;-2.3468831959542307;-1.9966401554452926;-0.0411507354219386;1.707011060195699;2.064072407238707;0.7479755800563775;-1.520605976653802;-2.5510373760272733;-1.6582158249355416;-0.6462840445428314;-0.08314378755450819;1.8436479381135784;3.028693489381586;1.3843655326857398;-1.2119881126338659;-1.6170643256890205;-2.8207484938715126;-1.2699852942334457;0.34416742727759425
606;1.6372777201727897;0.5893160986180244;0.8665186137801358;-0.7163132280935104;-1.2144997908202784;-2.134752090890953;-2.5817885367771773;-0.5564367422725118;1.4183602771557398;2.1368905773523346;1.7119900609809884;-0.6076227772061591;-2.424303234390681;-1.8202955667691803;-1.2691124926703767;-0.21518893835478026;1.5414239384209143;2.8706685987350067;2.300111128350284;-0.023033593802708446;-1.495466497034843;-2.329184972912284;-2.10726400710625;-0.03892871393517357
607;2.10289161641389;0.8397929546172009;1.1858563291017852;-0.11992484583631002;-0.7554057667562522;-1.7747993831038507;-2.765356095052895;-1.2242842537774616;1.0671757195323113;1.987152662072804;2.3819373004824316;0.38045008238625666;-1.8781570498328348;-1.9168019308910162;-1.7773171369669252;-0.4098129395395754;1.1819141328954432;2.3408151842657694;2.949744664003578;1.1948160355617778;-1.1966596307278317;-1.573379064283863;-2.695597128503131;-0.6135825146932965
608;2.3000858088463056;1.1935425613617971;1.2794852474094687;0.575343976639688;-0.32264784916372335;-1.3055586531209578;-2.543015603956541;-1.9318929065956674;0.7390903001290465;1.6749781463164923;2.65445966679674;1.3375713228632524;-0.9866053358121765;-1.9061511718556452;-2.0458585443824338;-0.7237722698139009;0.7476923513926795;1.6333559974746308;3.217904171982325;2.220991678520655;-0.584149811796262;-0.7954592174570589;-2.8434879686650496;-1.2788370432265765
609;2.152134436368013;1.5786799694132068;1.2384793016189182;1.2404370610128104;0.08665887191137653;-0.7616865625797505;-2.0129281563136736;-2.5008985858740744;0.4811979962437052;1.2577971542605881;2.5239539234661916;2.151043703332716;0.08876053968972322;-1.7017142905695117;-2.0300278606453386;-1.1495359796051088;0.25049830375310767;0.9342782062370225;3.037017035014905;2.907587333382961;0.3565441856389449;-0.16750894176932585;-2.465308523013878;-1.8950374456967765
610;1.6620274420513965;1.8771762038643933;1.1819579631577093;1.7291117394002926;0.5040666852174827;-0.1853466178219828;-1.324610759868202;-2.748601569318368;0.2842765685766678;0.7916253295398794;2.0767015100258557;2.7040874753512685;1.154861228118859;-1.2195320569411505;-1.7662743202158797;-1.5960059112341267;-0.2557281233265416;0.35648065586588856;2.4282879796929797;3.196439948712915;1.4843551342980237;0.27582884083424974;-1.623386646613111;-2.309324435797054
611;0.9125551233066063;1.9663226933499929;1.196112699783161;1.9396724567338204;0.954938508489095;0.371694547852608;-0.6177362202641071;-2.5612421659192726;0.09414727757002031;0.33457414160211696;1.452732103717087;2.8970721180792833;2.0436533361362046;-0.43810970996886356;-1.3344050508766387;-1.9153933613900258;-0.6926583358764675;-0.08031768911793433;1.516612934089327;3.099044936537311;2.5454861984558588;0.6290196888036528;-0.5160125524194251;-2.3877429181902574
612;0.041924127545742186;1.7618111364095226;1.2918907516804967;1.8599382269332876;1.4229683645706077;0.8592235590264571;0.02007718115618175;-1.945180050512563;-0.15149943500107932;-0.05795685154376949;0.7945628704928753;2.6822724952982706;2.6450194758796886;0.5637658528214935;-0.8068782881770747;-1.9642182458352324;-0.9931207265661646;-0.4213602365453998;0.5029136442474839;2.6634069455716305;3.270131234440068;1.0374961201595472;0.5904018686146135;-2.050133346218312
613;-0.7954026495518038;1.2481345842238956;1.400155344463287;1.571464558607754;1.8365914946036643;1.2454500273294868;0.560930314339816;-1.0305289569457354;-0.47997091630457667;-0.3484170359228651;0.20639056790578453;2.0938931218523047;2.9091710057497946;1.6140539450620326;-0.21663972448737645;-1.6673301627353407;-1.1317567787273153;-0.7224597983109478;-0.3996374350616043;1.9527906528096501;3.4750596991560183;1.5920839630483827;1.4594837052120266;-1.3006552479991105
614;-1.4678386556554126;0.48769001899658154;1.404836040524621;1.2095250247805809;2.0892652147565;1.5262561900447231;1.0141528646858866;-0.024136615217839275;-0.8585434556828042;-0.5336834849579059;-0.261123837667167;1.2530686883219913;2.8298480384622122;2.4983480659512654;0.43804950775351376;-1.0520856681013009;-1.1331887778467007;-1.0031471213601444;-1.0376850630279024;1.0462030188932703;3.124635484174062;2.25293244418721;1.9701667902525501;-0.24290373158079986
615;-1.8922332202584498;-0.39278705227748495;1.197415733301137;0.8981895260005002;2.0866624825544737;1.7176957144159544;1.392962730962362;0.8666797798379005;-1.2029022499316984;-0.6492220709299212;-0.6008189414012469;0.3387047586279929;2.4276975082063696;3.0308369035855853;1.156999854491374;-0.23617829052963296;-1.055056637947926;-1.232959342712469;-1.363645055143813;0.050784926363747485;2.327384625909904;2.844628582712393;2.1487017854503274;0.931773937673683
616;-2.03943865418736;-1.2333513314994113;0.7280246287420274;0.6928715344128744;1.7970962504299233;1.8342615054524276;1.6917415267540687;1.504468512835631;-1.415637526754324;-0.7523616101204442;-0.8269780656854394;-0.46689710909499493;1.7473659671833377;3.1123911802691047;1.8950460563186562;0.6223621768235459;-0.9579804149243601;-1.3546318211985504;-1.4338159051657906;-0.8944126784378098;1.2788091837561177;3.1270624057059746;2.131168346666537;1.9875228186647251
617;-1.923010627992119;-1.8801092268893853;0.03215232603252259;0.5590349707761713;1.2770792076171857;1.8667194545991215;1.8850423530952622;1.8550937437211479;-1.4337278384798664;-0.8892948879862761;-0.9574657027708826;-1.0344291704251047;0.8672096046220797;2.7515948710311684;2.542681723414775;1.3850336641866183;-0.8800057588581204;-1.3259203288883237;-1.36192910387865;-1.6386218168417688;0.18520681158717162;2.907248162437605;2.07465954007625;2.710469308109014
618;-1.5813099132928097;-2.2215701426381247;-0.7756779241316091;0.3973638392649184;0.6553332730579229;1.7761590215345802;1.9441066677069667;1.973019365240986;-1.258136795347556;-1.0628311715373029;-1.0087398362205378;-1.3209331331194067;-0.09239339882064662;2.0451466680418195;2.9471967252101376;1.9715042103438989;-0.8272143264253868;-1.152290103202807;-1.2544828442392795;-2.0615602077436046;-0.7939226467347515;2.1363667795105394;2.0623594971752426;2.9762721989197756
619;-1.0643368123600765;-2.2122921088932626;-1.5357818866962318;0.1023342774562094;0.0802921443196002;1.5124233967786749;1.8561750628892004;1.9514450131222036;-0.9486777978763364;-1.2209075131740408;-1.0005542068466309;-1.366806742877488;-0.9783594747774746;1.1341316810488857;2.967674100445383;2.360350794280979;-0.7802915857758661;-0.8903224803494043;-1.1622208748202152;-2.1179323495897977;-1.5646285723314235;0.9443693519218256;2.0524517692030484;2.7902573485714726
620;-0.4311915112783234;-1.8779487095797491;-2.0897495351401507;-0.37512670929939873;-0.3435654407220681;1.049708715923477;1.6322694250843348;1.8662454173180465;-0.5876552756289454;-1.27614927031422;-0.9595271777190274;-1.261602644407721;-1.637837220299882;0.1610967729900823;2.5372286384885534;2.5582547070836514;-0.707653392628828;-0.6206126714033943;-1.0708938374485455;-1.8583932019968592;-2.0834151252259288;-0.40342949879095014;1.8993901401441977;2.2790110855271988
621;0.24463166180292892;-1.3017396182689625;-2.322687764275917;-0.9913851847152061;-0.5978412310298624;0.419281390063862;1.2991350640275825;1.7423175131905548;-0.23447420806041808;-1.1491794425528934;-0.912571000962108;-1.098335732757587;-1.964557779162954;-0.7537713540455719;1.7007626609492401;2.562085292555122;-0.5751599226263276;-0.40713190597552473;-0.9310074380673474;-1.411372281935442;-2.3310427312326603;-1.6047553346665704;1.4387114739440374;1.6325115511065094
622;0.8715847574588435;-0.5980627693209969;-2.1893498859884173;-1.6169668052718764;-0.7482868071911787;-0.28239538450184726;0.8832617603908756;1.555694837830261;0.10096283363498998;-0.8133151126941716;-0.8708556620278437;-0.9388264698310529;-1.9367772271385126;-1.5150120574580066;0.60886919387503;2.3410466695243475;-0.349697995027652;-0.2668297471669142;-0.7044957258958552;-0.9311252259927711;-2.29878317802972;-2.4259082954285542;0.5925347981755824;1.0202024544228616
623;1.347889142808932;0.11669183896316723;-1.7198966941208114;-2.082283455775513;-0.8990446005052675;-0.9200020606148386;0.4008108222146488;1.2641255342922226;0.44947996610179547;-0.3154454587756096;-0.815243677242558;-0.8030969247650551;-1.625864483682849;-2.044850532651243;-0.5290702647058021;1.852303411719502;-0.0023751505505845427;-0.16562819191807845;-0.39854607209210796;-0.5365691387413317;-1.9962030754572646;-2.7674003161872944;-0.5596311439603727;0.5200063656363563
624;1.5840580046457706;0.7463483439280129;-1.0076740920899;-2.2405673022514945;-1.1264974389449127;-1.3706718953106656;-0.13722085019617103;0.8445435711880184;0.8436165077610874;0.23999495276453173;-0.6969813019842154;-0.6807273720008435;-1.1682030085313388;-2.2826668563246266;-1.5098310538551822;1.0817321741550532;0.48069486074101064;-0.040756153235165155;-0.06683482383878561;-0.27117802356174564;-1.4706123162165603;-2.66685928203285;-1.7839753418716329;0.09617306468024549
625;1.5332374155536173;1.2244835357477324;-0.18502304481665482;-2.0206238117797026;-1.4273175283357604;-1.5749588768434106;-0.7071314566747289;0.31529078756213735;1.2728168185161972;0.7363472169237423;-0.4597335189126482;-0.5508660834714297;-0.7118232277099871;-2.198557628180895;-2.1901337083375245;0.08467141618997853;1.0786630640057537;0.16495516791560996;0.22062418923315721;-0.10278687713796164;-0.8177242910050723;-2.2493394510224634;-2.7717027897795368;-0.3606861617059583
626;1.214909024177275;1.5122329411919315;0.606007667301997;-1.4493694138424618;-1.7083475800368955;-1.559718091353396;-1.2555087918641963;-0.26705525266050073;1.662249540128999;1.0945361258732242;-0.07500015425536863;-0.3964984981258298;-0.36224022775620635;-1.814415862340962;-2.5093534024394244;-1.0003813357340336;1.7169664339558808;0.4753899269776745;0.4188454825332002;0.03983761750200826;-0.16756669524794537;-1.6588207889113131;-3.258473657316442;-0.9498855170919209
627;0.7174867428346186;1.5909436755300843;1.2417332168110813;-0.6393565170513671;-1.8245833354787468;-1.4186041865085721;-1.6988771485857037;-0.8301554788274558;1.8918293245297226;1.2994484466301741;0.4283159609076016;-0.2069012165135162;-0.1518631998462755;-1.2160288628038112;-2.4796043266069137;-1.9781875344827413;2.2655168389871534;0.8715784123443702;0.5343373695347706;0.21650983871143642;0.35399577178742286;-1.0074872569666207;-3.127849547353911;-1.6764874928302516
628;0.17390724275558375;1.457789812992888;1.6383125361979118;0.2487449391374483;-1.647108979204343;-1.258527091139658;-1.9467467781525551;-1.311232512568775;1.8484721049737747;1.3884333986103408;0.9596849335524016;0.026853424625850386;-0.04438014144044086;-0.5411982021539465;-2.157881604375178;-2.654612299989657;2.5659967555571805;1.2994463577785818;0.6204244812825346;0.44014018914456887;0.6704450827614141;-0.36230875317908895;-2.4512369459635455;-2.4133440034214972
629;-0.28248542637082114;1.1288566810482352;1.7625809638587928;1.0512068255511255;-1.128084183691403;-1.139770403275085;-1.9395416532393328;-1.6700013722837428;1.4842039548459898;1.4100139740338897;1.3951561281500808;0.31297230940204374;0.03257005386127379;0.058455518659672814;-1.6200621433509372;-2.9001044058515935;2.4848982246734366;1.68523424778952;0.7441713329640561;0.6744854867664098;0.7818958931817593;0.23657627476964319;-1.4489719754875006;-2.9347123908193242
630;-0.5636159545838026;0.6474143241182645;1.630491395550514;1.6379694189951457;-0.33202638079926167;-1.042387014161346;-1.6809972224992107;-1.8848164680799033;0.8477748191335384;1.3791653375685204;1.6265233569372073;0.6500004646813631;0.14603621195839311;0.46812570814762844;-0.9490478923918484;-2.689990030602522;1.9712459597758416;1.9488259922920668;0.9440746675347728;0.8627495435678714;0.7581398378639385;0.7489350277632207;-0.39557805455778916;-3.010478395192548
631;-0.6535025666813417;0.08926754345616762;1.2948482062794606;1.9329044871908163;0.5802099316258377;-0.8785171264265224;-1.2443856947353193;-1.9402059982452462;0.07126807102637703;1.2582655027712877;1.6064176001525101;1.0113738336283151;0.3283575815142876;0.6494078664423459;-0.2354792192832021;-2.104956689010613;1.089564320266476;2.0124289539473406;1.202138851060095;0.9665677397935644;0.6997976561644191;1.123160606079892;0.4831429812753652;-2.5173024924265994
632;-0.6039881949388378;-0.44382210843545444;0.8275113283361045;1.9179254726172414;1.405717316603532;-0.545976501034938;-0.7448184427699166;-1.8196397150451833;-0.6819361022684998;0.9778240294559832;1.3646751627103382;1.3357089874880308;0.5703027113090154;0.6487521683942474;0.4210153433306584;-1.2951146113989505;0.006963694701526607;1.8098195179959793;1.4447254465696369;0.9899227137184153;0.6877999802137744;1.3101902262383138;1.0745123022454717;-1.5115483074821288
633;-0.5019452490493963;-0.8462548815335569;0.30293476130222263;1.6260881720595561;1.96659517505219;0.004105269526788288;-0.28916421401114745;-1.512475445311968;-1.2800590352089292;0.48681014181462606;0.9865288187040274;1.5352921250316458;0.8332870657729892;0.5696994981344572;0.9222572201808102;-0.4275168196264489;-1.0642718980675254;1.3027633325363506;1.570165423329879;0.9730724558469133;0.7476912647601962;1.2924885717602965;1.3824764460155465;-0.2256052702356139
634;-0.42437822680777215;-1.0406468936702753;-0.21161847296581596;1.1290323646110791;2.1615382250452875;0.7213123885696449;0.07048575590616538;-1.0321021187000048;-1.663518449759123;-0.19678595749812938;0.5649062599897092;1.5254505272535406;1.0680470393490151;0.5220937144550164;1.1960110736551917;0.35855783593976287;-1.9425351550400858;0.5043361794087913;1.487678250732834;0.9607471705241428;0.8462234907660541;1.1061007003536139;1.4808386422149806;1.0137677151387081
635;-0.4034382146775616;-1.0063720875969877;-0.6582249259614404;0.5217532089898882;1.9843888607411482;1.4570246649236624;0.3535632578611348;-0.4317500326104532;-1.8439044413593864;-0.9668277019829916;0.15454518329044975;1.2633254058312409;1.2276979685495366;0.5727082848177041;1.2239619920660962;0.9729634764829547;-2.5331605304255707;-0.5014482959575093;1.1489972486023992;0.9649205703684887;0.9189173414713458;0.837026392686688;1.4503859566209072;1.9081321836846459
636;-0.4176879855699944;-0.7897537552075884;-0.9867576670044012;-0.09420898793987519;1.509134298428403;2.014258285194289;0.6268429969182554;0.1970110259077103;-1.8668613391583224;-1.6564218917055795;-0.24495953972724327;0.7753993757703733;1.2714791943244492;0.719841858417823;1.0556828735168486;1.3724341977311862;-2.836426237631084;-1.559634572161925;0.5615617618239068;0.9459147858528687;0.9100151765536135;0.5890668289055965;1.3364530244439403;2.294431535090768
637;-0.41204958691187316;-0.48798300839053943;-1.1559055660568447;-0.6278559933948563;0.8548654627732085;2.2235317481266588;0.9509453446194391;0.7485776048740374;-1.765393141093748;-2.1006668827788015;-0.6670829453174966;0.15601747767055069;1.164762257134693;0.901001137728535;0.7955280891999141;1.5467665688875507;-2.9055216917798528;-2.4742518105089064;-0.21602688506854728;0.8248219268782496;0.8006668193900024;0.43855970804446237;1.1455570706397582;2.1887576080741877
638;-0.334170445324424;-0.21122516112111306;-1.1408407061330934;-1.0131676087802661;0.14887150049858044;2.0095737490056553;1.326763325747582;1.1410028258720433;-1.5346640619863579;-2.2029593406595342;-1.1310259916902112;-0.46617045664993517;0.8840384780277493;1.0258475160763723;0.5632712967310981;1.507898590480933;-2.7822806332062355;-3.063162307153266;-1.0875162545468582;0.5220543504173325;0.6101689726115379;0.40053203394773423;0.8736717838835225;1.75171675513381
639;-0.1672248967360802;-0.03888746398944449;-0.9458451234123784;-1.2170978301956912;-0.49902752354232954;1.4192161444419522;1.6731246217972202;1.3469217501553237;-1.1447255338930946;-1.9702636090654062;-1.5993281498166168;-0.9784719850505734;0.43033471216857044;1.0156342447910927;0.44458376547054157;1.2887797131703664;-2.4529313836663755;-3.216452920880656;-1.93291567085288;0.0021215690866857317;0.372701013194475;0.42511435396747255;0.5402268053081232;1.1989024607409264
640;0.057743459502694855;0.009808947475338503;-0.6143195646752857;-1.238907202832564;-1.0076707660964013;0.6005840318420564;1.8515338945813198;1.3986530732884657;-0.5826106009934793;-1.499710181325742;-1.9694155666826638;-1.3248106204780326;-0.15513259765253604;0.8307015202151214;0.4548399663611012;0.9476169576983127;-1.8554829524440224;-2.9305203824840893;-2.620863494499583;-0.6982869755390069;0.10731460617959657;0.42610104973219487;0.2011607510672165;0.7044111873495583
641;0.2750702707162879;-0.023126109084417167;-0.2267718608655909;-1.1022342289321356;-1.3261099463422448;-0.25325933388040367;1.7287751753124807;1.3619123234533859;0.10485617448702085;-0.9258855599330832;-2.109044601962557;-1.5145539560583106;-0.7857052760916079;0.47750895306775015;0.5344213581686632;0.5662768216882448;-0.939222621158234;-2.2994689341466463;-3.02405277246624;-1.4722370272950076;-0.19730797296781963;0.3256258475618451;-0.06965172525442592;0.3436273973827572
642;0.41476824185245464;-0.062166547496160865;0.11820678352868058;-0.8446996725535791;-1.4325325515947973;-0.9686149828094733;1.2470659054776654;1.2911413841479285;0.7988430453596032;-0.35948650779783275;-1.919483948377013;-1.5950538456997718;-1.3445542853368704;-0.000957174433894814;0.5782786109426413;0.23418713717356066;0.2574348146600297;-1.4672376154892;-3.0426661874174603;-2.1720469438692733;-0.571630827248528;0.09072333755544923;-0.21936858364808354;0.09619832612309981
643;0.4332412350846493;-0.04072780293085803;0.3359098973523713;-0.5104152936275601;-1.3341799344881522;-1.4363321802381703;0.46599319326863214;1.1919588440305764;1.3412078499602942;0.14878431065710318;-1.3924084973967086;-1.6049436314942072;-1.7193849021538887;-0.5404664784127404;0.48550005527819196;0.019423760161464507;1.5611922677605556;-0.5659337990027783;-2.633786196906844;-2.6513263012493153;-1.0330368847728972;-0.25637698233126854;-0.2502494122005639;-0.10366522967716889
644;0.3292792265412346;0.0631000304741387;0.387546445008062;-0.14771238251334862;-1.0668164042524535;-1.6242073600493985;-0.4461981993202212;1.0144022179244792;1.599424328310358;0.6018190980110094;-0.6278086941390699;-1.5375348445632884;-1.842241705209192;-1.06716419495169;0.20534317901866994;-0.06016972365560371;2.688134863662208;0.32550024599040894;-1.8354184037101164;-2.8016769046081396;-1.552022202699417;-0.6561706835742355;-0.22568553438377353;-0.30583457360827965
645;0.13969900361489102;0.21542229566379278;0.296445818419292;0.19044882200116114;-0.6898319741559267;-1.5605673581755617;-1.2693382100235404;0.6843591472896624;1.5299988290905697;1.0163025521192302;0.19936744777375331;-1.338668218435538;-1.7137737148132854;-1.5037561127285741;-0.2406680343269746;-0.04880339902854949;3.3391187636221966;1.1795868786095534;-0.7698542722887707;-2.5729944932775157;-2.0386269384446813;-1.0437046148773652;-0.24167510514962917;-0.509165859233586
646;-0.07951766997726095;0.3450591436597834;0.13818454409316414;0.44909921951036313;-0.2749215298415353;-1.3051129980189726;-1.810023189644904;0.15847262206214863;1.2044039007584746;1.3788324659500577;0.9080334967219277;-0.9431447032307365;-1.397311784245624;-1.7755461675300492;-0.767834439454237;-0.0369044812370187;3.3259093818265555;1.9790985363537787;0.3824977908768895;-1.9769700551935208;-2.3604176254648173;-1.3734460286067498;-0.37790084885429165;-0.6698511209607019
647;-0.27402263126718684;0.38148752387764884;0.006667402154136352;0.5813500668241095;0.10926417022768403;-0.9242866414946549;-1.9665769349373294;-0.527519620481765;0.7802385972226922;1.6291734288746875;1.3798450051026123;-0.32985619198625443;-0.9841555770960256;-1.8225179710254615;-1.260500422942288;-0.1210591336731083;2.66526708859374;2.6658182041666447;1.4329917815069506;-1.0806013824246832;-2.3862479633342226;-1.6229893731551241;-0.6547713328206068;-0.7421992216161849
648;-0.4028333694010514;0.2923674528574959;-0.029055998310287073;0.5647894684629665;0.41072316391908437;-0.48015310869312616;-1.75316537824816;-1.2462333343953786;0.4298036546256453;1.6842257723314755;1.5930834891647727;0.4376763699284057;-0.5484687275724629;-1.6176271179045654;-1.6102020747501748;-0.35688988406013505;1.5890028422763514;3.118194949084787;2.2379973855440554;0.0035428830624451985;-2.0362455755132176;-1.7766034561277428;-1.0194483489389294;-0.7214290857675585
649;-0.4381347441552816;0.10180378235828544;0.043609377370300545;0.4164444870583539;0.6006707546484189;-0.03063201515077444;-1.277256272133118;-1.8136756827914038;0.26193948477014184;1.489800898428415;1.6066429460716383;1.2127787684543874;-0.11748720818086195;-1.1831663669842412;-1.7435992173768817;-0.7273267954997137;0.4581167996597393;3.182206094964812;2.73067197225935;1.1290393781490615;-1.3155227629776691;-1.80360907737761;-1.3674029718052885;-0.6583304806276394
650;-0.359321647486777;-0.1188176893915838;0.17702419527742885;0.19572504563848814;0.67195322164024;0.3679144151765008;-0.6867723904946634;-2.05867629310977;0.27728056034150894;1.068099760246232;1.5074581718156455;1.8138762135688395;0.32512385609693895;-0.5932983296950104;-1.6330126583782343;-1.1422031310689176;-0.38218027746340655;2.7477782697586077;2.9164366544256928;2.1331530261980967;-0.31789869673618565;-1.6505582044967662;-1.586515902885489;-0.6344273808132972
651;-0.15133454425223675;-0.28132255860592004;0.2900158278791804;-0.011348299354608883;0.6330591274053013;0.6638197649473427;-0.11484048239512773;-1.894530183457613;0.3793976912146583;0.5288852807398083;1.3545518538843853;2.097479853872909;0.8043702243287705;0.044294355676818845;-1.2927163659696734;-1.4700906852153042;-0.7387071591600055;1.8317894883671015;2.8374671391302457;2.863634015674057;0.7993194365482139;-1.2576971252896767;-1.5996527961734162;-0.7115794003390118
652;0.18655253510177772;-0.31644494575981674;0.3120371526876121;-0.12378728606961462;0.5034121555718823;0.8203429205142004;0.3538258913924006;-1.3582292007357544;0.43442284425789535;0.03226771687141575;1.1528081851591587;2.0185090425554426;1.308976189552685;0.6230935164121626;-0.769462145883887;-1.587897828366542;-0.6337180556206197;0.6172326872376482;2.5300706851302976;3.211658190950697;1.8562556691434398;-0.594470356497953;-1.3849891050489678;-0.8864131765399426
653;0.6245079228998816;-0.19787328113326;0.22235587410861427;-0.10015989750384796;0.3130530921137319;0.8272782111399941;0.6862210204120678;-0.5982635103999913;0.34626854132892604;-0.28061771904424704;0.8699175985114824;1.6460164123748209;1.7659582197831094;1.0729844960590225;-0.13385323960247028;-1.4261218125798265;-0.26832971498838554;-0.5844128398168323;2.0038055249103817;3.13982021994704;2.690271707212977;0.3045256812514588;-0.9682717371712908;-1.077974694285236
654;1.0898425894446926;0.05405947533063501;0.06399807658369569;0.0414100808356907;0.10453561158317017;0.7058523688681541;0.882431112845302;0.18274230432662247;0.10738305510537118;-0.35268854618108914;0.4826412679516323;1.1260760549982716;2.0547476527007125;1.3773011209098962;0.5269029193487776;-0.9913198760830046;0.0907494639949249;-1.4415715006444316;1.2580017138271087;2.691387691946984;3.183168521175002;1.3245719243716145;-0.39806614312342314;-1.1581081059475489
655;1.471540046448505;0.38608957096870794;-0.07502622879009796;0.2301358460488492;-0.06905660375990755;0.5024980130010122;0.9528223877182141;0.8028420109935587;-0.20042876961440237;-0.23577695230747286;0.02010622473483953;0.6122112934405791;2.0582510041255437;1.5615393197230991;1.1190300534108464;-0.35953093498248834;0.24093259583598373;-1.7357953898050305;0.32652381964084587;1.97339680435732;3.2735486345727374;2.288784147906549;0.27646066673008646;-1.0097460746434839
656;1.6472515106544945;0.7320093842424594;-0.10395379444665533;0.375790896973035;-0.15511657877001106;0.27393172908159813;0.9062682447821583;1.1587843191420466;-0.45294272907355876;-0.060489542936803656;-0.42657022308082104;0.20089442434214724;1.7253344080685409;1.6597667276181478;1.558395138694259;0.3521093461373481;0.12535695787438267;-1.455728834592922;-0.6801155791411639;1.1192041751132695;2.958872508537356;3.0045239751531923;1.0102570645354205;-0.582813970835208
657;1.525759789038316;1.0274820896004309;0.026080354094756848;0.4133989554016461;-0.12063616941220197;0.07103640825899342;0.7536690469800333;1.2440260314302933;-0.5509203114926775;0.03354989508079302;-0.7382824551606768;-0.09452420992570962;1.109792439198684;1.6789879819213733;1.7904451774591843;1.0205556969171878;-0.16873920701327477;-0.8029954181990854;-1.5704584891410502;0.24806259274584366;2.2924513178387342;3.31966079950233;1.7487891455524827;0.0805575852692235
658;1.087077662868956;1.2150780529183993;0.29667770777920116;0.33692327485230134;0.02900139082488097;-0.07108151661846569;0.5193889061706534;1.1252135535557513;-0.4716009459406086;-0.03029154240755938;-0.8280606423849024;-0.3210963360583701;0.36134213067611737;1.5847269366022785;1.8051690008863222;1.5448414180815795;-0.48408306561904857;-0.1034244111277812;-2.122649554883046;-0.5581245884253082;1.3765872617998465;3.165800971560394;2.409667922619614;0.8621933445688507
659;0.4000745237039092;1.243767249249121;0.627356297941066;0.20355008506055625;0.24361305015061196;-0.13444438376549994;0.24823556828806928;0.8957115936515796;-0.27877884447474444;-0.2299754581244496;-0.692265079004027;-0.5327235784925897;-0.33051312699312596;1.319765244890701;1.6372851919524307;1.860314335479328;-0.6922515425977263;0.3355442925276326;-2.1747929851281342;-1.2505912819712586;0.3490320997548418;2.5728150326973287;2.8783047708611127;1.6136601110052984
660;-0.3938598599515722;1.071720875125209;0.9069707163942302;0.10457534026716411;0.44231551969294697;-0.11453416372903887;-0.00039505537559167414;0.632836398299702;-0.0895094418093497;-0.463759269535888;-0.42103239866655057;-0.7407979836537752;-0.8128348035867415;0.8479901539257763;1.3481980784313086;1.9408666725638593;-0.7612967085589946;0.3531724145643367;-1.712102006684284;-1.7891742885274962;-0.6397715450843662;1.6529174882539206;3.0290493008958914;2.2057836296130655
661;-1.126871660822032;0.6783848246888502;1.0349084614834487;0.11639181144013117;0.5457586325920729;-0.017736041513299376;-0.17012086253711933;0.37848143024746783;-0.017935698356592034;-0.6119274671782318;-0.15871793527317934;-0.8999899698652859;-1.0270954664006755;0.19825793885616516;0.9969771304344762;1.795042310195449;-0.7586523266395413;-0.010894051013542561;-0.9014016511906577;-2.1188982476601437;-1.4560068110959512;0.5652307363434821;2.767620383079712;2.5576805653812635
662;-1.66136391970732;0.08319217476261279;0.9530319291985797;0.2562106107945424;0.512642401233808;0.1367065789137872;-0.22756089858312292;0.14636122002707463;-0.12600382252678133;-0.6062909423196388;-0.03394186912067221;-0.9375905005243993;-1.0194293731072865;-0.5201296046255306;0.6158403215805502;1.4605271000840931;-0.7948687127564857;-0.559155864752879;-0.04504623231110037;-2.1703547536481476;-2.009378539406207;-0.523080599004397;2.076144046427353;2.636415117880494
663;-1.9324180516588265;-0.6401694074980387;0.6568321579994989;0.4656227965335011;0.3613897026100228;0.3127453541628005;-0.1735970902048513;-0.056539684333450316;-0.4032843180930825;-0.4691763967465758;-0.0970469833330619;-0.8074112940027818;-0.9001472103580641;-1.145057589589379;0.20511342638509644;0.9973289118407582;-0.9462301428045927;-1.047627319653344;0.5337162787925194;-1.8921229193907343;-2.266577949666459;-1.4665784476438692;1.037576568932222;2.437194766032697
664;-1.957440191651696;-1.367090796669908;0.1866126954106127;0.6313830733711077;0.16310424430827417;0.458488889351607;-0.04025889796422133;-0.2127426456463211;-0.7798596043852837;-0.30146320793320364;-0.2994308282816345;-0.5334776223024872;-0.7769889759832754;-1.5232191537653752;-0.24778671405883385;0.477294351370556;-1.2026086678279553;-1.3056068930899312;0.6244077633565053;-1.3007899891557584;-2.24547856391423;-2.1580616665621086;-0.17533859916016764;1.964616002895691
665;-1.8104038083966398;-1.949256752684082;-0.3908168116380376;0.6340409185862151;0.006133230740330349;0.5178358288668762;0.12380817454862432;-0.29376533495917057;-1.158834135510547;-0.2275849037236354;-0.5259848061927324;-0.21414851431267626;-0.700089459276864;-1.5760330233645774;-0.7357840770341089;-0.03087065704993428;-1.468252089086031;-1.3032864194236857;0.21857380989692882;-0.5169899768517191;-1.9944079309254885;-2.5348974710256784;-1.3447101294428447;1.231768553122921
666;-1.57521802506329;-2.2592521640528282;-0.9977806153493471;0.40120793488368844;-0.05156374063220587;0.45168425390089834;0.270389304123537;-0.27584955223503016;-1.4482152744678536;-0.3282116276090934;-0.6620383362335027;0.01924715618227779;-0.6483335677260518;-1.3352095032997682;-1.2068567080471588;-0.4772938376229363;-1.6104711057360908;-1.1381646754931345;-0.48995803182713926;0.24358346207427367;-1.569634467737398;-2.5803942226501153;-2.268009914714637;0.27901103435988955
667;-1.3024238501668708;-2.2345882709820986;-1.5528370817004877;-0.059444008094960796;-0.017520667306030233;0.25920966984389093;0.3627254260055676;-0.16011033726895502;-1.5780573737579033;-0.5963055965527512;-0.656921153604073;0.06760608530567352;-0.5616517256582194;-0.9277967791708063;-1.565416766203807;-0.8398805591680752;-1.5244618767947298;-0.9560633889814847;-1.1953344284442688;0.7344628292197828;-1.025131531271559;-2.3227045456349193;-2.810172212633287;-0.8020774015021519
668;-0.9907301656105385;-1.9002059843363701;-1.972652959301715;-0.6614008108207661;0.032907367634770444;-0.014191488873528724;0.3777764418367809;0.017541431217103415;-1.5020991176975322;-0.937715997428504;-0.5485516880890559;-0.08375765386763184;-0.39661753347616735;-0.5170646001844454;-1.7057349885061595;-1.1202358723995496;-1.1768728796585182;-0.8558685631463698;-1.6168990064065154;0.7770108843649256;-0.419858113339987;-1.8297872040740524;-2.928627883902706;-1.861028472333536
669;-0.6014217386713278;-1.3568851950843663;-2.177366182790366;-1.271427663554371;-0.008782522543221982;-0.29115453201771085;0.3036516373056763;0.19459215536016003;-1.1940629333611892;-1.212760608853741;-0.4358807328101173;-0.35633275402269093;-0.16938776052822802;-0.22943854646715417;-1.5634741630605684;-1.3270018148039744;-0.6077102769349758;-0.8316274078286128;-1.6167096126070248;0.34806879315326006;0.16599965655046406;-1.1977657832774893;-2.6665175163749333;-2.711403547408601
670;-0.09649870949913525;-0.7391252958601394;-2.1058164094006213;-1.7551932829472412;-0.2278242533506473;-0.49595484094682557;0.13873638005584255;0.30469887741920215;-0.6502482932481319;-1.2946942401856607;-0.41559172589571935;-0.6189664549462482;0.04170995865224628;-0.1052228364280175;-1.1580842433400353;-1.455620763209409;0.10238381490484172;-0.7807652858945993;-1.2419489291262604;-0.39058513483255863;0.624082961117492;-0.5328884924465631;-2.1234696927486176;-3.181304181609477
671;0.5206553906865052;-0.16161694512414504;-1.738356276792735;-2.0152521239515844;-0.635677212591341;-0.5921180976255169;-0.10423243069316937;0.3028595932749444;0.09815662836573488;-1.1154945419962037;-0.5193206512717732;-0.7554045688896797;0.13681528913682817;-0.09745587793916913;-0.6002520967384752;-1.4780580540427295;0.8722585884623748;-0.568627321541467;-0.6764454792347091;-1.1439107114109628;0.8363546998082462;0.06811409124652584;-1.4204719505613228;-3.171278210074844
672;1.1843059447000046;0.3201921310560189;-1.1159106591328591;-2.0077833055691956;-1.1513501037348688;-0.6032722368679444;-0.39239827367494834;0.1800799313920413;0.9710626721858582;-0.6804397112977407;-0.6868181303234231;-0.720968887732429;0.054702379924696315;-0.11631452074400075;-0.055396451968192116;-1.352277591195269;1.6397839331369604;-0.10956356403820827;-0.13218035144728973;-1.5997255358616227;0.7203743419527027;0.5322362022154895;-0.6730204401508982;-2.692636620226186
673;1.7771810921998683;0.716684250997507;-0.34124694509304876;-1.7378488825102685;-1.62513508491439;-0.6027455645784136;-0.673041136759249;-0.03834764038602265;1.8379091810317791;-0.052366989501863886;-0.7899679610872058;-0.5569115160939018;-0.183719297935665;-0.09130217111986269;0.3221991451761402;-1.0500434307662125;2.3507418035204153;0.5806892405442033;0.259480836205933;-1.558206062087805;0.2828170298206402;0.8145980261729443;0.02197963484857253;-1.8670647103718916
674;2.169275272461648;1.075842317729391;0.44488417515838;-1.2438114738216237;-1.8943886658569955;-0.6732599435099262;-0.8858431917950802;-0.30712566756174775;2.538566340608124;0.6779043729500113;-0.6945205003619701;-0.3555431141796114;-0.4757182205849246;-0.014421033933114093;0.4528398514233739;-0.588960787936158;2.9311586283473527;1.3865374953398517;0.5007549762173529;-1.0137915267951323;-0.3498796011346802;0.8950034419938783;0.5890214194958682;-0.8866963362209646
675;2.2672485080182057;1.4363664439452946;1.1068863627116692;-0.5838899505207099;-1.8455234364055697;-0.8552970393921869;-0.98539519188372;-0.5778910104839766;2.924382951898969;1.415398283412441;-0.3267015572333055;-0.19765224655948446;-0.6827131652123675;0.060236454900930166;0.3602361523002565;-0.048610069720567944;3.271162974497101;2.1412022558420425;0.7014965960232273;-0.14987381705917296;-0.9503574355652081;0.7740893134958036;0.9739781738735782;0.047573800803557734
676;2.0521194535209633;1.7881386929580758;1.5586981877078672;0.1686471345843642;-1.4543827809786638;-1.1114059142498682;-0.9632242795297828;-0.8098974478327522;2.9040872885109263;2.0690626399453245;0.289015681233218;-0.0995342565978379;-0.6971069758325665;0.0587391215348837;0.1508902962184554;0.44380776889397455;3.242756683216811;2.69116693636611;0.9945518795100722;0.7507296400540266;-1.263141562427854;0.4764227305624381;1.146625756086007;0.782827539784832
677;1.5885639726845735;2.0622322183879302;1.7879419815820201;0.9251047757466763;-0.7891946987290034;-1.328011770708973;-0.855036157966067;-0.972057457042303;2.4740538128339558;2.5486763385739364;1.0374265829980331;-0.0011013042828208336;-0.49291054875798124;-0.05531613432339108;-0.04458263089228674;0.75734679448566;2.751633981850088;2.9412658661350286;1.4425444087197745;1.434642377172056;-1.106400118876785;0.06110600069648274;1.1057364662834215;1.2441389109329966
678;1.002005307574977;2.1570967138540036;1.8468461830313863;1.5853667009763905;0.02071725535652033;-1.3581612099508293;-0.7244954976269082;-1.040860857059764;1.7187415337375567;2.7644041395156993;1.7573127834813027;0.19736096194735936;-0.13240351616395923;-0.24413057138640598;-0.13647344794428282;0.812308142545874;1.798302895257613;2.8623940187023846;1.9874184242308637;1.7822779350821827;-0.45712801378515944;-0.36913786180296526;0.8826344902752471;1.4312652982166902
679;0.4334968890854937;1.9883732986986136;1.8136373476343621;2.0536396510323516;0.8318120232482663;-1.087296354968294;-0.6278078570758714;-1.0008741084172283;0.7815254846234765;2.6406239652754957;2.2976587081896027;0.5702478048039173;0.27351553340872936;-0.40343060171450595;-0.11268196836845007;0.6188691105262786;0.5123178961933235;2.4693669752591063;2.4676919524314846;1.8378994230068961;0.5241792936442607;-0.6747516972617402;0.5389404952080727;1.3918483183699446
680;-0.00895985254633181;1.537038080315747;1.7441150826310483;2.264086712065818;1.5260392718254387;-0.4911087858129578;-0.5764263509255327;-0.8505696860159014;-0.17969517108327354;2.1437883196337015;2.5580888200781917;1.110050935205563;0.6270775930911794;-0.41215743085136;-0.028853259643416784;0.2774874499863546;-0.8663875287563111;1.7938068127975224;2.690607461893159;1.7552031391625549;1.5476661867953292;-0.7118382621774352;0.15748312941686787;1.1898304314867674
681;-0.28371531945380546;0.8708414896360626;1.6393032317432332;2.204623063158604;2.028851576773075;0.34282818483646954;-0.5199634537123426;-0.6093844109711234;-1.031980496219916;1.3108560718955384;2.49980595952559;1.710991631109103;0.8911010326382719;-0.19683796205938267;0.03972269879667607;-0.062267027432052466;-2.058159634763192;0.8757003786515319;2.518577259911224;1.6920901515779458;2.307319118928342;-0.38608402054549146;-0.1710421440134881;0.8853616524538663
682;-0.42170141254329624;0.12704185980350563;1.447301633195445;1.9238694974581483;2.3055010391058333;1.2406542963314384;-0.36347172513679504;-0.31779583210569085;-1.6873497019512858;0.259536174556126;2.132329354272165;2.2024820029098144;1.0949728537550705;0.2256409124203322;0.05447813842212111;-0.2659285183333342;-2.8369098473101335;-0.22050405631242817;1.9258195896867323;1.7131218667098596;2.6026345236257966;0.2927496770072632;-0.3620680213932999;0.5317242202664297
683;-0.5049726675468399;-0.5365900181319283;1.0993245490942156;1.5129589101586596;2.3472726782113345;2.0031522385722105;-0.015600064259822466;-0.024807402596356075;-2.101527393780369;-0.8315592821942605;1.4937863300439724;2.415300815738887;1.296981240213528;0.7510652259189052;0.043944679992510935;-0.2698460123764008;-3.1031785955716957;-1.3810676686750185;1.0015605170856081;1.7513398315953157;2.4116656692380207;1.1851475524054578;-0.35020459118531166;0.18304824859223984
684;-0.6271561057961936;-1.0002393863893613;0.5609884358818614;1.0675359007244802;2.1615895155959817;2.473696959430597;0.5540394583940523;0.2342412519189075;-2.2614318632300145;-1.7693519165672122;0.6414850657940357;2.247210961293344;1.526890930086352;1.234939772727646;0.08943313039205603;-0.10051950675282725;-2.9036230052644703;-2.4358088002089664;-0.09309241631105364;1.6473672247715623;1.8810703033150193;2.047182123792154;-0.10234979022750161;-0.09924414022691075
685;-0.851203077436855;-1.223578239843574;-0.1293899559173205;0.6479131417225297;1.7726182805143063;2.5833502427080934;1.2781070546308744;0.45764837882457654;-2.174963285786496;-2.401046279071428;-0.34291173773202954;1.6974519270960942;1.7445518105502826;1.5570319058187596;0.27373088615667845;0.15122887246263753;-2.3908379689005606;-3.186905890089929;-1.184829235649499;1.2420335617715623;1.2398706269649682;2.6069840938155315;0.3681705139255841;-0.250690417687081
686;-1.1798153843999752;-1.2524706987460479;-0.8579757123312729;0.25877425402311227;1.2280145230001958;2.356656919041382;1.9976387240626887;0.6805644134364064;-1.870503647720012;-2.6537441825988797;-1.3438080979723188;0.858245161267474;1.8412772449786072;1.6678030222605804;0.6225516217187539;0.38575207671480677;-1.7471747080744828;-3.4695830681186846;-2.1319518190684916;0.47171588126318115;0.6819176228349864;2.6655159818522245;0.9893431610763511;-0.21983075943499866
687;-1.5488079524680232;-1.1894213364705752;-1.472459631383386;-0.1391815347084781;0.6007388942195505;1.8821372015001079;2.512941957803676;0.9539898389928269;-1.4026652067549472;-2.5430949390181166;-2.214300888447314;-0.12559701004133086;1.6861775163509374;1.5927145124589788;1.0733397161949283;0.5482795402175673;-1.1121145579020262;-3.217944287740651;-2.8363944531984204;-0.5832110160797308;0.27725509359741873;2.1777635156754314;1.6282830730974032;0.011108243556368982
688;-1.845580775166176;-1.1424765849461997;-1.842350409566356;-0.5905347302043816;-0.022755295490976102;1.2675824094361932;2.6584115435687123;1.3061465583910221;-0.8532733909508363;-2.151010997901788;-2.8013733260061904;-1.1039351090039469;1.1938880671302232;1.395600948999541;1.4909240314242447;0.6508849506369672;-0.5467864966073749;-2.500893459485306;-3.231387985575032;-1.7193174765407535;-0.04352716941425632;1.2744106242437532;2.1091175314800705;0.411327763853108
689;-1.946427690735125;-1.1756960656634967;-1.9131813795969468;-1.1002962112120798;-0.5667286584864272;0.6038719767397589;2.367386190443459;1.7058449748270135;-0.3180412167637068;-1.587211010555698;-2.9890174594069596;-1.952425520181126;0.3778675375376306;1.1261693928161924;1.723163269314937;0.7512024587224466;-0.04601163213145945;-1.5053097679867287;-3.2670592539281733;-2.6861482431145394;-0.42679079614289417;0.20958005719943004;2.2553546048603565;0.8999900599178258
690;-1.7600961704113431;-1.2818901878276487;-1.7276567396902287;-1.609075648507965;-0.9908719203887155;-0.04843791927946746;1.6972347678945734;2.050876227882959;0.12068394856129425;-0.9546231621878349;-2.7406581393620453;-2.5793644314669097;-0.6387710004692995;0.7852501245433285;1.6673161134430547;0.9014181394368298;0.41814665859368094;-0.47023965520310984;-2.913731325350916;-3.2768779510225947;-0.9910667579827632;-0.7442436322915901;1.948770681216954;1.3595662175129302
691;-1.262730293750947;-1.3872950034286293;-1.4030024727994874;-2.0050201692173952;-1.3000153882143324;-0.6511735647077667;0.8041089402174901;2.1944596676646912;0.42298281004596483;-0.33226393587947833;-2.1186102676277905;-2.9173091313915323;-1.6601442216936582;0.32988651297844634;1.3122093237633004;1.0985108722171573;0.8520509774627164;0.3982335604022843;-2.185613421568652;-3.3906457940600827;-1.7372795068876132;-1.4056829453896278;1.1836470272019535;1.6599153135557105
692;-0.5119644751043608;-1.3840319244063313;-1.0754332047211452;-2.169625570893676;-1.5301631104122306;-1.172713579212469;-0.11892519504616038;2.0033785120261154;0.6050008522861409;0.22388645462999673;-1.2679705298314479;-2.916954253419273;-2.482992864613264;-0.28425107940109073;0.7353845893977272;1.2665094946311564;1.2219564140275518;0.9915251237108014;-1.168182529496743;-3.0437492648218627;-2.522127861004398;-1.7460300881195765;0.08974228937751494;1.686889677378895
693;0.36506701903785016;-1.1757593805590312;-0.8385630012828494;-2.035202123154072;-1.716136563237563;-1.5793925697087137;-0.9101531254992477;1.4228255405826373;0.7260060770413803;0.6724618549861738;-0.370020984049386;-2.5556441798201184;-2.958847570681182;-1.0487202473288688;0.05985994971345995;1.2836180103733164;1.469082099080701;1.31391074745633;-0.024422797490232753;-2.3361507809303523;-3.1086928282902693;-1.8736162344344578;-1.0943417003243383;1.3700628108204558
694;1.2058523250606503;-0.718559877186773;-0.7048927027360035;-1.6237014693794156;-1.8587186637817943;-1.840736399873433;-1.4832342421800826;0.5159687577631739;0.8523463841763003;0.9832103468970181;0.41437279843279523;-1.858550344727063;-3.0266209720154627;-1.8700761146303924;-0.6028905207841435;1.0415198758249082;1.5449926179326954;1.4465407324383466;1.0356384934074654;-1.4008992868646464;-3.2680790865392213;-1.950634049106715;-2.0950135060774095;0.7053964388125256
695;1.856770967810197;-0.04287569000465019;-0.6075447663176801;-1.0448221023587028;-1.9120423341132735;-1.943025494987285;-1.8313623880987802;-0.5440845605611189;1.016322187339773;1.143437081581082;0.9866582012283817;-0.9171350822992566;-2.7079853644324654;-2.5816665249268835;-1.1911974086192665;0.5055038720454417;1.4431091679216077;1.484344387217431;1.8161572520054372;-0.3662231632983334;-2.88085221874271;-2.0868537864558117;-2.6983917202886736;-0.23173651562480946
696;2.211974779675141;0.7495811413782367;-0.4397574402604329;-0.4519294269258596;-1.802112303631135;-1.8985277402725653;-1.997426368670162;-1.5299344568417126;1.1930259659506866;1.1684388499446121;1.3221518071714125;0.11349485328541037;-2.078017986085758;-2.997285899306472;-1.6932420700722783;-0.25712868560134633;1.2068556472877268;1.4818152363029613;2.2010798788510257;0.6554724472228756;-1.9895864775887964;-2.2667870473564697;-2.825206941229984;-1.289266021022531
697;2.234034802425132;1.5113018313078392;-0.11230537887429344;0.023509310564901853;-1.4695682321014303;-1.7404069669214186;-2.031999678266478;-2.2395764483764213;1.3096188139123746;1.1037853784294867;1.452216690867889;1.0467462962923129;-1.2334308832099858;-2.981518050755395;-2.11340543781217;-1.0959670225920015;0.9107716485729586;1.4349684530365956;2.191478370671152;1.558953464205701;-0.7810325759008274;-2.3494439738873636;-2.5502518393408926;-2.2626424817260573
698;1.9514974100442624;2.087781719627266;0.39787777787446665;0.32651011961285875;-0.9142169527190724;-1.5039015264318343;-1.9633533904053386;-2.5643124655023906;1.2834985117014965;1.010863850454799;1.4322023620296653;1.7174455976280072;-0.2756789894652488;-2.5027707886354817;-2.4299669342866337;-1.8338766575406908;0.6272021441606617;1.3037334833971495;1.8945787257250968;2.238285247612654;0.48766635989525464;-2.141757193217988;-2.054930680131435;-2.941194823753369
699;1.4382438997259772;2.3577687173741535;1.0287066630004442;0.4948072558392806;-0.2151092369171313;-1.2054944049762757;-1.7925938048283339;-2.5149005260948085;1.0687453914100091;0.938564608393189;1.3141684730642293;2.033009201949082;0.6887956863423041;-1.6447475119083312;-2.574249206665499;-2.3315201851300293;0.3980262697552346;1.055673479133205;1.4692501294133646;2.5971828617712713;1.5791238409239214;-1.5080106253132615;-1.5340095290391578;-3.1673953701757767
700;0.7864473867015823;2.263741338036643;1.6498072554173295;0.6287438108883651;0.4887317921923937;-0.8354419977965561;-1.5102552951712092;-2.1968922756350957;0.6845539356844286;0.8956677646442246;1.1358785088476122;1.998843768517478;1.5432712252050311;-0.574113448851651;-2.4481139006910255;-2.5278524377668226;0.2252759104134925;0.7015622154602954;1.0555215065606594;2.578867864953499;2.3404197160034315;-0.4586282662419863;-1.1018428217787628;-2.889569795387057
701;0.08561228672884884;1.8247743177316769;2.1058750600016816;0.8302920367604558;1.050872703505099;-0.37189472780191274;-1.1186065783371764;-1.7509768297984007;0.20908116966897589;0.841870533053307;0.9245812785526102;1.7059555112637617;2.1665747724078677;0.5164845611470169;-1.973252448232571;-2.4394300611086184;0.08148945562976326;0.300976434591398;0.7233223656346532;2.1988984546628445;2.7199957812645614;0.8277406753191143;-0.7454701830848394;-2.1848540587611174
702;-0.5855312978755955;1.12909016173464;2.2677142993919928;1.1420108216395457;1.3781447082401102;0.18922293518435374;-0.6432196300028394;-1.289815503779114;-0.2579503250676284;0.7068963815621556;0.7046113653464657;1.2875534998179323;2.457578411721083;1.461795100588578;-1.1458281648218966;-2.1251242593996884;-0.07055354198536194;-0.06414490942795936;0.4638194753848519;1.557341118855342;2.742427736178373;2.0607574859176108;-0.3493452134126479;-1.2369748186304026
703;-1.1563474039127826;0.3093950953988989;2.0719368286259434;1.5162460516216894;1.4680054815784984;0.8065484873474348;-0.12718929331134174;-0.8614905431872079;-0.6421157578800627;0.43091881646415664;0.4977990328716601;0.8662614783470041;2.3705868844888944;2.1525257015657364;-0.06525832632598012;-1.6414907059031312;-0.261498462872755;-0.3305938970784952;0.22251040012655823;0.8155973689161444;2.466984313739151;2.9461091424405086;0.2203009658785332;-0.27179069848629694
704;-1.559761153082403;-0.49088750625991706;1.5376242010437156;1.8293109211647185;1.4020031246022093;1.3876562812712327;0.38555240742693053;-0.45299372280015227;-0.923060587294767;0.005363735313598766;0.3143035796259563;0.5162062717870257;1.9422799879397443;2.535272025749205;1.0811197944602804;-1.0171057687394693;-0.5086477341962784;-0.4845926632422649;-0.04925653572942114;0.1431132799312483;1.9579577438629903;3.2929677350331628;1.0154241241161446;0.5253896793440114
705;-1.735583454707856;-1.1498205339195724;0.7583534789440496;1.9332351030521007;1.2974070351057834;1.8144250506004507;0.8640116161106943;-0.02509549304434705;-1.1283857010916731;-0.5096158283606139;0.14196603940764596;0.2539311497856361;1.2912180422122908;2.596409051436615;2.072690365817346;-0.2604117513077683;-0.8153812792794396;-0.5647242877202157;-0.35572688517871315;-0.3421751762227635;1.27995343924855;3.0728217686696686;1.9443410518677864;1.074309250969603
706;-1.645440295763135;-1.588094945747081;-0.12394904924862352;1.7203195795794102;1.2414482674915475;1.990286448249961;1.290217632211992;0.445231707340386;-1.297080182082689;-1.0031999666811964;-0.053483304429847126;0.055587057290102285;0.5838099162054081;2.3482663357961737;2.7246607792955753;0.6063786693628501;-1.1687292135426566;-0.6369165340633868;-0.6522620580300567;-0.6102332110572479;0.5107886402316061;2.4082971047315724;2.78380908776819;1.414574413234474
707;-1.2937456470711952;-1.7744424741154594;-0.953323009304123;1.17135266727861;1.242472803523946;1.8855403240866742;1.6458827905441358;0.9392733282561507;-1.436000468135775;-1.359865609920897;-0.31080869332031374;-0.11487250821273425;-0.02124917298814019;1.8286205434289484;2.9406819859591034;1.5117970570260846;-1.5310244531101747;-0.7570150690058896;-0.8743300583495864;-0.7141344448541809;-0.24807533040473626;1.5059166679983116;3.2632620724500763;1.661503437026859
708;-0.7421981726198601;-1.717315965752132;-1.592871412644339;0.36792664615021986;1.2240711713083603;1.5549642958613488;1.8971178494294145;1.3994966936618254;-1.4980811727124947;-1.5090145040317473;-0.6441656694543836;-0.28382952002879847;-0.4255181255036675;1.1102920551188764;2.728435636650062;2.324583731507791;-1.8309883761705577;-0.9416057069405777;-0.9794380331813298;-0.7480813329982781;-0.8809651949851238;0.571453954205407;3.182110449732108;1.9234510399091618
709;-0.1054105010852725;-1.450265767841208;-1.9499805562725647;-0.5332141291903623;1.066131340789144;1.1150889697917339;1.991985946988543;1.754843444902935;-1.3986465118242761;-1.4509627203680542;-1.019133597376448;-0.46139141833495256;-0.6163987189714556;0.3066338762947675;2.1776381612021374;2.8806318381574663;-1.9665674900550587;-1.1604551211005907;-0.9749082867363594;-0.7920395914089617;-1.289278352108608;-0.25124707309324074;2.503370597142811;2.222835563671418
710;0.47664078222607015;-1.0198333293599897;-1.989910388996869;-1.3497362194303792;0.6724894005597115;0.690205650567342;1.8781416654299157;1.950489776818172;-1.0632737256598157;-1.2450383809056813;-1.3513707488081008;-0.6467415598150705;-0.6554382516301706;-0.4413498015229873;1.4177264582803513;3.0381732075033483;-1.8293909675144038;-1.350188531581732;-0.9142925541826908;-0.8728652788865581;-1.4291871304902182;-0.8961525640613746;1.3782158455295161;2.464214297165952
711;0.8814718860125469;-0.48127568207821725;-1.7363994149344724;-1.9257260496342348;0.031199656180846254;0.3543564323799185;1.533794797857441;1.9645456360674185;-0.4806825765866651;-0.9675324595547491;-1.534326440631652;-0.8346676445412263;-0.6377828944656551;-0.9993057591475091;0.5785243170267481;2.735071475016773;-1.348306185410033;-1.4378883021564377;-0.8648354273825937;-0.9608562708749622;-1.3326542561076087;-1.3513961315467011;0.09026388435852764;2.4706825843014726
712;1.0447585197050953;0.09908964308308044;-1.2601941537844146;-2.167913100964328;-0.7626806887283508;0.10049460826455503;0.9938612747749391;1.8051559948959928;0.2707447964137181;-0.6652432832753319;-1.485287379610436;-1.014391541433378;-0.6445611466000729;-1.2830159045633835;-0.23050062508280567;2.0196435745413;-0.5341827147596283;-1.3615333066178676;-0.8656342539449955;-0.9994723564534331;-1.0960208780838174;-1.6218726050413175;-1.052541777637211;2.0747017119720113
713;0.9800553202789507;0.6418172246105165;-0.6589650629995523;-2.0580840290656144;-1.533010648730285;-0.14535796645346036;0.35250160337142583;1.4951167871272986;1.0405576439821234;-0.33329689748847735;-1.1862678542432048;-1.1610050938189174;-0.7108495076490091;-1.2895283862914555;-0.921890628572736;1.039546761753998;0.4992893983447168;-1.0811285927114147;-0.901006325214989;-0.9471926872184677;-0.8385320478399779;-1.7058834404895602;-1.8269555604784202;1.2192670421325869
714;0.7674310487343458;1.0605851080336428;-0.034442276617046366;-1.6444650927757647;-2.08475285448196;-0.47108174225852967;-0.26499139266841426;1.0583734674965344;1.6611157334986588;0.06850743289619836;-0.696550564324221;-1.228979830255621;-0.8208086504433055;-1.0976518076845594;-1.4246250070018907;-0.005765087181475281;1.556637972864058;-0.5835767520823143;-0.9039922311018126;-0.8049876677702551;-0.6508674341750869;-1.5987758990202787;-2.1561041924976645;0.016679981870842714
715;0.5154559335768772;1.2801519641894112;0.5265196942536168;-1.0210396598314706;-2.273744108941738;-0.9142679786353658;-0.7500264541904615;0.5192653628543717;2.0117200885029494;0.5702268367423512;-0.12813865677862946;-1.1590084384515815;-0.9259622203368765;-0.8341926135667455;-1.6852321871462608;-0.926465762825532;2.4208764142909414;0.11165295067811665;-0.7874748726285701;-0.6133546054937212;-0.5600964216459056;-1.3155413313691016;-2.1025594945547894;-1.2691167171992115
716;0.31403307950711723;1.2612288914370122;0.9620096043154277;-0.30388692091737923;-2.054071253084699;-1.4217769890685714;-1.0539072096783477;-0.08593991305448322;2.0586623404256748;1.1453973691910186;0.40377032432079824;-0.9016328196996455;-0.9718106752650127;-0.6201805141374094;-1.6808244426098802;-1.5909185826281733;2.9278632392398234;0.943244277781136;-0.48578128336214543;-0.42243956295139473;-0.5284755356507491;-0.9108021318685767;-1.8068068347604604;-2.313352644152417
717;0.20010085090640914;1.0205809557995136;1.2355183096323876;0.39008364960188235;-1.4860223836665596;-1.8564928745674691;-1.2019444838481905;-0.6966570001668808;1.8517301500803673;1.6943401945323477;0.8282577280337176;-0.44843890481522175;-0.917601398570295;-0.5220731344463067;-1.4365435272135632;-1.944457773450885;3.018842975865067;1.8011955304672145;0.01403688905498511;-0.2554233801932208;-0.48450002485326427;-0.4765218772306716;-1.4096490592459536;-2.854197533439928
718;0.15162333471773362;0.6337288499069628;1.3307112873984803;0.9604566294953375;-0.7068576796976759;-2.0505114765488783;-1.2686153083992604;-1.2288896065690154;1.4826585489404418;2.0716029729326166;1.137549634815317;0.14717756337635476;-0.742730771605558;-0.5303554395122354;-1.0322693450484626;-1.9985385878022999;2.7443943238748423;2.5342234978979086;0.6639490519890962;-0.08924208061457597;-0.3669516169223476;-0.1130896969790835;-0.9989784833937683;-2.7921489149636316
719;0.11086293783182816;0.2142514200394764;1.2468095091562685;1.3366009662198552;0.11800087715534013;-1.8799302686917974;-1.3255920261176806;-1.5956306410188958;1.032319594244896;2.1463524429513843;1.3671437622900748;0.775547533563618;-0.4440022004356902;-0.5736212312243092;-0.5866574099010552;-1.8044631257040638;2.218654811228404;2.979655978067458;1.3688492993302783;0.13405153304422637;-0.15673115192601153;0.11212964058883508;-0.6017709016373152;-2.2194856061169435
720;0.023263780074977536;-0.12487054588540562;0.9991862347589098;1.4860170607263812;0.8412295572061141;-1.3252129283116711;-1.3909740200369907;-1.7391798634122833;0.538471429081101;1.8643875357585193;1.550242391059835;1.3051729190193184;-0.03320708480087925;-0.5584008656682888;-0.2192142977701534;-1.4294424781170243;1.5508420790740454;3.011490060845907;2.01154523081786;0.47051910614901193;0.11980436900852767;0.19499858333269116;-0.2139284275994179;-1.3688069905067013
721;-0.12893159251438108;-0.31217135524272066;0.6247044717640211;1.4158012190441953;1.3617753190219217;-0.48840732580869667;-1.4093634217137145;-1.6573592223320504;0.0017129597480681213;1.2779023894563126;1.6756867807826894;1.6315611854075542;0.4589378720384052;-0.4135723637613417;-0.005478536366407563;-0.9452778198145225;0.7948998262709346;2.5880910973500257;2.4764670965489803;0.9325165982027931;0.4142747711441629;0.19495209139730327;0.1597145405592779;-0.5088846774180715
722;-0.31533993898219725;-0.34210683979502354;0.18592330202901053;1.1660647390173362;1.6315701873449828;0.4400429870046397;-1.2768523975820596;-1.4060678709674717;-0.5774769999213404;0.5261326219557296;1.6775710799941297;1.7156074574090863;0.9753401623402297;-0.1188376410014862;0.05273488246689856;-0.4276422557074969;-0.051935097566984764;1.775225237242993;2.666325766873574;1.4652028074989432;0.6887581220536309;0.20368245179788366;0.48457253705603964;0.16045792710179413
723;-0.4728464207553797;-0.27078769664436797;-0.23360579566566406;0.7969535779577346;1.6476611111794977;1.2481646757044664;-0.9005263077468673;-1.0729070024783762;-1.1580162997308214;-0.22303179773656945;1.4663737027848076;1.5904764374253082;1.4314881864817839;0.2921515133214584;0.025541201104363517;0.0445440197708498;-1.0003908903836545;0.7286779141441531;2.514131380431549;1.9545274400228445;0.9351701957156688;0.29847831351452525;0.7078556055108218;0.566492597961578
724;-0.5380716960024522;-0.1844155255481086;-0.5470898440930319;0.3739342484915384;1.4400055685014488;1.7720790110981701;-0.2621329018248918;-0.7339521642534851;-1.6444743352212998;-0.8390944884446273;0.9861252495760161;1.332829245378567;1.7299076702446738;0.7493155501886621;0.020496046531384426;0.3993413254785467;-2.001451782246627;-0.3593137043937195;1.996003124005538;2.2629795889926374;1.168840437335731;0.5050148725548992;0.79278151267665;0.7545339756422849
725;-0.479046015870813;-0.15543518243266508;-0.6915922160806425;-0.043216200714607626;1.0616997903117285;1.939455618537816;0.5485866218693787;-0.41753797224558836;-1.9148381407333934;-1.2680745478546052;0.26482064017805396;1.0148577759567206;1.7899531138368572;1.1708624269339876;0.13099418358487044;0.5922115020208512;-2.906605516051388;-1.3251862511752703;1.145780737314055;2.275828653455677;1.4007683686265266;0.7883462815202619;0.750500229041666;0.8271945370278417
726;-0.310122896911747;-0.20784764541885223;-0.6531541702611632;-0.4048442531553354;0.5821543666102296;1.7734612743360585;1.3510299382859907;-0.09715698504648551;-1.878177236517208;-1.526788266376084;-0.5732680840913746;0.6655173702832481;1.580857678080557;1.482516282676378;0.3918765181253626;0.6264569060582791;-3.490924499019669;-2.0780620331733077;0.0644560530763548;1.9375294209710907;1.6072954506913486;1.0742470543029878;0.64607262386282;0.871754178539492
727;-0.08438332293163965;-0.30863826913530323;-0.4762665936849163;-0.6709433098302753;0.079662895847325;1.3636406680909092;1.9360163983895669;0.27991384495327265;-1.5301280100053865;-1.6609914862792372;-1.3446025777778194;0.26470046801589325;1.1398461571396443;1.6266415165326638;0.7625316422082928;0.5589125065311357;-3.5389446872088275;-2.600720676347792;-1.0869074325589654;1.2657450643249475;1.7185834856428035;1.2860766031275317;0.571209640326318;0.9161562410148791
728;0.12990873187360213;-0.38896520026953985;-0.24949165934504008;-0.8108299734273603;-0.3695824876960493;0.8235399704820894;2.1449723248690225;0.7426024938065513;-0.9720399691033368;-1.6968002299653273;-1.8763586721158696;-0.22529905287145774;0.5622062203583913;1.5653566922934743;1.1435256377071112;0.48162459389409795;-2.9544987999564127;-2.910375392059394;-2.117608672045426;0.34305175779037045;1.636843590327484;1.375075217309808;0.5974012976306403;0.9327395788148438
729;0.274866684745628;-0.383550014702025;-0.07040551931894407;-0.8075769142535485;-0.7049570662472336;0.25599803485682704;1.929458657711026;1.253251813466163;-0.37799646330549014;-1.6173226713406887;-2.0739322290077684;-0.8098236575495876;-0.03515215804302213;1.2847966800524508;1.4164771057810979;0.4832111287730225;-1.8356479711974392;-3.0068188811409122;-2.8556554981927023;-0.7042138491277772;1.2780467115665595;1.3283159016352342;0.7356680177372602;0.8789564000358168
730;0.31792747194263005;-0.26765050581958666;-0.004498154332986587;-0.6672668453125471;-0.8925316387378734;-0.26258293277988415;1.3648304989653575;1.6992635632456055;0.07729498685875325;-1.3793650754044382;-1.9512353014049435;-1.4251645966783468;-0.5592684595091926;0.8034019270544229;1.4873222084313011;0.6063814629089557;-0.4678920268480374;-2.844768862277155;-3.1958269743633525;-1.7291372513888528;0.6170288469586265;1.1539557861635843;0.9259933621248162;0.7435455769094879
731;0.25195179233034265;-0.07280141696622465;-0.05759867507775164;-0.42733154100905174;-0.9287834488201421;-0.6808373691475632;0.6147802218937424;1.9290947597714976;0.29399352733101736;-0.9588385881037647;-1.6094363453670735;-1.9412617830812444;-0.9714814843888406;0.17939469988284562;1.3146479975946568;0.8227160539599225;0.7715486314010948;-2.3538672183374336;-3.1251195436254724;-2.5841412111332187;-0.2866769402941336;0.8580937090938705;1.0627674103308462;0.5662298240522591
732;0.08602251672604078;0.12599757824702926;-0.1762203853035703;-0.15544431728023123;-0.8354526727888041;-0.964431459968283;-0.13339882761789695;1.8183222401862873;0.2868350498218147;-0.3941254078356159;-1.1782103529532517;-2.20798597489024;-1.2855137825129133;-0.49194469528490137;0.9151455105531291;1.0388794416547042;1.5589248381554808;-1.5000243459131906;-2.712331968464556;-3.139078912244375;-1.2952660771546864;0.432362285304255;1.0425075545865254;0.41789907467153686
733;-0.16260755626363443;0.24417294533270414;-0.27682628897550765;0.06648215516423395;-0.6490398964840387;-1.0920271138309394;-0.7316319836320844;1.3337433308797308;0.1682232555414092;0.20380824060409247;-0.7535641435474068;-2.1233165857201874;-1.5346351207229278;-1.0974498433944482;0.3504616416983648;1.1333148176190315;1.7509952962851298;-0.35264970393958817;-2.067127459428553;-3.301084044682954;-2.228392872102001;-0.13642772084049853;0.8085742045003783;0.354181819742673
734;-0.46784976603539163;0.22495744535515433;-0.2901208275937361;0.17045645368509676;-0.411000803048413;-1.058901523797245;-1.1059483561476648;0.5623531032344798;0.08392133254313291;0.6866100868115853;-0.36634810599159107;-1.687106121334418;-1.728224166869106;-1.5381505108099052;-0.29329141439900613;1.0073245972444076;1.4328107274582953;0.8880277365508615;-1.2913630990513325;-3.035602240820888;-2.91215429664357;-0.8386588396008882;0.3709189987825382;0.3724831859681529
735;-0.7863281485700858;0.06234435586779624;-0.19812072250849133;0.13119360511662015;-0.16290484339257894;-0.8838112389382519;-1.254753279429868;-0.31136357938342263;0.13565395402624184;0.9334878111719198;0.004134851244715104;-1.0099020919931598;-1.8258843934417546;-1.7605699015612855;-0.923292701070843;0.6274987196062174;0.8638626402969127;1.9324797686908775;-0.45051198271140636;-2.3812563453263365;-3.221667555308056;-1.613664594566885;-0.20560894666137464;0.40098538732224065
736;-1.0503154666522314;-0.1993343392718454;-0.044817306021895376;-0.01966493401332506;0.05406362490957939;-0.6110734261619521;-1.220845844354127;-1.070768099768803;0.331190855392586;0.9107697760743102;0.38459361158281474;-0.26988167454660705;-1.7482664286555727;-1.7704926709927027;-1.4516906849065583;0.04123741396704243;0.3508569117122863;2.5043989157077875;0.4189536078160522;-1.44810872601334;-3.104028736350041;-2.3411530512033822;-0.8329956827979893;0.3292019097230987
737;-1.1733135821703913;-0.48550290078659625;0.08549630225197936;-0.2041881977208743;0.20016355288441884;-0.30273052068747996;-1.0579985138381764;-1.545014014643584;0.5867327441764982;0.6914905052181028;0.7624246011108327;0.3608040284694015;-1.4221904798708216;-1.620015916991999;-1.8042993542380192;-0.6394067955479451;0.11100174294616;2.4595284294584574;1.2734241212813888;-0.3936326594031804;-2.579736449203979;-2.8631221855364593;-1.430873773650289;0.06506664680972712
738;-1.0733250880709548;-0.7183494888402422;0.11154525222950329;-0.3319643254212588;0.24374747516063633;-0.022483309084107783;-0.8104111674927555;-1.6643011584789216;0.7777835650855446;0.42141521561108874;1.0717909891982935;0.7822694855246144;-0.8358363946881139;-1.3734818781628633;-1.930736227522304;-1.2757522335333544;0.1915786221557804;1.8607053706999335;2.024990320582241;0.6181854733246882;-1.7296349966763074;-3.0307004041771624;-1.9393843719298443;-0.4121561100979743
739;-0.7075227664393218;-0.8372136137061281;-0.001795342426227732;-0.34243240886846904;0.17382401194489555;0.18124645155096325;-0.5112621816567442;-1.469839347822271;0.809198858947812;0.24763536956740012;1.2220923044093697;0.9922815453416372;-0.07092914120289476;-1.0711863677965288;-1.8161466670195283;-1.7444350648357096;0.4794690533383466;0.9657519206318842;2.5354362303901383;1.4584567158363606;-0.6765788498000835;-2.756441379624274;-2.3112154625999186;-1.0316878604857653
740;-0.10233462738811333;-0.8058239512325811;-0.2221465434857761;-0.23464738097404686;0.012281961545022091;0.28517037837216225;-0.19331025191902546;-1.0791662253472885;0.6664893013042867;0.24722677802827814;1.1526001255682352;1.0606768949470937;0.710797635254072;-0.7127432964985598;-1.4887758837922989;-1.9669908536339347;0.7864124455577598;0.1267307370171998;2.6571728157508967;2.0569374402961444;0.4329906507035509;-2.048969710761169;-2.494917885348188;-1.6540654473064569
741;0.6386552738944976;-0.6095002889630303;-0.46026561826117895;-0.06798351710232253;-0.18399007528296696;0.2906272040770759;0.10192776862000863;-0.6284904812449641;0.42257782388250326;0.3940192438869331;0.8793684617965318;1.0712990270265863;1.3249958736689769;-0.27154012179886694;-1.0156373759379134;-1.9197946123847711;0.9582508000442438;-0.35550445147274345;2.3075526801558497;2.397526144300071;1.4478351802208926;-1.0152021604301518;-2.427819809894384;-2.123977444131148
742;1.3580328833435018;-0.25129583243045356;-0.6066794945392322;0.0685605608255427;-0.33779710677096136;0.21586654602650582;0.32654590277058004;-0.22173218270820097;0.19928994756051932;0.5807441557980422;0.5033420612611719;1.0672673985218528;1.6389900954797618;0.2669946647399083;-0.4831960313728548;-1.6273383253607283;0.9487971803135387;-0.3531946399703778;1.5376077070743004;2.4917983468550826;2.2333051036566767;0.16940528417112688;-2.050442711010784;-2.3252889040888776
743;1.8931934514742543;0.24551884147408953;-0.5759863792956715;0.10419518862414599;-0.38083360665423044;0.08783604247884279;0.44053231674962956;0.09210999770515134;0.1064517639540173;0.6834083049125917;0.17059711304353345;1.0314973911091772;1.6250180458423094;0.8666469631375502;0.030878692130375113;-1.1475389182575866;0.823555155746373;0.04767580072990604;0.551138435972039;2.3503548589821524;2.6944130398276487;1.308503550170813;-1.3393454252487016;-2.212060682231921
744;2.1308433625529037;0.8288618965792359;-0.33834658194211725;0.02706063912142223;-0.2850337038422485;-0.061533491327779494;0.42917218421036524;0.309771822379609;0.19092813879535522;0.6318573724463328;0.004007018822623998;0.9118451489059134;1.3645646629575094;1.4276410490865419;0.48133342275929963;-0.5569176660458839;0.6998301315199713;0.6050624167557153;-0.34901148764483486;1.9736658415920003;2.794368184059833;2.231094974777127;-0.341189658983437;-1.8054010186274203
745;2.0433820918629233;1.4115443586426422;0.07389022889778406;-0.10391251308344489;-0.07922303784175437;-0.19504042284227663;0.31213881546419275;0.44649907040945175;0.41938791992524094;0.44788272253749145;0.04348426879591977;0.6726185135008681;1.001914645724362;1.8132887722838515;0.8608616195432738;0.061475260125894285;0.6639823630850797;1.0447570522840803;-0.8730493936773652;1.371479140978337;2.559950650408644;2.82171822907191;0.8135464970815803;-1.166069039309383
746;1.690697031853916;1.878283563508289;0.5829059144797508;-0.18355158977582658;0.16072889088873699;-0.2712979451874842;0.13795565286466768;0.5115610432654875;0.6984923959039038;0.23098289392477633;0.228461073987284;0.3379947775078883;0.6724120951657864;1.9069289835356937;1.1832498126705895;0.6289094305158827;0.7152787019360333;1.186634053294893;-0.8660221288644181;0.5992856974108789;2.0689586079856443;3.0302337865942355;1.9303300603870708;-0.36473320953267613
747;1.1870765851879552;2.1113546235506537;1.0931593227581309;-0.1103436072069856;0.3469293805025775;-0.25272489654685354;-0.033502848958486;0.5013270492756868;0.9168673481822782;0.10105634220986212;0.4330791554116384;-0.0022164697108445555;0.444053327170036;1.6706950362839348;1.4534536710559123;1.0825185158490371;0.7661171947813927;1.0115931612956133;-0.37968526554572024;-0.2155099699440972;1.4237427385228325;2.866229950456718;2.800243059070008;0.5309283660442333
748;0.6496159122511658;2.0289138404174447;1.5154633029985618;0.1624823674397053;0.42388242642517987;-0.12064309386606728;-0.15104667880619574;0.41088547862098945;0.9852341995867402;0.13038162439017756;0.534917536304365;-0.2309779497248665;0.30238896420398087;1.1734207963357821;1.6435919887864494;1.3861082892351975;0.6936903339819592;0.6415931051824213;0.3446901010088421;-0.884875233762279;0.7230187375774287;2.386641261196763;3.2604474091863267;1.4478348739076456
749;0.15304825613291334;1.6198418954704408;1.7790292374801062;0.5994946578329722;0.39921521658123776;0.10968596198935018;-0.18498414015399925;0.25259573173231203;0.857350734853272;0.301724907850911;0.479127624303012;-0.26572776308273016;0.1832802743653385;0.5694575368272022;1.6926395360362925;1.5351836580650793;0.4094115991267216;0.2517912362998813;0.9789063438811767;-1.217370831650879;0.04560115425299169;1.6826001680645795;3.2405339073396573;2.2901532814395615
750;-0.2880522888182805;0.9566814231023275;1.8331460711674643;1.0919554242334446;0.34257708027031114;0.38509765067465973;-0.1286989279419002;0.06613570238620763;0.5291803726971782;0.5137075654788942;0.3025542665356325;-0.1072711283977743;0.030601719681547485;0.03604838422598844;1.5347614334841724;1.5512654942529172;-0.09431021826401939;-0.032427708687781776;1.2490477092465133;-1.10165301523229;-0.5477843532388204;0.8664646420156398;2.776698162495285;2.93324495808669
751;-0.7031741010791338;0.17651119054911893;1.6469866551858088;1.4977154430440016;0.3502424333428394;0.6291000485438393;0.007594611749069544;-0.08893750127048958;0.026803116268579924;0.6284196995913326;0.10524225368369594;0.15404027501897075;-0.15756720562341936;-0.30017211477537076;1.1434096289952809;1.4656635883312503;-0.7430571586779325;-0.1972561950261505;1.0482973021126691;-0.5752252837616075;-1.0009791775796033;0.05696512929348342;1.990986649213245;3.243061716276501
752;-1.1267111013732254;-0.5651077085546363;1.2152622873068448;1.6923665130158618;0.4913914059510105;0.7723527793757028;0.20362942865020134;-0.1552492342077472;-0.6029532337651314;0.5346917987527976;-0.013481416571615917;0.3805148613398331;-0.32260503367354293;-0.4102940790933529;0.5660894993632882;1.3001347744961773;-1.4191747305930196;-0.3317034839557663;0.46840108525438984;0.16303192059110136;-1.252957698799952;-0.638331037565314;1.0480718052526479;3.1187185576175
753;-1.5579743609360899;-1.1476931213076353;0.5699600969580428;1.6085568930522185;0.7631417594531299;0.78538787920139;0.4312333987520322;-0.10200289974961808;-1.292314472835177;0.19490095857773593;-0.01742322047363426;0.4553205005794003;-0.3824147426212535;-0.36047882171564744;-0.07364571455673152;1.056034155333425;-2.0119202551260296;-0.5595862198199614;-0.2618366877232052;0.8142640931471206;-1.2473487127149727;-1.1401308556826555;0.10938454881785874;2.5393691066296866
754;-1.9424045328091637;-1.5223512990964898;-0.21025814569353984;1.248953186689182;1.078571228479944;0.6952265781600155;0.6527979468820364;0.06187085349937346;-1.9475679044197658;-0.3446951460579108;0.04112731989937093;0.33892883793086803;-0.2887471779332411;-0.26316147901054693;-0.6143599238594354;0.7206075213319687;-2.4479174521355427;-0.9549409770176004;-0.8958249747833904;1.0954516713507392;-0.9633066184900723;-1.4083218187142144;-0.698757925575618;1.5901074793765675
755;-2.184670270715267;-1.7142092637518629;-1.0046555420393912;0.6731257732987481;1.296083139478758;0.57346733951634;0.8221334342159712;0.2923288479547764;-2.4513825607685478;-0.9788126130412945;0.04740062501987316;0.08254360607625663;-0.06890330405107747;-0.21071860396649833;-0.9201700452809043;0.2893381960402729;-2.6881067650387958;-1.4889729669995546;-1.2835120856182127;0.8590806077368771;-0.452748690385272;-1.4424547630913254;-1.2968012960688116;0.44974477136901975
756;-2.187902268101772;-1.790591417938731;-1.6752423729346306;-0.029080832875852967;1.2776759755795553;0.4980336110467203;0.8935160715630687;0.5287013509080042;-2.6820564034268735;-1.5843637218893232;-0.11294212800422063;-0.2081110468548392;0.17526493911513275;-0.22894038643906808;-0.9387038818716718;-0.2079731227377294;-2.702238507625954;-2.03519055297826;-1.4239979053692273;0.15927311728364715;0.14213480811962836;-1.272973428729405;-1.6479861137846186;-0.658304193223682
757;-1.9001446943365643;-1.8122457246506622;-2.1063884632505667;-0.7618774555294877;0.9490037805680757;0.5064240580555679;0.8386074135326216;0.7151104469954122;-2.548313178401887;-2.0549370645897835;-0.48831290607080213;-0.43681532563152486;0.313006423218406;-0.2751354346935953;-0.7231846683630756;-0.695139505359604;-2.4477965859310724;-2.425180576597759;-1.4349401257418468;-0.7699893234792761;0.613080243592233;-0.9497831900815622;-1.7487182772794845;-1.5323859705369436
758;-1.345535559114295;-1.793690179048837;-2.242877514041609;-1.436151745693519;0.33334540425324183;0.5657349233698361;0.6630011166222564;0.8142297094886001;-2.026022417253793;-2.3151118141734326;-1.0277459540703753;-0.571142026263009;0.2503454778463299;-0.2791977531457932;-0.4057298086171208;-1.064188565079929;-1.876718481289892;-2.520863747825483;-1.4620480987873896;-1.6165369303284325;0.7537901469434432;-0.5357248730072908;-1.6213974001902465;-2.0483310264306707
759;-0.625035915609375;-1.6939063254861164;-2.1071999560703825;-1.9717822651960084;-0.4550561915585375;0.5785497373269167;0.41048362633598084;0.8094797790304789;-1.1780946726288362;-2.3170932162731295;-1.5956314288450566;-0.6555211998992905;-0.021136645660110386;-0.20085538804777175;-0.13453093924121706;-1.2151229282548985;-0.9727342473746625;-2.264405429014467;-1.581955399005999;-2.123606130049862;0.4478512286896291;-0.10739378310584168;-1.3116785361450094;-2.1827540873022584
760;0.11432753518263512;-1.44250167419704;-1.7851082631697586;-2.2986859842985985;-1.2527918524470454;0.4261412579185082;0.14755767375974327;0.6996692178679844;-0.14483840285083013;-2.0334564768854415;-2.0247867406235156;-0.7757842737866733;-0.42002097774625485;-0.06716937380283647;-0.007083040023654216;-1.1035427765348156;0.2019880719510257;-1.6847581133883698;-1.7516497105709294;-2.1912117611628816;-0.2647929676919979;0.24250562398512643;-0.8866539584731258;-1.998736303130816
761;0.7287433708547997;-0.9875116204434965;-1.3842231504376585;-2.3651211030203236;-1.9027971163169235;0.030287687305084007;-0.06801722869864837;0.4937269147468091;0.8937584370569973;-1.4595202917515995;-2.179382099925915;-0.9960935652277229;-0.8174220463812839;0.033582677766035476;-0.033804068649110584;-0.7709444895438591;1.4839239512956073;-0.8673900744622001;-1.8291460541777282;-1.8978484896000174;-1.1808556766769605;0.4123246480050579;-0.4291671032577643;-1.606308777946879
762;1.1249347882280238;-0.33920036997155356;-0.98529500036684;-2.1538167348210133;-2.2983769015394993;-0.5965556303205137;-0.2193729416414944;0.21040100001472095;1.7682698337417229;-0.6281231539131789;-1.9976259026120955;-1.3051370258755262;-1.1015077132415432;-0.0006344160294316781;-0.14957842767780427;-0.3383699480222651;2.6328422514106267;0.08634624770076496;-1.6503091345197838;-1.4361552912573732;-1.9990714205402045;0.31624898409894303;-0.02644006960295185;-1.1194755548412836
763;1.2867771031533435;0.4142370547285393;-0.6109063744326758;-1.6970113001462064;-2.399869007799394;-1.339072600225338;-0.34395076693726667;-0.11876746342680414;2.3613426046718367;0.3736273429687047;-1.4987927518884818;-1.6032769978462613;-1.2274173456778823;-0.2239306415525455;-0.26416298203958133;0.038136105845439375;3.4022103270874684;1.08294352264714;-1.117929394732124;-0.9999519832897865;-2.4351025072855266;-0.07656842620190393;0.24457792521132582;-0.6285515147394407
764;1.2718804611115724;1.1291080799705775;-0.22821174984486783;-1.0776150055365228;-2.2241548153541473;-2.0132641697751983;-0.5161655139302967;-0.4498313296364763;2.6251010475665306;1.4022086728397867;-0.760127894820304;-1.7393577016106434;-1.2250633114315352;-0.6026797630470839;-0.32099965492753957;0.23124255079320005;3.6262932094661653;2.0333534626431704;-0.25615163276983605;-0.6833907677459775;-2.3356846299071585;-0.7055028437657478;0.3306919432053188;-0.19451170620902822
765;1.1811807022802345;1.6575921195926646;0.2155328359776557;-0.40911615640533266;-1.8204808603859535;-2.4325614693267634;-0.8035077007480594;-0.7358385511335002;2.572676315567257;2.2810584224907893;0.11636718023346963;-1.5785235755821523;-1.162453554808677;-1.0215364969929848;-0.3299956652376715;0.19447440845381272;3.2824065835672425;2.8347397584576477;0.7942984256696315;-0.44390082149794385;-1.7382379013591007;-1.4083979291296036;0.21170699538105653;0.1412839837153838
766;1.114641330287383;1.9043159358928923;0.7439563360203162;0.20097778029102037;-1.2493931138500394;-2.4758557111120303;-1.2166934102540627;-0.9440441001756009;2.2550464125087597;2.8460005222115177;1.0269929010126664;-1.0661391362065022;-1.0884005720551728;-1.3331162590379764;-0.3555828643868806;-0.023506551575856797;2.497054118814228;3.362144260468077;1.8314157092211938;-0.1447728206725248;-0.846470355837731;-1.9549456703233472;-0.09458579615331061;0.345609035463438
767;1.1303435121749688;1.8617943858322796;1.3166206042299182;0.6878324563654712;-0.5744166709769589;-2.1272077036707584;-1.6812500458808644;-1.0716785650169676;1.7390899861776594;2.995057823939728;1.8713122061277025;-0.25628698445657266;-0.9904461639694936;-1.4243468469619358;-0.46781901286726313;-0.3096474933657746;1.492450776212181;3.4889530659806987;2.66432384928956;0.34949305939866904;0.06672571045418216;-2.12078665405348;-0.5301888617419314;0.3913790829374968
768;1.2217688411349192;1.608658289982865;1.8291246249780377;1.0466640669844567;0.13573335216222174;-1.4719243049675381;-2.0498975726503827;-1.1480843815488893;1.0971762836183836;2.7200516094312204;2.5467200751045147;0.7066057273464563;-0.7946766245254293;-1.2634025863387854;-0.6861922941226868;-0.5457047966062549;0.4997818532117687;3.1344692293151004;3.1659745497973644;1.0785979995770878;0.7814488258960912;-1.7762203557477187;-0.997771824138363;0.2674861996082169
769;1.3207009816318889;1.2722161623003585;2.150980432154835;1.3198337682041232;0.8048815516714937;-0.6553634223772365;-2.1552851215852864;-1.2167263550817653;0.4073297357440713;2.105178102744268;2.9485703864439112;1.639919285599961;-0.40935221437785596;-0.9028885382276071;-0.9504647561632746;-0.6641448072216645;-0.3190653789481576;2.315062565737187;3.2867511947520263;1.9432403992758385;1.217892394938336;-0.9496602021014702;-1.3687397582445986;-0.006396521158614284
770;1.3239418682124215;0.9730488965270091;2.1835719061785044;1.5589080912625521;1.3568339665324003;0.17245438806555288;-1.8811771432747104;-1.302735347183314;-0.24589204161285433;1.2939370702141815;2.9873463587593427;2.3806062528637746;0.21157295939679885;-0.4404563823957159;-1.137611910165429;-0.6711467402206005;-0.9066971811117529;1.1668956810525855;3.0352439610815587;2.7345201996226343;1.446692563175642;0.16831348173783184;-1.504380081162467;-0.3708024181350446
771;1.1340455146940556;0.7764711856544426;1.9089581905435735;1.7818395072962656;1.7335261599315104;0.8999934082017478;-1.21882245465081;-1.3831131156371166;-0.7799974034198158;0.44095905846001804;2.6204933503542267;2.8222928567917505;1.0210144244446828;0.03774833747962457;-1.1175000966768278;-0.6257643220035695;-1.2925461906249136;-0.0803367092722023;2.450057399792823;3.2184392257266;1.6208849176622908;1.2893565383365064;-1.2921996849573965;-0.7310216363291071
772;0.6997967238968031;0.6711603077495875;1.4039459484107981;1.949946100629802;1.9144495055505233;1.4692320133192225;-0.2807469649359893;-1.3795821947534357;-1.1344239533509626;-0.32920722742722597;1.88280106141792;2.9213872739453;1.8749739093712807;0.49658829169385904;-0.8176353153531736;-0.5891754642013735;-1.5404820718498287;-1.1736584140886492;1.5861229114705746;3.2311354317744474;1.8684028010343858;2.1360966860026624;-0.6902807068717766;-0.9758391715554464
773;0.0423285698736095;0.5821293475983196;0.8109772888340696;1.9799297011415158;1.9235577290333088;1.8639821940102541;0.7357190440886676;-1.184759187919024;-1.2923300666549506;-0.9410294351022785;0.8951571222637433;2.680989789214287;2.5763374187016646;0.9516453598451807;-0.26193540772826046;-0.5749934144427956;-1.6953703260346669;-1.921140051556323;0.5226937115420534;2.7389197815792903;2.2037016487525056;2.5470375730714663;0.23754802577131737;-1.0045259930830734
774;-0.7425187923681675;0.41022650833808705;0.27904964051379666;1.787183738888505;1.8153592112157284;2.086567713158182;1.6185924781490337;-0.7145811196797823;-1.2893604311901459;-1.3634835195645276;-0.15952145758234526;2.1318947637642154;2.9450293593773975;1.4311207436012874;0.43700692063388535;-0.531023347906146;-1.7578284109127007;-2.2509811359788414;-0.6199193757507414;1.839566648050916;2.5056743238797936;2.528441581547602;1.3164821783261165;-0.7536061341117837
775;-1.5070700793296312;0.08021730761459492;-0.09715169213295334;1.3384002605832641;1.6444961064870596;2.140636709833562;2.2127695027336687;0.03675312312629639;-1.1991937041831549;-1.5934726614310335;-1.0872779741684022;1.3263202515378194;2.8806674576857834;1.9251477212429293;1.126820111958495;-0.36477976724505473;-1.6963440316984184;-2.2180864860404776;-1.6777501498796576;0.7133265361860185;2.5731062339433333;2.2283605159616044;2.29822010950895;-0.21654891193056325
776;-2.0926684790546;-0.42211265084936883;-0.3110549032227359;0.6844679754378717;1.434913417720062;2.029447195047441;2.461592899603745;0.9685709702001797;-1.0988230190985526;-1.642045260564061;-1.7400959341148798;0.34597103575302546;2.390028655215721;2.3558501852871925;1.6777894294779117;0.0003000813462689239;-1.4830535487227372;-1.9578679543494013;-2.4704073993427946;-0.4445691444916178;2.228049568102824;1.8463632573079491;2.935591006331971;0.5472220234775061
777;-2.374763624370805;-1.0371328279084402;-0.4357263682852889;-0.04653146210920463;1.1676286729383036;1.7659581319095985;2.4036995942247557;1.891269606070539;-1.0300617917254549;-1.5315694084034643;-2.05404187331354;-0.6881642124797345;1.5718722247657468;2.589827094387392;2.0252249255118904;0.5692569701703741;-1.1272154004341435;-1.61371640044794;-2.853943215864884;-1.4752859618911267;1.4133680930280188;1.5252361567292891;3.0683778454683117;1.4155446867382597
778;-2.2968416052568643;-1.6457823404595795;-0.5785714438453157;-0.6959212066913837;0.7970956842039423;1.3823701169216274;2.133190233667537;2.5868647786759746;-0.9786604945071762;-1.3006308574494128;-2.053351214334736;-1.6213750278240122;0.5735802307034812;2.4902718056516537;2.171480729547017;1.2525845900414128;-0.6847815087162306;-1.2761475906781645;-2.775490490416586;-2.2735697105365045;0.23538008448536607;1.2804339535499443;2.6834190640218583;2.2202564130251776
779;-1.8820392133684611;-2.104432218623578;-0.8218274160628535;-1.1389898431205019;0.28959984021658247;0.9278854979932717;1.747794169181698;2.887595053835078;-0.8844564704790955;-1.005758346622087;-1.822643526854649;-2.294769946133327;-0.4547391334736071;1.9829019439420437;2.1517681400722837;1.890339486995947;-0.23917166381275096;-0.962131177342334;-2.2994646602712816;-2.77647026791537;-1.067762454639454;1.003615538602161;1.918771994109615;2.778371908938031
780;-1.2200082013050357;-2.287562923938198;-1.1769491132965957;-1.335400603457456;-0.33738374431742585;0.4531300490343091;1.311845109253959;2.737112337167866;-0.678898617323497;-0.710722135073614;-1.4645004806396944;-2.5913163104415617;-1.3877401903582256;1.1014195721946616;1.9889273622702444;2.3123286176095146;0.13381333713396776;-0.6388418034891721;-1.5871816557727776;-2.945240714048444;-2.21349790251409;0.5378875681708281;1.0054245705662006;2.9354404630651745
781;-0.43623148208149415;-2.12472576295428;-1.5729580188900814;-1.339674215458733;-0.9992126219479973;-0.009130038570599769;0.8487233702474867;2.206166335336467;-0.3299473932099434;-0.4640652216719424;-1.063993159525887;-2.477622777911588;-2.128904837395894;-0.011195899432418735;1.6677269866705098;2.4039428195896866;0.3958306254631825;-0.2714456687286717;-0.8358568974722824;-2.7611372174165014;-2.9739714685391174;-0.21538540456241476;0.17021599339654295;2.6122780784974737
782;0.34276952509823333;-1.6213996860831759;-1.8822132969473293;-1.2660447267444517;-1.564792418361097;-0.45271770433752084;0.3590840670487514;1.4565485044292057;0.13113226668394395;-0.2766804600400094;-0.6738722853595954;-2.019139842993088;-2.6023133619182692;-1.1461516311242415;1.14620281375955;2.144868683069116;0.554814421658663;0.13655586305867826;-0.20514116640423713;-2.240470213085128;-3.241700437340914;-1.2151925151212466;-0.4553431453494723;1.8394310761534736
783;1.0149927189029238;-0.8587843467540803;-1.9704724191490457;-1.2252674892490292;-1.9072901940700664;-0.8876630023314015;-0.15238781513492652;0.6720170763946683;0.6171565680063178;-0.1152806455122619;-0.319917197170473;-1.3582929916704973;-2.749363756254923;-2.0953513718772685;0.3980520890937469;1.6035971799765898;0.6510310132049263;0.5341314308153257;0.23354632898951666;-1.455830450890985;-3.03854311640547;-2.2689165877200184;-0.8760944647795565;0.7620087418381268
784;1.5122481621179813;0.02639977123344457;-1.749151900377729;-1.2652005990070017;-1.9602355585502593;-1.3149695601360438;-0.6605399154444697;-0.010143516743005385;1.0232631411921247;0.07944204348045368;-0.014655761388535735;-0.6637293898355616;-2.5405883267974265;-2.709943109969846;-0.5398271811521482;0.8950885157442765;0.7316502406008498;0.8476262728939433;0.5019892616601448;-0.5417785981495508;-2.4756369806971943;-3.0979930371148403;-1.2034071441824143;-0.3949398746774589
785;1.7953378014699073;0.8757084079681706;-1.20936864954907;-1.3448445856011666;-1.7491474243137606;-1.702409160082341;-1.1225370961052432;-0.5359591479834456;1.2745735585076317;0.3558598578400362;0.2340050579642654;-0.07354331019281907;-1.9979658541055474;-2.9277010546251754;-1.5452146918020804;0.1281061148932401;0.8291636755260374;1.0220150320079053;0.676329828881858;0.3294953938524249;-1.6943542664264184;-3.449784407820289;-1.5696071559418394;-1.3943714090617734
786;1.8443513285169937;1.5464328024554268;-0.42721228348555285;-1.3544103965427647;-1.3800723424563666;-1.9794751502157615;-1.4946790691838783;-0.9272428463417728;1.3560051721436723;0.7148131337905829;0.42480813504077414;0.34237631334119895;-1.2111490783414094;-2.7650473799286353;-2.431175817801329;-0.6280687427073172;0.9527948274482655;1.0521745066718986;0.8292391812990143;0.9984007351122365;-0.8210953710702303;-3.2016203948684163;-2.031405391975861;-2.0648366636945448
787;1.654364148381041;1.9420036439481787;0.45800630092105954;-1.1710522992736296;-0.988725221137532;-2.059882743093525;-1.7491524548961837;-1.2402920982159464;1.3073242538103562;1.0953275812563412;0.5703815709773135;0.5868492833420461;-0.33032843942219514;-2.2878887763143587;-3.0033334449759477;-1.3418067838149732;1.0913325654808161;0.9855034031467018;0.9861038443827166;1.371836534119099;0.04700861494179481;-2.408481633736882;-2.5143885050488297;-2.354795179196408
788;1.2412906712996643;2.0271596887348418;1.2817532538582734;-0.7229521121425282;-0.6753174261702929;-1.883286702080373;-1.8782751211161353;-1.5171342907912657;1.1873139311572705;1.393889235003557;0.6983705179833811;0.7103863267277153;0.4698237242462976;-1.5827363307136044;-3.1276633849911755;-1.9888786375912533;1.2188196989279125;0.8952963024991053;1.1175459604936802;1.4528623038173087;0.8310943928258694;-1.275478803050559;-2.830712678776561;-2.3370925876035336
789;0.6538198356891176;1.825120478007045;1.894831606623072;-0.0316134088036471;-0.45874626321091366;-1.4541860320431221;-1.8842126605923382;-1.755960584988241;1.0298056157143685;1.509715688317638;0.8389474338799607;0.774147008000207;1.0434865666872846;-0.7428719331037151;-2.7770787516857673;-2.517962180255747;1.2960830826898249;0.841261361785027;1.1680246560137273;1.3293074476810207;1.4550494866350174;-0.07351234064544283;-2.764551754704316;-2.158517274285755
790;-0.01931272037022773;1.400514944606524;2.195367322139055;0.7860219327608793;-0.2744962309237332;-0.8542907495283423;-1.7637627221545162;-1.9134417082670219;0.819738368751444;1.3925744625144705;1.0021741080214572;0.8210049030177984;1.3206602239764011;0.13053244078339662;-2.0365365133863613;-2.838456451158555;1.26926122920618;0.8395407711377723;1.0993902452263482;1.1261638555018885;1.8454265243832468;0.9583897503334912;-2.184006988513848;-1.9565623372034517
791;-0.6574890302464346;0.836712601369412;2.1462375397514837;1.5545975511198036;-0.018032302972608882;-0.21722550056394602;-1.5023457755307557;-1.9324503651244669;0.5056533949645978;1.0667394212694359;1.1590369381662136;0.8660129502146412;1.3250592017176845;0.9249708586164432;-1.0677853162845852;-2.843271421552254;1.0740560734941396;0.8571023434717766;0.9210750105129859;0.9462226339219924;1.9519991142180186;1.6795869960430554;-1.1230712825706841;-1.7842630386821274
792;-1.1351948808450991;0.2170959316812629;1.776826680288928;2.0984719144369235;0.3883879266447088;0.32495681937880583;-1.0853329750707814;-1.7755910113780673;0.04272971255179597;0.6172941048834699;1.2416975580947542;0.9039252565780269;1.1540591064054757;1.525367158394455;-0.05386301928333098;-2.4575367833686896;0.6542647655296975;0.8303104313892701;0.6885268786045129;0.8293482159659101;1.7762553380453732;2.060199072423447;0.20888051742011907;-1.5829029237128163
793;-1.3601107299171644;-0.3839150928433331;1.1712127633969431;2.2961377110099273;0.9399893035157427;0.6969922244316151;-0.5219839790412278;-1.4447053919162074;-0.5591296223809428;0.14639345394373193;1.169029090556706;0.9219994750265541;0.9308172334563286;1.8398764434026431;0.8500894647908547;-1.6874247334941745;-0.006331012710242306;0.694732800862983;0.471742287612772;0.7495524846342229;1.386231530900798;2.1466718675176164;1.4968010716909421;-1.2199054833832992
794;-1.30609684513976;-0.9007778312777132;0.44669623346092435;2.111305197710514;1.5338535054766582;0.9077887508853455;0.13382308712788687;-0.9778978066673607;-1.2125275326374594;-0.27525174945198144;0.8878735798018187;0.9065618372032598;0.7520540875754856;1.8330086705809376;1.5414502647975208;-0.6412304252392645;-0.8526549201515259;0.41013788318975547;0.3138295727155994;0.6473515784166172;0.9021872839338505;2.009888002244406;2.43656104365724;-0.5755547847128424
795;-1.0243794914926472;-1.2740472806404706;-0.27219158259633974;1.5937854869233872;2.0021138992573624;1.0339336602874338;0.7832167929496415;-0.43050911114758933;-1.772169870914785;-0.6333336279795294;0.4084770552010606;0.8403920387357845;0.6554255992128079;1.546989758735342;1.9686061949939817;0.49143085206188014;-1.7484337910936982;-0.02844218761893902;0.20489568461985003;0.4755425272096321;0.4548975728652044;1.7079018782398534;2.8440458860661932;0.3653226034302989
796;-0.6250045630459131;-1.45267677402403;-0.8781935120336763;0.8562681906361078;2.1784604414100754;1.1666737907460405;1.3089965565860335;0.14469966988633026;-2.089765313862924;-0.9569365174034192;-0.18733823062370394;0.6978923037829565;0.6183447004839336;1.0949017471739098;2.1160930612787396;1.494924693466968;-2.5023688520745915;-0.5919592824546007;0.08676138636133007;0.23066780398880318;0.13580950429060912;1.279713723510572;2.70823363201014;1.4665582031290134
797;-0.23465019996865605;-1.4051555666973692;-1.2985106720808959;0.04020725891825257;1.9667932698060098;1.350225857867952;1.6194072692000396;0.7051572154899044;-2.076320197541868;-1.2762170936969006;-0.7731671345931721;0.4485794923436804;0.5831026826471145;0.6229987612959254;1.992920094664788;2.192804848434264;-2.9270307347187265;-1.2227597563640045;-0.11427927188623355;-0.04704609286264902;-0.03516680425881444;0.7637227874598891;2.169422323207409;2.468354309173283
798;0.051084257723483587;-1.135897151189548;-1.5009198138595405;-0.7164617007482257;1.3812497717833985;1.5452750854448984;1.686513098053615;1.211846036034736;-1.7387856971426372;-1.577958970148849;-1.2282889093814202;0.07366773845980962;0.49109290406164974;0.25672773769658697;1.6327547983082495;2.4946636066090577;-2.9069647566758263;-1.8379016505056234;-0.4450154886422647;-0.3024288483051318;-0.1072432486670534;0.21895668253347295;1.4408680725961833;3.082066444706886
799;0.19940011159683818;-0.6970733064495568;-1.4890108057773714;-1.3025812330819915;0.5419795796233828;1.6391787722085556;1.5566143292150698;1.6180417613740212;-1.1719094435386912;-1.7887250517925355;-1.485024365716767;-0.41078470283443824;0.3080359774510936;0.05512817562077931;1.1015961284255544;2.407412025208535;-2.442961671670214;-2.331951924398079;-0.8956254570348848;-0.5025888631892627;-0.16371696423368748;-0.2723719506600064;0.7170257782352477;3.1096192388517676
800;0.24198998883849454;-0.18529578658096296;-1.2909650231833953;-1.646875786174393;-0.3677908030540583;1.4999936656721515;1.3239816207885844;1.8671911022353131;-0.511128091970837;-1.7997436644249318;-1.5474171857887002;-0.9393045667341019;0.03135141398234406;-0.004841240074417559;0.49972431091449154;2.0124544346148863;-1.6482908441028938;-2.5874208018724643;-1.3964500531803756;-0.6579946226473403;-0.27419051282885426;-0.627591436249016;0.11234709301000524;2.5307885742201544
801;0.24739993904470556;0.2813597334382914;-0.9484817711987843;-1.722961002529723;-1.1616978393435462;1.0480289966464276;1.0797216796015956;1.9072882366721873;0.12620182270313332;-1.5227023315806762;-1.4713080914462426;-1.405057542550951;-0.3168108932625618;-0.007383361460127025;-0.053658792879770316;1.4257115652880814;-0.6969112612421551;-2.4998177806113873;-1.839842561828901;-0.8134467051114616;-0.46009714807542346;-0.7993197950291928;-0.34715600211702186;1.5160001171849156
802;0.27915930297590535;0.6001461499864887;-0.5109880544746311;-1.5481700551820514;-1.7016023196478467;0.30877985500685484;0.8630136450831797;1.7163495313341635;0.6786322859569897;-0.9459824640270836;-1.3183636098622462;-1.6929553420607233;-0.7000793947311416;-0.05195635995757056;-0.45344240052281265;0.7616770260456904;0.24977552421284338;-2.0146073870010337;-2.1137101500566606;-1.013820968919387;-0.6906081684393749;-0.8013922259119279;-0.6879811279072456;0.35838399723951325
803;0.3612671654317294;0.7194150993693055;-0.03562848697600378;-1.1766189639783784;-1.923299381579012;-0.5799738228941217;0.6426798095875386;1.323213761530424;1.1388342194212828;-0.15850781011637788;-1.1124421822769717;-1.7245697533189077;-1.072945539070906;-0.20549186590183707;-0.6460936710677195;0.11481047896893469;1.0980767729350696;-1.161207408271082;-2.130977530911988;-1.2650094263439593;-0.907575207352203;-0.7064806203609033;-0.9393035670426121;-0.6420658388228189
804;0.4678806336073544;0.6564067669947165;0.4115709807019967;-0.6865730905300429;-1.8341240205870495;-1.4113435913173245;0.3416093057450711;0.8075106755014189;1.518257191515816;0.6747345062975095;-0.8258982376866323;-1.4918977952059815;-1.3799072135380457;-0.47465307439516713;-0.6517432921675868;-0.44212098649979786;1.8291214562257125;-0.06380635933151274;-1.8461188014529337;-1.5136447941933502;-1.0614891606771995;-0.6133519896844041;-1.1019647763296796;-1.2874943860330148
805;0.5407916793214473;0.48700815946688647;0.7600817450743678;-0.1638427902637781;-1.4922858192963877;-1.9827866270234755;-0.1071216829156541;0.2735866499112452;1.8049212459789343;1.374750024323047;-0.4057632284754104;-1.0604437932567048;-1.5561824873255579;-0.8077289716928618;-0.5561841970317862;-0.8535234567135694;2.4561513633028538;1.0839255372269643;-1.2598988652250633;-1.6585782804154026;-1.1353761351451002;-0.5999138041878279;-1.15222422171604;-1.5358749589155478
806;0.5237595429207182;0.31052575470180055;0.9486557618193979;0.31466027298584814;-0.9820159599544568;-2.1663506805891317;-0.7023774265142338;-0.19070536786259862;1.9449571346554897;1.8163699437221328;0.1748137692666535;-0.5379698831070193;-1.5385893754414697;-1.1200812349113127;-0.47291018363742066;-1.081956681144119;2.961160904349619;2.0753457482378237;-0.4191086201267639;-1.5894355974691468;-1.1427048990027215;-0.6869441923823407;-1.0719552582620238;-1.4811184596510494
807;0.3947315044215748;0.20518205451066313;0.9456637851069437;0.6922491757191346;-0.39458099479315034;-1.9459287779347203;-1.3482989832187602;-0.5482547143312932;1.8631991213148573;1.9670097521381216;0.871330309258184;-0.02487701341736323;-1.287944250747542;-1.3270072894620106;-0.4914392366456317;-1.1181563040350384;3.255087835214724;2.7552030297022063;0.5840454846665881;-1.233348438147816;-1.102717998818101;-0.8314556623615136;-0.8802157345245534;-1.278741425630878
808;0.17940568969458637;0.1953612938690269;0.7665076975688679;0.9358277332034536;0.1826417674691136;-1.4095141739994559;-1.876729984950597;-0.8194018640885297;1.5126806373621617;1.8783239559390357;1.558952666098412;0.4263442582749589;-0.8136539637790432;-1.3682499217119464;-0.6362206697751704;-0.9928440414764512;3.194405076643639;3.0612125376264023;1.615311070570252;-0.5878900667948245;-1.0113098878300422;-0.9517619119491514;-0.6414059397562482;-1.0609137563741746
809;-0.05942703243557792;0.24629496100875542;0.4766691850693116;1.032623726425675;0.6728030363446428;-0.7060626206458779;-2.111196062988314;-1.055088366635291;0.9227413044094857;1.6395870291232124;2.070212932828818;0.8195039588039326;-0.18503267296597575;-1.2172483456963057;-0.8556261552974547;-0.7775967464753335;2.6540004382240356;3.0223432525476297;2.512173073188229;0.2730036882815285;-0.8287119121915089;-0.9687798787302963;-0.4413332897822583;-0.8845042529857841
810;-0.24927777500662496;0.28826392806088214;0.17400633704471785;0.9851184958379987;1.0164919111958681;0.009259856620158994;-1.9427865309225518;-1.2902024453772059;0.21321972704328926;1.322736916072008;2.2629031956536436;1.1864379779410483;0.4821827417205403;-0.87874193274957;-1.0454902416485339;-0.5662213602045516;1.619875718640847;2.7166710593605985;3.1134986971310417;1.2189986883562578;-0.4950587574766945;-0.8402888268454725;-0.34379647704132;-0.7325881481633815
811;-0.33677514844701484;0.2574807851756226;-0.04581971628898382;0.8091727951899478;1.1798657845904617;0.6171330371523275;-1.3814074074552953;-1.504196808221668;-0.44001664107986416;0.9519890162767212;2.0832023319847717;1.5398859695890628;1.0626256295897405;-0.38350532781178764;-1.0947814288261515;-0.43976351976434624;0.24710427964235182;2.2151191964409174;3.30082860264509;2.0968895052062964;0.03228531180612504;-0.5710067859718376;-0.35349773233498966;-0.5581156698315117
812;-0.3038778662162667;0.13247926752691563;-0.12678087472702512;0.5366553612463622;1.1606803126895058;1.0504872393041613;-0.5578498669278427;-1.6143365645231524;-0.8750337145031718;0.5141967574966121;1.5901376898785802;1.8379670996828712;1.4653235792089954;0.21377597606287124;-0.9313826966271284;-0.4301585193105004;-1.1589410067833958;1.546452836746733;3.036130206791297;2.763039969961305;0.7396052898237151;-0.1971243920696887;-0.4083027142390991;-0.33626685032624604
813;-0.16633495024258724;-0.052479798903590016;-0.07488561156682523;0.21863715141431317;0.9876845890013619;1.2876761456745507;0.32364939600250736;-1.510043095436774;-1.014264090906197;-7.309715735462352e-05;0.9279798777399754;1.9853558206859119;1.6622585278409392;0.8349457442257168;-0.5482301253533388;-0.5017464364721678;-2.2416159592309888;0.7066011583697882;2.376949517357983;3.1061031992190693;1.5382531701881816;0.24061106039110755;-0.4070982555631708;-0.09112670678806353
814;0.04013515380870954;-0.2232593546841138;0.04681667052823127;-0.07771981722385207;0.7117280525591907;1.335324894897333;1.059173394269117;-1.1135872949771843;-0.8976947142715478;-0.554522530562238;0.2615410667121943;1.8751745460834073;1.6854745775688542;1.3842394967503828;-0.0018670286564704541;-0.5629675352710393;-2.7316374450025425;-0.2924721718417522;1.457814586960608;3.060034181284116;2.278678619401423;0.7154532972057215;-0.2590766472089928;0.11838070676171808
815;0.2745981633731754;-0.3020928545372985;0.15003183766506445;-0.28327110733521627;0.3917106417971538;1.2145583280087506;1.511345468928431;-0.4358843464929459;-0.6597609813912626;-1.0550999085457102;-0.2907380938439661;1.4506924372187298;1.594023041237699;1.7654792403638275;0.6106027310828263;-0.5057701650748607;-2.5594527892775893;-1.3665232164901187;0.44354032661111786;2.6121459373185743;2.7924508528690937;1.2122189061943878;0.071614108094154;0.24146454267147302
816;0.4973332852407775;-0.2453961916538927;0.16531200857290068;-0.3498471347959278;0.0815268588129995;0.9569381252649316;1.6409319442461865;0.40388176249275587;-0.4608197385012516;-1.3805588160086488;-0.6910900554537864;0.751959308274675;1.4300660473751436;1.9086135611743507;1.1819106946602076;-0.2557120730181526;-1.8844304517248358;-2.337302528765776;-0.5238090093819809;1.8090162873208588;2.9440615988164605;1.7064116362984711;0.5485601632526992;0.27734198947377053
817;0.6668406276750841;-0.0645798929716794;0.07670913521412084;-0.2723207878391619;-0.17696936366701144;0.6069885857924588;1.496135038579732;1.2088740785989136;-0.40853887477998846;-1.4412141779328;-0.9691809362337906;-0.08157626055637118;1.1910509958704276;1.7944669548891623;1.619034186286539;0.1903839553908154;-1.02374845951569;-2.9714058924665627;-1.3576817928004505;0.7571521724168304;2.6709533391853206;2.1409832010423613;1.079774338181665;0.28698941739910766
818;0.734822329635394;0.17887294935032322;-0.07084788702350087;-0.09692231547450157;-0.35450598091236063;0.22307681870726817;1.1726554220569327;1.7740267845647624;-0.5098249073819378;-1.232249205974746;-1.1743307752911096;-0.8581829395361195;0.8364362826048055;1.4632740284494035;1.856003499847448;0.7565804575670605;-0.3139115052571929;-3.071402452212932;-2.0238506823293356;-0.38856198449335944;1.997879574097371;2.4201140732130457;1.5562634765607508;0.364572372570773
819;0.649433506152137;0.3992612025928976;-0.1957680379845319;0.09255406259588161;-0.43259689000572;-0.1296470808427579;0.7688454726420504;1.9627468746178014;-0.6771077441302764;-0.8483735763500865;-1.325661961821054;-1.4087956395721293;0.32695946826032946;0.9988959273714767;1.8578441726596262;1.3126883693404903;0.02856185406594712;-2.5770113277141498;-2.507163356278704;-1.4528529630477143;1.0248862854744183;2.4303163333453734;1.8899144159825918;0.5832521953748809
820;0.3720593293586458;0.5189735377876489;-0.22365940925547784;0.20817601465333657;-0.4046773423002341;-0.3938050941639016;0.3573157675811558;1.7554909793816749;-0.7834094206798479;-0.447204083239803;-1.3922305173467027;-1.651814867243265;-0.32638345349156145;0.4938875679479159;1.6217973246722206;1.7195293205833126;-0.01838394723100286;-1.6209657995245301;-2.7736522684709435;-2.2797953861163065;-0.10098474818133864;2.0830513826244554;2.0316672220568655;0.9460524642663687
821;-0.09727426293367653;0.49187097342806707;-0.12854527206333033;0.19689885447625827;-0.2818941355257311;-0.5350920964458596;-0.01920542412214886;1.2490876336674959;-0.7350048212516918;-0.17782913936141617;-1.3153645906845577;-1.6148066274100585;-1.0348825535445514;0.01287773236814882;1.179042281433566;1.8742235524085136;-0.3036927992485373;-0.5016621884919962;-2.7581713038323823;-2.770246664757797;-1.2170625552938326;1.359466006037366;1.9653767482308242;1.3702773758966849
822;-0.6995824372276986;0.3098344481174016;0.04965519946260563;0.06579687182697717;-0.09944855807050884;-0.5501752287727397;-0.33508865190690373;0.6101524665428014;-0.5225185138113465;-0.11171608813460555;-1.0582772360132147;-1.4037362057243814;-1.647388887043212;-0.4253085436721861;0.5943364626145049;1.737712245027593;-0.6019035022765071;0.42455525022226825;-2.393029837605239;-2.900331016091576;-2.1707382387319862;0.33474337793096764;1.6886152220346613;1.7152896854035224
823;-1.3167955336754475;-0.00481273389797357;0.22030311462711283;-0.12096417334158702;0.08424553680155153;-0.46331676985923437;-0.5673336317727811;0.007428619851557239;-0.22466780449435864;-0.21312494313631872;-0.6500425013607062;-1.1390966488337722;-2.0058599573822886;-0.8359098532597288;-0.04222141992820147;1.3373568052027702;-0.7331436657216241;0.8857866560462709;-1.666192139177596;-2.7119992511504694;-2.837989993225643;-0.8313220771714295;1.1990155874021828;1.8395451127240183
824;-1.7988373247306908;-0.411210720162337;0.2821890215230285;-0.2742168685730824;0.20128751759435198;-0.3145639074147792;-0.6918492406716085;-0.444647070691856;0.03468436206425769;-0.3650884091640808;-0.19326580836671858;-0.8956574182002383;-2.01469948799507;-1.2334496381374194;-0.6342950287850123;0.7494916506019895;-0.6421091992617085;0.8047378501053938;-0.6742894384923899;-2.2813566562208436;-3.1376149382747194;-1.9348597509540282;0.49930732051036913;1.6575531068855045
825;-2.01103546488389;-0.8568800267107891;0.16878934057373507;-0.32622226948108096;0.19908559450564764;-0.1467385409655771;-0.6926931448708133;-0.7082865414764506;0.15102152579814118;-0.4366082439922203;0.17384295830657615;-0.678626580897869;-1.6872610774039158;-1.5956331877812147;-1.1047792712284763;0.07375463802416593;-0.40061697734191565;0.3229158907954215;0.36874434683216845;-1.6833857210284389;-3.042934073780353;-2.782815721429917;-0.38024361846609056;1.169203446696132
826;-1.8828257789280658;-1.277372772186757;-0.12273093406382685;-0.2679186000054279;0.06570219303437763;0.0024094972102220863;-0.5762188511303573;-0.8076607464305279;0.09068332561673892;-0.35421622894606886;0.3424207298556785;-0.44630985192746464;-1.143267557076138;-1.850662665644852;-1.4163157429608888;-0.5897038871997354;-0.14196824229562374;-0.2730942165075132;1.186885379008662;-0.9740599808404513;-2.5882343928476224;-3.240580376335352;-1.357345688341566;0.45074200220940813
827;-1.4354344631633067;-1.5947032433284558;-0.5306886517602988;-0.1568225005991875;-0.1587116482067578;0.10171820288271499;-0.3783598824948696;-0.7930502122786911;-0.09546186507166635;-0.1391371032895193;0.2887316182441897;-0.161385741671433;-0.5566761154382371;-1.90053040979182;-1.5751153926919683;-1.1550995075080925;0.02894634917516599;-0.686516049040036;1.5456560901381196;-0.19973468945850187;-1.864186637761706;-3.256647795286409;-2.2911148398762182;-0.38198869131919333
828;-0.7744750758450021;-1.7240914592001673;-0.9534796498938541;-0.08984664313914707;-0.39424824060256736;0.12607318035024173;-0.1578927311399233;-0.7074267252093797;-0.29916269710621823;0.1091366634750735;0.08804058130317688;0.16374621278732202;-0.08036232720577005;-1.6715635570096814;-1.6141758359069573;-1.5592489825306202;0.09708230634583251;-0.7398887049575386;1.3577795732544509;0.5751569982086209;-0.9987201769288435;-2.8608399553281796;-3.0053241092184697;-1.2142305669226605
829;-0.04954270709009009;-1.5942462358454685;-1.2852029916241283;-0.1534651347025112;-0.5553122171990112;0.059499778043175;0.022234317887994598;-0.5727832726954535;-0.40470576049794615;0.2722673493914996;-0.12318756723444008;0.4576602521078398;0.2134495587588427;-1.1653551191543983;-1.5641791427841478;-1.7667586267448816;0.1384887550039775;-0.4375444925660002;0.7360571159874914;1.2460338626180902;-0.12694862638485993;-2.143853237159716;-3.3370882718047903;-1.9551309248081459
830;0.6012321118716527;-1.176559329772622;-1.4452543385035694;-0.37585512636229773;-0.5914338088647779;-0.09636747552742753;0.11591540785947271;-0.39851766161931157;-0.3347668664705186;0.28172139639119265;-0.21722313909621657;0.624031321774197;0.3472041151832144;-0.4795431991737984;-1.4293060857138666;-1.7735200460941725;0.26643663249702493;0.0640736150547046;-0.03995546529431658;1.6761251123230576;0.6389377596874756;-1.2304912654385431;-3.191573516054097;-2.5357800807823327
831;1.096423180319192;-0.5094408918783688;-1.391592576746617;-0.7051749160891209;-0.5136058646372669;-0.3132291881446826;0.10664511283015496;-0.20013336218852967;-0.07211760557987859;0.15896414427414057;-0.13901440575075527;0.5992654735000386;0.40241039613556095;0.21791096822720568;-1.1843271889887894;-1.6061054769874745;0.5581669084965986;0.5553352712445033;-0.635142639479828;1.742362551753366;1.2271206959707037;-0.25610418139652413;-2.5782631549130683;-2.893199194730643
832;1.4263738833351272;0.29793145286815437;-1.1185134544143973;-1.0251337471068043;-0.390148824055514;-0.5352878260000464;0.007074975309836404;-0.011600451908614653;0.3464418532114963;0.006334132841790768;0.07091705985841557;0.39826801824881064;0.45796918232619965;0.7523336755538108;-0.7976914546201544;-1.313498740189483;1.0056300030863126;0.8849578031298816;-0.7990363421239974;1.4018817474142538;1.6045783685397046;0.650814919674504;-1.6121259455707002;-2.960194297219034
833;1.6333565437899111;1.0904166822080106;-0.6480578608851607;-1.2004142733319365;-0.3111515020368263;-0.6930511089478026;-0.1514849246203634;0.11913395338244137;0.8522602425260856;-0.044910830475643856;0.3065859395517735;0.11884050272236785;0.5396136332055746;1.0134264851459032;-0.26895290706346764;-0.9509642043001794;1.515717987709169;1.0254796033784306;-0.46908674262095323;0.7428358657776661;1.7615030885696443;1.381985520901041;-0.47929892132318364;-2.6761078433421983
834;1.7694646021337628;1.7140884315096578;-0.02478746174561644;-1.1302277910881686;-0.33776290271136217;-0.7297180336535564;-0.33148397101085414;0.14966842288277826;1.3661773006028408;0.09942672544822007;0.46173359096866734;-0.1009339670472033;0.6095308705107295;0.9976148441532375;0.34238329646050203;-0.5617932396301859;1.954634079244448;1.063111109322496;0.21230471866980466;-0.016400127554306865;1.6959104656443074;1.8612266906902704;0.6173234069858915;-2.0179007948354886
835;1.8554878208554018;2.0667176817488184;0.6830108335355164;-0.7856456002516637;-0.4624005067843563;-0.6284493591397576;-0.4964971193886413;0.06558847226379079;1.8085122068332378;0.45062762004939083;0.4926306264479949;-0.15014506536103084;0.6003318320762717;0.7997055490360898;0.9178658194283005;-0.16655616328208792;2.206416861422607;1.1252293391380142;0.9737448550533772;-0.5930216240651554;1.4127589148383608;2.054225666268369;1.5100607632866383;-1.0347369043644061
836;1.8625940692574938;2.1285260318851473;1.381336932187145;-0.2161088647224816;-0.6021873291574321;-0.42464739456854517;-0.612463747576228;-0.10827290785378531;2.0994421452672443;0.9321643976235274;0.44286805080858477;5.7878911027445246e-05;0.47062380140814186;0.5587973155992508;1.3171215437058024;0.23263261608406116;2.211362590215065;1.2912710575281547;1.5442491957039621;-0.7496019085085928;0.9414313080223206;1.972344054477853;2.097789232783656;0.1372036360350103
837;1.7261904989223908;1.958279434837079;1.9575152761082704;0.4733484496880509;-0.631817084540095;-0.19271109723910496;-0.647597131814093;-0.31487891763640113;2.1604864780580595;1.413529686532492;0.4164223982654939;0.2850419671746967;0.24641510969101954;0.3879380822672577;1.4362485190337362;0.6335709301397108;1.9670383148369774;1.5379170284072048;1.7709464433939828;-0.3993556830458288;0.36006197961590414;1.6669343380251285;2.350665705204834;1.2950821190498423
838;1.3844750471767773;1.6564400627776048;2.3021280385467544;1.1592489787137374;-0.44176307721863745;-0.009952104499491257;-0.5769659537240197;-0.4864909969464152;1.9272333150592713;1.7613383053303184;0.5145051325600031;0.5850056778891779;0.021097843141479646;0.32524496383872786;1.2583823598603674;1.0117666831349406;1.5005781039574542;1.746391427635284;1.6684647759385682;0.3458415389481877;-0.19500517235111495;1.2148926803603532;2.294879368367065;2.2223157042808936
839;0.8215405349350272;1.3137233188404231;2.341611461450345;1.7325540137751583;0.005870299866166662;0.08557356182815731;-0.3931314570830464;-0.5689010904757812;1.3738984865703963;1.8811838886365646;0.7716233462918917;0.79090254209634;-0.08829658368557158;0.33128878621068397;0.868242652489126;1.3101227817778038;0.8389045931494139;1.763313440294341;1.3809169069142797;1.213336554533634;-0.5530963571219174;0.7013013865357182;1.990517585546751;2.753562147031229
840;0.09261932077856644;0.9710157930550628;2.067453369848623;2.115422645722851;0.6510453121690487;0.12023771105507644;-0.11711442857954166;-0.5364694133389949;0.538619720983885;1.7339286544805272;1.126000605732264;0.8602204869069743;-0.0043323896641050685;0.330815685045724;0.41974530266638266;1.4515959336217417;0.0022062187772351333;1.4781307022828347;1.0833389588114941;1.8807596167130156;-0.5675654346126611;0.20673542025273958;1.5137445429701144;2.8238182359088952
841;-0.682129761056713;0.61077630018433;1.5453434114594284;2.261979065516555;1.3517545208572284;0.176290349747888;0.2000000838343021;-0.3929143881825213;-0.46700813352167225;1.3276792880161272;1.4399253784654262;0.831103963924915;0.2646932180261932;0.2716798666596234;0.07048826538686603;1.3732088526017276;-0.9730733784291337;0.8749500785990663;0.8791094390895222;2.1101243481668823;-0.186944785138218;-0.19698825967604958;0.9472249780373766;2.4808289406798276
842;-1.3537622619045904;0.18352256892469065;0.8952657480162196;2.152498994297429;1.934271420137386;0.3497351142566991;0.49136362035237013;-0.16166973366284132;-1.475337904368302;0.7001718556759522;1.5584405290360106;0.787710308442905;0.623075713289259;0.16470412115970162;-0.08465889257974714;1.065614848478584;-1.9993451216565932;0.0353830483047578;0.7481535845658118;1.8417329728602625;0.49746921699198565;-0.44606663512314015;0.37562079165920753;1.8576710283127784
843;-1.7951844606425293;-0.34560288576740117;0.248110896915348;1.7914699951437765;2.2537919792260412;0.6935224523017145;0.7016510074050559;0.12543457329671542;-2.3047291716666813;-0.09215934358173243;1.3754782334886895;0.7980249368813543;0.9324361979853655;0.0802788362320794;-0.04731091279219585;0.595536995453543;-2.921287197308711;-0.9012227333029872;0.5700475844756182;1.2038393352193637;1.259702627088781;-0.4877808972934924;-0.1196059915056902;1.1207316260024927
844;-1.9446045183242833;-0.9560400175587206;-0.3020991351434033;1.2129712381976256;2.2385353344719507;1.1750383319990563;0.8142505323870866;0.43419679138423006;-2.810334817232661;-0.9721126597926488;0.8752036719485563;0.8612382562710038;1.078127060471472;0.10369187530507831;0.09970403268560801;0.09424203028946423;-3.540116505431501;-1.7914493882803015;0.20450047976493907;0.4361632984041842;1.8109903536622798;-0.2947664520579329;-0.46931559122922484;0.4176326400383478
845;-1.8238610980295642;-1.5599305936450356;-0.7270335766309629;0.4873125981813105;1.9010085102457088;1.6719155916065844;0.8615380217815187;0.72827478591613;-2.9222348208955427;-1.833975497209793;0.13228657485504222;0.8962198196598546;1.0203031755279093;0.27607455544445897;0.2465360668243059;-0.28801312309270627;-3.67724602934668;-2.5241667742120777;-0.4178198550686286;-0.2315056452903241;1.9108409227037124;0.11101059230481092;-0.6282229646253601;-0.15418145608850067
846;-1.524984688129795;-2.0273956953326975;-1.0590304383558693;-0.28195018971166613;1.3177651948979456;2.0119514971172565;0.9080352331751087;0.969017020899551;-2.655724343755275;-2.544921062763785;-0.7223474883103392;0.7791047406057376;0.8019328152669448;0.5568577889949775;0.3183349051769605;-0.442568457541142;-3.249874554925418;-3.025215980567924;-1.24337869475202;-0.6829937917316876;1.4686786383183512;0.637449766744648;-0.5842970239074421;-0.5510790456505547
847;-1.1716344682471602;-2.2379326494729153;-1.3547092296180654;-0.9776292176901936;0.5935501458635766;2.040657251462761;1.0108777267832272;1.120916329405952;-2.092758092590055;-2.9663037850403886;-1.5475138611777235;0.41024734312615274;0.5113162675992827;0.8314910454064874;0.31047162743082024;-0.34860569569807887;-2.3193180321453553;-3.239850113818093;-2.107722794164831;-0.9506010361283221;0.586755046228018;1.123365321019401;-0.3621891675388131;-0.7669380496441796
848;-0.8715680778954864;-2.133221630849003;-1.6467955317745975;-1.5014955683902194;-0.1703170351822002;1.6855401887606516;1.1767142369393304;1.163385390623985;-1.3473349188467794;-2.992470257663756;-2.225597689353647;-0.22541146243170923;0.22308552705823942;0.9620197696108777;0.27836945527014445;-0.08080643565472156;-1.0834264781610337;-3.1171921879985205;-2.800641481346323;-1.1678107793279655;-0.47966140427669024;1.3741914544668046;-0.020133728523472574;-0.8127915966205493
849;-0.678613152541997;-1.745510820116477;-1.9109361853249338;-1.8056037958850124;-0.8909518450692075;0.987449797784791;1.3398017930817103;1.102209988103926;-0.5330532496040098;-2.5910915964544934;-2.6730376646480942;-1.0364390054247874;-0.046268869235309575;0.8532652323684096;0.28986615771079716;0.22686695988489186;0.18791316330324792;-2.6174521209527746;-3.1474461876840816;-1.47000067552187;-1.4290364445874486;1.2281719307921106;0.357507749104253;-0.7060532720769586
850;-0.5776911580962201;-1.187518362629577;-2.067064366434756;-1.905060942855767;-1.502991498044564;0.08557274893757164;1.377918887909366;0.970606283393112;0.25434221031391635;-1.824100951087421;-2.8334822970010523;-1.8520701757450106;-0.3414844531086149;0.49830033757933845;0.3698170497175661;0.44362058198175824;1.2458060917241016;-1.7436493716838832;-3.0656176132278934;-1.8992219601556743;-2.037645224110961;0.6289955146009898;0.6701056512824707;-0.4732612070846075
851;-0.4970559270721718;-0.6082463856236587;-2.0165911672417223;-1.8626759399563895;-1.9523971712903563;-0.8348206411178194;1.1638406086544637;0.813994788500638;0.9385740729528302;-0.8358848117289965;-2.6699547006363122;-2.4832313497417653;-0.7282541933723456;-0.021155476967878575;0.47114533649013307;0.49866433639816177;1.9410025359269858;-0.5781183127116951;-2.5748708903568445;-2.3643504005064733;-2.241793852302777;-0.3300146190568057;0.8138040519244348;-0.15992759790782093
852;-0.3419659632490164;-0.13494607969725586;-1.6969945791335468;-1.7509303622822112;-2.1965046807481987;-1.605957718081613;0.6302331384896902;0.6629039234612055;1.4581157128690505;0.18859102582605564;-2.169705654859091;-2.786433812053889;-1.2335607006468805;-0.5780037308524978;0.4911385476647986;0.4034800959633113;2.253645283859153;0.7051535245401361;-1.766853101965464;-2.6762917664824504;-2.139714400919952;-1.4182373606143948;0.7006458289935141;0.16369111629674643
853;-0.03691725078347606;0.17283748300020013;-1.124972653234794;-1.6104729808050475;-2.2139892118808975;-2.123906442199044;-0.18387759326081785;0.5085302050140794;1.7667110363690124;1.0778842575635033;-1.3624854733964324;-2.7017031896044155;-1.8025042253313155;-1.0607624089556302;0.32536775867992973;0.22946523693459503;2.2658079284243064;1.871266016525929;-0.7609394454721857;-2.6375745417206313;-1.9154697898574844;-2.340758216288293;0.28482648099157326;0.4091916753332911
854;0.4387669661827677;0.33780501403036645;-0.404119425496102;-1.4282511755711553;-2.0178905227790365;-2.3610367393102853;-1.1302138548749867;0.2980978330757056;1.843588831584823;1.7171422700193837;-0.33908747692891666;-2.252989617928507;-2.298690719912267;-1.4173501927993923;-0.07055662027270374;0.055537190267979014;2.097610803259954;2.693052236068241;0.32603534234660736;-2.138534610717951;-1.7268793818410797;-2.845921476563329;-0.4092725293727651;0.48948160937686597
855;1.034522210183837;0.44363935662811943;0.30918180562522235;-1.1490875428777416;-1.6594490940124675;-2.3468831959542493;-1.9966401554452167;-0.04115073542190055;1.7070110601957311;2.0640724072387013;0.7479755800562587;-1.5206059766538922;-2.551037376027254;-1.658215824935564;-0.6462840445428021;-0.08314378755450788;1.8436479381136075;3.0286934893815607;1.3843655326856465;-1.2119881126339678;-1.6170643256890267;-2.8207484938716076;-1.2699852942333996;0.344167427277632
856;1.6372777201727664;0.5893160986180241;0.8665186137801615;-0.7163132280934992;-1.2144997908202946;-2.134752090890972;-2.5817885367771853;-0.5564367422725145;1.4183602771557688;2.136890577352364;1.7119900609809924;-0.6076227772061897;-2.424303234390696;-1.8202955667691805;-1.269112492670384;-0.2151889383547877;1.5414239384209694;2.8706685987350276;2.3001111283502897;-0.023033593802732483;-1.4954664970348868;-2.3291849729122918;-2.1072640071062483;-0.03892871393516591
857;2.1028916164138924;0.8397929546171898;1.1858563291017785;-0.11992484583630621;-0.755405766756293;-1.7747993831038429;-2.7653560950528946;-1.2242842537774714;1.067175719532315;1.9871526620727904;2.3819373004824214;0.3804500823862656;-1.878157049832839;-1.9168019308910123;-1.777317136966965;-0.4098129395396176;1.1819141328954479;2.3408151842657388;2.9497446640035356;1.1948160355618245;-1.1966596307278214;-1.5733790642838745;-2.695597128503197;-0.6135825146933478
858;2.3000858088462808;1.1935425613617263;1.2794852474094802;0.5753439766395989;-0.3226478491637709;-1.3055586531210353;-2.5430156039566088;-1.931892906595569;0.7390903001290833;1.6749781463165643;2.6544596667967477;1.337571322863115;-0.9866053358123354;-1.9061511718556565;-2.0458585443824093;-0.7237722698138411;0.7476923513927447;1.633355997474762;3.217904171982337;2.220991678520518;-0.5841498117963884;-0.795459217457175;-2.843487968665063;-1.2788370432264544
859;2.152134436368051;1.5786799694132045;1.238479301618938;1.2404370610127684;0.08665887191134312;-0.761686562579774;-2.0129281563136905;-2.5008985858740336;0.48119799624371995;1.2577971542605937;2.523953923466175;2.1510437033326837;0.08876053968969953;-1.7017142905694906;-2.0300278606453426;-1.1495359796051194;0.2504983037531394;0.9342782062370119;3.0370170350148666;2.9075873333829256;0.3565441856389586;-0.16750894176928124;-2.465308523013924;-1.8950374456967967
860;1.6620274420514165;1.877176203864398;1.1819579631577293;1.7291117394002686;0.5040666852174632;-0.18534661782198783;-1.3246107598682135;-2.748601569318387;0.28427656857670025;0.7916253295398981;2.0767015100258672;2.7040874753512782;1.154861228118819;-1.2195320569411705;-1.766274320215899;-1.5960059112341112;-0.2557281233265525;0.3564806558659353;2.4282879796930152;3.196439948712932;1.4843551342979824;0.2758288408342101;-1.6233866466131421;-2.309324435797007
861;0.9125551233065999;1.966322693350001;1.196112699783161;1.939672456733807;0.954938508489088;0.3716945478525784;-0.6177362202641161;-2.561242165919317;0.09414727757004471;0.3345741416021373;1.4527321037170837;2.8970721180792864;2.0436533361362508;-0.43810970996884757;-1.3344050508766765;-1.9153933613900986;-0.6926583358764035;-0.08031768911790423;1.5166129340893433;3.099044936537327;2.545486198455886;0.6290196888036826;-0.5160125524194659;-2.3877429181903382
862;0.041924127545742824;1.7618111364095126;1.2918907516805;1.8599382269332645;1.4229683645706241;0.8592235590264568;0.020077181156185443;-1.945180050512564;-0.1514994350010931;-0.057956851543761796;0.7945628704928771;2.682272495298291;2.6450194758797085;0.563765852821489;-0.8068782881770961;-1.9642182458352584;-0.9931207265662068;-0.4213602365454008;0.5029136442475169;2.663406945571661;3.2701312344401137;1.037496120159505;0.5904018686145773;-2.050133346218321
863;-0.7954026495517583;1.2481345842238825;1.4001553444632684;1.5714645586077425;1.8365914946036725;1.2454500273295;0.560930314339821;-1.0305289569457563;-0.47997091630459193;-0.3484170359228821;0.20639056790578142;2.0938931218523553;2.909171005749803;1.6140539450620213;-0.21663972448738902;-1.6673301627353452;-1.131756778727349;-0.7224597983109617;-0.39963743506158744;1.9527906528097054;3.475059699156029;1.5920839630483894;1.4594837052120033;-1.3006552479991427
864;-1.4678386556553746;0.4876900189966208;1.404836040524624;1.2095250247805893;2.0892652147565167;1.5262561900447038;1.0141528646858906;-0.024136615217881754;-0.8585434556828025;-0.5336834849578979;-0.2611238376671505;1.253068688322042;2.82984803846223;2.4983480659512427;0.4380495077534668;-1.0520856681013049;-1.1331887778467136;-1.0031471213601364;-1.0376850630278924;1.0462030188933487;3.124635484174066;2.2529324441872074;1.9701667902525302;-0.2429037315808481
865;-1.8922332202584071;-0.3927870522774729;1.1974157333010997;0.8981895260004528;2.0866624825544524;1.7176957144159768;1.3929627309623938;0.8666797798379198;-1.2029022499316862;-0.649222070929969;-0.6008189414013005;0.33870475862799976;2.4276975082063985;3.0308369035856115;1.156999854491389;-0.23617829052962436;-1.055056637947931;-1.2329593427125156;-1.3636450551438644;0.05078492636377535;2.327384625909943;2.8446285827124163;2.148701785450356;0.9317739376736717
866;-2.039438654187349;-1.2333513314993816;0.728024628742042;0.6928715344128443;1.7970962504299177;1.8342615054524325;1.691741526754087;1.5044685128356292;-1.415637526754304;-0.7523616101204676;-0.8269780656854621;-0.4668971090949864;1.7473659671833672;3.112391180269127;1.8950460563186549;0.6223621768235247;-0.9579804149243714;-1.354631821198579;-1.4338159051658053;-0.8944126784378035;1.2788091837561673;3.1270624057059937;2.1311683466665547;1.9875228186647045
867;-1.923010627992107;-1.880109226889354;0.03215232603253311;0.5590349707761734;1.277079207617151;1.8667194545991337;1.8850423530952805;1.8550937437211408;-1.4337278384798438;-0.8892948879862855;-0.9574657027709094;-1.0344291704251103;0.8672096046221021;2.7515948710312044;2.5426817234147725;1.3850336641866117;-0.8800057588580976;-1.3259203288883472;-1.361929103878692;-1.6386218168417457;0.18520681158718155;2.9072481624376554;2.074659540076268;2.7104693081089977
868;-1.5813099132928043;-2.2215701426381633;-0.7756779241315994;0.39736383926493474;0.6553332730579762;1.7761590215346024;1.9441066677069552;1.9730193652409673;-1.2581367953475986;-1.0628311715373044;-1.0087398362205033;-1.3209331331193526;-0.09239339882063888;2.0451466680418084;2.947196725210127;1.9715042103439042;-0.8272143264254441;-1.152290103202808;-1.25448284423922;-2.0615602077435553;-0.7939226467347488;2.1363667795105368;2.062359497175213;2.976272198919797
869;-1.064336812360104;-2.2122921088932457;-1.5357818866962283;0.10233427745622317;0.08029214431964478;1.512423396778673;1.8561750628892153;1.9514450131221812;-0.9486777978763639;-1.2209075131740421;-1.0005542068466253;-1.3668067428774795;-0.9783594747774487;1.1341316810489215;2.9676741004453873;2.360350794280978;-0.7802915857758941;-0.8903224803493758;-1.162220874820234;-2.1179323495898075;-1.5646285723314073;0.9443693519218849;2.0524517692030813;2.790257348571457
870;-0.43119151127835154;-1.8779487095797769;-2.089749535140152;-0.37512670929939596;-0.34356544072204087;1.0497087159235106;1.632269425084362;1.8662454173180447;-0.5876552756289869;-1.276149270314249;-0.9595271777190112;-1.261602644407702;-1.6378372202998503;0.16109677299011518;2.5372286384885445;2.5582547070836292;-0.7076533926288959;-0.62061267140344;-1.0708938374485348;-1.858393201996816;-2.083415125225873;-0.4034294987909354;1.8993901401441493;2.2790110855271997
871;0.24463166180290122;-1.30173961826896;-2.322687764275897;-0.9913851847151846;-0.5978412310298461;0.4192813900638293;1.2991350640275874;1.7423175131905695;-0.23447420806040248;-1.149179442552871;-0.9125710009620976;-1.0983357327576164;-1.9645577791629694;-0.7537713540455715;1.7007626609492816;2.5620852925551283;-0.575159922626307;-0.40713190597550064;-0.9310074380673476;-1.4113722819354977;-2.3310427312326536;-1.604755334666581;1.4387114739440832;1.6325115511065422
872;0.8715847574588478;-0.5980627693209869;-2.1893498859884257;-1.6169668052718653;-0.7482868071911761;-0.2823953845018484;0.8832617603908801;1.5556948378302813;0.10096283363497445;-0.8133151126941867;-0.8708556620278364;-0.9388264698310549;-1.9367772271384966;-1.5150120574580097;0.6088691938750328;2.34104666952433;-0.34969799502766163;-0.26682974716696023;-0.7044957258958748;-0.9311252259927738;-2.298783178029665;-2.4259082954285502;0.5925347981755635;1.0202024544228265
873;1.3478891428089166;0.11669183896315521;-1.7198966941208147;-2.0822834557754657;-0.8990446005052617;-0.9200020606148306;0.40081082221463915;1.2641255342922102;0.4494799661017981;-0.31544545877560703;-0.8152436772425234;-0.8030969247650447;-1.6258644836828897;-2.0448505326512536;-0.5290702647057732;1.8523034117195134;-0.0023751505505814063;-0.16562819191804404;-0.3985460720920956;-0.5365691387413347;-1.9962030754573004;-2.76740031618732;-0.5596311439603251;0.5200063656363545
874;1.584058004645782;0.7463483439279774;-1.0076740920899308;-2.2405673022514945;-1.126497438944897;-1.3706718953106463;-0.13722085019615715;0.8445435711880431;0.843616507761076;0.2399949527645067;-0.69698130198421;-0.6807273720008427;-1.1682030085313662;-2.2826668563246257;-1.5098310538551423;1.0817321741551036;0.4806948607410068;-0.040756153235175036;-0.06683482383878131;-0.2711780235617441;-1.4706123162166027;-2.6668592820328527;-1.7839753418715896;0.09617306468027739
875;1.5332374155535737;1.2244835357477162;-0.18502304481664217;-2.020623811779659;-1.427317528335723;-1.5749588768434197;-0.7071314566747254;0.3152907875620973;1.2728168185161814;0.7363472169237623;-0.4597335189126181;-0.5508660834713939;-0.7118232277099816;-2.1985576281809296;-2.19013370833756;0.08467141618994961;1.0786630640057204;0.16495516791562448;0.2206241892331922;-0.10278687713791869;-0.8177242910050766;-2.2493394510225375;-2.7717027897795616;-0.3606861617059693
876;1.214909024177258;1.5122329411919038;0.6060076673019843;-1.4493694138424444;-1.7083475800369003;-1.5597180913533717;-1.2555087918641938;-0.26705525266050567;1.6622495401289716;1.0945361258732218;-0.07500015425535472;-0.3964984981258254;-0.3622402277562103;-1.8144158623409665;-2.509353402439448;-1.0003813357340328;1.7169664339558572;0.47538992697765586;0.4188454825332095;0.03983761750204437;-0.1675666952479677;-1.6588207889113296;-3.2584736573164936;-0.9498855170919144
877;0.7174867428346019;1.5909436755300497;1.241733216811066;-0.6393565170513712;-1.824583335478748;-1.4186041865085588;-1.6988771485857022;-0.8301554788274565;1.8918293245297013;1.2994484466301501;0.42831596090760893;-0.20690121651350746;-0.15186319984628854;-1.2160288628038143;-2.479604326606936;-1.9781875344827626;2.26551683898712;0.8715784123443452;0.5343373695347627;0.2165098387114614;0.35399577178742553;-1.007487256966653;-3.127849547353957;-1.676487492830272
878;0.17390724275560018;1.457789812992929;1.6383125361978788;0.24874493913742388;-1.6471089792043598;-1.2585270911396669;-1.9467467781525296;-1.3112325125687778;1.848472104973776;1.3884333986103443;0.959684933552376;0.02685342462584897;-0.04438014144043423;-0.5411982021539748;-2.1578816043752056;-2.6546122999896338;2.5659967555571472;1.299446357778588;0.6204244812825117;0.44014018914458475;0.6704450827614168;-0.3623087531791321;-2.4512369459635623;-2.4133440034214932
879;-0.28248542637081026;1.1288566810482707;1.7625809638587917;1.0512068255510847;-1.128084183691428;-1.1397704032750955;-1.9395416532393341;-1.670001372283734;1.4842039548460062;1.4100139740338877;1.3951561281500635;0.312972309402029;0.03257005386127601;0.05845551865965419;-1.62006214335098;-2.9001044058515975;2.4848982246734317;1.6852342477895073;0.7441713329640376;0.6744854867664115;0.7818958931817692;0.23657627476960558;-1.4489719754875416;-2.9347123908193278
880;-0.563615954583808;0.6474143241183237;1.6304913955505078;1.637969418995022;-0.3320263807993877;-1.042387014161369;-1.6809972224992216;-1.8848164680798751;0.8477748191336437;1.379165337568491;1.6265233569371558;0.6500004646813013;0.14603621195839014;0.46812570814760157;-0.9490478923919609;-2.6899900306026314;1.971245959775922;1.9488259922920241;0.9440746675347038;0.8627495435678304;0.7581398378639933;0.7489350277631182;-0.39557805455794726;-3.0104783951926386
881;-0.653502566681345;0.08926754345617711;1.2948482062794453;1.932904487190803;0.5802099316258043;-0.8785171264265326;-1.2443856947352976;-1.940205998245238;0.07126807102639383;1.2582655027712824;1.6064176001524777;1.0113738336282887;0.32835758151431915;0.6494078664423498;-0.23547921928320353;-2.1049566890106544;1.0895643202665082;2.012428953947298;1.2021388510600723;0.9665677397935454;0.6997976561644581;1.1231606060798922;0.48314298127534894;-2.517302492426648
882;-0.6039881949388441;-0.4438221084354465;0.827511328336104;1.9179254726172283;1.4057173166035069;-0.5459765010349467;-0.7448184427699084;-1.8196397150451475;-0.6819361022684785;0.9778240294559797;1.3646751627103213;1.3357089874879986;0.5703027113090297;0.6487521683942797;0.42101534333066754;-1.2951146113989749;0.006963694701580259;1.80981951799596;1.444725446569596;0.9899227137184023;0.6877999802138073;1.3101902262383267;1.07451230224549;-1.5115483074821703
883;-0.5019452490493961;-0.8462548815335291;0.3029347613022857;1.6260881720595943;1.966595175052151;0.0041052695267247835;-0.289164214011213;-1.512475445312034;-1.2800590352088708;0.48681014181468574;0.9865288187041027;1.5352921250316567;0.833287065772954;0.5696994981344363;0.92225722018074;-0.42751681962654264;-1.064271898067419;1.3027633325364159;1.570165423329935;0.973072455846944;0.7476912647601607;1.2924885717602843;1.3824764460154912;-0.22560527023575785
884;-0.42437822680777143;-1.0406468936702633;-0.21161847296578606;1.1290323646110971;2.161538225045277;0.7213123885696372;0.07048575590614412;-1.0321021187000412;-1.6635184497590885;-0.1967859574981149;0.5649062599897163;1.5254505272535566;1.0680470393490178;0.5220937144550086;1.1960110736551792;0.3585578359397321;-1.942535155040037;0.5043361794088116;1.4876782507328552;0.9607471705241415;0.8462234907660341;1.106100700353628;1.480838642214989;1.01376771513868
885;-0.4034382146774874;-1.0063720875969713;-0.6582249259614612;0.5217532089898523;1.9843888607410862;1.457024664923672;0.35356325786114223;-0.4317500326104406;-1.8439044413593468;-0.9668277019830065;0.15454518329042516;1.263325405831239;1.2276979685495242;0.5727082848176928;1.2239619920660871;0.97296347648298;-2.5331605304255422;-0.5014482959575477;1.1489972486023903;0.9649205703685385;0.9189173414713256;0.8370263926866804;1.4503859566208839;1.9081321836846528
886;-0.4176879855699818;-0.7897537552075871;-0.9867576670043995;-0.09420898793986214;1.509134298428396;2.0142582851942663;0.6268429969182336;0.1970110259077057;-1.8668613391583175;-1.65642189170555;-0.24495953972723294;0.7753993757703607;1.271479194324418;0.7198418584178106;1.0556828735168802;1.3724341977312067;-2.83642623763107;-1.5596345721618694;0.5615617618239259;0.9459147858528247;0.9100151765535895;0.5890668289056111;1.3364530244439619;2.2944315350907907
887;-0.4120495869118464;-0.4879830083905332;-1.1559055660568391;-0.6278559933948479;0.854865462773224;2.2235317481266326;0.9509453446194099;0.7485776048740396;-1.7653931410937356;-2.100666882778771;-0.6670829453174785;0.15601747767055285;1.164762257134673;0.9010011377285018;0.7955280891999358;1.5467665688875818;-2.9055216917798248;-2.4742518105088602;-0.21602688506850765;0.8248219268782275;0.8006668193899786;0.4385597080444467;1.145557070639788;2.1887576080742224
888;-0.33417044532443196;-0.21122516112111767;-1.1408407061331138;-1.0131676087802488;0.14887150049862377;2.009573749005667;1.3267633257475728;1.1410028258720255;-1.5346640619863847;-2.2029593406595294;-1.1310259916901906;-0.4661704566499073;0.8840384780277645;1.0258475160763647;0.5632712967311039;1.507898590480953;-2.7822806332062595;-3.0631623071532275;-1.0875162545468244;0.5220543504173564;0.6101689726115352;0.40053203394772363;0.8736717838835532;1.7517167551338269
889;-0.1672248967360846;-0.038887463989459234;-0.9458451234123926;-1.2170978301956867;-0.49902752354229934;1.4192161444419846;1.6731246217972238;1.3469217501553006;-1.1447255338931155;-1.9702636090654257;-1.5993281498166014;-0.9784719850505376;0.4303347121685832;1.0156342447910918;0.4445837654705496;1.2887797131703809;-2.452931383666417;-3.216452920880652;-1.9329156708528354;0.0021215690867192327;0.3727010131944699;0.425114353967467;0.5402268053081468;1.1989024607409458
890;0.057743459502675745;0.009808947475356836;-0.6143195646752844;-1.2389072028325774;-1.0076707660963782;0.6005840318420543;1.8515338945812987;1.3986530732884488;-0.5826106009934814;-1.4997101813257692;-1.9694155666826305;-1.3248106204780212;-0.1551325976525383;0.8307015202150909;0.45483996636107465;0.9476169576983131;-1.8554829524440477;-2.9305203824841084;-2.620863494499537;-0.6982869755389808;0.10731460617958993;0.426101049732124;0.20116075106724493;0.7044111873495499
891;0.2750702707162811;-0.023126109084415907;-0.22677186086558285;-1.1022342289321208;-1.3261099463422206;-0.25325933388039346;1.7287751753124574;1.3619123234533845;0.10485617448698598;-0.9258855599330759;-2.1090446019625153;-1.5145539560582941;-0.7857052760916062;0.4775089530677401;0.5344213581686507;0.5662768216882386;-0.9392226211582813;-2.2994689341466445;-3.0240527724661987;-1.4722370272949887;-0.19730797296778896;0.32562584756182283;-0.06965172525444993;0.3436273973827518
892;0.41476824185246436;-0.062166547496158416;0.11820678352866593;-0.8446996725535497;-1.4325325515947764;-0.9686149828094673;1.2470659054776692;1.2911413841479107;0.7988430453595623;-0.35948650779783065;-1.9194839483769943;-1.5950538456997347;-1.344554285336863;-0.000957174433902877;0.578278610942625;0.23418713717356054;0.25743481465997686;-1.4672376154892013;-3.042666187417461;-2.172046943869218;-0.5716308272485102;0.09072333755544158;-0.21936858364809536;0.09619832612306549
893;0.43324123508466517;-0.0407278029308614;0.33590989735236615;-0.5104152936275841;-1.3341799344881609;-1.436332180238156;0.46599319326867017;1.1919588440305997;1.3412078499602789;0.14878431065709066;-1.3924084973967477;-1.6049436314942067;-1.7193849021538679;-0.5404664784127157;0.48550005527819;0.01942376016147747;1.5611922677605126;-0.5659337990028233;-2.6337861969068803;-2.6513263012492825;-1.0330368847728673;-0.2563769823312584;-0.25024941220057684;-0.1036652296771488
894;0.329279226541244;0.06310003047413797;0.38754644500805235;-0.1477123825133743;-1.0668164042524748;-1.6242073600494198;-0.44619819932017313;1.014402217924482;1.5994243283103475;0.6018190980110081;-0.6278086941391332;-1.537534844563299;-1.8422417052091902;-1.067164194951682;0.2053431790186765;-0.06016972365561359;2.688134863662142;0.3255002459903874;-1.8354184037101815;-2.8016769046081524;-1.5520222026993755;-0.6561706835742379;-0.22568553438380068;-0.30583457360826916
895;0.13969900361485812;0.21542229566375543;0.29644581841929174;0.19044882200121543;-0.6898319741559243;-1.5605673581755108;-1.2693382100235215;0.6843591472896466;1.5299988290905326;1.0163025521192037;0.19936744777375057;-1.3386682184355039;-1.7137737148132346;-1.5037561127285373;-0.24066803432697972;-0.048803399028612665;3.3391187636221824;1.179586878609485;-0.7698542722887922;-2.5729944932774704;-2.038626938444631;-1.0437046148773188;-0.24167510514965554;-0.5091658592336561
896;-0.07951766997728517;0.34505914365972856;0.13818454409316064;0.4490992195103866;-0.2749215298415082;-1.3051129980189677;-1.8100231896448895;0.15847262206215573;1.204403900758454;1.3788324659500604;0.9080334967219371;-0.9431447032307304;-1.3973117842456375;-1.7755461675300568;-0.7678344394542059;-0.03690448123701072;3.3259093818265306;1.9790985363537732;0.38249779087691593;-1.976970055193525;-2.360417625464828;-1.3734460286067802;-0.3779008488542832;-0.6698511209606666
897;-0.27402263126721116;0.3814875238776406;0.006667402154118082;0.5813500668241225;0.10926417022768495;-0.9242866414946531;-1.966576934937305;-0.5275196204817524;0.7802385972226719;1.6291734288746682;1.3798450051025974;-0.3298561919862713;-0.9841555770960256;-1.8225179710254191;-1.2605004229422676;-0.12105913367311798;2.665267088593735;2.6658182041666376;1.4329917815068802;-1.0806013824247025;-2.386247963334208;-1.6229893731550777;-0.6547713328205822;-0.7421992216162262
898;-0.40283336940105735;0.29236745285750415;-0.02905599831028413;0.5647894684629436;0.41072316391908287;-0.48015310869312955;-1.7531653782481778;-1.2462333343953813;0.42980365462564907;1.6842257723314635;1.5930834891647994;0.4376763699283943;-0.5484687275724882;-1.6176271179045933;-1.6102020747502273;-0.356889884060123;1.589002842276345;3.1181949490847667;2.237997385544076;0.0035428830624772423;-2.036245575513266;-1.7766034561278095;-1.0194483489389612;-0.7214290857675536
899;-0.4381347441553254;0.10180378235825564;0.043609377370273275;0.41644448705832215;0.6006707546484216;-0.030632015150759313;-1.277256272133057;-1.8136756827913767;0.26193948477013895;1.4898008984283748;1.6066429460715828;1.2127787684543536;-0.11748720818084812;-1.183166366984184;-1.7435992173768304;-0.7273267954997132;0.45811679965972674;3.18220609496479;2.7306719722592936;1.1290393781490122;-1.3155227629776567;-1.8036090773775832;-1.3674029718052196;-0.6583304806276323
900;-0.3593216474867819;-0.11881768939159054;0.17702419527739927;0.19572504563845478;0.671953221640238;0.3679144151765077;-0.6867723904946373;-2.0586762931097433;0.27728056034148596;1.0680997602462141;1.5074581718156237;1.813876213568827;0.32512385609695865;-0.5932983296950073;-1.633012658378255;-1.1422031310689191;-0.3821802774634424;2.7477782697585678;2.9164366544256675;2.1331530261981126;-0.31789869673615234;-1.6505582044967928;-1.5865159028855318;-0.6344273808133006
901;-0.1513345442522348;-0.2813225586059259;0.2900158278791488;-0.011348299354611888;0.6330591274052877;0.6638197649473445;-0.11484048239512432;-1.8945301834576171;0.3793976912146659;0.5288852807398029;1.35455185388437;2.0974798538728936;0.8043702243287412;0.04429435567680645;-1.2927163659696541;-1.4700906852152653;-0.7387071591599869;1.8317894883671288;2.837467139130234;2.863634015674029;0.7993194365481444;-1.2576971252896783;-1.5996527961733735;-0.7115794003389918
902;0.18655253510177164;-0.3164449457598297;0.31203715268761933;-0.1237872860696098;0.5034121555718979;0.8203429205141972;0.3538258913923804;-1.3582292007357837;0.4344228442578976;0.03226771687143526;1.1528081851591647;2.018509042555464;1.3089761895526637;0.6230935164121312;-0.7694621458839104;-1.5878978283665306;-0.6337180556206212;0.6172326872376952;2.5300706851303265;3.211658190950702;1.8562556691433794;-0.5944703564979871;-1.3849891050489715;-0.8864131765399197
903;0.6245079228998597;-0.19787328113326497;0.22235587410861063;-0.10015989750384657;0.3130530921137552;0.8272782111399857;0.6862210204120696;-0.598263510400035;0.3462685413289272;-0.2806177190442335;0.8699175985114904;1.6460164123748475;1.7659582197830996;1.0729844960589987;-0.13385323960250486;-1.4261218125798252;-0.2683297149884091;-0.5844128398167795;2.0038055249104034;3.139820219947071;2.6902717072129336;0.3045256812514042;-0.9682717371712979;-1.0779746942852222
904;1.0898425894446797;0.05405947533060593;0.06399807658370568;0.04141008083569252;0.10453561158316409;0.7058523688681886;0.8824311128452851;0.18274230432658728;0.10738305510537427;-0.35268854618109324;0.4826412679516532;1.1260760549982944;2.054747652700711;1.3773011209098862;0.5269029193487382;-0.991319876083014;0.09074946399492292;-1.441571500644433;1.2580017138271626;2.691387691947028;3.1831685211749554;1.3245719243715999;-0.39806614312348354;-1.1581081059475222
905;1.4715400464484907;0.3860895709686742;-0.07502622879007079;0.23013584604880513;-0.06905660375991611;0.5024980130010273;0.9528223877182064;0.8028420109934956;-0.20042876961433637;-0.23577695230747775;0.02010622473490481;0.6122112934406347;2.0582510041255304;1.5615393197230512;1.1190300534107636;-0.35953093498256083;0.2409325958359761;-1.7357953898050218;0.3265238196410033;1.9733968043574373;3.2735486345727236;2.288784147906377;0.2764606667299776;-1.00974607464349
906;1.6472515106545211;0.7320093842424823;-0.10395379444667976;0.3757908969730358;-0.15511657877001872;0.2739317290815872;0.90626824478214;1.1587843191420246;-0.4529427290735646;-0.060489542936793705;-0.426570223080793;0.20089442434216234;1.7253344080685236;1.659766727618116;1.558395138694223;0.3521093461373601;0.12535695787437234;-1.4557288345928932;-0.6801155791411463;1.1192041751133146;2.958872508537335;3.0045239751531594;1.0102570645353863;-0.5828139708352332
907;1.5257597890383585;1.0274820896004484;0.026080354094746842;0.413398955401646;-0.12063616941220952;0.07103640825898133;0.7536690469800237;1.2440260314302667;-0.5509203114926673;0.03354989508079599;-0.7382824551606617;-0.09452420992567583;1.1097924391986824;1.6789879819213325;1.790445177459156;1.0205556969171807;-0.16873920701327355;-0.8029954181990888;-1.5704584891410207;0.2480625927458912;2.292451317838732;3.319660799502301;1.7487891455524522;0.08055758526918655
908;1.0870776628690362;1.2150780529183765;0.2966777077791019;0.3369232748523179;0.02900139082486669;-0.07108151661846326;0.519388906170763;1.1252135535557806;-0.47160094594064916;-0.03029154240756192;-0.8280606423849426;-0.32109633605832777;0.36134213067625315;1.584726936602321;1.8051690008863581;1.5448414180815082;-0.48408306561904846;-0.10342441112789236;-2.122649554883055;-0.5581245884251634;1.3765872618000412;3.1658009715604325;2.4096679226195654;0.8621933445686857
909;0.4000745237039024;1.2437672492491405;0.6273562979411089;0.20355008506062078;0.24361305015063078;-0.1344443837655553;0.24823556828801757;0.8957115936515433;-0.2787788444747261;-0.22997545812436626;-0.6922650790039668;-0.5327235784925798;-0.33051312699315394;1.3197652448906556;1.6372851919524107;1.8603143354793175;-0.6922515425976801;0.335544292527727;-2.1747929851280814;-1.2505912819712526;0.34903209975481286;2.572815032697282;2.878304770861103;1.613660111005302
910;-0.39385985995155265;1.0717208751252192;0.9069707163942493;0.10457534026718154;0.44231551969295;-0.11453416372905012;-0.000395055375605996;0.6328363982996913;-0.08950944180934975;-0.46375926953588203;-0.42103239866653;-0.7407979836537532;-0.8128348035867319;0.8479901539257841;1.348198078431303;1.9408666725638213;-0.7612967085589856;0.35317241456433424;-1.7121020066842834;-1.789174288527482;-0.6397715450843198;1.6529174882539548;3.0290493008958674;2.2057836296130073
911;-1.1268716608220342;0.6783848246888377;1.034908461483461;0.11639181144014642;0.5457586325921245;-0.017736041513302603;-0.17012086253715997;0.378481430247466;-0.017935698356619678;-0.6119274671782055;-0.15871793527312633;-0.8999899698652624;-1.0270954664006782;0.19825793885613796;0.996977130434474;1.7950423101954598;-0.7586523266395665;-0.010894051013501979;-0.9014016511905838;-2.1188982476601383;-1.4560068110959392;0.5652307363434518;2.7676203830796964;2.5576805653812986
912;-1.6613639197072925;0.08319217476263806;0.9530319291985907;0.25621061079451973;0.5126424012338135;0.13670657891377522;-0.227560898583133;0.1463612200270969;-0.12600382252677664;-0.6062909423196415;-0.03394186912067865;-0.937590500524413;-1.0194293731072916;-0.5201296046255032;0.6158403215805666;1.4605271000841196;-0.7948687127564721;-0.5591558647528624;-0.04504623231113401;-2.170354753648176;-2.009378539406196;-0.5230805990043327;2.0761440464273755;2.6364151178805075
913;-1.9324180516587912;-0.6401694074980345;0.6568321579994977;0.46562279653348226;0.3613897026100302;0.31274535416282684;-0.17359709020487835;-0.05653968433344346;-0.40328431809309784;-0.46917639674659223;-0.09704698333303141;-0.807411294002768;-0.9001472103580712;-1.1450575895893975;0.20511342638508254;0.9973289118408011;-0.9462301428046208;-1.0476273196533632;0.5337162787925686;-1.8921229193907094;-2.266577949666474;-1.4665784476438604;1.0375765689321825;2.43719476603275
914;-1.957440191651697;-1.3670907966698862;0.18661269541063447;0.6313830733711285;0.16310424430825915;0.4584888893515826;-0.040258897964221496;-0.21274264564630638;-0.7798596043852534;-0.3014632079331818;-0.2994308282816339;-0.5334776223025235;-0.7769889759832844;-1.5232191537653643;-0.24778671405880182;0.47729435137057274;-1.2026086678279013;-1.3056068930899196;0.6244077633564892;-1.3007899891557935;-2.2454785639142387;-2.1580616665620838;-0.17533859916012678;1.96461600289572
915;-1.8104038083966671;-1.9492567526841067;-0.3908168116380262;0.6340409185862256;0.006133230740377943;0.517835828866862;0.12380817454864512;-0.29376533495914015;-1.158834135510586;-0.2275849037236202;-0.5259848061927318;-0.21414851431269766;-0.7000894592768472;-1.5760330233645439;-0.7357840770340754;-0.030870657049901384;-1.4682520890860389;-1.303286419423688;0.21857380989692937;-0.5169899768517431;-1.9944079309254914;-2.534897471025629;-1.3447101294428019;1.2317685531229525
916;-1.575218025063309;-2.2592521640528505;-0.997780615349334;0.40120793488369316;-0.05156374063219456;0.45168425390092404;0.2703893041235611;-0.27584955223504715;-1.4482152744678531;-0.3282116276091065;-0.6620383362335193;0.019247156182287825;-0.6483335677260521;-1.3352095032997437;-1.2068567080471386;-0.4772938376229128;-1.6104711057361107;-1.138164675493134;-0.48995803182713604;0.24358346207427856;-1.5696344677374379;-2.580394222650089;-2.2680099147145985;0.2790110343599429
917;-1.3024238501669054;-2.2345882709821128;-1.5528370817004875;-0.059444008094964265;-0.017520667306013288;0.25920966984390903;0.3627254260055932;-0.16011033726895418;-1.578057373757911;-0.5963055965527576;-0.6569211536040861;0.06760608530566298;-0.5616517256582121;-0.9277967791707881;-1.5654167662037939;-0.8398805591680438;-1.524461876794756;-0.9560633889814821;-1.1953344284442684;0.734462829219782;-1.0251315312715816;-2.322704545634923;-2.8101722126332613;-0.8020774015020795
918;-0.9907301656106005;-1.9002059843363936;-1.9726529593017106;-0.6614008108207314;0.032907367634805465;-0.014191488873513028;0.37777644183683495;0.01754143121710392;-1.5020991176975604;-0.9377159974285184;-0.548551688089075;-0.08375765386762969;-0.39661753347617;-0.5170646001844458;-1.7057349885061317;-1.120235872399519;-1.1768728796585923;-0.8558685631463981;-1.6168990064065392;0.777010884364921;-0.4198581133400051;-1.8297872040740952;-2.92862788390265;-1.861028472333468
919;-0.6014217386713477;-1.356885195084417;-2.1773661827904;-1.271427663554412;-0.008782522543250404;-0.29115453201767943;0.30365163730571876;0.19459215536020297;-1.1940629333611987;-1.2127606088537832;-0.4358807328101703;-0.356332754022721;-0.16938776052826052;-0.2294385464671243;-1.563474163060519;-1.3270018148039406;-0.6077102769350364;-0.8316274078286379;-1.6167096126070735;0.34806879315323624;0.16599965655046234;-1.197765783277517;-2.666517516374909;-2.71140354740852
920;-0.0964987094991687;-0.7391252958601865;-2.10581640940068;-1.7551932829472447;-0.22782425335065198;-0.4959548409468048;0.13873638005590194;0.3046988774192567;-0.6502482932481795;-1.294694240185692;-0.41559172589576676;-0.6189664549462904;0.04170995865222759;-0.10522283642801344;-1.1580842433400125;-1.4556207632093499;0.10238381490479043;-0.7807652858946581;-1.2419489291263397;-0.39058513483257185;0.6240829611174534;-0.5328884924465948;-2.1234696927486114;-3.1813041816094194
921;0.520655390686514;-0.16161694512414132;-1.7383562767927683;-2.015252123951617;-0.6356772125913359;-0.5921180976255088;-0.10423243069315796;0.30285959327496564;0.0981566283657169;-1.1154945419962234;-0.5193206512717905;-0.7554045688896842;0.13681528913683155;-0.09745587793919228;-0.6002520967384916;-1.4780580540426973;0.8722585884623402;-0.5686273215414943;-0.6764454792347191;-1.1439107114109537;0.8363546998082411;0.06811409124648587;-1.4204719505613361;-3.1712782100748167
922;1.1843059446999813;0.3201921310560117;-1.1159106591328851;-2.0077833055692045;-1.1513501037348541;-0.603272236867926;-0.39239827367491764;0.1800799313920156;0.9710626721858411;-0.6804397112977816;-0.686818130323427;-0.7209688877324036;0.05470237992472027;-0.11631452074400628;-0.05539645196822305;-1.352277591195291;1.6397839331369148;-0.10956356403824774;-0.13218035144729576;-1.5997255358615818;0.7203743419527164;0.5322362022154637;-0.6730204401509254;-2.692636620226216
923;1.7771810921998574;0.7166842509974871;-0.3412469450930865;-1.7378488825102827;-1.6251350849144055;-0.6027455645783933;-0.6730411367592359;-0.038347640386021634;1.8379091810317472;-0.05236698950190416;-0.7899679610872244;-0.55691151609392;-0.18371929793561972;-0.0913021711198782;0.32219914517610465;-1.0500434307662303;2.3507418035204206;0.5806892405440951;0.25948083620593776;-1.5582060620877913;0.2828170298206341;0.8145980261729573;0.021979634848510704;-1.8670647103719293
924;2.1692752724616415;1.0758423177293863;0.44488417515836426;-1.2438114738216195;-1.8943886658569902;-0.6732599435099578;-0.8858431917951016;-0.307125667561742;2.5385663406081354;0.6779043729500271;-0.6945205003619501;-0.35554311417963536;-0.47571822058496793;-0.014421033933164469;0.4528398514234019;-0.5889607879361344;2.931158628347378;1.3865374953398915;0.5007549762173895;-1.0137915267951956;-0.34987960113472427;0.8950034419938212;0.5890214194959041;-0.8866963362209445
925;2.267248508018224;1.4363664439453079;1.1068863627116268;-0.5838899505207469;-1.8455234364056337;-0.8552970393922068;-0.9853951918837489;-0.5778910104839757;2.924382951898993;1.4153982834124272;-0.32670155723331773;-0.19765224655951658;-0.6827131652124154;0.060236454900886596;0.36023615230021877;-0.048610069720589066;3.2711629744971495;2.1412022558420487;0.7014965960231943;-0.14987381705922198;-0.95035743556526;0.7740893134957715;0.9739781738735328;0.04757380080347502
926;2.0521194535209735;1.7881386929580785;1.5586981877078478;0.16864713458436298;-1.4543827809786578;-1.111405914249875;-0.9632242795298139;-0.8098974478327708;2.9040872885109192;2.0690626399453436;0.28901568123324006;-0.0995342565978217;-0.6971069758325948;0.05873912153482633;0.1508902962184303;0.4438077688939941;3.242756683216795;2.691166936366154;0.994551879510118;0.750729640054036;-1.2631415624279003;0.47642273056236506;1.1466257560859971;0.7828275397848412
927;1.5885639726845562;2.0622322183879542;1.7879419815820052;0.9251047757466657;-0.7891946987289822;-1.3280117707089545;-0.8550361579660233;-0.9720574570422927;2.4740538128339433;2.5486763385738973;1.0374265829979932;-0.0011013042828239006;-0.49291054875795143;-0.05531613432334441;-0.04458263089224854;0.7573467944856813;2.7516339818500524;2.9412658661350126;1.4425444087197128;1.4346423771720367;-1.1064001188767532;0.06110600069653076;1.1057364662835123;1.2441389109330037
928;1.002005307575005;2.1570967138540373;1.84684618303138;1.585366700976337;0.02071725535646886;-1.35816120995087;-0.724495497626936;-1.0408608570597728;1.718741533737625;2.7644041395157224;1.7573127834812847;0.19736096194732844;-0.13240351616397922;-0.24413057138642252;-0.1364734479443064;0.8123081425458545;1.798302895257701;2.8623940187024437;1.9874184242308661;1.782277935082151;-0.4571280137851898;-0.36913786180298785;0.8826344902752404;1.4312652982166574
929;0.433496889085483;1.988373298698609;1.8136373476343834;2.0536396510324195;0.8318120232482756;-1.0872963549683115;-0.6278078570759108;-1.0008741084172779;0.7815254846234847;2.6406239652755357;2.2976587081896422;0.5702478048039461;0.27351553340872625;-0.40343060171452194;-0.11268196836847215;0.61886911052624;0.5123178961933817;2.4693669752591583;2.4676919524315073;1.83789942300692;0.5241792936442322;-0.6747516972617305;0.538940495208062;1.391848318369891
930;-0.008959852546249966;1.5370380803158386;1.7441150826310752;2.264086712065817;1.5260392718253604;-0.49110878581310496;-0.5764263509255896;-0.8505696860159514;-0.17969517108311364;2.1437883196338414;2.5580888200782192;1.1100509352054897;0.6270775930911169;-0.41215743085140194;-0.02885325964343048;0.27748744998639074;-0.8663875287560606;1.7938068127977087;2.6906074618932134;1.7552031391625587;1.5476661867951862;-0.7118382621774599;0.1574831294169157;1.189830431486778
931;-0.2837153194538371;0.8708414896360648;1.6393032317432508;2.2046230631586305;2.0288515767730746;0.342828184836461;-0.5199634537123428;-0.609384410971158;-1.0319804962199024;1.3108560718955677;2.4998059595256086;1.7109916311091034;0.8911010326382696;-0.19683796205937104;0.03972269879666987;-0.06226702743207079;-2.0581596347631828;0.8757003786515825;2.5185772599112477;1.6920901515779654;2.3073191189283264;-0.38608402054550756;-0.17104214401347703;0.8853616524538663
932;-0.42170141254328175;0.12704185980351393;1.4473016331954696;1.9238694974581607;2.305501039105817;1.240654296331416;-0.36347172513682674;-0.3177958321056779;-1.6873497019512658;0.25953617455618355;2.132329354272184;2.2024820029097874;1.0949728537550545;0.22564091242031378;0.05447813842211728;-0.2659285183333106;-2.83690984731009;-0.22050405631238987;1.925819589686769;1.7131218667098576;2.602634523625771;0.29274967700724147;-0.3620680213933213;0.5317242202664881
933;-0.5049726675468772;-0.5365900181318757;1.0993245490942511;1.5129589101587222;2.347272678211391;2.003152238572143;-0.015600064259875972;-0.024807402596380975;-2.1015273937803807;-0.8315592821941162;1.4937863300440906;2.4153008157388802;1.296981240213527;0.7510652259188547;0.043944679992515404;-0.26984601237641265;-3.103178595571744;-1.3810676686748433;1.0015605170857655;1.751339831595322;2.4116656692381127;1.1851475524053123;-0.35020459118533287;0.18304824859230676
934;-0.6271561057962199;-1.0002393863894001;0.5609884358818145;1.0675359007244818;2.1615895155959732;2.4736969594306184;0.5540394583940533;0.23424125191893364;-2.2614318632300563;-1.7693519165672187;0.6414850657940403;2.247210961293318;1.5268909300863287;1.234939772727642;0.08943313039205633;-0.10051950675280909;-2.903623005264498;-2.435808800208968;-0.09309241631106471;1.647367224771552;1.8810703033149916;2.047182123792123;-0.10234979022752994;-0.09924414022690421
935;-0.8512030774368292;-1.2235782398435726;-0.12938995591730973;0.6479131417225776;1.77261828051435;2.5833502427081174;1.2781070546308753;0.4576483788245591;-2.174963285786539;-2.4010462790714175;-0.3429117377319893;1.6974519270961546;1.744551810550317;1.5570319058187874;0.27373088615670144;0.1512288724626389;-2.39083796890062;-3.186905890089922;-1.1848292356494565;1.2420335617716463;1.2398706269650377;2.6069840938155684;0.36817051392560485;-0.25069041768708933
936;-1.179815384399954;-1.2524706987460674;-0.8579757123312807;0.25877425402310517;1.2280145230002164;2.3566569190414053;1.9976387240626923;0.6805644134364089;-1.8705036477200518;-2.6537441825989005;-1.3438080979723028;0.8582451612675052;1.8412772449786023;1.667803022260599;0.6225516217187583;0.3857520767148153;-1.747174708074548;-3.4695830681186957;-2.1319518190684814;0.4717158812632162;0.681917622835008;2.665515981852249;0.9893431610763356;-0.21983075943500846
937;-1.5488079524680727;-1.1894213364705601;-1.472459631383321;-0.1391815347084046;0.6007388942195836;1.88213720150014;2.512941957803676;0.9539898389928014;-1.402665206754949;-2.543094939018109;-2.2143008884472795;-0.12559701004131235;1.6861775163509711;1.5927145124590218;1.0733397161949705;0.5482795402175562;-1.1121145579020373;-3.2179442877406537;-2.836394453198385;-0.5832110160797292;0.2772550935974516;2.1777635156754815;1.6282830730974835;0.011108243556403892
938;-1.8455807751661881;-1.142476584946203;-1.842350409566339;-0.5905347302043532;-0.02275529549097296;1.2675824094362163;2.6584115435687248;1.3061465583910075;-0.8532733909508484;-2.1510109979018033;-2.801373326006182;-1.1039351090039171;1.1938880671302572;1.3956009489995527;1.4909240314242367;0.650884950636918;-0.5467864966073988;-2.5008934594853582;-3.2313879855750245;-1.7193174765407175;-0.04352716941420036;1.2744106242437612;2.109117531480054;0.41132776385305725
939;-1.9464276907351072;-1.1756960656634856;-1.913181379596951;-1.1002962112121188;-0.5667286584864247;0.603871976739752;2.3673861904434577;1.705844974827054;-0.31804121676369707;-1.587211010555694;-2.9890174594069774;-1.9524255201811598;0.3778675375375943;1.1261693928161733;1.7231632693149865;0.7512024587225226;-0.046011632131476216;-1.5053097679867082;-3.2670592539281547;-2.6861482431146064;-0.42679079614293197;0.20958005719940054;2.255354604860433;0.8999900599179169
940;-1.760096170411325;-1.281890187827617;-1.7276567396902238;-1.609075648507973;-0.9908719203887166;-0.04843791927945221;1.697234767894606;2.0508762278829717;0.12068394856129282;-0.9546231621878385;-2.7406581393620795;-2.5793644314669075;-0.6387710004692585;0.7852501245433356;1.6673161134430745;0.9014181394368488;0.4181466585936625;-0.4702396552031436;-2.9137313253509243;-3.2768779510226205;-0.9910667579827289;-0.7442436322915402;1.9487706812169685;1.3595662175129506
941;-1.2627302937509073;-1.3872950034286187;-1.4030024727994799;-2.0050201692174037;-1.3000153882143486;-0.6511735647077782;0.8041089402174575;2.194459667664673;0.422982810045997;-0.33226393587944153;-2.1186102676277745;-2.9173091313915167;-1.660144221693663;0.32988651297838956;1.312209323763269;1.0985108722171684;0.8520509774627482;0.3982335604023089;-2.185613421568576;-3.390645794060046;-1.7372795068876452;-1.4056829453896902;1.1836470272019122;1.6599153135557463
942;-0.5119644751044206;-1.3840319244063624;-1.0754332047211708;-2.1696255708936834;-1.5301631104122146;-1.172713579212426;-0.11892519504609347;2.003378512026168;0.6050008522861079;0.22388645462994575;-1.2679705298315262;-2.916954253419308;-2.4829928646132298;-0.28425107940104255;0.7353845893977676;1.2665094946311868;1.2219564140275219;0.9915251237107261;-1.1681825294968446;-3.043749264821913;-2.522127861004394;-1.7460300881195416;0.08974228937757904;1.686889677378946
943;0.36506701903785843;-1.1757593805589541;-0.8385630012827809;-2.0352021231540567;-1.7161365632375807;-1.5793925697087816;-0.9101531254992964;1.422825540582618;0.726006077041444;0.6724618549862558;-0.3700209840493624;-2.5556441798201335;-2.958847570681192;-1.0487202473288957;0.05985994971343073;1.2836180103732873;1.4690820990807667;1.3139107474564153;-0.024422797490210743;-2.336150780930371;-3.1086928282902546;-1.8736162344345026;-1.094341700324324;1.3700628108204458
944;1.2058523250606148;-0.7185598771868094;-0.7048927027360183;-1.623701469379433;-1.8587186637817936;-1.840736399873417;-1.4832342421800768;0.515968757763227;0.8523463841762965;0.9832103468969821;0.41437279843276764;-1.8585503447270977;-3.026620972015522;-1.8700761146303835;-0.6028905207841214;1.0415198758249617;1.5449926179327091;1.4465407324383417;1.03563849340739;-1.4008992868647077;-3.2680790865393097;-1.95063404910673;-2.0950135060773447;0.705396438812563
945;1.8567709678101771;-0.0428756900046525;-0.60754476631767;-1.0448221023587116;-1.9120423341132589;-1.94302549498729;-1.831362388098803;-0.5440845605611195;1.0163221873397656;1.1434370815810966;0.9866582012283865;-0.9171350822992674;-2.7079853644324974;-2.5816665249268897;-1.1911974086192785;0.5055038720454692;1.4431091679216015;1.484344387217482;1.8161572520054345;-0.36622316329836535;-2.8808522187427656;-2.086853786455822;-2.698391720288662;-0.23173651562477401
946;2.2119747796751223;0.7495811413782306;-0.4397574402604523;-0.45192942692589577;-1.802112303631133;-1.8985277402725707;-1.9974263686701441;-1.5299344568417108;1.1930259659506863;1.168438849944603;1.3221518071713962;0.11349485328538607;-2.0780179860857957;-2.9972858993064633;-1.6932420700722697;-0.2571286856013025;1.2068556472876988;1.4818152363030033;2.201079878851007;0.6554724472228473;-1.9895864775888563;-2.2667870473564853;-2.8252069412299505;-1.289266021022486
947;2.234034802425139;1.5113018313078126;-0.11230537887431877;0.023509310564890376;-1.4695682321014345;-1.7404069669214475;-2.0319996782664695;-2.2395764483763987;1.3096188139123748;1.1037853784295009;1.4522166908678875;1.0467462962922796;-1.2334308832100311;-2.9815180507554087;-2.1134054378121463;-1.095967022591958;0.9107716485729702;1.4349684530366238;2.1914783706711463;1.5589534642056742;-0.7810325759008783;-2.3494439738873836;-2.550251839340893;-2.2626424817260142
948;1.9514974100442801;2.087781719627265;0.3978777778744536;0.32651011961288673;-0.9142169527190586;-1.5039015264318272;-1.9633533904053402;-2.564312465502382;1.2834985117014748;1.0108638504548049;1.4322023620296915;1.717445597628006;-0.2756789894652584;-2.502770788635485;-2.4299669342866044;-1.8338766575406371;0.627202144160647;1.303733483397154;1.8945787257251163;2.2382852476126716;0.4876663598952389;-2.141757193217967;-2.054930680131419;-2.9411948237533156
949;1.4382438997259792;2.357768717374132;1.028706663000417;0.4948072558392786;-0.21510923691710815;-1.2054944049762748;-1.7925938048283518;-2.514900526094817;1.0687453914099811;0.9385646083931886;1.3141684730642569;2.033009201949101;0.6887956863422928;-1.6447475119083632;-2.5742492066655145;-2.3315201851300262;0.39802626975520783;1.055673479133224;1.469250129413402;2.5971828617712855;1.5791238409239123;-1.508010625313299;-1.534009529039191;-3.167395370175785
950;0.7864473867015688;2.263741338036641;1.6498072554173218;0.6287438108884019;0.4887317921924153;-0.8354419977965375;-1.5102552951711823;-2.196892275635107;0.6845539356844141;0.8956677646441978;1.1358785088475944;1.9988437685174938;1.543271225205043;-0.5741134488516167;-2.448113900690978;-2.52785243776681;0.22527591041348463;0.7015622154602887;1.0555215065606134;2.5788678649534864;2.34041971600343;-0.458628266241919;-1.1018428217786742;-2.8895697953870694
951;0.08561228672890038;1.8247743177316773;2.1058750600016642;0.8302920367604136;1.0508727035050751;-0.37189472780191474;-1.1186065783372308;-1.750976829798423;0.20908116966899426;0.8418705330533113;0.9245812785526367;1.705955511263789;2.166574772407866;0.5164845611469697;-1.9732524482326321;-2.4394300611086517;0.08148945562979763;0.30097643459141216;0.7233223656347221;2.198898454662882;2.7199957812645557;0.8277406753190802;-0.7454701830849355;-2.184854058761168
952;-0.5855312978755804;1.1290901617346776;2.2677142993920354;1.142010821639551;1.3781447082400817;0.18922293518427186;-0.6432196300029018;-1.2898155037791557;-0.2579503250675562;0.7068963815622374;0.7046113653465164;1.2875534998179163;2.4575784117210313;1.4617951005885423;-1.145828164821923;-2.1251242593997284;-0.07055354198527058;-0.06414490942783352;0.46381947538490986;1.557341118855323;2.742427736178342;2.0607574859175593;-0.3493452134126661;-1.2369748186304415
953;-1.1563474039127593;0.3093950953988742;2.0719368286259;1.5162460516216727;1.4680054815784764;0.8065484873474664;-0.12718929331131257;-0.8614905431871887;-0.6421157578800853;0.43091881646411817;0.4977990328716375;0.8662614783470026;2.370586884488919;2.1525257015657857;-0.06525832632596366;-1.64149070590314;-0.26149846287275946;-0.33059389707854403;0.22251040012652099;0.8155973689161777;2.466984313739186;2.946109142440574;0.2203009658785154;-0.27179069848634246
954;-1.559761153082397;-0.4908875062599285;1.5376242010437067;1.8293109211647218;1.4020031246022318;1.3876562812712128;0.38555240742691715;-0.45299372280015016;-0.9230605872947838;0.00536373531363421;0.31430357962597394;0.5162062717870216;1.942279987939721;2.535272025749204;1.0811197944602864;-1.0171057687394327;-0.5086477341962841;-0.48459266324219785;-0.04925653572940447;0.14311327993125628;1.9579577438629587;3.2929677350331543;1.0154241241161515;0.5253896793440486
955;-1.7355834547078566;-1.1498205339195304;0.7583534789440559;1.9332351030520802;1.2974070351057712;1.8144250506004342;0.8640116161107192;-0.02509549304435449;-1.1283857010916594;-0.5096158283606095;0.14196603940762018;0.2539311497856246;1.2912180422123143;2.596409051436657;2.0726903658173255;-0.2604117513077788;-0.8153812792794408;-0.5647242877202004;-0.3557268851787691;-0.3421751762227401;1.2799534392485803;3.0728217686697006;1.9443410518677875;1.0743092509695855
956;-1.645440295763149;-1.5880949457470646;-0.12394904924858499;1.7203195795794346;1.2414482674915468;1.9902864482499478;1.2902176322119974;0.44523170734035766;-1.2970801820826656;-1.0031999666811813;-0.053483304429846695;0.05558705729011333;0.5838099162054396;2.348266335796199;2.72466077929556;0.6063786693628038;-1.1687292135426262;-0.6369165340633851;-0.6522620580300679;-0.6102332110572262;0.5107886402316396;2.408297104731606;2.7838090877681796;1.4145744132344464
957;-1.293745647071253;-1.7744424741154843;-0.9533230093041016;1.1713526672786023;1.242472803523922;1.8855403240866955;1.6458827905441196;0.9392733282561643;-1.4360004681357714;-1.359865609920912;-0.31080869332031114;-0.11487250821278013;-0.021249172988149934;1.8286205434289824;2.9406819859590936;1.5117970570260508;-1.5310244531101453;-0.7570150690059056;-0.8743300583496056;-0.7141344448542427;-0.24807533040474988;1.505916667998345;3.263262072450034;1.6615034370268604
958;-0.7421981726199202;-1.7173159657521364;-1.592871412644251;0.3679266461503247;1.224071171308348;1.5549642958613499;1.8971178494293894;1.3994966936618014;-1.4980811727124574;-1.5090145040317025;-0.6441656694543627;-0.28382952002881895;-0.4255181255036663;1.1102920551189819;2.7284356366501448;2.324583731507722;-1.8309883761704793;-0.9416057069405092;-0.9794380331813667;-0.7480813329983271;-0.8809651949850723;0.5714539542055264;3.182110449732198;1.9234510399091576
959;-0.10541050108527054;-1.4502657678411812;-1.9499805562725125;-0.5332141291903177;1.0661313407891637;1.1150889697917559;1.9919859469885506;1.7548434449028978;-1.398646511824271;-1.4509627203680477;-1.019133597376436;-0.46139141833492153;-0.6163987189714474;0.30663387629481437;2.1776381612021654;2.880631838157495;-1.9665674900550814;-1.1604551211005656;-0.974908286736357;-0.7920395914089262;-1.2892783521086184;-0.2512470730931633;2.5033705971428857;2.222835563671467
960;0.47664078222606643;-1.0198333293599866;-1.9899103889968301;-1.3497362194303792;0.6724894005597223;0.6902056505673435;1.878141665429895;1.9504897768181775;-1.0632737256597982;-1.2450383809056633;-1.3513707488080942;-0.6467415598150819;-0.6554382516301751;-0.44134980152298964;1.4177264582803564;3.0381732075033776;-1.8293909675143816;-1.3501885315817197;-0.9142925541826625;-0.8728652788865772;-1.4291871304902497;-0.8961525640613653;1.3782158455295275;2.464214297166033
961;0.881471886012456;-0.4812756820782859;-1.736399414934498;-1.9257260496341582;0.031199656180985844;0.3543564323799864;1.533794797857523;1.9645456360674305;-0.48068257658677865;-0.9675324595547952;-1.5343264406316335;-0.834667644541208;-0.6377828944656325;-0.9993057591474189;0.5785243170268818;2.7350714750168774;-1.3483061854101699;-1.4378883021564426;-0.8648354273825877;-0.9608562708749512;-1.3326542561076253;-1.3513961315466425;0.09026388435875005;2.4706825843015787
962;1.0447585197051157;0.09908964308303829;-1.2601941537844497;-2.1679131009643102;-0.762680688728333;0.10049460826458528;0.9938612747749516;1.8051559948960028;0.2707447964136777;-0.665243283275341;-1.485287379610446;-1.0143915414333613;-0.6445611466000828;-1.28301590456338;-0.23050062508277486;2.0196435745413597;-0.5341827147596532;-1.3615333066178723;-0.8656342539449983;-0.9994723564534094;-1.096020878083867;-1.621872605041289;-1.0525417776371828;2.074701711972053
963;0.9800553202789531;0.6418172246105196;-0.6589650629995386;-2.058084029065575;-1.5330106487302395;-0.145357966453471;0.35250160337139763;1.495116787127258;1.0405576439820985;-0.33329689748844826;-1.1862678542431668;-1.1610050938188683;-0.7108495076490218;-1.2895283862915095;-0.921890628572779;1.039546761754019;0.49928939834468294;-1.081128592711376;-0.9010063252149508;-0.9471926872184219;-0.8385320478400219;-1.7058834404896028;-1.826955560478445;1.219267042132608
964;0.7674310487343717;1.0605851080336544;-0.03444227661704028;-1.6444650927757671;-2.0847528544819496;-0.47108174225853505;-0.26499139266844496;1.0583734674964793;1.6611157334986675;0.068507432896212;-0.6965505643241802;-1.2289798302555734;-0.8208086504433107;-1.0976518076845985;-1.424625007001941;-0.00576508718148655;1.5566379728640458;-0.5835767520822751;-0.9039922311017431;-0.8049876677701954;-0.6508674341751073;-1.5987758990203116;-2.156104192497719;0.016679981870830682
965;0.5154559335768935;1.2801519641894474;0.5265196942536576;-1.021039659831448;-2.2737441089417505;-0.914267978635372;-0.7500264541904834;0.5192653628543111;2.0117200885030133;0.570226836742384;-0.12813865677862296;-1.1590084384515442;-0.9259622203368673;-0.8341926135667497;-1.6852321871462608;-0.9264657628255754;2.4208764142909898;0.111652950678189;-0.7874748726285403;-0.6133546054937232;-0.5600964216458925;-1.3155413313690842;-2.1025594945547788;-1.2691167171992206
966;0.3140330795070877;1.261228891437006;0.9620096043153786;-0.303886920917437;-2.0540712530847105;-1.4217769890685426;-1.0539072096783024;-0.08593991305442697;2.0586623404256548;1.145397369190956;0.40377032432074567;-0.9016328196996937;-0.9718106752650164;-0.620180514137421;-1.6808244426098793;-1.5909185826281254;2.927863239239771;0.9432442777810529;-0.48578128336220505;-0.42243956295144347;-0.5284755356507654;-0.9108021318686212;-1.806806834760463;-2.3133526441523578
967;0.20010085090638294;1.020580955799521;1.2355183096323874;0.3900836496018667;-1.4860223836665563;-1.856492874567497;-1.2019444838482063;-0.6966570001668493;1.8517301500803836;1.6943401945323557;0.8282577280337282;-0.44843890481527576;-0.9176013985703413;-0.5220731344463214;-1.436543527213522;-1.944457773450856;3.018842975865086;1.8011955304672547;0.014036889054991175;-0.25542338019332056;-0.4845000248532903;-0.47652187723070544;-1.4096490592458981;-2.854197533439888
968;0.1516233347177086;0.6337288499069262;1.330711287398428;0.9604566294952908;-0.7068576796976903;-2.0505114765488544;-1.2686153083992475;-1.2288896065689707;1.4826585489404134;2.0716029729325562;1.1375496348152863;0.14717756337632298;-0.7427307716055733;-0.5303554395122444;-1.0322693450484655;-1.998538587802309;2.7443943238748223;2.5342234978978437;0.663949051989048;-0.08924208061464164;-0.36695161692235395;-0.1130896969791036;-0.9989784833937948;-2.792148914963672
969;0.110862937831842;0.21425142003946332;1.2468095091562557;1.3366009662198213;0.1180008771553494;-1.8799302686917918;-1.3255920261176748;-1.5956306410188692;1.0323195942448928;2.146352442951351;1.3671437622900537;0.7755475335636162;-0.4440022004356702;-0.5736212312243074;-0.5866574099010552;-1.8044631257040702;2.2186548112284172;2.979655978067408;1.3688492993302588;0.1340515330442029;-0.1567311519259894;0.1121296405888636;-0.6017709016373363;-2.219485606116956
970;0.023263780074967946;-0.12487054588542296;0.9991862347589097;1.4860170607263725;0.8412295572060824;-1.325212928311671;-1.3909740200369691;-1.7391798634122677;0.538471429081122;1.8643875357584982;1.5502423910598155;1.3051729190192911;-0.033207084800874115;-0.5584008656682607;-0.21921429777013607;-1.4294424781170583;1.5508420790740856;3.0114900608458632;2.0115452308178297;0.4705191061489833;0.11980436900854467;0.19499858333272715;-0.2139284275994321;-1.368806990506735
971;-0.12893159251438951;-0.3121713552427064;0.6247044717640376;1.4158012190442155;1.361775319021895;-0.48840732580874013;-1.4093634217137179;-1.6573592223320597;0.0017129597481093939;1.27790238945633;1.6756867807826967;1.6315611854075331;0.45893787203838543;-0.4135723637613542;-0.005478536366397169;-0.9452778198145667;0.7948998262709932;2.5880910973500364;2.4764670965489683;0.9325165982027509;0.4142747711441704;0.19495209139729325;0.15971454055928486;-0.5088846774181297
972;-0.31533993898222246;-0.34210683979501083;0.18592330202903973;1.166064739017388;1.631570187345001;0.44004298700464084;-1.2768523975820745;-1.406067870967465;-0.5774769999213522;0.5261326219557447;1.6775710799941517;1.7156074574090803;0.9753401623402411;-0.11883764100146521;0.05273488246692903;-0.4276422557075074;-0.051935097566972344;1.7752252372429989;2.666325766873566;1.4652028074989105;0.6887581220536627;0.20368245179792532;0.4845725370560814;0.16045792710178614
973;-0.4728464207553357;-0.27078769664436503;-0.23360579566570172;0.7969535779576853;1.6476611111794324;1.2481646757044191;-0.9005263077468917;-1.0729070024783436;-1.1580162997307717;-0.22303179773654486;1.4663737027847894;1.5904764374252465;1.4314881864817237;0.29215151332144684;0.025541201104393008;0.04454401977085894;-1.0003908903835634;0.7286779141442172;2.5141313804315355;1.954527440022769;0.9351701957156257;0.2984783135145157;0.7078556055108367;0.5664925979615458
974;-0.5380716960024752;-0.18441552554811053;-0.547089844093051;0.37393424849155904;1.4400055685014634;1.7720790110981768;-0.262132901824871;-0.7339521642534758;-1.6444743352213134;-0.8390944884446481;0.986125249576016;1.332829245378545;1.7299076702446499;0.7493155501886837;0.0204960465314373;0.39934132547859696;-2.0014517822466398;-0.35931370439370647;1.996003124005503;2.2629795889925965;1.1688404373356962;0.505014872554935;0.7927815126767274;0.7545339756423227
975;-0.4790460158707939;-0.15543518243262122;-0.6915922160806333;-0.04321620071460688;1.0616997903116938;1.9394556185377558;0.5485866218693359;-0.4175379722456128;-1.9148381407333266;-1.2680745478545363;0.26482064017808704;1.0148577759566964;1.7899531138368412;1.1708624269339523;0.13099418358485032;0.5922115020208318;-2.906605516051291;-1.3251862511751784;1.145780737314111;2.275828653455681;1.4007683686265113;0.7883462815202038;0.7505002290416546;0.8271945370278286
976;-0.31012289691176853;-0.20784764541887463;-0.6531541702611565;-0.4048442531552964;0.5821543666102272;1.7734612743360763;1.3510299382859685;-0.0971569850465034;-1.878177236517207;-1.526788266376065;-0.5732680840913403;0.6655173702832538;1.5808576780805645;1.482516282676375;0.39187651812536595;0.626456906058259;-3.49092449901964;-2.078062033173295;0.06445605307641179;1.937529420971108;1.6072954506913384;1.0742470543029767;0.6460726238628103;0.8717541785394922
977;-0.0843833229315696;-0.30863826913522713;-0.47626659368487817;-0.6709433098302682;0.07966289584729397;1.3636406680908613;1.936016398389497;0.27991384495322275;-1.5301280100053196;-1.6609914862791682;-1.344602577777762;0.2647004680159158;1.1398461571396152;1.626641516532595;0.7625316422082637;0.55891250653114;-3.5389446872087733;-2.600720676347704;-1.0869074325588575;1.2657450643249828;1.718583485642778;1.2860766031274704;0.5712096403263189;0.9161562410148769
978;0.1299087318736251;-0.3889652002694899;-0.2494916593450232;-0.810829973427353;-0.3695824876960786;0.8235399704820798;2.144972324869017;0.7426024938065311;-0.9720399691033065;-1.696800229965313;-1.8763586721158894;-0.2252990528714517;0.5622062203584054;1.565356692293483;1.143525637707098;0.4816245938940855;-2.9544987999563763;-2.9103753920593793;-2.1176086720454568;0.34305175779038255;1.6368435903274852;1.3750752173098373;0.5974012976306706;0.9327395788148044
979;0.2748666847456338;-0.38355001470202776;-0.0704055193189067;-0.8075769142535792;-0.7049570662472526;0.2559980348568222;1.9294586577109873;1.2532518134661665;-0.3779964633054786;-1.61732267134067;-2.0739322290077604;-0.8098236575495925;-0.03515215804306457;1.284796680052393;1.4164771057810408;0.4832111287730327;-1.8356479711974574;-3.0068188811409167;-2.8556554981926627;-0.7042138491277917;1.2780467115665042;1.3283159016351611;0.7356680177371827;0.8789564000358677
980;0.31792747194259463;-0.26765050581957134;-0.004498154332972723;-0.6672668453125435;-0.8925316387378887;-0.2625829327798731;1.3648304989653826;1.6992635632455986;0.07729498685878113;-1.3793650754044502;-1.9512353014049602;-1.4251645966783686;-0.559268459509175;0.8034019270544683;1.487322208431343;0.6063814629089369;-0.4678920268480207;-2.8447688622771534;-3.1958269743633636;-1.7291372513888867;0.6170288469586499;1.153955786163614;0.925993362124889;0.743545576909488
981;0.2519517923303487;-0.07280141696624318;-0.05759867507779408;-0.42733154100908377;-0.928783448820192;-0.6808373691475418;0.6147802218937589;1.9290947597715344;0.29399352733101397;-0.9588385881037844;-1.609436345367111;-1.9412617830812764;-0.971481484388834;0.17939469988284154;1.3146479975946446;0.8227160539599202;0.7715486314011049;-2.3538672183374914;-3.125119543625502;-2.5841412111332174;-0.2866769402941332;0.8580937090938445;1.0627674103307985;0.5662298240522516
982;0.08602251672601864;0.12599757824703336;-0.1762203853035363;-0.15544431728018754;-0.8354526727887803;-0.9644314599682605;-0.1333988276178798;1.8183222401863055;0.28683504982179664;-0.39412540783559513;-1.1782103529532502;-2.2079859748902475;-1.2855137825128928;-0.4919446952848404;0.9151455105531943;1.0388794416547378;1.5589248381554546;-1.5000243459131752;-2.7123319684645573;-3.1390789122443747;-1.295266077154655;0.43236228530430737;1.0425075545866176;0.41789907467160714
983;-0.16260755626359982;0.24417294533271228;-0.27682628897551115;0.06648215516418801;-0.6490398964840747;-1.092027113830937;-0.7316319836320521;1.3337433308797833;0.16822325554142306;0.2038082406040119;-0.7535641435474523;-2.1233165857201985;-1.5346351207228939;-1.0974498433944007;0.35046164169836536;1.133314817618981;1.7509952962851445;-0.3526497039397313;-2.067127459428656;-3.3010840446829346;-2.2283928721018937;-0.136427720840443;0.8085742045003548;0.3541818197425893
984;-0.4678497660353906;0.22495744535518464;-0.2901208275937398;0.17045645368511173;-0.41100080304840336;-1.058901523797212;-1.1059483561476144;0.5623531032345078;0.08392133254312165;0.6866100868115379;-0.3663481059916316;-1.6871061213344207;-1.7282241668690572;-1.5381505108098714;-0.29329141439895534;1.0073245972444405;1.4328107274582687;0.8880277365507733;-1.2913630990513891;-3.0356022408208925;-2.9121542966435188;-0.8386588396008312;0.3709189987826256;0.3724831859681794
985;-0.7863281485700673;0.062344355867802986;-0.19812072250848506;0.13119360511662526;-0.16290484339260458;-0.8838112389382506;-1.2547532794298801;-0.31136357938338133;0.135653954026246;0.9334878111719118;0.004134851244707499;-1.0099020919931934;-1.8258843934417632;-1.7605699015612737;-0.9232927010708073;0.6274987196062257;0.8638626402969499;1.932479768690839;-0.4505119827114344;-2.3812563453263906;-3.2216675553080436;-1.6136645945668346;-0.20560894666135532;0.400985387322233
986;-1.0503154666521826;-0.19933433927177985;-0.0448173060218968;-0.01966493401330502;0.05406362490952554;-0.6110734261620272;-1.2208458443541597;-1.0707680997687046;0.33119085539258303;0.910769776074343;0.3845936115827585;-0.2698816745467288;-1.7482664286556366;-1.7704926709927262;-1.4516906849064726;0.041237413967128475;0.3508569117123722;2.5043989157077657;0.4189536078159207;-1.4481087260135428;-3.1040287363500942;-2.341153051203289;-0.8329956827978666;0.3292019097230938
987;-1.173313582170421;-0.48550290078662967;0.08549630225193422;-0.20418819772086888;0.20016355288445214;-0.3027305206874385;-1.057998513838153;-1.545014014643558;0.5867327441764383;0.6914905052180711;0.7624246011108003;0.3608040284693978;-1.4221904798707945;-1.620015916991944;-1.8042993542379822;-0.6394067955479232;0.1110017429461305;2.4595284294584525;1.2734241212813278;-0.393632659403202;-2.57973644920397;-2.8631221855363886;-1.4308737736502313;0.06506664680972167
988;-1.0733250880709466;-0.7183494888402615;0.11154525222950146;-0.33196432542129267;0.243747475160669;-0.02248330908409195;-0.8104111674927684;-1.6643011584789071;0.7777835650855304;0.42141521561108364;1.071790989198285;0.7822694855246224;-0.8358363946880931;-1.373481878162825;-1.9307362275222757;-1.275752233533348;0.1915786221557773;1.860705370699967;2.0249903205822597;0.6181854733246634;-1.7296349966762836;-3.030700404177109;-1.9393843719298132;-0.41215611009795683
989;-0.7075227664393516;-0.837213613706201;-0.0017953424262960108;-0.34243240886852166;0.1738240119449027;0.18124645155100488;-0.5112621816566771;-1.469839347822209;0.8091988589477779;0.24763536956733062;1.222092304409281;0.9922815453415912;-0.07092914120291993;-1.0711863677964992;-1.816146667019463;-1.744435064835627;0.479469053338309;0.9657519206318357;2.5354362303900495;1.4584567158362816;-0.6765788498001608;-2.7564413796242495;-2.3112154625998462;-1.0316878604856787
990;-0.10233462738810672;-0.8058239512325767;-0.22214654348573765;-0.23464738097398788;0.012281961545025852;0.2851703783721572;-0.19331025191907958;-1.0791662253473098;0.6664893013042945;0.24722677802833415;1.152600125568286;1.06067689494711;0.7107976352540704;-0.7127432964985757;-1.4887758837923;-1.9669908536339475;0.7864124455578038;0.12673073701724719;2.6571728157509615;2.0569374402961644;0.4329906507035447;-2.0489697107611704;-2.494917885348192;-1.654065447306451
991;0.6386552738944825;-0.6095002889630676;-0.46026561826119927;-0.06798351710234837;-0.18399007528299768;0.2906272040770761;0.10192776862000974;-0.6284904812449369;0.422577823882492;0.3940192438869027;0.879368461796502;1.0712990270265619;1.324995873668942;-0.27154012179887566;-1.0156373759379338;-1.919794612384803;0.9582508000442483;-0.3555044514727859;2.307552680155786;2.397526144300018;1.4478351802208682;-1.0152021604301615;-2.427819809894433;-2.1239774441312105
992;1.3580328833434956;-0.2512958324304978;-0.6066794945392354;0.06856056082556;-0.3377971067709465;0.21586654602651106;0.3265459027705646;-0.22173218270822348;0.19928994756049626;0.580744155798049;0.5033420612611977;1.0672673985218797;1.638990095479727;0.26699466473988664;-0.4831960313728687;-1.6273383253607299;0.9487971803135133;-0.35319463997035333;1.5376077070743328;2.4917983468551004;2.2333051036566283;0.1694052841711002;-2.0504427110108123;-2.325288904088885
993;1.8931934514742963;0.24551884147410874;-0.5759863792956584;0.1041951886241029;-0.38083360665430527;0.08783604247880092;0.4405323167496552;0.09210999770518064;0.10645176395408441;0.6834083049126026;0.17059711304346775;1.031497391109121;1.6250180458422676;0.8666469631375642;0.03087869213039328;-1.1475389182575655;0.8235551557464413;0.04767580072990141;0.5511384359719628;2.350354858982107;2.694413039827602;1.3085035501708382;-1.3393454252486823;-2.2120606822319075
994;2.1308433625528824;0.828861896579208;-0.33834658194212236;0.02706063912141466;-0.2850337038422375;-0.06153349132777458;0.42917218421037817;0.30977182237959455;0.1909281387953367;0.6318573724463341;0.0040070188226327685;0.9118451489059258;1.3645646629575179;1.4276410490865454;0.4813334227592623;-0.5569176660459059;0.6998301315199386;0.6050624167557134;-0.34901148764482126;1.9736658415920454;2.794368184059838;2.2310949747770987;-0.3411896589835051;-1.805401018627423
995;2.0433820918628745;1.41154435864263;0.07389022889779451;-0.1039125130834048;-0.0792230378417167;-0.19504042284228412;0.3121388154642436;0.4464990704094514;0.4193879199252337;0.4478827225374919;0.043484268795902836;0.6726185135008615;1.0019146457243893;1.8132887722839026;0.8608616195433282;0.06147526012589086;0.663982363085075;1.044757052284085;-0.8730493936774072;1.3714791409783214;2.559950650408676;2.8217182290719514;0.813546497081657;-1.1660690393093665
996;1.6906970318539314;1.8782835635082669;0.5829059144797244;-0.18355158977583244;0.1607288908887426;-0.2712979451874914;0.13795565286468636;0.5115610432654983;0.698492395903878;0.2309828939247811;0.2284610739872705;0.3379947775079036;0.6724120951658041;1.906928983535703;1.1832498126705777;0.6289094305158587;0.7152787019360132;1.1866340532948845;-0.8660221288644416;0.5992856974109193;2.068958607985689;3.0302337865942284;1.9303300603870301;-0.36473320953272276
997;1.1870765851879714;2.1113546235506684;1.0931593227581682;-0.11034360720698017;0.346929380502605;-0.2527248965468876;-0.03350284895849939;0.5013270492757123;0.9168673481822611;0.10105634220988582;0.4330791554116459;-0.002216469710838404;0.4440533271700254;1.6706950362839157;1.4534536710558934;1.082518515849041;0.7661171947813652;1.0115931612956057;-0.3796852655457458;-0.21550996994410487;1.423742738522865;2.8662299504567086;2.800243059069974;0.5309283660442434
998;0.6496159122512198;2.0289138404175096;1.5154633029986306;0.16248236743970929;0.42388242642514706;-0.12064309386612766;-0.15104667880626316;0.41088547862091485;0.9852341995868146;0.13038162439024376;0.5349175363044123;-0.2309779497248219;0.30238896420397726;1.1734207963357373;1.6435919887863515;1.3861082892351182;0.6936903339820346;0.6415931051824884;0.3446901010088982;-0.8848752337622101;0.7230187375774375;2.3866412611967354;3.2604474091862263;1.4478348739075637
999;0.15304825613295459;1.619841895470492;1.779029237480123;0.5994946578329566;0.3992152165812065;0.10968596198931149;-0.1849841401539956;0.2525957317322739;0.8573507348533319;0.30172490785093276;0.479127624303014;-0.2657277630827169;0.18328027436536237;0.5694575368272259;1.692639536036272;1.5351836580650302;0.40941159912677827;0.25179123629991806;0.9789063438811785;-1.217370831650827;0.04560115425303901;1.6826001680646059;3.240533907339645;2.2901532814394936
1000;-0.2880522888182587;0.9566814231023559;1.8331460711674623;1.091955424233419;0.3425770802703021;0.38509765067465845;-0.12869892794191282;0.06613570238622131;0.529180372697195;0.5137075654788749;0.30255426653563444;-0.10727112839779213;0.030601719681552605;0.03604838422600838;1.534761433484189;1.5512654942529238;-0.09431021826398794;-0.03242770868778472;1.2490477092465038;-1.1016530152323243;-0.5477843532388025;0.8664646420156961;2.7766981624953053;2.933244958086678
