frame;kp_00;kp_01;kp_02;kp_03;kp_04;kp_05;kp_06;kp_07;kp_08;kp_09;kp_10;kp_11;kp_12;kp_13;kp_14;kp_15;kp_16;kp_17;kp_18;kp_19;kp_20;kp_21;kp_22;kp_23
1;-0.708854843140268;-0.7275518988141619;0.8795909007454301;-0.38765015931026553;-0.3616869611764234;0.3570238751987539;-0.9850003062023864;-1.9748962633345255;-2.320366379105453;-0.93675761184751;-0.021984731938945564;-0.27865867259350163;0.5098555093245466;0.7300939214338366;-0.3515431247706171;-0.8783466773996803;-0.9780523223772515;-0.6395282889935251;-0.4445717140261597;0.2701937899643444;0.3080084527774129;0.38508490800522227;-0.11512855587555375;-0.47347263440655996
2;-0.18138820760722454;-1.0002491438994714;0.52425277175779;-0.0442544294860425;-0.8817820471825941;0.6800104654731344;-0.5598383862994363;-1.8120627011074346;-1.6159458592375557;-1.5495701949294352;-0.23801864130155187;-0.07286271902577589;0.3969872334284711;1.180821578510817;0.030247445585567516;-1.0712296719572356;-0.8068071176488305;-0.7381495821074896;-0.831503626908094;0.13566846202334307;0.06994517014134997;0.629368019374141;-0.00016912939582900874;-0.24579908968344383
3;0.717868312291264;-0.8886073199402698;-0.0237116842272645;0.5023576623754682;-0.9533899160747414;0.8057886264826816;-0.16438553942251713;-1.6370352272686979;-0.3919047013168511;-1.8652691426857668;-0.3616154681859916;-0.08476204901896492;-0.03893440647495703;1.2509034152626974;0.23075891505971416;-0.8475458642205198;-0.5369476612582172;-0.6777302671953596;-1.1820746440917025;-0.4070756119772784;-0.18203616222413088;0.8570823581667197;0.31230456802880235;0.00045789635807178995
4;1.7002386256186495;-0.17204829362841353;-0.4470545952096664;0.9021917293531202;-0.37249598504478953;0.6907970277494949;0.40741917039897996;-1.118722640732879;1.294839222586944;-1.4217884472434739;-0.5043606499951365;-0.15437066041049766;-0.4680225298804316;0.8602179346902493;0.5852534910295694;-0.2946501706150856;-0.16322760011428528;-0.5100843863072455;-0.907680248448901;-0.9594488312490821;-0.22443049141660934;0.6342445291442923;0.46927609762821215;0.38462231266056074
5;2.4493118431525;0.604179431874459;-0.6497938854709686;1.0227148029120845;0.0997057579258519;0.11996711034055894;0.9597333002591416;-0.21561535534961485;2.765724083304146;-0.6529894339534235;-0.6525702116545518;-0.24039762108699086;-0.670455740446595;0.09837028564114672;0.8685519900414993;0.33457072859136566;0.5674903645558648;-0.2819798866226239;-0.2978259093393135;-1.0562216727595057;-0.467555367117838;0.13003928336529944;0.5372847152007761;0.37926098007877457
6;2.6961335110268942;1.3521070347153847;-0.4893065138209291;0.9348700189762671;0.44980872162598906;-0.518475377670402;1.093278520429811;0.6022853474690141;3.4740150381152053;0.11158784853552232;-0.9354309272318055;-0.32263606575416526;-0.6770610674787269;-0.5505238157884114;0.9869769097367332;0.7194413198415589;1.5014842574921108;-0.012736904411199908;0.07819705086040644;-0.7069198892679212;-0.5392446847795661;-0.1835010011707195;0.5507212101568251;0.13430894625371217
7;2.439846555654006;1.703871556613347;0.05715536064240397;0.43384238425141025;0.7981119303189352;-0.7740045479314743;0.9685463475233098;1.1681115131319308;3.1827212268086464;1.044041465568214;-1.0326435616052496;-0.38345236293045387;-0.4780004861744335;-0.6068069810233302;0.8600294543977293;0.8177521703358862;1.9969638362753468;0.29157721707101336;0.13990357675071743;-0.376102059322551;-0.48668752817463673;-0.4796618719996885;0.2865705502397804;0.24913749562108786
8;1.6752893036224266;1.9500500695820844;0.6146442328250867;-0.15171191166580641;1.0511826919264111;-0.4336876587709478;0.7086250849261516;1.275018750767101;2.54319982044544;1.996834654934368;-0.42735291637507467;-0.5088541858369938;-0.064404783353914;-0.5629567358707679;0.5396403341392358;0.9539496437870453;2.2073499024036143;0.6991356672773263;-0.054485774858503366;-0.28594074433452593;-0.3973497803203819;-0.752206962402779;0.25442966649609955;0.46637944730642344
9;0.6043229474192472;1.8329383196978137;1.1129980900877483;-0.39538295498072573;1.1420300972159916;0.17452311125755854;0.1663373496542394;1.0033298607021455;1.5527703755003686;2.969104023403869;0.313066204182;-0.1593567564536727;0.306957318281659;-0.4037386984782247;0.16385321635244568;0.9543915358497475;2.0143437459352067;1.344134987732231;0.10275724947186232;-0.21010826429570909;-0.43299646444823275;-0.8604193370231602;-0.01681099023959334;0.5282273762118972
10;-0.289271759032827;1.9122276708749975;1.660343171516842;-0.2665040571621067;0.9223935760896297;0.6619190990391913;-0.24028653089089436;0.9236663142743449;0.3655334630814279;3.5296818165826047;1.1737685114772896;-0.0031319236608755435;0.3502314620087359;-0.21924732158327462;-0.28304629777865925;0.7432184302359005;1.4516368106192674;1.7226331632608372;0.6461556653707262;0.19587031071729993;-0.5371877967192584;-0.5961161083912228;-0.22634167084878093;0.32811519161306396
11;-0.784641425898723;1.8859578237590646;1.8840876755669984;0.2770542473568951;0.6512679434355761;1.272047579169191;-0.3420521572453494;0.9269436369441106;-0.47497202044745346;3.0794479319515746;2.132152279916814;0.13989844857411263;-0.029736066645457637;-0.3061362393280919;-0.81614198327542;0.3363143508546807;0.3849314074957254;1.9642380631076766;1.1582063876979198;0.7104735338547256;-0.4458991131141263;-0.12997570990026652;-0.5922023880557911;0.10199027774364021
12;-0.9285114848584949;1.1693334736576677;2.0138190787292216;1.0304868252221473;0.22803946916189077;1.586962983768909;-0.20249019027032847;0.5388608903952063;-1.0048216576109597;1.959635184298738;2.812938057764906;0.5345625673261053;-0.18824183539469527;-0.21983465030300706;-1.1459710899024242;0.0030196737300239905;-0.3602173715905755;1.8316623150512972;1.3320303325429894;0.9897728652420525;0.05690758325025688;-0.08660486054656279;-0.9162975761816736;-0.14078254007734173
13;-0.6914231101306062;-0.16677927214399244;1.7594768982249034;1.5826870877207813;-0.11360071717645975;1.3072351074926285;0.20910829116261384;0.20983117629628148;-1.1565711446707105;0.4332800386893308;2.920241660405656;1.0350631833803106;0.12182824618478295;0.32040624544173113;-0.813232104046235;-0.14269943021945808;-0.7633593882233631;1.256159844985189;1.3632991845644225;1.1331874383431515;0.6431707164536931;-0.12864763725695652;-0.8748121128509927;-0.3326782894185686
14;-0.7087245144442849;-1.4138693921088887;0.9995778123589157;1.7596256795186336;-0.045755573620863875;0.8231061002325656;0.7044959604905131;0.037289108300075625;-1.2603827446611642;-1.1059619373486897;2.405355302531775;1.7441831729623183;0.5263535994637518;0.7276924828283022;-0.015263699827034299;-0.4876248798773211;-1.1769073831823498;0.6778174169480002;1.4720460915437372;1.1341228858482995;1.0976777379925156;0.10636838477788244;-0.45565017023653526;-0.43836361391727074
15;-1.1582122475506667;-2.112079297980647;0.07892210714297947;1.657190339508418;0.31405483781282284;0.36083457208532854;1.2291457708678102;-0.2349191579841084;-1.5082030746746842;-2.270182397345492;1.4776217769707463;2.2652498665217546;0.9937589737479032;0.9097773301638775;0.5015283701071305;-0.672553056967409;-1.3930393271229404;-0.22700209653825307;1.3780847717776288;0.9480077166898643;1.344409211350559;0.4220166238665234;0.03302999511053727;-0.5658697490691048
16;-1.7282227925795879;-2.08647532079101;-0.7126754627574421;1.1943270215782225;0.7189646805849897;0.01176236921692856;1.535812068724756;-0.1249769499908141;-1.6176965256138598;-2.606185404834328;0.2770540490759328;2.2045119373315454;1.3206874854231268;0.8646354713698765;0.8554122265740829;-0.6076909551734078;-1.2460764541525648;-1.3732535223746045;0.9727522514907728;0.7203468959844785;1.1641388738546563;0.7557629063960994;0.3746445774818235;-0.6235800165844139
17;-2.0323054190109895;-1.7103087402453487;-1.25286146873873;0.47920654663001727;1.1713294890714032;-0.003818512441071985;1.4536445924172714;0.18779531474514238;-1.5026210796400943;-2.2461535834027497;-0.9456027689619364;1.9180656213076943;1.387628966792511;0.645432233727258;0.9550262351062405;-0.4385008096565324;-1.0823051717543;-2.0084816237491063;0.30298306674531;0.8655197633367893;0.9343077535514956;0.8995695126920494;0.6940371128578121;-0.3706388789168429
18;-1.9646002976698245;-1.380861625095624;-1.771959685106089;-0.19306595606287888;1.3506977263061437;0.07188199025838077;1.079854856668285;0.7521454339038038;-1.399963061350128;-1.8063184590397856;-2.123623778588963;1.2697877669238933;1.5867500662898404;0.4180532686490557;0.7074988063633378;0.05476301746304051;-0.9952756749778522;-2.0528577373891728;-0.4780740830369557;1.1522765915878503;0.8333433294952249;1.0198926535377888;0.928413040540452;0.025536128765450618
19;-1.4602199182244802;-1.1188930975664335;-2.132859097306652;-1.0348138191314422;1.2111195160753465;0.0955444333966318;0.20238807055627112;1.2750930013002997;-1.2482488491455679;-1.282118976817321;-3.041171219949572;0.07198736264350841;1.3635786274487942;0.6500176392727185;0.7679943730835855;0.7072574449344551;-0.9646618828987631;-1.7940146801114418;-1.2172874773324556;0.8095478326827555;0.8205561915458094;1.1843049083292425;0.9497996186059465;0.3577240559632019
20;-0.9261719630166375;-0.7743263409475025;-2.392999746859044;-1.6482216667436775;0.37552812754344383;0.1886228394569403;-0.5356944215654722;1.384802822368476;-0.9444793442721142;-0.9320216058556527;-3.4114282269557505;-1.457339931194237;1.051907735443763;1.0791149941007177;0.8817358501033111;1.2202388169673164;-0.840242063344936;-1.2198472599992707;-2.0235081656877862;0.019013817575520498;0.7113739476971562;1.1960239568723074;0.8909611446768526;0.620519520840535
21;-0.1824386678430077;-0.8922726424471144;-2.280597184509987;-2.149195774426663;-0.6018223842942367;0.4017268294053671;-0.685992740920829;1.0856519952061967;-0.38385767709372814;-0.741277809284236;-2.973364923307178;-2.6138145133580686;0.5521245872972269;1.1554768722554238;0.881314018641254;1.3153342635672636;-0.5802421764608152;-0.6432459958981934;-2.4168077703807125;-1.0537376033147383;0.20129036473089992;1.0547308015674142;0.7918365236954913;1.100534006333599
22;0.7950515425183529;-1.0670176271850353;-1.6506676485473455;-2.3545730132206044;-1.430054797801718;0.5806696721203025;-0.5216692948940619;0.4528118041724212;0.3359868493996205;-0.4365092682264718;-1.7866898474385975;-3.1583654684806843;-0.3548271404135867;1.1097522278882674;0.7970730057369093;1.3669892862246085;-0.020784783390718844;-0.24294871129860202;-2.1212721425131917;-1.688515277317189;-0.5262155101763488;0.5040499651510565;0.8509501454861531;1.4168695918053944
23;1.4442456156428272;-0.5625497304124589;-0.5023553690617797;-2.3253219251825343;-2.095315059887188;0.3701256408343609;-0.28057439545079765;-0.09826207815998597;1.0472354290540586;-0.1611566713555471;-0.3418658168822991;-3.146231997927623;-1.391849650086424;0.6344299714598417;0.4959937042648749;1.005777385639645;0.6592458041517243;0.05322380879038792;-1.5725333282895388;-1.8738225419428431;-0.6876406839482064;-0.1399633931952632;0.7664401623868965;1.2297076668850118
24;1.8840882749271186;-0.07406684748430659;0.4549001825204818;-1.862727767225978;-2.33752093587455;-0.35099200505507866;-0.11942723844390196;-0.6128771122450913;1.7106351802514947;0.19558726183237438;0.5419285887109556;-2.8481647901142964;-2.2798081810956403;-0.2445039642537447;0.06418380443623743;0.4215141157228073;1.1530699956637593;0.17612568276112514;-0.7917410388286622;-1.8620769952561378;-0.6809579694311982;-0.5990241184832278;0.6309586781572278;0.9119081475688386
25;2.381463519373894;0.892736104220734;0.7582222735943317;-0.9962683077511665;-2.19844227437101;-1.2520232261283875;0.03380463418155614;-1.1894977700953207;2.0494144260107223;0.6325632309108552;0.8753620238314808;-1.9398418667278656;-3.09511616883481;-1.2192889629102668;-0.22557189353235754;-0.015515704236541224;1.4711594226233564;0.44637516036135744;0.09977756059394224;-1.9315785569627761;-1.0185847880969574;-0.907672832387389;0.3447812096596321;0.4663337661959032
26;2.370096911920674;1.9671175583730582;0.64565672188999;-0.24242766794405218;-1.9004705048957935;-1.929105862379045;-0.11989312010757033;-1.2400472046054767;2.064505966226867;1.184782462816801;0.9211213014600771;-0.6140853358493876;-3.332169058502324;-1.8205896419917933;-0.17222910271297143;-0.2742039845928711;2.004168342159608;0.7706494895239023;0.8574228449570049;-1.721407715702411;-1.6424715484001051;-0.8497878464741206;-0.31576143212715324;0.06655194579625653
27;1.9307936473824465;2.3964654925168536;0.4187817862217526;0.34383519680063684;-1.4225461686099932;-2.387195981607217;-0.4590257539698707;-1.0424532992785458;2.0615618143635674;1.8354724064421202;0.8868733095287583;0.6114085659313704;-2.6529081511397536;-2.112559356357613;-0.3079584412329849;-0.23351939930577925;2.1763831810330996;1.0944167111477963;1.355692727696852;-0.8891370427096709;-2.0622688647297345;-0.9703600149853394;-0.9718951707607378;-0.16737446861659017
28;1.4121733153095204;2.4473882167388763;0.5891735939498206;0.8515715259287518;-0.726975688610846;-2.3988710431970692;-1.0762159147151085;-0.7149328287758067;1.629236497234648;2.0337926421541654;0.9086533179411115;1.569073756474623;-1.6509830486899313;-2.3891629518929545;-0.7685792238013814;-0.24709854618647883;1.8294488332585657;1.6352645949205198;1.4254876473298184;0.24235084484239344;-2.0453603251167305;-1.2892519773231428;-1.0853158125054037;-0.30525956378701824
29;0.5970878202670401;2.06223987871241;1.3726458092573013;1.5460536638586444;0.07886761846994843;-1.8088524355380864;-1.425971629717105;-0.26425016622922354;0.9844367775992041;1.924746588985031;1.0659929286683218;2.170413001104403;-0.36670613947699104;-2.539446780941158;-1.4474420930928287;-0.6124495961005063;1.1691898350585679;1.7571042350772723;1.18031458389086;1.2450676451915506;-1.3810582821243893;-1.486114783919501;-1.222128966945743;-0.4654588093619692
30;-0.08396124346361573;1.4828033547136699;2.091257104286228;1.9129253799353336;0.8764577752323152;-0.9657241237324122;-1.622291149346111;-0.07845852940277837;0.40885397386657635;1.7847025075320637;1.377475377256194;2.3563430602281854;0.9914915432330887;-2.2164287758373202;-2.3346913484664458;-1.123725052303098;0.37653985618865293;1.6470187395144222;0.9157677292574805;1.9120915826841844;-0.46037948117283173;-1.51127073602167;-1.480245255405577;-0.8816901155782572
31;-0.6912620796533651;0.9549085151139041;2.1731549984664187;1.8471586222622791;1.5583509100214645;-0.11728863018490358;-1.7720981310646335;-0.3829259302053889;-0.19352354458408438;1.3953320159887415;1.6703905814343993;1.9904362755443663;2.130334744754452;-1.3595819575872523;-2.5825067904536616;-1.466912221122356;-0.27614517352778994;1.5535476545019706;0.9558041299459413;1.9736324756522934;0.684482324091818;-1.2362001809952656;-1.5795898208876917;-1.1699761577520023
32;-1.2889299971477037;0.21197919930073422;2.0384070844998616;1.525288802974313;2.067796239265327;0.7962600201370909;-1.669608553774337;-0.9376257693626916;-0.8175244013548962;0.555089485627437;1.7246353314053824;1.1979670868660157;2.8582013441452667;-0.17746931203656552;-2.2020830770286963;-1.5184590764264914;-0.9223879960322635;0.8169883770896662;1.1788259874817824;1.9362261789453312;1.6718269425730146;-0.60788496588861;-1.1691713582650767;-1.3409974655329855
33;-1.8099152129465013;-0.6566599081456688;1.5275176545495612;1.0063274046205888;2.092787962628807;1.55360671526465;-1.0754078559119684;-1.3405375046149968;-1.6463431939160322;-0.41746675390916643;1.3079294224660571;0.45510585088413374;2.7233547155152316;1.1858813939754707;-1.3844604905429394;-1.4320705078183975;-1.5254922484905353;-0.18351543111266186;1.1475826129676194;1.5059496289400012;1.9740499504365696;-0.045914766280190165;-0.599625307082986;-1.4726674296847602
34;-2.182743632211844;-1.4287237687592662;0.6331888960365037;0.6817164848076215;1.961417945316974;1.9028044030597715;0.018124485860854977;-1.4014193921417593;-2.4498311091545286;-1.247848900866956;0.6962417349530855;0.4598134670764133;2.2823054160517344;2.378046535405545;-0.38469872803452326;-1.3755768119159253;-2.1632916287391817;-1.071880427002693;0.8926236669226979;0.7358924500927972;1.9382722113429232;0.430102829075385;-0.34486283548472146;-1.4106027966826122
35;-2.2876789040968952;-1.9931207822784045;-0.5478604752277105;0.8455006813134596;1.5163378387992887;2.031734278045144;1.2346327027505362;-1.0159525741622006;-3.2018914637827556;-1.770903523130072;0.15289628376444236;0.5902064518002805;1.625285537498247;3.1327768220083603;0.6910894307294627;-1.2139133194079208;-2.855085840441235;-1.6301819905782773;0.29443305679419396;0.24342075768011356;1.934412189788697;1.1562767659683075;-0.16499902417619491;-1.1041614187848938
36;-2.0894543559606498;-2.259034575839914;-1.5494067485200334;1.0193629148538366;0.9847438630817945;2.109677910856048;2.089514989579473;-0.3436973072515697;-3.1518055681855417;-2.176198415326359;-0.779217289822122;0.7341038727156283;0.8294364890250628;3.2628637994399763;1.5249013557511277;-0.9736137338214291;-3.4432579412461655;-2.2340615371549393;-0.4275072354361871;-0.03209240056432484;1.840874068235069;1.9879572059342918;0.1866919418290167;-0.3236977575722564
37;-1.5593379126724751;-2.284418353121297;-2.0894365710940552;0.6693730953012587;0.5436429014667357;1.9920596404566882;2.513153727869134;0.36807689654840053;-2.5841204663263104;-2.39013013251727;-1.7537706706902254;0.4842135861286906;0.07173831944794337;2.6535813784329436;2.164866783575385;-0.43436509572776605;-3.5975111367981287;-2.709107002576776;-1.252378535285054;-0.21544583819392352;1.1910557694445496;2.6424379894875614;0.6900624952000995;0.19462048655576017
38;-1.0792620285233545;-2.0714621827282147;-2.335664920906367;-0.20370320172262496;0.08022820625319783;1.4770688500251763;2.3575062043157087;1.0541079444536885;-1.9652794531474023;-2.618058503863809;-2.271520002168044;-0.20497383415944054;-0.663913282633922;1.6455526227686297;2.788763643462129;0.5952757277574674;-2.856281032929162;-2.756955167178038;-2.2013204675142344;-0.4557866044533558;0.032100944810002745;2.5498040551109553;1.2822575160154377;0.4878950755896633
39;-0.48627998450848386;-1.6508509359977472;-2.205475730537924;-1.6477106881903394;-0.33081626750371274;0.7136124721436357;1.9733967682034947;1.8489915800375714;-1.0631545520031822;-2.388339722426423;-2.616780541541636;-1.1083457568972497;-1.070533593168805;0.4927832006027036;2.9709016167960347;1.8337614375300493;-1.4402036310491306;-2.482829822109588;-2.6583391019125706;-0.7181594044429933;-1.0314177564226326;1.5846679355984954;2.023555773927212;0.8832280184288744
40;0.12273793315099887;-1.1536343086360685;-2.207646368845892;-2.684912693725863;-0.7979912637448866;0.03494220896466292;1.6281611998303702;2.416665467652018;0.25468547862669944;-2.0214059998584277;-2.5961411120589934;-1.9117419784629726;-0.7926444812634015;-0.6078937812753301;2.633843935802809;2.829649911173017;0.36625768468882464;-2.1019384033861064;-2.6727539564913054;-1.089481485245592;-1.5185448294313846;0.3368820033056155;2.197699096451797;1.166281333955932
41;0.5456964472242617;-0.567051831119494;-1.8665101883029462;-2.9597947441319787;-1.2395254211983202;-0.7473879304417061;0.8517116158392087;2.5905704051071354;1.6200929942149507;-1.3815895252057162;-2.2632423806239146;-2.3619283442076475;-0.7453177766543946;-1.3440160205698997;1.927940593643885;3.154431593621605;2.0943666696901055;-1.4289280475735422;-2.551193882728096;-1.7689041463861037;-1.448301634134845;-0.6848146249076333;1.89366878321577;1.4385923937143406
42;0.9200072109543523;-0.0389049469049096;-1.3087719204750525;-2.5426687345761967;-1.3966341514324758;-1.2349811676416518;0.1539497951601431;2.2052338995740404;2.541568235103856;-0.3664688165891888;-1.7654148674227201;-2.601031813785276;-0.9145686865463416;-1.7557775609546582;0.45690338287207904;2.7993193784397175;3.3238538105532838;-0.6404222855697749;-1.9744732247081238;-2.488397813219731;-1.2811181475026785;-1.1904610091757641;1.302799879666312;1.607997250894371
43;1.313847730473918;0.7059282331772108;-0.6516008971125755;-1.9757708279962287;-1.4809510918962454;-1.517246790680786;-0.527578389277662;1.4759244584156754;2.831638406831927;0.8065675254162351;-0.9933418152194743;-2.5579598042093603;-1.209969000230404;-1.8015847504562308;-1.0475739819616847;1.7592091628660262;3.9300651293737845;0.45244945149344334;-1.1013283327377743;-2.6656899718485256;-1.3236424313278843;-1.5737546850950261;0.40154629454897206;1.5013475932961502
44;1.6750137866612054;1.3915148084649283;0.16451513514892274;-1.3399232544977802;-1.9087092457006967;-1.5490674048228847;-1.1569057656082613;0.5623290376900677;2.591449349099568;2.0378705643127777;-0.18162232697059844;-1.9735649706785856;-1.6686171424503868;-1.6110555253439875;-2.136196914141099;0.7400133577722013;3.91312740464319;1.9930186083334696;-0.25479781517925676;-2.2932602389116576;-1.485594403467479;-2.008201583689154;-0.46535454929354064;1.2073378407310402
45;1.9512175755978365;1.7859912798972004;0.9925471491035213;-0.5453539700442966;-2.468096320626967;-1.637799768336974;-1.6366603434793936;-0.6497649352962023;2.081034549109936;2.8943292729862335;0.7334603848166465;-1.0642812668700108;-2.187630079852773;-1.4006909541588315;-2.5644561996578337;-0.010377685115356592;3.095914545896534;3.482565160552772;0.7211135930501447;-1.3832227998148192;-1.5180538740045832;-2.1025638322146194;-1.4285067111817598;0.7653736015308163
46;1.9844317762052324;1.791451612078107;1.5069232354409587;0.22322163813538556;-2.4490016183717973;-1.6652801088250166;-1.9629161670618467;-1.5004367096319853;1.7253275492450484;3.4548873309470185;1.448898313466582;-0.17537114581242358;-2.41083311663399;-1.0708381678359304;-2.5965507037310993;-1.005458352635956;2.226874405434896;4.463115269378756;1.5762371708430722;-0.3700212831749395;-1.4271200861063749;-1.8342967095134683;-2.3217443860610354;0.3700366818627208
47;1.8498858050299498;1.959463208788471;1.6640903280325423;0.9447708439240196;-1.5758907239346749;-1.5584565536958108;-2.0320481044599554;-1.8783049830007779;1.604803125753936;3.2056074163293555;2.0651165029437704;0.6913828254334375;-1.8753054822489148;-1.0495040620898572;-2.2134051148383764;-1.9914518760159259;1.6072993241182758;4.479246314719166;2.443819839824679;0.7252771914442071;-1.4226198388603994;-1.527437405977493;-2.7590836812301625;-0.44180568607905396
48;1.5836133885886334;1.8134854774274214;2.0449174077600136;1.5894383154567169;-0.19634745879071497;-1.4576637814711315;-1.8988412131808872;-1.924899564725451;1.5369428092657533;2.5781997449374914;2.8872570119629666;1.6885556539162074;-0.6146889467098006;-1.0583516518388931;-1.5018607038752245;-2.6858750528956334;0.7752903840374142;3.847548482618426;3.2503205248637603;1.739539903613846;-1.0466976598673094;-0.9288463805558798;-2.652467939203273;-1.6297315465560724
49;1.0478352399940432;1.6194072296116964;2.1373335028492346;1.875781095774916;1.2072493008894678;-1.1178420682769572;-1.5292514147107668;-1.9204629814456595;1.1008194947835577;1.841020647202077;3.458288479422455;2.3803805166435876;0.6579035062591605;-0.8118626778160801;-0.8114217415885516;-3.1432657146587815;-0.1158725069101713;2.4651766759886065;3.858991174664442;2.5137662485905152;-0.12761950815140582;-0.15240743276205346;-1.6950074635444978;-2.672297484828993
50;0.5248375329332885;1.582428455029144;1.9791662042871379;2.08236266627254;2.2188635527188776;-0.5224207827205;-0.9735121467137638;-1.9744493774436025;0.4181364373849014;1.1788774634930814;3.4252448730766503;2.74469689938954;1.6401558766794246;-0.76239098414886;-0.3223498786912541;-2.820598479656112;-0.7603248076712722;0.6960358306112377;3.9555626864865916;3.160702990390249;1.089221925606167;0.27178232006188746;-0.7238849668063103;-2.7877750917476054
51;0.28905676827500715;1.2330723035913913;1.8491741755711473;2.3763112698847415;2.571902442403603;0.16778970148987263;-0.4240227044206604;-1.7484015571791538;-0.16467535752838527;0.34539591441899636;2.6475598587807165;2.8685007532935787;2.3232643228869065;-0.4404110542493389;-0.0960439063132966;-1.864914600441327;-1.3051149868644685;-0.6440938770885007;3.415942180877167;3.335860938372497;2.359562294926867;0.22709901742427271;-0.0359168401106185;-2.3056250801957505
52;0.26300393878626377;0.6832646455024244;1.4812611632884412;2.3491744161383576;2.239021994436863;0.9640696566787194;-0.015442080301721811;-1.1813789907268102;-0.5979921328166697;-0.3573133333242212;1.7149432271945597;2.8450298720278564;2.8794465990814437;0.39676558573542947;0.12274496776249677;-0.7167553149898617;-1.667863081467525;-1.4708419938656405;2.244752239774605;3.210784177716468;3.2315234964174717;0.3481390957339301;0.3596625573041591;-1.761263266551589
53;-0.0010420753179907084;0.33461892039674984;0.8978695711962449;1.7742674556576017;2.0969515581681586;1.8356897002719963;0.2178522693785857;-0.4857872489587239;-0.9512131878285719;-0.6536793885162672;0.7066760974917452;2.6481284486943837;3.1463414450480034;1.5454660505766458;0.37308652363029055;0.40937963321309284;-1.6158085680374348;-1.971076897280588;0.9341383867836002;2.938108870226019;3.6263363249770415;1.0269262119873914;0.6004148546412255;-0.7736715965546013
54;-0.44431736526227866;-0.21323976917919762;0.4735114111478292;1.2505362124745516;2.1360440001964363;2.623420482613176;0.742463842827275;0.17244158163934709;-1.3176018571349866;-0.7155071993482137;-0.48762132267212527;2.1201661815344863;2.9667565669150933;2.7318262994493656;0.5708291232367503;1.1870607184375943;-1.4857080109460021;-2.024580168551434;-0.8420034582178494;2.4066750367436534;3.4557234998001527;2.1840960732386674;1.195903571916567;0.31463878461634726
55;-0.8679781439087134;-0.8442137466019253;-0.11056749907972693;0.8407410915975387;1.9951912008606567;3.2049722429009635;1.4788119233679071;0.7458723889402468;-1.6549167667320546;-0.7608765940527237;-1.3059438758908242;1.2019039791404524;2.4546567120187683;3.541521641608561;1.0219209421525446;1.388240225365863;-1.4442538194686947;-1.9572926253455438;-2.679603755430526;1.4091141528586926;2.8742796496164416;3.134550008090107;1.8003600940297315;1.1765381365285619
56;-1.4415047535694803;-1.0825144027933062;-0.36285744076605675;0.24167116309741235;1.4829066898148713;3.1771988756568597;2.0413213843977767;1.216645739222511;-1.8170180693812692;-1.2144650554589553;-1.749374340996945;0.2048604292074305;1.8560291262306288;3.4958057504433677;1.5986330133287319;1.3272181258424742;-1.2971347348553113;-1.8524479693741487;-3.5167900192290857;0.054306848593947556;1.86421160787953;3.3948206186884216;2.1123701849543006;1.8710250405230682
57;-1.8305888018017435;-1.198342477022161;-0.7317107302867562;-0.1550050711834066;0.7776536538868648;2.5036311089916263;2.490937906528135;1.6426301944180217;-1.8670978828081959;-1.8934927948942895;-1.879902120713864;-0.7719210932361614;1.0254545383903573;2.9120268338418698;2.206802757214971;1.2890129614457402;-1.1611446870603237;-1.6645162763098384;-3.4454804136671524;-1.315368896632664;1.0327334375032484;3.1520343589935926;2.1183848507892624;2.3863076809196
58;-2.09229296127471;-1.2985453097690762;-1.1440528940879002;-0.5870453871177348;0.08245303359127837;1.139179237828232;2.7875856101818934;1.9311513970993477;-1.84101487995131;-2.1955187128529094;-1.6986795342017598;-1.9034367719277163;0.12620832609707086;2.003013067072568;2.734657261947425;1.335840739918864;-1.1956598769562017;-1.4824844078071624;-2.924675576232356;-2.6707910569372197;0.19772155673453282;2.6406249939825868;2.047198639543794;2.4054424002280186
59;-2.3149014833376733;-1.4038635970423101;-1.4607563211102008;-1.0980399560342629;-0.49155032800616383;0.005660075085553482;2.600048551732967;2.0413122842191482;-1.6162770474748882;-2.0314063823213133;-1.6058824394378448;-2.768968899891898;-0.6286540002903018;0.8739003674140097;2.8899353326868544;1.5009534167622256;-0.8399239269778667;-1.1923499427187618;-1.9728414347233614;-3.7752717749866007;-1.0215276785283463;1.595425783434103;2.0658689173277356;1.9864950382655064
60;-2.395973188215526;-1.7850774870214192;-1.8369499061565888;-1.4755477066126097;-0.8442158590832619;-0.4192110003363623;1.966354427474809;2.0873980946290103;-1.2459118691636644;-1.696784372915161;-1.611180369579457;-2.856506246173581;-1.4989603489982632;-0.13096930181461752;2.666352852416999;1.8463421304818386;-0.10025498181906244;-0.6914820524997136;-1.0950890576027241;-4.202438259288205;-2.1310989135266616;0.17939743549015683;2.1584781141267575;1.651359569765427
61;-2.007286219916369;-1.9915115986312606;-1.9022911123283297;-1.717601668437709;-1.3847237596795625;-0.577093852483509;1.2324288120250397;1.9854382817476877;-0.718648964064714;-1.3558563091707532;-1.6100188296063096;-2.6063594783645327;-2.3460839649766747;-1.034788309375352;1.9755593417256945;1.9959297150308153;0.06152649059196323;-0.37466188927111554;-0.5569323550900237;-3.778509878781927;-2.974809443137559;-1.402478059170172;2.0011621187845128;1.5864016396730032
62;-1.2983175743502167;-2.1054851798476997;-1.7372497142621606;-1.8877118727323332;-1.7495747157375863;-0.8002401269155711;0.22027547855157534;1.851261620968354;-0.4412240265784984;-1.0789232958683839;-1.6450341285161971;-2.038108028566628;-2.8103208560081017;-1.549456441407799;0.7040270227750135;2.0268118081303186;-0.0003586180982154387;-0.16468664044389145;-0.3911672832689832;-2.6199779296275847;-3.666819115437011;-2.4884957755883734;1.1383297772663736;1.5507075687434169
63;-0.7242269516966677;-2.0229645566679086;-1.6322876190871514;-1.7347848753922577;-1.9028812286623682;-1.3484846409194438;-0.9179322120016596;1.501241253464053;-0.30096778721763956;-0.8173453409111235;-1.4996320277100497;-1.3152360246841353;-2.9998991509466046;-2.1428263865112367;-0.8235986643542617;1.7272348558683805;-0.0629130699747725;-0.2131830980874757;-0.30201951869729854;-1.3289350040558898;-3.8610219116308118;-3.0652828964113157;-0.1725613611711235;1.2066987235675202
64;-0.17229031247681936;-1.569527462024606;-1.5000951257760327;-1.6858141062616918;-1.8576014404381316;-1.9518438371732452;-1.8639580507538889;0.662978383759852;-0.07204910493782941;-0.5562287430387473;-1.2331849536371797;-1.0253131611610293;-2.9928564420054884;-2.909718799541129;-2.1445492688273466;1.1159912496809712;0.040327088002910245;-0.020711207740235625;-0.05729743774153689;-0.10072233454192482;-3.6552065603936197;-3.3028551317338466;-1.7649671990088078;0.6698369382005145
65;0.32653135007431694;-0.8371070847750158;-1.3075326820578181;-1.6411234826113195;-1.7947034101414134;-2.235327061096075;-2.428817056835442;-0.29315729091845244;0.16388888523723358;0.050247807501225525;-0.8241675656561713;-0.9568825984137039;-2.470178974606722;-3.033908827637075;-3.073809643269956;-0.018371843377600946;0.06438127385651182;0.3123444118706178;0.05910482859837533;0.976373466034045;-2.783207796520151;-3.400290008408456;-3.321460634503512;-0.36000590123343734
66;0.7421501015647828;-0.0443920926331895;-1.0680053393605944;-1.4805056848930276;-1.6704875912259294;-2.258373603109614;-2.532474062901757;-1.4569931857526077;0.6333319539982556;0.5359696426167497;-0.35301144635238196;-0.6748240547332309;-1.618735793537864;-2.7715299286537785;-3.313948587082928;-1.1523753990152985;0.206097582000331;0.5870532086872057;0.28517442808809135;1.2892648094733188;-1.4513962037145363;-3.3224085616238765;-4.140692706589773;-1.3419794467783168
67;1.0460715169877006;0.5307086432382849;-0.8775582220851897;-1.1694188981143199;-1.5676220181920633;-1.9400924490386329;-2.276018257100014;-2.478785557969014;1.283040062884864;0.8009602986434461;0.35268973511061796;-0.3656957091857036;-0.5701427209662777;-2.487565258367777;-3.063514109557228;-2.254964047051209;0.41569701002593495;0.5842885643594378;0.6356418187824415;1.0956025658726762;0.11625231452248067;-2.889235662660229;-4.018179891767319;-1.9999721965352124
68;1.6021398554699229;1.092741218340953;-0.48400804208930365;-0.7431701417207072;-1.3776858493686985;-1.4495085932361809;-1.7176637996316053;-2.765132509810002;1.6851770893572697;0.9050221514121454;1.0648382433278947;-0.20798187240294633;0.0765600311936941;-2.0183319424892456;-2.6403220644014063;-3.3308017706254964;0.36642850944933963;0.5008363167159278;0.634967028377104;0.6853029301845517;1.5277960128647052;-2.0625839346759673;-3.3163104325531108;-2.680235217850124
69;2.230515667829155;1.5894797932303146;0.23954085136433526;-0.3611228075869332;-0.8606522571236969;-1.222996948368947;-1.4014285787538736;-2.8677804950251287;1.6573114792412056;1.0539983492562774;1.1146318532148103;0.013010359202113336;0.5209150684478218;-1.334805645375049;-2.229501907453678;-3.783653364699832;0.6390585680419062;0.538578030051969;0.5903269209485577;0.1942428771394121;2.2875690911165183;-0.8965310587355676;-2.7545297122741608;-3.487696503966284
70;2.4733129874877684;2.0519133084389822;1.1722295002781231;0.28890147931836807;-0.33545657650256155;-1.1203920427401661;-1.4838761027220366;-2.708481975442955;1.5255772348397996;1.2748520946413484;0.9854843509502523;0.5719264618066137;0.7642998306041727;-0.39373745062330706;-1.8800417996963168;-3.7328677401144508;0.7934507805637505;0.3134532170609233;0.643482135525409;0.20609577099075793;2.3518426315421004;0.4202017726739958;-1.9966551615651311;-3.9828620114060698
71;2.4416754784984946;2.200043249508085;1.8692143336417595;0.6292958929077253;0.03416676340281019;-0.7729186441172715;-1.5522172113594956;-2.2210629351610796;1.3595505560015884;1.4190740469102252;1.064864566202395;1.3054369351170025;0.6497602663977339;0.6372322988478729;-1.3676638080851413;-3.0619066680148412;1.014530033132057;0.2949531915012744;0.6106462543386607;0.557369735092682;1.9538929038509691;1.7611432526894655;-0.7400990483317673;-3.9161619418611755
72;2.3382760808058936;2.098601474432113;2.4085343709990608;0.8748698116537551;0.3383086374742483;-0.123358802440755;-1.2529251427621815;-1.633584089449639;1.075846324199254;1.5079864110516814;1.3678531414643689;1.613764834183449;0.5994572274718906;1.2477224922731036;-0.468211943352261;-2.0464361286071036;1.3418715622479542;0.6678171345850217;0.6521638442874803;0.8400811811655271;1.1587005126471825;2.690035045625218;0.44107760860503714;-2.894266517886478
73;2.2232685400990597;2.0869848163374995;2.4669052711873545;1.3931316838417087;0.82363969228962;0.3964144866230344;-0.4874561971541385;-0.734830578382454;1.0016381539943557;1.578748463932934;1.624049465730253;1.6487381703105952;0.7631169093744471;1.6506903503467987;0.3258708751118234;-0.8983520047730591;1.448784583727874;1.017062020974151;0.7510634451038604;0.9606236596588207;0.3879722812823073;3.0397875340142324;1.3131104241009846;-1.2313486227256765
74;1.7417442031214414;2.040095137129089;2.2370745433019334;1.951310805818299;1.1801935416853784;0.6327019613773345;0.3622178962153053;-0.10554542965761628;1.0603147965598763;1.573691837435086;1.5096295971425513;1.6286407308853224;1.1534733757477402;1.8437419598913805;1.1342577750345795;0.27004800713311616;1.3583538238408395;1.165400345046539;0.7481277353320746;0.8160024002426333;-0.14689178378879575;2.8170228152135808;1.9833711680553097;0.5414230552109816
75;0.7413401142456488;1.884951829119338;2.123563833801905;2.2851769865961393;1.5408831727495247;0.9739111758769543;0.9207339076576941;0.23206210212050257;0.9536983811851842;1.2458555201142376;1.2499142025278396;1.4328309867217834;1.6135937985862256;1.6312802558646762;1.7966096588816363;0.9712251020498542;1.0002461504962186;1.1748156976128368;0.5436498390155646;0.7649552439169808;-0.09490194839029839;2.069541508027221;2.544803777585325;1.8920947797670413
76;-0.41235144425973075;1.535533770073985;1.88152254587276;2.585587530989385;1.9727746564842834;1.370082995012489;1.0457253621008233;0.42154613137807134;0.42140926989590993;0.6408558005304068;1.0235879046476324;1.242155402602855;1.8226114622812746;1.2515442205396112;2.1924518136636126;1.2694132718819744;0.6059746496909053;0.9934474802862128;0.4286802574935901;0.5710188931385255;0.3761982519370965;1.0030207385611527;3.093921663323966;2.5737367058895946
77;-1.2979688265648388;0.835957574800819;1.317316508805863;2.5924733108597553;2.2221560291038767;1.7428341479221665;1.0313466130807334;0.5981677952156563;0.04829623241913448;0.17304133969316923;0.9296216873458646;1.0136308912339582;1.6953702931924783;0.9920382738876499;2.380744710452502;1.549864384157116;0.4005918906996864;0.7516580278160148;0.6359184145134471;0.38053162184683836;0.6604290082684598;-0.08825943087986737;3.2328084766843292;2.894488326059897
78;-2.0179898336310265;-0.0999473198435301;1.035493909768394;2.060939549985038;2.123636702447048;1.996006981140143;1.3504243288948172;0.8161046898856434;-0.37096183038292174;-0.13082469195349028;0.8045611321277403;0.8371905978683378;1.4380942602940614;1.00743957838843;2.0510373270260325;1.8945636451647614;0.06835737847307143;0.8054943789487399;0.8391515282056141;0.4859959247657561;0.9399461208513171;-0.799821338542035;2.453916700554739;2.833327232901453
79;-2.1827847344281137;-0.9110898822892843;0.5535057471052851;1.4650248468279023;2.038290813021506;2.0634437165071082;1.7848016194213099;1.215026137369308;-0.9749692832854411;-0.2559830897279106;0.5216534964397082;0.6853972662671746;1.1776636762410166;1.1042995129190554;1.6323835611943898;2.324488416100531;-0.5487242876911557;0.5853808212995266;0.9990661783626802;0.5887380180693004;1.0820988159597738;-0.7258780354544216;1.217932832460335;2.681995861563735
80;-2.0811277769608325;-1.6810020513040176;-0.15735168397641508;0.5933632374194793;1.8471441902546109;1.902358779365886;2.014342585839395;1.9101427081809337;-1.4920540062961811;-0.36992159221916987;-0.01747616635793169;0.575919395655913;0.7533741564102469;1.2720581045572759;1.4238444925030351;2.499306209149133;-1.005588051136996;-0.0904839278976082;0.8457419475193201;0.4522594729263128;0.7115355821568639;-0.24507269523371053;0.1313108725896659;2.590396763417854
81;-1.8910107190664143;-2.22079205543093;-0.7658508039282788;-0.15020523155596277;1.4796440014446584;1.7370357816769282;2.0371781583146604;2.202762776810581;-1.8488383707468765;-0.5999380395345729;-0.4788739107731692;0.40977167085832844;0.3331846242844747;1.3993012021049307;0.8465273493088403;2.37299663124955;-1.529416371268602;-0.687492833588269;0.3568070329705335;0.36476249047636033;0.24907658446674513;0.3362162340348544;-0.859640327464143;2.0023726105098043
82;-1.5450194848307268;-2.554687911499665;-1.375306247938719;-0.6454801051771677;1.035833241457682;1.6318060008151996;1.8578857657590302;2.1240114080772905;-1.9039363353067917;-0.9921676312913505;-0.9530847367402574;-0.08197066786893704;-0.021052752423234004;1.1154110567266684;0.3158156730417769;1.8053827198416053;-2.1566538501634134;-1.0404113328737843;-0.10920755144649472;0.44127380573760383;-0.15347616608167247;0.8439070536322368;-1.3400106451890836;1.1526025207312869
83;-1.1096289841192906;-2.4881357367466825;-1.9448857000317838;-0.9651981522926343;0.28689700685849046;1.2909848969927282;1.554110202057407;1.8345442722447818;-1.732209879273242;-1.537016188951229;-1.2065818630422034;-0.5883991433658189;-0.27771021027634757;0.49575822965067157;0.19625123287236418;1.1689507755322173;-2.2744831862779598;-1.4404214531573138;-0.5395932637155343;0.16907205931248034;-0.08780669152422184;1.0103303441004368;-1.2406719422595167;0.10137298305902707
84;-0.9030888224061735;-2.155014189374451;-2.372129968968245;-1.256103481838985;-0.7007670015983881;0.8136822329038158;1.2212486687068245;1.3259926890691487;-1.4583004173520266;-1.9379606452397706;-1.218962086813485;-1.0118005527403584;-0.3028219924807771;-0.12026030134191139;0.4310574891435451;0.39713630370828085;-1.761029483239498;-1.6259810065491336;-1.0209416072729567;-0.06880149461493157;0.04374991507700375;0.7767798022095967;-0.7746827591597006;-0.9255237186913483
85;-0.7453835886712569;-1.6914203501293663;-2.662630512246102;-1.6818774673715087;-1.472109952564656;0.0940281490665985;1.0224959383042815;1.0797688870252002;-0.9848964287004945;-1.9605482262253442;-1.3002831383350721;-1.1660299644130814;-0.24163292409996684;-0.5049402467937808;0.5160658926139214;-0.13014934507030806;-0.7932631581392187;-1.6023503467340294;-1.3134620835587516;-0.1032904083904762;0.13914330681457596;0.2683466668521247;-0.05420761200302276;-1.4594586492172117
86;-0.44674940108371686;-0.846210852996701;-2.5501949242453437;-2.3045905698817735;-1.9995153279789002;-0.7086092510791718;0.5675255005612362;1.175882073526105;-0.2913968794048806;-1.621580832453722;-1.3465578548447494;-1.1105325527016883;-0.6862196652286785;-0.8575268602884418;0.21300186134076746;-0.2855983821503586;0.18104765811628415;-1.4991141807179094;-1.4110039402486336;-0.4322950498394127;0.03822198238057961;-0.24448736006599858;0.784127575944248;-1.602582565564519
87;0.18643375819553928;0.03073167288666054;-1.9602888227471846;-2.410658718204411;-2.3314653492658297;-1.2695916096056785;-0.11937858406170951;0.9960285890661216;0.31101384299231455;-1.184444331043112;-1.2807017756824157;-1.4182908588229621;-1.2663701586154579;-0.9961658186863688;-0.05141105407224115;-0.45128237111527053;0.7501679172618684;-1.4179130974969154;-1.4991858159160667;-1.0584822063481203;-0.21419353607131666;-0.7015413995648437;1.0800041340570559;-1.6287279801818595
88;0.940231595794744;0.4506411059241337;-1.2000018468155316;-2.287408977188861;-2.132968072923108;-1.8095532431801946;-0.8088857698932511;0.35877328119476426;0.7258240501885889;-0.6229303900146297;-1.273907625917077;-1.6421067611855509;-1.34440979309539;-0.8829100129760157;-0.48074868113081964;-0.6088629283691418;0.9071018787898811;-0.9516363000894194;-1.5361453647412378;-1.6109650641540976;-0.5548661091736085;-0.8488667380452845;0.9054342932446111;-1.1911908276202507
89;1.4929902703140219;0.4938500722103781;-0.39352103686337214;-2.0701096124863065;-2.043225383967599;-2.19598870812676;-1.3644023166849486;-0.3875134652812103;0.8910870440389375;0.0440020193103715;-1.3760248240142718;-1.5538359979749707;-1.3768861546674125;-0.9819760517655346;-1.0404228426784266;-0.4871272740410208;0.9612696640849329;-0.3141670467197056;-1.5223599621964496;-1.7675420710034824;-0.9006903416029441;-0.6180633613621741;0.1950429939987675;0.06578420842764739
90;1.7415188301944717;0.5769483786507442;0.31363252667655167;-1.489385606456289;-1.8489569364935288;-2.488807826894454;-1.6501510473053795;-1.0716781481726179;0.8295596198200486;0.6634246684037625;-1.1735213849615416;-1.1258370757376792;-1.5086629948271202;-1.0955418390090808;-1.5610036382674854;-0.38050291320798907;0.7215623909420205;0.47446670763035614;-1.0457778763474064;-1.6544370639863264;-1.0367313943411793;-0.36472549160335627;-0.5749866052279631;0.991861477456514
91;1.4936887997627515;0.9663888508500621;0.8817366740434911;-0.813292719193334;-1.6137926887874743;-2.5304399671558775;-1.9766253658039017;-1.4783034282475578;0.7910467783511458;0.9665244328659847;-0.5483476950070303;-0.6964385080376372;-1.491169683142274;-1.2037697609650753;-1.6026833807332126;-0.5180748512109911;0.2958298254773922;1.290044596885752;-0.22414737922342826;-1.317748985704102;-1.276432421997464;-0.35780133457136404;-1.153645248503854;1.1554707252735215
92;1.1049377468426114;1.2370002901783594;1.3317857807451319;0.011979078550683435;-1.3712838214040894;-2.215659313761229;-2.469980551068084;-1.7101595732457584;0.7628785837334415;1.3184868609213631;0.29791467719190645;-0.5370076933430589;-1.1982143633637705;-1.2537885149340895;-1.3820610687607535;-0.8998845329091809;-0.0659124446399343;1.6162315497537272;0.2853759570943644;-0.7353409588305678;-1.440725324805339;-0.5634078911271313;-1.3316405828594637;0.700331621058386
93;0.6490363419395158;1.3266229105380285;1.5161712835961978;0.7752988269579469;-1.0291642212817347;-1.7209776490261477;-2.54881253016612;-1.9347879971614756;0.6304882498141438;1.3296303520395172;1.107756116201784;-0.3434775669863095;-0.7550550335921382;-1.2638677959151614;-1.060392949828646;-1.1538933147383226;-0.27026457336287174;1.3963736659967836;0.6810993856095715;-0.35198339642061477;-1.3322403900067135;-0.878316411060562;-1.1808998414462957;0.025369414465537546
94;-0.047355916401709434;1.3343054388392375;1.466988871944568;1.4911374180959933;-0.4352707380125169;-0.9752150158385912;-2.3178697564682498;-2.191695213448254;0.43374592037974685;1.067777521278533;1.5489562145884601;-0.00493022872715666;-0.380206169464123;-1.1921102697219;-0.8628017567049181;-1.3736770356605899;-0.3645935581194111;0.8424540857280145;0.9790051284948963;-0.1366562481348079;-1.175304604071499;-1.160776629297599;-0.8413153774549064;-0.649035467978127
95;-0.8027311973263073;1.251215422678551;1.252633115945828;1.8698691446872369;0.4934882797283938;-0.215991580463836;-1.7646885979908964;-2.406288139648083;0.3263092466621443;0.7830368914297016;1.6513725713957783;0.39243705917626454;-0.07118791237679269;-1.0076385497075289;-0.8490544347931086;-1.5536509342137879;-0.21676874029668555;0.22424671085862852;1.2746948652192438;0.5249641699301467;-0.8698533634261396;-1.4348326969091205;-0.5614689155287519;-1.3132127876261583
96;-1.2146442730298934;0.7443987964060815;0.968004413126108;1.8742017853996198;1.4698834078697651;0.1886967415373465;-1.107954389538617;-2.235193503636323;0.2736012743115542;0.5931010800073531;1.5630177409984964;0.9455245018648353;0.18429919189885552;-0.5809700014734632;-0.721966095390092;-1.633024087876753;0.06188602582859818;-0.4610733258501981;1.3804594367928107;0.9094509591947811;-0.194335366561664;-1.2702551225441543;-0.3960098540436469;-1.7224339888627789
97;-1.159394103564436;0.00808529846189671;0.7474947850535454;1.7454828029421736;1.8973426883920197;0.5314217097130313;-0.3504216592057082;-1.6249544544587269;0.026006529366119076;0.24191653925737253;1.0969975620751953;1.44003109621579;0.581229212484121;0.04773808017941245;-0.7886874757859712;-1.0735751584797455;0.4865186971998262;-0.6994147753937865;1.375376308887079;1.2164606247980447;0.490382618187255;-0.7495922499046478;-0.3615506679001266;-1.6713496963989372
98;-0.8728623995673683;-0.7575807222156642;0.5243076193993085;1.3768091286023498;2.1159552421738197;0.8696642615564623;0.26485886048025575;-1.1034236508953816;-0.22635925939058674;-0.19585664730057406;0.7256509619239752;1.7798729320159654;0.9388205926043047;0.605556068775736;-0.648014030787803;-0.3998698620582173;0.7837831406503883;-0.34929930238759305;0.9344981622876458;1.4830689700032653;1.1293532253188958;-0.1677012755177645;-0.6103234538314469;-1.1471358552292958
99;-0.27178068662981764;-1.2912589507084873;0.370003397633375;0.7570736377026914;2.05353818737377;1.335035649757841;0.8527539197470525;-0.5063254521838765;-0.6382148317330194;-0.16202328583556772;0.38018359075779345;1.8384853234910736;1.28647914079862;0.8039498940969115;-0.10659774814237345;-0.05749613679100732;1.004548106849172;0.040601397526347074;0.02103030622219495;1.4378617374703786;1.4360230219011547;0.2083984183397878;-0.8260180832541474;-0.30609413855391515
100;0.32431679516931056;-1.357323393763871;0.08321217789537712;0.42422038134400325;1.629969031927168;1.872074522690532;1.3925540496435724;0.15769408665715212;-0.7778889501735808;-0.14712659550546411;0.029753439896120188;1.511376908699628;1.4655892689571988;0.9293011837758486;0.3772608313770741;0.06256168339673122;0.9965656503470491;0.4074510149972207;-0.4977007808949938;1.1589690741184564;1.4831970720818177;0.6002850704389523;-0.772463076612327;0.16623858384175808
101;0.586907598118658;-1.041505834783882;-0.32440746333577264;0.13457519387635716;1.332073389192922;2.1345624554256304;1.800538989039304;0.8369495200963624;-0.5804517286125372;-0.2793281839207473;-0.3436223046601579;0.931922913875643;1.341769717031168;1.186975228163065;0.6927737151028126;0.11212636272828115;0.6885268976692756;0.4859503735139177;-0.8362676537464968;0.632784011439285;1.2861383204915007;1.1486309616779602;-0.36842846955769903;0.2657060469973013
102;0.7829694278661938;-0.4261025869950695;-0.9381275622755105;-0.3233008122074105;0.7918068221226624;2.213279841245072;1.9406927176683115;1.5280591650087927;-0.04521900245738095;-0.4098841487885173;-0.5416557865901998;0.006665883816532003;1.35588725280535;1.4023919918939522;1.096457074321045;0.3331950306967656;0.345481861188094;0.7245136736666047;-0.820562707846119;0.12999423743693503;0.962498409325843;1.5060594324312613;0.29162922622134574;0.14421129115723563
103;0.8263723831937734;0.13925375427712242;-1.395611841378812;-0.4937005269931088;0.09272719642217624;1.7982281848283563;1.8229340891149302;2.083304367194803;0.5699278823313602;-0.44307760842296223;-0.5479219859118921;-0.5900986688179031;1.2437719663786686;1.4822261394248908;1.4747719025293815;0.5396721484208037;-0.26289056684215634;0.923661768737821;-0.31482034331257874;-0.28039722242530546;0.8755545762052583;1.6165769753211008;1.0770624127768536;-0.10930364938863131
104;1.0000904459131044;0.6557834201056338;-1.2635882924019284;-0.5857622336683395;-0.5021953101159269;1.205023115274387;1.63204561749856;2.3396287013826846;0.9559243153393077;-0.28221222270377067;-0.48644325826369195;-0.8495679289375044;0.9777062654338404;1.2009655005778956;1.5652823139595102;0.6222010511787468;-0.736758485308145;0.6453348585186964;0.45106348159067616;-0.5873720168595806;0.8098882573514239;1.6388362762049287;1.554759376561016;-0.06585562099589742
105;1.1120916978138826;1.1455167453045565;-0.7187289546399092;-0.7842496156458033;-0.8370762437116553;0.3336807862062139;1.4105496677892628;2.0436629389348786;1.2323351436332552;-0.10664929237855401;-0.4070967573915991;-0.8952195377739837;0.30390502953787824;0.9281343394410667;1.3609591997355812;1.184866043297158;-0.7091660078947026;0.2179051968590602;0.8230196366937373;-0.5876475647850494;0.1751875496887018;1.237979071067993;1.7432942570339227;0.33789613014913583
106;0.8433329005919667;1.2995499588297683;-0.034938611658552304;-0.8059342883581082;-0.8921052851048096;-0.5282947999795136;1.2637741071254676;1.6757136000666177;1.1544559096075977;0.1366965117634222;-0.2978092810010886;-0.6313187992539453;-0.6278123308688875;0.7977881684586425;1.2098143143459346;1.6590183256356312;-0.7398251017008198;-0.2660878473728902;0.8845292240400908;-0.7324418869891701;-0.45078557543599124;0.6208095997937744;1.6151359317654168;0.61139550560181
107;0.34790816342727343;1.0717505339144107;0.5461308337187196;-0.7243431746414312;-0.8883805594564947;-0.993584913506841;0.9525474425730254;1.3581983212821866;0.3850529852507044;0.4179992973516233;-0.10788584155626833;-0.4902946175135122;-1.1707967286312237;0.5963919117210399;0.9833769558708433;1.6412958313661976;-0.9355730886946608;-0.7220059309858144;0.678905644024321;-0.6533348584792725;-0.70027244424391;0.08434840213079275;1.2815624136952195;1.0902651753462549
108;-0.3256700684360607;0.7564190402491618;1.1066262902113444;-0.6808026588230134;-0.8564734009969024;-1.1135408767135118;0.3039797312746766;1.0125380162807944;-0.5362323615817995;0.780664350814599;0.1399643004426443;-0.47643842433419487;-1.393327068855362;-0.023647490993669872;0.5812076750617065;1.3947971902313865;-1.0331964624424639;-0.9667327202858841;0.15323580207194182;-0.015992423386712456;-0.8578518049410758;-0.4118718061267478;0.9707074731672074;1.6961540222354665
109;-0.6949736666762948;0.23938650130092856;1.586368293209127;-0.3476886077736191;-0.6725917568745088;-1.1173195570999672;-0.4606703845067248;0.6621748965298369;-1.0379104809831812;0.8868439427134646;0.20021042145370563;-0.2426197332585562;-1.2625578013949874;-0.7928053002401674;0.22631918175879803;1.0008979389837522;-0.9578369522517468;-1.1485432166840497;-0.38484588904688477;0.6681913127914629;-0.9187356744519617;-0.6362166161429339;0.4397023684317313;1.8672093619380365
110;-0.8851061582431463;-0.15146039281025936;1.3812848924999448;0.2216847211778573;-0.4134726966047193;-1.0443537008928825;-1.243458838183197;0.10128856461016855;-1.3784776621332604;0.6933272154266061;0.297022460564379;0.006516115673414324;-0.9265235788815652;-1.1206274461597365;0.05212655368517263;0.614595857768436;-0.6895030042651769;-1.1282423964634842;-0.8142542902075067;0.9644216164184304;-0.5667270215060987;-0.7120817991529665;-0.07657158223470249;1.5780857903127856
111;-1.0165601464993042;-0.365539163831184;0.6987327734346901;0.7864013817383623;-0.30679306530280365;-1.0211686732551588;-1.7755333217180091;-0.4446536217672416;-1.5021869204023883;0.1323847295294426;0.44740427562761503;0.15680034134410373;-0.429210734534642;-1.2969534480595832;-0.36265016649466403;0.23443272539211402;-0.1843889714296918;-0.750062274003005;-1.009910738751067;0.7251879143640355;-0.1692226313518147;-0.7556245036648691;-0.4368510808782218;0.9611002717095084
112;-1.319207751636707;-0.6143113932333085;0.08844732756917424;1.3394398268567;0.005691257497979457;-0.7613118993829114;-1.740881429222931;-0.8428373305762482;-1.1679417747067478;-0.7699395951481279;0.4251413649865825;0.3312539074728245;0.18990376467950812;-1.3838552900003138;-0.8552504480732867;-0.23739071173755696;0.4087805899144483;-0.36218165790095774;-1.0235074522543033;0.02970528509979192;0.11656265635265074;-0.6905630352241884;-0.858310836861696;0.06212923239566393
113;-1.3335714329211728;-0.9194014186873628;-0.40661216955408175;1.4315765792964132;0.3284260813818912;-0.28769045761682155;-1.345090425424491;-1.2103919489317039;-0.5436443884478716;-1.4214743620668988;0.33813270441695437;0.4369025282326974;0.46668136353705014;-1.1811241611314656;-1.2150050422576313;-0.5481090737382053;0.8759917602412196;-0.05576153988822693;-0.9779442181474591;-0.6340771255708904;0.41190686845243285;-0.7407826397285118;-1.2755439088044938;-0.5805878763480989
114;-0.8614185823983035;-1.2673771951109842;-0.7814578642466343;1.1405163672682759;0.5215983962213449;0.21460498548972487;-0.8903448424224943;-1.4409880611335237;0.14561922675839395;-1.5842876934451502;0.1400236427820899;0.39567524128615744;0.42718286649376036;-0.7242281100419875;-1.368943454388301;-0.8113333109647245;1.2502059576433322;0.2666621342002748;-0.7435319808562282;-1.2179271795274016;0.5055823101661975;-0.6010361769207994;-1.2619182307525918;-1.0491699909340872
115;-0.4055532779781964;-1.352040302610127;-1.1348317686403644;0.35098022064785017;0.8489434714339193;0.4215351941636458;-0.25749221696230673;-1.6050359989077625;0.5722423551045913;-1.3849196628255664;-0.2516799374617754;0.3230953323019699;0.3179041551529913;-0.14242758388657645;-1.2460888246017374;-1.062540634854509;1.6802694783970837;0.5069779044324468;-0.3802510884717931;-1.2899248157809342;0.3686851556764469;-0.17634157071040363;-0.8135905236887223;-1.2314068325633678
116;0.037321956037328595;-1.2352724846576353;-1.2194232062225836;-0.4919971653240981;1.0553043116980183;0.5223697048423225;0.021193294982810532;-1.4556970484587766;0.7755814299174938;-0.8812474091034915;-0.9415084178851174;0.05012449631906257;0.24757740582008092;0.5842446870259509;-0.9583738638935055;-1.226728438651966;1.6771606961901675;0.7553044840383757;0.22083139533242907;-0.990537464269694;0.046852115976049255;0.31482002031498507;-0.42721539316584967;-1.162173202683307
117;0.24483831325476627;-0.8533576900174485;-1.0175982162314114;-1.2013676966657656;0.8409360793467795;0.5490694055567769;0.4082737509771343;-1.2884828438363387;0.6744422160817616;0.0003967962992222386;-1.2456672806957463;-0.11377658939250877;0.2838185894989173;0.961830681104887;-0.7685507146616721;-1.0930847048347139;1.0966838931540157;1.0174147760405772;0.8002772579682891;-0.5844251823714471;-0.33701719983401135;0.6069084734173258;-0.15991948962310054;-1.0657639278034405
118;0.33193479590729297;-0.1198946217872827;-1.002377617291926;-1.4513853197933009;0.5017762437623763;0.6340673214057528;0.5694572471841022;-0.5684160820893349;0.8019811613346471;0.7538436385347416;-1.1763410157349534;-0.3343979122906796;0.23359457015176416;0.9929232125613308;-0.2930877673582435;-1.049515283982829;0.10991422642569482;1.3444800533879728;0.9319469716084038;-0.08641604928563477;-0.8264893584625215;0.5365631015452635;0.04125130053906147;-0.9486637252135791
119;0.46318951907642797;0.40853206098177547;-0.7822975012695897;-1.4600453751830638;-0.07318658488869155;0.6422243190585686;0.5273946451722683;0.2957471029408842;0.7532768939180642;1.2015174374183217;-1.0538218431422959;-0.6855887185883786;0.19377451915015995;0.6456179640648453;0.5492358990975637;-0.9425405885020207;-0.7449271258819827;1.3322741338780335;0.9496281600398444;0.6103174082638052;-1.2646041768156788;0.26193353897312566;0.17746871406676318;-0.6038557045763782
120;0.6483776017293871;0.5393843195632994;-0.4584099859503756;-1.2683034807626345;-0.8446334066337644;0.5224849585402025;0.7019039761171332;0.9406540970867245;0.4451886859499171;1.3662880883306607;-0.5427631004185993;-0.83216559417898;-0.14667479735534786;0.1686087708347368;1.1086589107016058;-0.5493480784881284;-1.0647887981930666;1.088247737395107;1.014352411427926;0.8852228943070107;-1.058343183862267;-0.1924107148849878;0.2681871729297156;-0.21703363484860408
121;0.8895269579775994;0.7376987285055041;-0.13224412601211769;-0.8892022797456637;-1.45298140590214;0.31637262948540723;0.7776338063497075;1.202848242642087;0.03697497444975396;1.1031612156622441;0.5033431470475813;-0.7844415620869948;-0.46469929862501835;-0.15559948493895176;1.2323658718338055;0.044759180133287994;-1.162386583527428;0.3705484177670677;1.0084861119456408;0.9788598694464976;-0.39112607100457697;-0.41150197250962056;0.28560032051093664;0.1604916786227772
122;0.9859380033626518;0.9756308195900486;0.27763243085084344;-0.2859031927366379;-1.7571228064632067;-0.22482549836245355;0.6728549881553767;1.0232737863325698;-0.17273519492133324;0.7011800817049862;1.3622485310409107;-0.6656172621585547;-0.6042446664898453;-0.2112517974463438;0.8623484513990113;0.6232745781325727;-0.8690279102541115;-0.4935484156076906;0.7491758594084164;1.154930650300664;0.45706026422690543;-0.5819326701373008;0.4257199677472683;0.597657284904086
123;1.1250286318263916;1.1887305660639935;0.7743862336065083;0.20555059000403728;-1.5610018490712694;-0.6687114765204574;0.25580344100839336;0.6463238087969173;0.039191632283087086;0.35922889777484945;1.724386543458966;-0.3834390038324829;-0.7469410164769814;-0.31284812389380423;0.5020095120558633;0.8699113285772782;-0.35200230664266335;-1.0027581000147305;0.42622169363920814;1.0712984682007876;1.3865069026506753;-0.6490535763243911;0.40833061579459573;0.6292611666430736
124;1.14240784080339;1.023565523939038;1.2610010815646278;0.38002443008429254;-1.0739256437767888;-0.9775306946918192;-0.31994389201457;0.46128591543910036;0.09753228078797879;0.10461541205216933;1.5872645509845045;0.15546308872043646;-0.6484103786114725;-0.4164462505605863;0.18435424097275901;1.158103146029211;-0.053507078332621624;-1.2117918703351702;0.1328702829028192;0.791602149708903;1.582175543594084;-0.5620004703749943;0.0910141718245327;0.5658783334979302
125;1.0080208562887367;0.7139036988949969;1.4598985040148595;0.535832669971072;-0.17588927607001067;-1.393578518227582;-0.5011367535240677;0.20233366466290134;0.3023559091084328;-0.1791902017740214;1.167420863953338;0.8538201366814374;-0.35475706503811694;-0.3265365943292725;-0.2640413653960906;1.2310910833006798;0.09084802961690319;-1.3346899423287153;-0.15856102111990378;0.4594498731272486;1.1981388034343274;-0.01483456537912252;-0.2546778141450623;0.4087115112611297
126;0.8025881017249613;0.5055455521268323;1.3306809988021526;0.7975423142773994;0.6193518020528767;-1.470811758247988;-0.6295120174978235;0.02482079294522335;0.536311232339279;-0.4045687988109381;0.44547367588875664;1.474926392783582;-0.0341433406056794;-0.390395832171556;-0.6917720192911828;0.736983745915037;0.31397381650460704;-1.2169661386460835;-0.6349450237432219;0.1314153502346515;0.8990524136990987;0.7109046831683041;-0.5326683301998969;0.13369597202943076
127;0.10154802797346801;0.44866984127275483;0.9654974017903669;1.1859896412965674;0.9853548093661606;-1.09334233073953;-0.6951826613083077;-0.13991603448320913;0.5884848493285856;-0.1961355538069705;-0.20483215572858704;1.7355749669650302;0.3025547102040247;-0.4464339238561009;-0.8907482564424998;0.28841506592771676;0.44819597301075864;-0.5828012619547416;-1.2575694211540445;-0.37043095476387977;0.5228220886377457;1.156861951011534;-0.5167573816058079;-0.09691077804167962
128;-0.6434769082566915;0.49689217827012994;0.4427302518119146;1.3649714797125865;1.2072748006067138;-0.39509299009865595;-0.931200592428867;-0.4686871053550065;0.252566829504357;-0.09472470399558817;-0.5977012481953485;1.482260003853287;0.8300165458121446;-0.3943448925641792;-0.6888376270152923;-0.20955140775429718;0.4516303582968368;0.21119469758305554;-1.487759664302776;-0.732513791567923;0.17430309547563527;1.3938436538488814;-0.24026050175979977;-0.012346332811287239
129;-1.28801625158618;0.17358998642043816;0.06401169973457725;1.1471917238842768;1.223528707806328;0.4300648594165482;-1.0885544501461493;-0.7247324948491898;-0.42283170396943337;-0.19377940678632033;-0.8377453432370093;0.8329477136464447;1.1392562574492526;-0.15541551528378536;-0.2615432587921345;-0.6349861477010946;0.3096401415597414;0.6761733047723407;-1.4131245358485678;-0.787007122816711;-0.3837455451981699;1.5121884872943123;0.3263189188904431;-0.031496312977429414
130;-1.8670728955818776;-0.3406655425358355;-0.06072513986226243;0.9255564129625661;1.0446590070079556;1.1727547184430285;-0.8497320932303458;-0.9233410132391435;-1.230880739772094;-0.28501090204756785;-0.7315860274149839;-0.014264490093170438;1.2005347064228935;0.4508210302608189;0.027648318245013657;-1.1116010626775346;-0.2548240135765973;0.7645102650109235;-0.9485187508064209;-0.9695004238751508;-0.676035146684356;0.907707846365308;0.8895535269067948;-0.01751495873813012
131;-2.309232505020328;-0.8916936470955714;-0.1842288947347279;0.5844238174723646;0.8452849216149247;1.6324719056513228;-0.34433507487375814;-0.9448028413822631;-1.8868908975284604;-0.05935491750093077;-0.6116957910093747;-0.8456787116654741;1.1439353014144067;0.8965022877951051;0.11565288238257074;-1.0353993036503333;-1.0314808265425923;0.41777713809214584;-0.2157404809608458;-1.0838109222874701;-0.8385462459186801;-0.08831456906722936;1.076056500920233;-0.17147492848037296
132;-2.249249218581241;-1.3919378370322326;-0.5208145310871212;-0.028639920561379914;0.816712105662656;1.7401760003575129;0.3243295645554307;-0.7284664377389323;-2.2323471189313344;-0.19797666976351913;-0.37076979236441887;-1.3632928271457405;0.9026256398043229;1.0684468339386803;0.2015067327031456;-0.5337099930717364;-1.5356030567326375;-0.19429332289167656;0.42066126779802515;-1.1843461000553983;-1.110660447857581;-0.8755126589699391;1.0624480231139137;-0.23972415989920035
133;-1.820915064479343;-1.6555316713388613;-0.807543204207352;-0.7155506538220271;0.501920806986862;1.366818982458481;1.053733537473408;-0.3656542039419834;-2.1499031376452082;-0.7885077695729111;-0.2865824521361056;-1.45873655179286;0.1595860907566851;1.0648930493647606;0.2784005739639733;-0.0071401680693183815;-1.7334774678980007;-0.4701213554025918;0.7622548619533157;-0.9036997861206617;-0.9906430089068176;-1.3595447510514984;0.6989637663151138;0.17373759887120993
134;-1.1695067689210783;-1.9442175389436622;-1.121725899061073;-1.0437740960245274;0.15082936103429;0.8955002944201009;1.4835308492285593;0.14872205758781315;-1.5318026371675886;-1.3155145999061004;-0.41638951476599506;-1.269036683916005;-0.6274987117191995;0.8397374671502041;0.46450303809393295;0.32991629639504333;-1.5621906546536335;-0.6654208293387848;0.7864944094173257;-0.5649643999128254;-0.982577423617733;-1.452292512240033;0.27973849677115453;0.5614371550911537
135;-0.36519868518543264;-1.9724743331913623;-1.2791636125806436;-1.1235621949964139;-0.1698163714082814;0.31524882555630407;1.7158194819546138;0.600424942788902;-0.9196240237812644;-1.8084518127860483;-0.49795638912757934;-0.788077601914887;-1.2765795325390321;0.4748973469730496;0.6740931750984861;0.4326279748395281;-1.158485493457914;-0.9570839780150192;0.34549580250532114;0.008055402229746706;-0.9310188708467363;-1.1365063526990693;-0.3984423698137998;0.6793341584807239
136;0.18838315439291445;-1.617782006110552;-1.2491582501820415;-1.232306030935202;-0.6749470138763174;-0.30240213598709625;1.6133482832445056;0.7712712220856771;-0.29889210185319987;-1.8688705143981366;-0.5536414897503308;-0.22476938073427336;-1.8067422844661238;-0.13347348305971843;0.9515499326122997;0.5402181321535934;-0.7365325514720488;-1.2447138874134662;-0.034161129667748154;0.4983126894242751;-0.6130919477923901;-0.799700119280177;-1.2695064610264;0.7939674643387099
137;0.607496187428119;-0.947128693427854;-1.328487909404548;-1.1326228537368437;-1.180425175803802;-0.5299628332124017;1.0665203659902949;1.0820759789355816;0.4088223121542779;-1.3691153076440261;-0.7459384794715355;-0.09506532357797426;-1.855124992556459;-0.7286376443130964;0.7914105216931033;0.7004485621702372;-0.25857783435677306;-1.3235488827258464;-0.5227090557238485;0.794471905332209;-0.20801776215193263;-0.6456876823359021;-1.7571468877466647;0.40526485816081825
138;1.1721033301405552;0.035307819268033565;-1.4274371961901726;-0.8426955544972574;-1.58500054999113;-0.7045285419769242;0.29143460147182376;1.2469462467683368;1.1179547625973147;-0.7103150632135957;-0.9585030504212078;-0.22358545343887742;-1.441422698849675;-1.160860744347084;0.32091558261139813;0.7170564266596602;0.6623388226912968;-1.0302879839394046;-0.9413851696715047;0.9244264733073678;0.13711398136405253;-0.6228634815759305;-1.7943490477507353;-0.3316857929746207
139;1.721322615572027;1.0140501197892993;-1.1650906644539514;-0.7756081525401841;-1.667201055751599;-0.8252415852834354;-0.5252284852998129;1.4593717014763985;2.038485141236031;0.15652939047454809;-0.9536303959418662;-0.2185548478178611;-0.5942318631916891;-1.5772092263151916;-0.20169737615765845;0.35666174104539144;1.6180633528938169;-0.4933278610529724;-1.2105187375338033;0.6844776435168082;0.34683389304486145;-0.3569062365429916;-1.4192220665798885;-1.0934412550673254
140;2.19324474374651;1.673273732147311;-0.39762988596871945;-0.870009090952358;-1.2244499936554212;-1.0505135469750686;-1.1801355640110684;1.2906823971016146;2.5595835594399206;1.3254514292288562;-0.7622876317373014;-0.22852622339076895;0.14013687204343733;-1.6883995542899959;-0.8622689993750953;0.02760712622790881;2.6680140268698613;0.44832851328514434;-1.0790890559241062;0.04719304522043265;0.5824753559822242;-0.0007760190583586682;-0.6337167508209522;-1.5706161915650927
141;2.538399215617686;2.0602541579552973;0.6424352502127715;-0.791058867617626;-0.7135025417622796;-1.258232357757978;-1.4202123451219315;0.2753272151462052;2.97767049117396;2.2775452360602637;-0.3836444222605753;-0.4668355511225365;0.43938013928063285;-1.472225892646894;-1.3486182319081925;-0.015642211150770826;3.345493644341062;1.5207800849058988;-0.4149375040868029;-0.7972623853360372;0.8373418878860263;0.37977268858337415;0.003656351095618363;-1.6709184197193905
142;3.045436073755774;2.34264549081329;1.3015725013437711;-0.2710030379221837;-0.33689177795451974;-1.361026759353073;-1.3746953815712544;-0.6598245964674024;3.3953236294874207;2.738748640774702;0.4529829108987232;-0.4471119788108588;0.5270122753827828;-0.955922647755251;-1.6485539168799326;-0.1548327206219497;3.3859945052555056;2.3626035074272527;0.3928246053867717;-0.9523460241712026;0.8344740133604633;0.6312029993057673;0.4591248128500083;-1.4462993255905814
143;3.1154333852559453;2.3873972170819937;1.8995134796226107;0.31150348290674057;-0.07464492345242962;-1.231911132572507;-1.1660540178050627;-1.2819115654499926;3.33453554355248;2.80066729715173;1.361521037348611;-0.005143338004988628;0.4370565909685354;-0.19264140975880126;-1.56855684393854;-0.5703838290548817;3.0784782241070814;2.7863516451404897;0.9893155811890985;-0.7224464735155401;0.5480713532512419;0.6152893456268268;0.7301665066918914;-0.8477052165691498
144;2.341273536119536;2.235922923981322;2.5135906285552503;0.9550412413407253;0.302559740621238;-0.7321217667781643;-1.016630748335099;-1.7038756766115375;2.742533355312153;2.7821881491695826;2.2756677829041734;0.40265845905784303;0.2678736206928505;0.5900832756405572;-1.041337354546133;-1.0632866981559705;2.5503715394617426;2.868520838126553;1.4222398246428631;-0.3425247463806991;0.22048550124446836;0.746548951948348;0.7040873617992133;-0.15946619413372728
145;1.1598526700820868;2.072318229343085;2.7344884051550666;1.5992609142270844;0.6163318765937945;-0.1919641315127171;-0.7557013885632051;-1.7562438004172078;1.62460314181458;2.575242586779803;3.135506562433755;0.776967929860496;0.14628239020226608;1.1618661814980986;-0.5389696127076945;-1.4202035674034577;1.5590950802663521;2.814083093307012;2.0599646305735;0.38705187296976634;-0.2494423575083125;0.8850994715882254;0.5409548548090984;0.5737707638708875
146;-0.012045228498863135;1.7361939427350135;2.6414073648598553;1.9620864911000084;0.8184106282454641;0.5245123203512267;-0.4406481152378704;-1.4852225637133856;0.33562746828615453;2.2027659016298173;3.3160485604783068;1.4674201436262284;0.16594883945568328;1.3798388678311304;-0.046854343846206015;-1.524699233695394;0.4277415311574736;2.535070171860556;2.745178957217966;1.1141580810332985;-0.6211434594096675;0.7883698497740048;0.4688490602735007;1.1596672602955271
147;-1.109275601340773;1.4075693692571987;2.0689003921935636;2.26385568862602;1.051296516477049;1.0986072622821024;-0.11243987916586128;-1.0781723664445535;-1.2125253616638423;1.571115057229528;2.713065130996378;2.036007132814489;0.4781963170771455;1.3061742961983693;0.6748340898929267;-1.1317166380818882;-0.7328840113379432;1.8707632926796578;2.981642293575172;1.7757507754624644;-0.4491042197701464;0.3425226384625208;0.7546432049294212;1.427125678382702
148;-2.0591914215720593;0.7346497475962115;1.3000441454947294;2.6114612440169465;1.4573839292360329;1.415491849010399;0.1146342687587213;-0.3022237125112819;-2.577897572393038;0.6493773422147454;1.9626747621578013;2.458585605850179;1.0385903327657613;0.8085266405717387;1.2885212744328818;-0.35664329106202186;-1.941567484752274;0.9016238309510153;2.636856286514922;2.3039798645506533;0.09777550017799584;0.08313022030152149;0.9960392084382776;1.4484739508158078
149;-2.5144635647510594;-0.35692148286355957;0.5499157721214503;2.4214103546387196;1.9059302484771916;1.519442053981575;0.6376993276743648;0.23089860234333118;-3.4009178604214285;-0.49594403316572216;1.128242073955911;2.698089225048876;1.5155204804916604;0.3825410560105481;1.6611265241780635;0.4378659951527157;-3.1181324021078756;-0.5268063128578719;1.9133014345153554;2.498896592199219;0.8305713188328456;0.008532343294851748;0.729881952524155;1.00288964985704
150;-2.610459570351547;-1.6528151607697017;-0.04193819380037363;1.7385587794278201;2.155384672447242;1.442257689046972;1.1611283183952916;0.6684032058052505;-3.7420594272486825;-1.914497494499472;0.23237433057617815;2.5210738266949875;1.8640881245447432;0.4548130852552669;1.717322202418822;1.1733699032457896;-3.8602330029906398;-2.0367041302847197;0.6633499986588499;2.3724436372268434;1.6210456415416432;-0.06725691355300528;0.5143057137969275;0.4210583796196493
151;-2.7714474452671483;-2.6117584752472967;-0.5057326806237696;0.7367396422323295;2.037683944458751;1.3168662003378226;1.6493676970401636;0.9620242211898318;-3.698423116199595;-3.0161300369001127;-0.8417600746817727;1.7504129081108877;1.9953329345970534;0.594835872636492;1.467041966105672;1.6326020486983803;-3.8768060016229797;-3.0126661258034044;-0.5790954067932516;1.8403953329362686;2.2291344534976876;0.06783313294651232;0.2828222081241484;0.21097571159005604
152;-2.8007429440691607;-3.3079365860398724;-1.164478231371302;-0.23747468783194084;1.7161272163400945;1.2918464197647155;1.980906311949245;1.0774141071318362;-3.317952751903021;-3.837875619133386;-1.8259203205829075;0.56557747327108;1.8694509078558594;0.933952715683841;1.145741520898967;1.8762604296715726;-3.450546088532086;-3.6733968651019215;-1.6076140883138303;0.9033705739698473;2.394287163160928;0.4096024433059068;0.08805587079906456;0.2829936715673517
153;-2.7628012961752537;-3.6941301846113395;-1.9464877033402421;-1.048100105662351;1.0424992430592372;1.2595697236711605;1.9063592947026609;1.262901430272415;-2.8343772638110734;-4.206516364541887;-2.4451390359341385;-0.8009942797722223;1.5236797249598717;1.4381383940026737;0.670170931496996;1.725868493132157;-2.9221853758113996;-3.839705809385118;-2.5132651672450113;-0.08300843764478114;1.8936367909774392;0.8073412432660078;-0.04747006712243908;0.46226825481052036
154;-2.4845361105558164;-3.382240280623635;-2.7506846382464922;-1.775907560726923;0.030745422573466304;1.35801045720589;1.4422171250348104;1.4573136604736805;-1.9560841588870672;-3.9705730227131046;-3.1172522532776337;-2.0162014089050175;0.855635384951742;1.5370789633460948;0.10919365760835213;1.5194104631632241;-2.1645478629631874;-3.6579914658122643;-3.2900280468206735;-1.157849804611443;1.0722222406763215;1.3506951581434914;0.1223137126780376;0.4130481547050239
155;-1.9417619516521343;-2.7196677460381755;-3.329518286054754;-2.2312694138459395;-0.9464745543233598;0.9727712002143641;0.8038521595775735;1.6042869975415885;-0.954038010475792;-3.3906309087206954;-3.6492001069419295;-2.9088038403410423;-0.09916685265828057;1.204613393830169;0.038165609650776075;1.1490304966745173;-1.1027903583220169;-3.297959832997466;-3.8163877520872846;-2.213889914376041;0.1430586817936887;1.7911783948969098;0.294693129964752;0.3087885345790741
156;-1.3087715220202478;-1.9985231865583892;-3.486224742227223;-2.7027305737825538;-1.5614266743311274;0.22007347889167983;0.4066949694497698;1.5590568417735946;-0.037632429730444505;-2.159084286970359;-3.8894759938253043;-3.4942321733332737;-1.261095814787214;0.706345109565705;0.303078177084722;0.5181941813604771;-0.14479380637791536;-2.5498242733189307;-3.890937304268384;-3.1855653292482145;-0.9411634816300211;1.6864463156798466;0.334235322328991;0.16683002921740736
157;-0.747351226102325;-1.2276826202877442;-3.346635397453255;-2.876580587810196;-2.2791426649121265;-0.4956166114579375;0.11591603954949645;1.1395917501352824;0.6022189895325791;-0.8883129920409136;-3.763229885520847;-3.5320257742804113;-2.32595665113963;0.12810458369592312;0.5016238189043701;0.037182593369637654;0.5982802925247721;-1.4056234011808884;-3.728935660746706;-3.967783956448166;-1.8180546151724282;0.8861847704578352;0.5493524147274288;-0.064806700502933
158;-0.07342695623356707;-0.7971515744736689;-2.7935500782945932;-2.74709411356318;-3.0072579305861122;-1.2943556088537995;-0.24723071593375864;0.6918690283415491;0.9808770185786775;0.1406642624961027;-2.942807953674824;-3.260867270372421;-3.274928920541705;-0.8221228756046958;0.5769580277033828;-0.17835291501791165;1.1510257030361948;-0.1567543010005736;-2.861133960627075;-4.154202524504625;-2.8359337500835204;-0.2502383645005832;0.909520951459637;-0.18340108090941265
159;0.7475907344926808;-0.4415518738865452;-1.7554870960206657;-2.598020778449258;-3.3192154236331026;-2.119815648036947;-0.5334431596370223;0.08375787618206111;1.2196645064144855;0.9165684391125355;-1.5339763961280815;-2.977136952295658;-3.9667308475134035;-1.943468595169247;0.26942625590716063;-0.5334252118005987;1.7193497166794125;0.9333805566350086;-1.4982600965780704;-3.5313267531163435;-3.6746928075442917;-1.4333672639921349;0.8726976757762477;-0.1728355071259043
160;1.7487789363470148;0.2785490601770631;-0.5802801659710202;-2.537310344112449;-2.9998372533526436;-2.824975882697653;-0.9310868336939218;-0.6356374079557936;1.4138445775611328;1.6075797265565541;-0.12976201583430358;-2.617391143560065;-4.034130939165692;-2.7745171745310873;-0.23769674963593834;-0.787892631306492;2.0907198404878415;1.8311324871483776;-0.08856762583418375;-2.5089765865225084;-3.8883121232180557;-2.6824718602633455;0.28225635789323344;0.11290782929191315
161;2.551392703442143;1.2544694254241044;0.6825670413640821;-2.222812685036782;-2.4061380281030393;-3.2249791124497404;-1.5552254059756914;-1.2039593549094274;1.8859629499809099;2.032243394864864;1.0575036139019895;-1.7172438164556136;-3.307305722407077;-3.2507558443071005;-1.2382949845445348;-0.6120508295805117;2.3468624936514146;2.275331803427435;1.038762391809408;-1.603060644744667;-3.5393721240686546;-3.445932706482803;-0.5143989670232796;0.23839340464204542
162;3.252125469018474;1.9016033748401155;1.441127891518257;-1.1708319283660273;-1.829902552092453;-3.156512014673058;-2.1422029038899923;-1.714265148551793;2.4571282271738504;2.3227556832037224;2.208448548643144;-0.7449313381184024;-2.270566553461994;-3.5199444183348527;-2.272296684836883;-0.5096229393549442;2.608816076845832;2.539442564566282;1.857948897793203;-0.5615230348639203;-2.8697310320506384;-3.643539442821714;-1.461981452194622;0.16131028389039534
163;3.880484761746936;2.5942323817503823;1.8387520705274636;0.1707681581519558;-1.2111981582079312;-2.501723467854506;-2.735189355236157;-1.9136119208155211;2.8068222479691474;2.4046733480582922;2.9149953522295555;0.5152878265003092;-1.2550157414116885;-3.4095863352855207;-2.881083010762907;-0.6502621217715505;2.8089783451694808;2.7126307853249574;2.5185803912474074;0.5888846759903181;-2.043748876304048;-3.503229691047271;-2.3169443166560044;-0.2551322702508717
164;4.204996307790731;3.321761378542502;2.2193573549219625;1.4278098280269451;-0.6696174984099887;-1.9971710970605636;-2.9732677963838627;-1.7816448370139328;3.024945499080216;2.4372053949170045;3.024426355198899;1.8482298317165982;-0.15629474591204032;-2.935131327067411;-3.1681295888803924;-1.1036684168686475;2.5161984514989992;2.5608415054528444;2.9543287121917734;1.749580335141137;-0.6852496185964576;-2.9235094054934736;-3.23836024967607;-0.9140538378384517
165;4.2655377903697715;3.7171052964334654;2.564187286260402;2.445623426618832;-0.009886965891346869;-1.227873229485296;-2.7993002826475153;-1.7194798945247018;2.999627976367856;2.4342310041713464;3.0045387899428952;2.8772095601381302;0.915771603394902;-1.8675963325594744;-3.147973643430738;-1.7304278682910303;1.9805231017535674;2.356761597765191;3.1789705735227813;2.8691384205731136;0.681175798871446;-2.09336607545217;-3.7777954940123197;-1.4575849134981735
166;3.8962080511263997;3.7056500728700774;2.8761437117710984;3.1570743072139;0.9516443209134665;-0.2763207554738793;-2.169807593571737;-1.920821577141691;2.7877728380647904;2.162632464426821;2.7145230853970985;3.5974543818805476;1.61936674419359;-0.4673031059231474;-2.6525464225047193;-2.314305547095852;1.0988492155207117;2.173790860396891;3.1247680865239564;3.5157681081823817;1.8575735292224487;-0.9671497945480211;-3.543729019074519;-2.0441017047528542
167;3.043925748425112;3.542956585395039;3.175670292241464;3.409045430055654;1.9728525615657555;0.616504675691743;-1.26249652682334;-2.151911094896542;2.432259415984879;2.20496169216176;2.3800959698697906;3.979795811430677;2.3744421388206978;0.9359724278238495;-1.9318878233384555;-2.7272901842647403;0.415630812826574;1.7970093775005953;2.700098391171673;3.7805703155235735;2.9574964332266145;0.4154440918217043;-2.4880493730801185;-2.665243746972072
168;1.7626252956559612;3.299686548050391;3.3999486936174192;3.307524287301537;2.822391884270508;1.5008588208896962;-0.26735689359533393;-2.0874152843043188;1.6405930915700426;2.313680321407668;1.972096541507448;3.738017526407451;3.224285715837991;2.2400635611798383;-0.8526380250436768;-2.887962209261732;0.13240623930253;1.2230979491488025;1.9490405874822145;3.445640080188577;3.6815008383532026;1.647240704611792;-1.0896010222648245;-2.995792387435174
169;-0.031090466898705964;2.5457175966687235;3.442286675779537;3.2246233746570687;3.485762760676021;2.2005537914745084;0.7206923147000655;-1.513722121753755;0.30930573497700425;1.9223469702910445;1.6701674419234485;2.8177148637208793;3.6879268077487493;3.143231042887212;0.5054054268805136;-2.1310010323935122;-0.04832234510995696;0.8664358831147901;1.305370126199795;2.6966316699231188;3.79050605958501;2.8829140566221367;0.34549071150410743;-2.7134892359570175
170;-1.9780541533410998;1.3261860619570325;2.9990805013538187;2.802569456467381;4.001297166086819;2.81734434352976;1.7066506299895348;-0.7103622522286076;-1.1573853462102206;1.3250514155057689;1.4992344424846364;1.9045549062611737;3.866657211960483;3.6094858870402584;1.7509412628825671;-0.8976368086779342;-0.2696181203325789;0.19731492549390958;0.7957771709399746;1.9609890100822178;3.4689562052844285;3.846198324510131;1.7335820130499302;-1.9103884410579535
171;-3.671412055968101;0.050438246007051935;2.0364769882666707;2.294734042959205;3.924068917096379;3.0805074755456974;2.4808941731775653;0.5213885142082808;-2.4323025206407154;0.38008054929708085;1.1599768382512525;1.2388810625331734;3.6576872195515175;3.5890901537425868;2.946378247194246;0.1938461635838099;-0.7392187164702698;-0.5927993907584297;0.3973667831593565;1.3096071021928746;3.0855386979410446;4.041958192271208;2.7697768591718805;-0.7005907199620557
172;-4.6158475888838035;-1.315491104451645;0.8266903393986392;1.9075478736080687;3.222871962229915;3.1846120306545185;3.111873941071449;1.6199457729587758;-3.3963523251937224;-0.7256555837242138;0.5421099309281959;0.6937794489068619;2.904574845015135;3.3545480019159024;3.837948716092797;1.5388250245196433;-1.5529224635873753;-1.2474329913195663;-0.0837968362472478;0.7364327027848844;2.391969617271047;3.80555920799616;3.5117609763237834;0.980778927920728
173;-4.791613431414214;-2.7246110357541795;-0.23311428073459284;1.554544011377493;2.365028762465567;3.3489450192634282;3.312376418057698;2.457744228248279;-4.158226630692639;-1.9752648482601416;-0.049079010700672866;0.2987225163513221;1.7629055853146594;3.033759161077348;4.070817469967643;2.64076269725534;-2.332604071605932;-1.6758419584978446;-0.650468123730889;0.0283559442861567;1.741901242987878;3.370132493372894;3.992698520906155;2.6345876986299146
174;-4.551205201639483;-4.001724197006462;-1.4373743487914488;0.9653496378575548;1.2541100565027685;3.424308771640449;3.2034719928512856;3.259071747354173;-4.370330021916652;-3.03600252674038;-0.6598563883569853;-0.20289374361790619;0.5090466495150304;2.6560231650311894;3.998618732289798;3.5741466010577305;-2.839337260766519;-1.7138639179272785;-1.1359382722904834;-0.5188109247459585;0.7417701248272272;2.6319056224705513;4.124882859503459;3.6678735567846608
175;-4.043573331617359;-5.033190709421547;-2.6284857180967753;-0.03531455508487155;0.3452779998244391;3.021529697513292;3.061740577043035;3.6698584535279557;-3.8559817445316202;-3.7493958133881935;-1.4535119671980221;-0.5915779653152702;-0.4483425441328223;2.1186116208931196;3.576057975520398;3.998087167133111;-3.1011348046148957;-1.8984504860532305;-1.6768031827603829;-1.2113532410510772;-0.47030313430436105;1.689101909339652;3.777970593456373;4.265291315606236
176;-3.540496503009096;-5.450681772803466;-3.636291957109058;-1.4613314120617047;-0.1273302213723412;1.8599934190749563;2.831552057080967;3.453804391501798;-2.9226204820897945;-4.192058837659059;-2.341390672323728;-0.9486152002392167;-1.2207874732384216;1.194827500045456;2.6235593086762483;3.9836572143709326;-2.6580323484382897;-1.9144659280993284;-1.8947216487157863;-1.7164652616630731;-1.3977782299815624;0.51456796315668;2.885674392765352;4.590018963918792
177;-2.777453927850318;-5.078737865540411;-4.480530111797754;-2.715090537413983;-0.6977444011193276;0.43241108223542357;2.3816581377784143;3.0725647225529125;-1.7600088878842675;-4.163074098045425;-3.245577452475362;-1.5117720461860324;-1.6468266759982582;0.015707281874645873;1.3372750613986013;3.778748410543923;-1.6628179874902986;-1.9225687148431367;-2.1941173150674107;-1.814108384463009;-1.8005500155582919;-0.5612580593368582;1.868384738346209;4.095877792268367
178;-1.6910913603967384;-4.0814821407349084;-4.933583837032859;-3.751922977262478;-1.573982741565154;-0.7369653923580137;1.4260418115422806;2.6013784340518207;-0.5459558131408939;-3.600339667019576;-3.9257747733298762;-2.093921342532057;-1.8628074281554736;-1.2120672980895029;0.36419104985537015;3.1729442204818414;-0.5794098568887087;-2.1552171967293305;-2.3166489283888554;-1.8130666277730492;-1.81757249932087;-1.4323948143674132;0.5822465613428376;2.850772239574549
179;-0.7307771590241265;-2.7081148340376533;-4.774892963486071;-4.357608141829548;-2.4868739517057685;-1.7310061580103735;0.5113326020667608;1.9293846411837072;0.6122932957592417;-2.5085518696189304;-4.0262358658299835;-2.731983902250995;-1.8229553584882585;-2.1871199277847433;-0.3445359002232905;1.8658246931200206;0.36496809409146513;-2.3069377644794486;-2.1535044002993047;-1.9282433515524378;-1.8846525657795874;-1.9252050349776437;-0.7442528581435445;1.6192959366312538
180;0.613243630299345;-1.0487956550594395;-4.288727743893607;-4.663792606623063;-3.12952217768181;-2.610510857670664;-0.35257329843561547;1.0303137249350849;1.231350913603911;-1.1139137022871248;-3.745763509397819;-3.258839991304337;-1.8717243209905707;-2.804531003747439;-1.0284675684600006;0.45048368970729397;0.8544452522035826;-1.8939969266933596;-1.8121166161407314;-2.0224034965321445;-2.027413772225488;-2.2377780195928283;-1.6296686438315762;0.7088690091129285
181;2.107138244271961;0.3005512418190808;-3.443182726538187;-4.514337951642353;-3.6770042234001297;-3.067389387392037;-1.4244574710888134;0.1368814173996596;1.4648118137590669;0.2392409857499977;-2.9869787076321916;-3.385593743461708;-2.2288458630027637;-3.044759205937936;-1.7814012705404842;-0.714288796272122;0.7573524042442633;-0.9222528140346532;-1.4141680473215688;-2.1079732137091076;-2.0825759920943256;-2.5865506067655364;-2.28130409202164;-0.3362902549769085
182;3.2150238293335454;1.2759390202856176;-1.8666184521420128;-3.8984444299782877;-4.3071121742921985;-3.2021395934148646;-2.4860359835737444;-0.7873298523927474;1.5049772907397312;1.4067846531689376;-1.5284617535238945;-3.3708908098290977;-2.5559705124336323;-2.8242652310144964;-2.4737606775116197;-1.7549932338562655;0.6071331557871354;0.34232860102902496;-0.9678914951984786;-1.9201197932425487;-2.1147477563117016;-2.612081822441615;-2.7150842353380744;-1.6062654826491163
183;3.579675183032752;2.038001058549611;-0.025083094637335924;-2.9091137573824883;-4.456359421169646;-3.372546275483313;-3.494191923190156;-1.659126298655764;1.4870931291801142;2.2028117829741296;-0.26724381720467255;-2.9630614095268735;-2.817525645943401;-2.405020561019126;-3.0477969098123587;-2.530434104964423;0.5146275086706915;1.2917878158246803;-0.7295847780677404;-1.572128329835648;-1.9443678739884953;-2.2917760752782756;-2.9044170835606713;-2.5582021512139863
184;3.486977033089038;2.676237933370569;1.4134177330101554;-1.826322320560225;-4.025987198817548;-3.460987697483787;-4.116755685789165;-2.406240661455522;1.5156717891101459;2.616023065883643;1.0735798950051396;-1.9174287459492272;-2.8825115785073363;-1.997727735496133;-3.4716525982719357;-2.978833044582259;0.47455387233093116;1.9739288457453539;-0.27762042819979205;-0.926790535016036;-1.5148746893075404;-2.092545810938256;-2.7865240391957533;-3.222987465722369
185;3.320827160849519;3.3097554893270607;2.8764514097932086;-0.5935530148495681;-3.107504719980337;-3.4531288541264322;-4.145354007777414;-3.14100266016518;1.4662093863564258;2.688795491014123;2.304719526775404;-0.8023459361016223;-2.5233024993411597;-1.8630002807786832;-3.4356805041124296;-3.084430177130281;0.6534568063270142;1.946352585070742;0.39606287122210726;-0.2961604536940095;-1.0283029907646788;-1.5351096037720826;-2.554209058050434;-3.4733101040957526
186;2.972186782850733;3.9129032885441384;3.9858031555648834;0.9946003611310121;-1.6799579412985357;-3.3571696632118133;-3.791779769541453;-3.7756835402826208;1.6068745705905154;2.3599173713642045;3.023025011691676;0.45728944688955236;-1.745232025396069;-1.772019230632904;-2.8898220771548613;-3.0750940995512788;0.9101160956647922;1.6472562460412181;0.981680897772408;0.1293189679965664;-0.6642198632647911;-0.8836962536420722;-2.1349119446088265;-3.221158714049593
187;2.417972352923648;4.120470319423994;4.254841718768259;2.6384462051174173;-0.0836008051024499;-2.883072489576937;-3.027368657776481;-4.061484844693149;1.9642340366461704;1.780885122364326;3.4045701334364282;1.901875217523333;-0.938960003172915;-1.626314798418015;-2.013092577476627;-2.944081430861148;1.2540248240665048;1.0821157461601525;1.7688648645646963;0.6800617920110312;-0.3316427818644951;-0.6178889811120551;-1.537268627658969;-2.7288557115880163
188;2.0320927172533088;3.797637159872396;3.9695248132687753;3.835273021317648;1.4643264993274165;-1.8171345440900906;-2.0954952173186676;-4.013484081763571;2.0939146865911873;1.3753918662836024;3.2301059448084954;3.223833310814795;0.05421827444260088;-1.4674035934624652;-1.138276196423819;-2.65940188686393;1.8129878323120172;0.6180055714036906;2.524080966071278;1.1902105183843665;0.08034571248190212;-0.6498241385705944;-0.8818730763865942;-2.039129227660514
189;1.663528528802719;2.8873008394188258;3.557995462949727;4.586393689996189;2.4653732924217215;-0.3710461712752485;-1.5826207957421787;-3.3946548025942356;1.9651178537831662;1.2240139092093254;2.817283110642062;3.863808522672245;1.4356221089762957;-0.9610690096168423;-0.5077222343083465;-2.318054187244882;2.189343559397479;0.5217315442028093;2.6160552140194264;1.6277518794957002;0.5888305686443014;-0.3706474435013248;-0.4825655505600142;-1.4513250496370542
190;1.0953510174676995;1.815970558417618;3.1454597906509107;4.945471241384187;3.409400072821462;1.0880192032699096;-1.1453019430954159;-2.529625483838079;1.731493755676363;1.3726909559330687;2.1959753762603738;3.8885397988088397;2.7904366872001845;-0.030955437526985815;-0.18643514208488912;-1.8245649507313109;2.2250083793936097;0.8370020204569372;2.096441324009355;1.8653253058765702;1.2548488971912457;0.28912020166174907;-0.10010500837483029;-0.8872464021704825
191;0.2913380121545615;0.9469796250729816;2.7574512302141647;4.619037009036374;4.367830228295899;2.456143602510179;-0.30100370540047444;-1.4933692491254824;1.436384833440639;1.3547033734989624;1.2951661493680606;3.525620429749834;3.564209277216986;1.0363982290362082;0.10341020395157818;-0.9697173138734145;2.0186872757050742;1.4020356128352316;1.4146332016659429;2.0276206743039085;1.8519279976132537;0.9811084066549999;0.2874640000933225;-0.30449917850753866
192;-0.2712065263601192;0.08197011416335923;2.134850864795652;3.8675228214300654;4.861661136737899;3.7188084181559127;0.8718969875974333;-0.36122212057148145;0.9710365235780773;1.3309527183362126;0.6173810886992293;2.7608838898731087;4.051538722181458;2.1737728948819712;0.3953249716459644;0.006826399663330342;1.474846023428443;1.81950562306338;0.628506353320716;2.172147773463176;2.124122553540351;1.5282512338309124;0.9213203092155127;0.3224052791837124
193;-0.9209005207493769;-0.5006463738203939;1.3687246516202591;2.641064792999402;4.758267793706526;4.532592277917206;2.0921748459155416;0.8081396227781064;0.33393252985858757;1.1888607427861315;0.44540659690237205;1.8276070586648014;4.044370075420165;3.279327395301993;0.7896653136228222;1.1131521968458518;0.6081821264455507;1.7440307584154562;-0.021554338275616824;2.134546245547619;2.2421557304258273;1.8296473290207045;1.228801319969314;0.7635547572762038
194;-1.777705376120683;-0.8690256572536572;0.40132999772527406;1.355059841408894;4.216865087125755;5.023229133742007;3.261970055437701;1.9061751250761785;-0.5867825573866511;0.7272280395377235;0.28051901052323286;0.8754247103896573;3.5718425785221988;3.853694351951216;1.496589619100514;1.8381854056008136;-0.43248265169789446;1.268399771330444;0.008343300738129032;1.795592990263725;1.9882882796545602;1.7032284579212078;1.2233695180523787;1.1445455031092648
195;-2.5381838055001626;-1.1796140961130432;-0.8044536965025346;0.3872502605629301;3.3370489920135484;4.874864978892898;4.202408355800659;2.675562993172332;-1.833062860136022;-0.055031888720595286;0.15193788384955006;0.11421267089958159;2.600479737320428;4.022403964770681;2.375640667894202;1.924597573470933;-1.3735340730874404;0.714595053225104;0.5188705500115242;1.1256295262931935;1.7247723590294433;1.9030323994026104;1.4723872088849372;1.443404262269246
196;-3.0999361379990926;-1.666999293106386;-1.930119170036528;-0.4221603690301466;2.1024872750340373;4.01322820214477;4.92222123663078;2.985398635385206;-3.0467985108776205;-0.8429810725881133;0.22721274879729786;-0.3929892959424396;1.3649821913197235;3.799685232705835;3.171698614298351;1.8619745523867146;-2.1396954779298407;0.0824915433143474;0.9370895915035221;0.18390068280285915;1.5798781216340856;2.1237421543807105;1.6460539635160185;1.669702261290804
197;-3.490011405108324;-2.4052513174611447;-2.4938644676835375;-1.0067061948112075;0.5902873036068951;2.897390273483987;4.993654883781389;3.392525809669289;-3.611033685187099;-1.5366860625317758;-0.0421312339641101;-0.8279059463702181;0.2066078969352021;3.050390277589263;3.8059841611549894;2.044614530865987;-2.6297449731184996;-0.9046244072080574;0.9076126968874295;-0.5550042353030101;1.1887265342832485;2.019677122088766;1.9099765919466087;1.6323716997937088
198;-3.5085437118023894;-2.9806624719763186;-2.672124287998928;-1.54737973955444;-0.9600790376943574;2.0712966606078793;4.351287562917391;3.9148162351976215;-3.411984399862535;-2.269589565342966;-0.4675867352001113;-0.917442807497824;-0.864819707602196;2.0253345504742977;3.8415958638402707;2.2379076080902296;-2.9331613475248184;-1.848958408729534;0.5040635180138774;-0.819775904650555;0.6488087198345623;1.6780720308770223;2.210996603322778;1.6555309779868341
199;-2.981792492925659;-3.201655908790022;-2.522381800192508;-2.2353915636814605;-2.1537229627767496;0.9473855569128984;3.2787472040069834;4.349922764884868;-3.131119457095719;-2.9397211714158327;-1.2262445543213156;-1.032274256018612;-1.596080241905107;0.7439789183276494;3.3982751822882657;2.491159453766032;-2.975940383188943;-2.5690977064427325;-0.23564270321634184;-0.78557704215674;-0.016686525386984785;1.2252928399934797;2.018193566176978;1.7907135291882688
200;-2.4363308055316177;-3.1472296109484814;-2.415515421402693;-2.830690818628475;-2.7448891199768113;-0.5110292876258159;2.039797304588236;4.2550017235292845;-2.5905789329332474;-3.2901893017950226;-2.0417209203098223;-0.9917321193630889;-1.92124640023677;-0.6350927058604592;2.3874231898242098;2.9358113221039117;-2.5181169408544193;-3.0513260971157266;-1.211062782927369;-0.5010610779418062;-0.5835242986959941;0.46095279412502016;1.5860757418524343;1.7367953388998798
201;-1.7263445267219546;-3.0073143721084192;-2.4350278815668984;-3.1982307898243914;-2.9862456774888293;-1.8686364526073915;0.6786937486963801;3.709887096412822;-1.714745607149857;-3.2586364651220667;-2.7272651718020295;-0.9856946343814428;-1.81073533015756;-1.7799745393389872;1.1577773234712003;3.080038690226107;-1.8931146333321587;-3.0863329178880594;-2.3747262279184556;-0.2569560636418449;-1.132696594442292;-0.31729377065985725;0.8900559146985427;1.5278834353375255
202;-1.0644424639864474;-2.5849207989077616;-2.5474708677395763;-3.3850775211317607;-3.0390789302724452;-3.0389270314319328;-0.9096916429201214;2.497832008025122;-0.8673493760723741;-3.01967746778598;-3.1748747456040793;-1.3064211518681623;-1.5999673761826776;-2.5944380676560423;-0.24387566024660975;2.704537175076755;-1.2187443489381404;-2.708144378992472;-2.9553520108351385;-0.14894122821326092;-1.5076828468866283;-0.7320237864749317;0.2519835795263724;1.2412122095024027
203;0.12404583700108665;-1.668077625899932;-2.63759672752793;-3.1834995428118757;-2.9541421421571736;-3.931571610456721;-2.077705785098604;0.8012083731596072;-0.17773686893618892;-2.448397686247954;-3.028686388931409;-1.8579684210594944;-1.4820583652945905;-2.775417712612421;-1.5891761654575227;1.6864817890205501;-0.5460633888500712;-2.1413163801767188;-3.054315470085178;-0.7180395118163322;-1.536764648190961;-1.1721997177053307;-0.239882487633911;1.0060237595206205
204;1.3974533284544999;-0.7004124399908978;-2.4182347351070757;-2.3334449903415284;-2.7634307391209374;-4.103301843290724;-3.0959285616694054;-0.946858651951789;0.41588667814786656;-1.3995944139958432;-2.723217017822719;-2.3817757914353646;-1.4850775466365225;-2.6020093691363964;-2.6361450889367513;0.4091021447756635;0.09937889840976974;-1.3724912339590203;-2.755039807747279;-1.7091965699573994;-1.5275777417269643;-1.3678815034030405;-0.47325829833687455;0.4393305783608505
205;2.0820623187684504;0.20133726233022758;-1.6670891792782023;-1.5267270051313067;-2.585860870238791;-3.788724475573836;-3.913121878184652;-2.2769662208877484;1.0439861957570564;0.0024807969489294797;-2.2038286032390104;-2.7883299799587538;-1.6325213078533494;-2.308408866744964;-3.205245784752371;-0.9513909504621192;0.9483999614682519;-0.3593097421359922;-2.202080016494838;-2.644112637124454;-1.1356331354114788;-1.603988731690433;-0.9016818182090832;0.006949186825259016
206;2.4590851887335474;1.297337507902005;-0.827531859311409;-1.152116554246453;-2.5107599749333898;-3.1952750228171105;-4.1089865565841235;-3.2789286915491753;1.5329498361735114;1.273478064748451;-1.369903195432191;-2.861694609147703;-1.5932164213714592;-1.954008934872789;-3.4073960812623505;-2.444409119992377;1.868451439232526;0.4622483912022852;-1.612051050507218;-3.097558700907573;-0.8471707733043992;-1.8404430050480955;-1.7258155347486999;-0.47688025637459963
207;2.6963717557037747;2.2487929293603472;0.21310267099562594;-0.8287588211411088;-2.2428221878016714;-2.5492832253402975;-3.964192420371867;-4.1321440593420204;2.0649826836673544;2.070441589672733;-0.3857424326108265;-2.1842741111878152;-1.6425120342419364;-1.437167073237768;-3.2470922078265767;-3.455422800191387;2.677487973877339;1.3382472782209125;-0.6858101976446461;-2.8100181001489313;-0.8067024247047881;-1.821065217489887;-2.284246452442438;-1.3713201279407858
208;2.790165977325184;2.858060841479041;1.378392137156967;-0.35118177059394223;-1.3685843558267705;-1.805498333489072;-3.8161589272782157;-4.5479261840764345;2.8425662677378156;2.374346592256989;0.7516165129037243;-1.4205202002503656;-1.8835964712874047;-0.9296001657006904;-2.6484751385074308;-3.898471863330809;3.083783446581004;2.0228024263476114;0.3650734003125394;-2.1614519593219326;-1.2800183900399853;-1.629139518687195;-2.1199791382766002;-2.0147817215193333
209;2.7596708001345;3.0486093062740878;2.434034642956216;0.029492168187384957;-0.35046443185796644;-0.9918031201339264;-3.3017782728718124;-4.396236791021434;3.6262055978595034;2.382669195160088;1.696101888647323;-0.48146629090342913;-1.718584362868044;-0.9541352848509898;-1.8363376071401454;-3.852836592105961;2.944323441043769;2.4085336171399185;1.4653085493700797;-0.882216212236109;-1.8623838439829299;-1.2111386421092476;-1.8346463526311396;-2.1800936769982577
210;2.959353278593563;3.2210024590965047;2.9631869733604446;0.7237285611882759;0.5057768861606953;-0.46230847258527347;-2.266468683247471;-3.86076539752964;3.8745119300166806;2.6232573810352924;2.6652791240126827;0.7525817563651657;-1.3954079187976864;-1.0702712368612224;-1.0868015750874664;-3.30014168797212;2.5510588370214897;2.7066022785893264;2.295489095931951;0.5215643791623618;-2.0614961689465092;-0.8146493953049593;-1.524521084853111;-2.0346148991356148
211;3.1511760163192926;3.2285865903171214;3.2569941915594787;1.8451119818705102;1.2472524882626788;-0.285845613204028;-1.041413958548197;-3.072024697800866;3.4870867883410726;2.7941227091493017;3.3594005743338524;1.8363177723848116;-0.8781039366143296;-0.9881248125004836;-0.5258010488841122;-2.4732855096902058;1.8883821929881588;2.8757418293177444;2.689121370012716;1.4756740022908994;-1.808659802153131;-0.5716018254462728;-1.0972230258871651;-1.7747048554697125
212;2.7606983465548565;2.8213962059220012;3.4117881189076744;2.931935252363285;1.7302567508050666;0.1448009320522077;0.2386811661233398;-2.245429969050434;2.4744882862495685;2.9556506058570693;3.564335538982563;2.663203059399311;0.12332592051307299;-0.8053318944327598;-0.0289212393653701;-1.508416136416739;1.062091886817665;2.589614539358923;2.8989954757795684;2.1300399965558188;-0.894380834596271;-0.5079278518204576;-0.9063458020481043;-1.6600943739266538
213;1.6369818332332315;2.167763639251795;3.3651724806220167;3.6240927628245307;1.9720140187106365;0.9714750359978589;1.0723610476606866;-1.1105447705912548;1.231112234525313;2.7761001321462233;3.2966531276043862;3.1948925129145658;1.4634044064736695;-0.5106501474967295;0.08793418371481895;-0.495068850747298;0.45784745103571695;2.181521804788239;2.8458667891763323;2.836336493617693;0.4430596531801607;-0.5263666093482054;-0.6865369946633808;-1.4753765431069652
214;0.07571891140391859;1.5251472965162622;2.8647818993912293;3.7679382059167006;2.1627179110679324;1.9173306766750413;1.442376934096123;0.07404584960950189;-0.0990418516119797;2.2014104294712373;2.6802144806675807;3.329444579235466;2.57579019915814;0.17524426712856636;0.025363107915059847;0.2964874743168453;-3.154265821536575e-05;1.5769627229059806;2.608165361217349;3.063532321309007;1.8869641959745935;-0.4763914737371201;-0.25976888970139356;-1.104220059662374
215;-1.466041530796043;0.7634743360373024;2.06773087040427;3.4535151300513567;2.572840111508503;2.541833654656598;1.5923467179632056;1.0250604704448707;-1.446523504813348;1.5691419255123331;2.0292118956690346;3.4572411062279382;3.399446861087483;1.185436614888504;0.16889799494236352;0.8352020111262539;-0.7711231053193051;0.7138601044637364;2.075375880837005;2.91586994597714;3.1707844183803;-0.1414268387318946;0.1264777602861787;-0.5386047465627986
216;-2.8767391016280213;0.08353223106860648;1.2401420758754458;2.949211714249049;2.962628240823085;2.9714420608041863;1.8159560372605958;1.867764030257506;-2.5677530343946056;0.6908615029650469;1.2691382694373352;3.166986047072891;3.693806506182808;1.8850647437838461;0.4263409200750349;1.130609298888426;-1.5860813704782497;-0.31102611117944107;1.2364347745250361;2.7045869355741785;3.7923089011005295;0.45908832788471554;0.44576667644597995;0.12192237680300178
217;-3.689325441677176;-0.5448815577133235;0.44360586396888374;2.048755349240093;3.2826821557601584;3.0848707466043073;2.2237154868981843;2.517894183530968;-3.0386560312775215;-0.5601103559020226;0.6108378544029146;2.4367480881540104;3.5213623797520133;2.5715893739101725;0.9041533852732201;1.2008913621664035;-2.1711622521506495;-1.3926905782233416;0.6125469977308724;2.303663210736487;3.589923110992558;1.439174549633452;0.7563751287910871;0.7997480459897865
218;-3.6999703519280684;-1.4045331724262784;-0.3567431055935417;1.0290178508695214;3.3296924303121576;2.831621525875213;2.4050411608738615;2.9019497434198622;-3.0825949695572783;-2.1989560182699144;0.2197822312862066;1.5805833750635285;2.9902406917039515;3.1797111298809932;1.4626842956349104;1.0844927484642093;-2.571261026728321;-2.0109995341637297;-0.20124766936954633;1.5282598829061353;2.853655532639811;2.6707047102609196;1.0718904251509502;1.0630999865790605
219;-2.984290178712826;-2.6580526582433257;-1.199223678420672;0.23090324923510658;2.71841271261386;2.461466863698115;2.605221332427236;3.09315652868639;-3.1094170299261656;-3.3335690626592993;-0.26438785199170567;0.4328258388680927;2.412352380943249;3.583845503035429;1.995700142888257;1.1785826728743283;-2.550224461054209;-2.235411119353596;-1.0930394642469985;0.2788168549824431;1.9358458413975905;3.656506114368119;1.1282286752624757;0.983457867777442
220;-2.228607167808551;-3.7906505042891294;-1.9382164931486379;-0.7353866513861742;1.5247411541285898;2.023251325753978;2.921815156000207;2.730260974821919;-2.9977846242935313;-3.8965759560025544;-1.2355771705226604;-0.6677434588193663;1.5317395822021096;3.5534802031045056;2.647930038297906;1.33481989921296;-2.254007590625443;-2.2824106286962182;-1.797252348002546;-0.6046768432571127;1.2611201908419574;3.840381131764762;1.4130001895186661;0.9491382938610216
221;-1.5002010782790034;-4.163955445555624;-2.4696134114597426;-1.571086010002419;0.09303783597215616;1.724411228788058;2.848292423102538;2.2773030491190287;-2.3701834427588957;-3.892977374584703;-2.4969288665631537;-1.4418777094156703;0.4645385576546183;2.8848364520870406;3.2191532701734014;1.4730335076025083;-1.7541428939011203;-2.2497809529418142;-2.3611559883032274;-1.2572123901488197;0.39071604242607477;3.305646881503135;2.067231783504891;1.2887167492599085
222;-0.9701412939284303;-3.798858733032238;-2.878889037667495;-2.157925083066333;-1.174074966162613;1.4499733052168213;2.3801286179280923;1.9350287128669394;-1.5085200251770707;-3.2765496384019728;-3.5567436490582387;-2.045582572117426;-0.5581264976660619;1.6922696053629815;3.1899681563225126;1.9545468825628995;-1.0303075176955205;-2.2120038403463256;-2.731202584000706;-1.8445793003172222;-0.4744469614752339;2.096566107398791;2.5370363382000245;1.6091062590494325
223;-0.7285579947350708;-2.783958064575468;-3.2374563249256867;-2.657379197419393;-2.029323765293923;0.8052178672367062;1.6704834363012149;1.7462673035552874;-0.543819586174199;-2.2360304589938984;-3.915153686777004;-2.484690437695149;-1.5249968720540534;0.36203409636537687;2.644921368500123;2.326242431741078;-0.22524585270485512;-1.899615160842511;-2.7906155677336777;-2.3532758084066576;-1.2207500201341166;0.484203679926938;2.8376630002380456;2.027248770535473
224;-0.23893420541561372;-1.3821212252400397;-3.271424188656402;-3.0815460118387334;-2.7153971254065246;-0.28366786025317364;0.6004945851106576;1.6847845644226076;0.549748723900539;-1.3104256528173284;-3.6634974339276862;-2.6418560630094663;-2.335901215783497;-0.8918924250027461;1.8307185939025141;2.5161060164898794;0.5524534705329901;-1.3592326618536392;-2.358313148469972;-2.6495513698589517;-1.9425662529040744;-0.905540363906581;2.758081064050162;1.9422272066756756
225;0.547287980322733;0.05855145255723612;-2.9407879570738653;-3.1767695058664738;-3.0829188738904993;-1.6163224369829852;-0.43874739207047825;1.6014956529098237;1.3782104534798676;-0.5377898977308095;-3.122394253170498;-2.7719410305063525;-2.900800406171237;-1.8006860286279789;0.7788207222875275;2.3775487814513596;1.3129201287486847;-0.5849685558772636;-1.782860295764868;-2.6273837078971582;-2.627017940877675;-1.900289511710424;1.909040423338851;1.619321359489989
226;1.0588614704265595;1.0513595305518753;-2.3828520090729137;-2.857810073072325;-2.9969785051830486;-2.7233573186571296;-1.0539127378852664;1.0545056778891286;1.9573277446141932;0.31558545211702504;-2.165219196804841;-2.989642677248782;-3.208638343919762;-2.520784957398396;-0.3012409959846375;1.888683779135913;1.7100346813212763;0.3324136163133043;-1.0436955277315605;-2.440772367250509;-3.001962148599018;-2.6197064820320795;0.4998785136957409;1.6384921559582963
227;1.493565146429955;1.3290553090248052;-1.5407412720054805;-2.4448518989151116;-2.9379701621362324;-3.575590042139383;-1.3813894613669961;-0.03918788354077917;1.988810985100371;1.191495953361674;-1.0147350702699562;-3.0501522252061894;-3.3132682758668053;-3.0126478638889487;-1.5246007513304154;1.0163193694451222;1.6257281780900477;1.2080732403860106;-0.3069349760928853;-1.979554706829606;-2.8496956829836546;-2.7964042531655826;-1.082994174509153;1.3311801813877022
228;1.9411244693360887;1.3602619127799713;-0.1254947042361518;-2.0030076240888977;-2.8786343532913627;-4.005915994693133;-1.941884803684949;-1.0595282485386497;1.7570659932298534;1.8848190398808249;0.5542330670324285;-2.731717648942439;-2.9609122070246165;-3.19262589497273;-2.700007560171296;-0.0850286912057486;1.4333123235049923;1.8667767230553636;0.36198722203934364;-1.309780521167051;-2.3153027861253968;-2.6643586487141513;-2.679583325184944;0.7760043413960066
229;2.1036950731414263;1.4428126701249608;1.4557346962140827;-1.41433586364199;-2.4126867633672386;-3.6794422612035573;-2.688170985325862;-1.8994437167014375;1.614676340616997;2.302294058818802;1.8014636757315414;-1.7214064069201978;-2.1956907215081802;-3.3495353675969906;-3.3968569922435727;-1.306425365951656;1.1701390330664945;2.08093473780724;1.003495349589626;-0.5173005682765416;-1.8140077334112632;-2.451840472184984;-3.6349139114770104;-0.039940695117654745
230;1.8654826902405106;1.5421715636139537;2.632254947196381;-0.4082362805418462;-1.638361812199942;-2.8356599185334734;-3.3941474684531783;-2.695075283661915;1.3464843596111067;2.3778874951066147;2.551154286675216;-0.36744366152976465;-1.5637774392653312;-3.09474016038777;-3.815895162387693;-2.345478958914429;0.8360014403072821;1.9056685298941138;1.4670365855568794;0.3698634608396874;-1.166894080059772;-2.402258083784674;-3.9047427947643656;-1.0944189755646456
231;1.317591789096944;1.5781417934264097;3.033243823859745;0.7525577804371645;-1.0185978930435649;-1.9687402461313275;-3.744945974135095;-3.1252723476418587;0.970338264895445;2.3242060279858614;2.606331519867969;1.2179212980507874;-1.0649539867490883;-2.514588151756024;-3.758544878074878;-3.258576922334184;0.42644502663290035;1.6634192744190914;1.7887933644478085;1.2304106031039834;-0.37962361232173353;-2.1253650704939946;-3.484669588350159;-2.414803661560536
232;0.7057634446508657;1.8638494557754963;2.8082137499360775;1.6665600543060402;-0.2711759879645887;-1.2062576548739963;-3.552513648323594;-3.190353401967228;0.5644737280485749;1.863449703579218;2.3650821770527544;2.6152481093506528;-0.3788609641305121;-1.58486525682418;-3.0796292523511455;-3.82624501928723;0.20099757085803524;1.2291520039687547;2.1759582822884544;1.8300503618009711;0.3974945894171551;-1.4561879486795237;-2.6226305265619345;-3.6285395574496704
233;0.21467941986193523;1.8607560218732007;2.039541014654649;2.5388858175630795;0.731819109943806;-0.49533203128916226;-2.999173405319102;-3.180822934894559;0.12836824160069377;1.1074408920591237;2.131577169995227;3.3332675980439275;0.4351437260614118;-0.7557058093358441;-2.1097779836826844;-3.901808774998096;0.18617884518903102;0.7797746527188438;2.3772274399427595;2.1906901152200504;0.9236974313691155;-0.49796035157228374;-1.449841083777635;-4.06080403324482
234;-0.37785842949642584;1.4160931770804996;1.2165175764889886;3.141163651883596;1.6295028871629278;0.15280359236519697;-1.8481388993072783;-2.653576492386899;-0.33531558286016583;0.29000646887498555;2.013127558156916;3.3591370482805663;1.3679152768287581;0.1511242331922645;-1.2830165380559677;-3.298945324507722;0.2843969959771024;0.15325932646645857;1.884092926570664;2.1597935182906176;1.529537023476913;0.6192338562582926;-0.7325697211303529;-3.95056655406719
235;-0.6906027673057059;0.5820437306309211;0.8250153824283806;3.347707235949708;2.3107927820674425;0.7034931602154506;-0.3420229688811908;-2.1978608940072024;-0.5850437312361739;-0.2174748414953427;1.6825348059066352;2.844330827621011;2.4735347177486053;1.1104670096611609;-0.7423911021099233;-2.567061998861158;0.009680285831528497;-0.3312105627468622;1.0312436119189927;2.016695023126874;2.3668438396934146;1.3985904250521797;-0.028453958989712834;-3.0320643324960943
236;-0.4664245507891249;-0.09438053144761825;0.7954428713710299;2.9415874041031302;2.749555265631614;1.5691031017799932;0.944050388212527;-1.8844304847374291;-0.7806979229406575;-0.3942548787183405;0.9121371468962823;2.35400388933445;3.3215826044969274;1.734732618513544;0.13274188842739987;-1.738969783888913;-0.8123045338338121;-0.5368801011697995;0.3648837294032853;1.8271864456257807;2.6353097124856664;1.975047991160023;0.5007743765677029;-1.397033256081103
237;-0.20050707886198182;-0.5680829058414121;0.742933690589836;1.975541599011324;3.0223540734880086;2.266061800762913;1.7411439796470178;-1.25672410621027;-0.9411797470604565;-0.5717523001985257;0.0903773388186675;1.7171327823167;3.764622969430631;2.3788523688737975;1.1754322984223045;-0.6409932313970702;-1.2717870286207664;-0.5663508909691304;-0.3546865298368027;1.2482119302288803;2.241092301575424;2.219724869193439;1.097442939439164;0.1927978873662852
238;-0.2962373533451467;-0.9260258581746066;0.45974099277606173;0.855481822755591;3.0272814691529333;2.700465283363495;2.1955236051305;-0.11967622152276954;-0.696550013075454;-0.751115919561436;-0.5647479380583588;0.7955840732452075;3.661118315117232;2.8108319456314117;2.006373249152394;0.5998702343415119;-1.0404680414771246;-0.6455359618652411;-0.8461752418840017;0.7817284815289679;2.017114061773677;2.3298265359172365;1.69375230434375;1.325941887418247
239;-0.35154815359954483;-0.9456270604945424;0.11656279020358633;-0.1984953655820745;2.6192284952496636;2.921385830592743;2.4738235223607843;1.3514755102320868;-0.10606427899364579;-0.7982979162480682;-1.10389938588558;-0.17541870434343976;2.585506104546286;2.8377890105070716;2.71243525279638;1.730351130593485;-0.5556249148030267;-0.5274332013390126;-1.0590573139851358;0.14787283016331093;1.5184876930817603;2.2204669423926897;2.1877836773267734;2.1470903472129756
240;-0.050821626343250964;-0.8587304567726851;-0.4744176991316178;-0.805933068599039;1.9044877822122794;2.9569405656157297;2.502470865468287;2.6333209678953873;0.3112432549268165;-0.7186580283263525;-1.4196220512353983;-0.8387387802423727;1.2019662594290401;2.855568014801359;3.015832554372902;2.4595277890431593;-0.24328344540412017;-0.5562740929648262;-1.061369388492041;-0.5082816151366295;0.7377882924008465;1.9691179751321586;2.6528872214609733;2.4813165853422636
241;0.19274327448250858;-0.5669113682203638;-1.1431221768318562;-0.9897139676025563;0.9194628616790657;2.65265642333989;2.502854950623508;3.443571170035723;0.40429585081615976;-0.7233541393237264;-1.1328362351443648;-0.9526406948641695;-0.1251220238465814;2.7305637767006252;2.9782803702681786;2.8058933834795465;0.094041326950348;-0.6700839423579407;-0.912981475456962;-1.2371499184560117;-0.12789145808996644;1.711829721502752;2.7555575168412982;2.3707453045455327
242;0.29723382923954444;-0.2143500367630289;-1.5184067717681975;-0.7776279909421144;-0.346843651901102;1.9795075086904539;2.537034524979242;3.636507759586911;0.3617090259440959;-0.5682707095544218;-0.8934067227010847;-0.9950381825926747;-1.184367182060451;2.280766108213021;2.7633846257493566;2.8931494464488563;0.46588268613759465;-0.688212341048686;-0.7794924337929696;-1.6061146515510456;-0.6300715155144737;1.1457259245193279;2.335143037672519;2.2919918524424996
243;0.2926379972612116;0.23792304036603995;-1.275354439141298;-0.38429045728486294;-1.4032525617454512;1.108283370495115;2.4410603816634233;3.1988722391060644;0.5175514108615045;-0.015594559046279467;-0.7076370395004042;-1.3035087924666808;-1.627147486352972;1.3320353109995995;2.355634721890275;2.8774710111498787;0.6024282204240123;-0.5666639253450092;-0.6589518049253069;-1.5574563233494256;-1.0299121986842439;0.2920877462425356;1.585501714434017;2.1115886519023244
244;0.4077381953562581;0.29420005038784697;-0.834926797740511;-0.48035806947752796;-1.7506063214038927;0.24581881149855547;2.1263293505115883;2.3961701616296076;0.4924854285608273;0.3923729666245786;-0.4582078952904307;-1.6080730638312968;-1.6871001000114598;-0.028166275022380744;1.7155465049663485;2.726901805508756;0.4859629071410622;-0.32991678705457467;-0.5214205973685059;-1.4957721105131039;-1.4693370057691375;-0.6883537957312033;0.7038574693142605;1.9190645695100008
245;0.1980137302486743;0.08433059516014907;-0.3478595338623752;-0.8731264892336713;-1.8654086637408402;-0.7364298925872307;1.4648961585650275;1.9241585252015143;0.14724114241068867;0.4146608433908984;-0.1526719834559339;-1.555086472788135;-1.7063104606612531;-1.5848595676441852;0.9929633730430788;2.3840922533452997;0.03502549254199756;0.053543195400468604;-0.23127735682040568;-0.9931633383990969;-1.6761092124003227;-1.2322951532930415;-0.08455450803538957;1.590460926547036
246;-0.3739118809610552;-0.05723062718295728;0.07357472717214686;-1.31899144378854;-1.7347923090341189;-1.5724673072573674;0.3775642386103691;1.3382064116950294;-0.5791441805055881;0.3905001209239534;0.03863227884636605;-0.9817194687247277;-1.5536821565085501;-2.649649885225023;0.18866324435910614;1.9245668457752854;-0.5689830592574288;0.527273105584616;-0.0858956154029787;-0.3793405562520679;-1.60053728845205;-1.7924508387287248;-0.5687500191819553;1.3276859143071311
247;-1.0805895979734745;-0.12688231868355493;0.3527931767831392;-1.3117701599094755;-1.1455547601936833;-2.1697741490139766;-0.5960265096930233;0.7258984134156503;-1.3726166862737816;0.20790188047371702;-0.04852281633052285;-0.23415465899925744;-1.375933287217685;-2.935536435901611;-0.7559149624064995;0.9400938355951979;-0.8957324993407768;0.7690155428048039;-0.03404453332580852;0.037877917669499335;-1.4893218358389333;-2.051250399667738;-0.8641655136106631;0.5147960812858801
248;-1.6395855197076912;-0.32645731068985817;0.29432069593867116;-0.9382398547960653;-0.5349659987248727;-2.3117370781666247;-1.3724056390182622;0.2786583143975444;-1.9894377295738959;-0.09648206196375729;0.07805627855656956;0.2999964030170503;-1.1186174701972198;-2.6419350516525473;-1.623355906995914;-0.16636606601739276;-0.9954055276603565;0.5833028865873463;-0.07416489090383954;0.11322342075809926;-1.125614003928719;-1.879049067504434;-1.462304781299617;-0.4770866125571732
249;-2.0574441310918004;-0.5566253417820837;0.03589027974465526;-0.3366466494931674;-0.22653660017450686;-2.2060048629089244;-2.0717288292551723;-0.1802463385596313;-2.105147716633439;-0.5802002008633524;0.21351699800426474;0.39677476257711736;-0.6662603881749781;-1.977739055574375;-2.3608156734978762;-1.0625796847753441;-1.0616547527125402;-0.18040403180164338;0.10946513097244098;0.02697140786456445;-0.524103840668195;-1.4077856764091876;-2.0294416982752055;-1.3953571148945274
250;-2.2165130443225927;-0.6992326347127704;-0.18865007505375614;0.29408479421504924;-0.27253137561026936;-1.8928854727289257;-2.4991072500227;-0.8893222460362398;-1.5516261303547154;-1.095591722659603;0.37163705301479805;0.21500644031194027;-0.15602247327698388;-1.0497075520037085;-2.8983443436327;-1.7524671582467513;-0.7556594484916789;-0.7798392897068541;0.27771365708284695;0.15217488917145647;0.039869866021453586;-1.060535730374517;-2.179962356378899;-2.0119296845231767
251;-1.8725618609947934;-1.1254151684439004;-0.4048061924813026;0.6432304338485231;-0.5818618214843003;-1.030809044085081;-2.5605526715166644;-1.7468823089439216;-0.5441279512395417;-1.3432130660509503;0.04678720780482927;0.1112876783724796;0.136580974329864;-0.2493430336073388;-3.013370125065982;-2.0842466316770736;-0.26484601335933344;-0.908537758901593;0.463941928793259;0.2606122359991445;0.5648923537362531;-0.7730637201372824;-2.0820519924079073;-2.252994871342986
252;-0.9588508676043469;-1.5539374793291865;-0.7406941555671857;0.4644425073975918;-0.6791961594641276;-0.06427606210958134;-2.2201383361598217;-2.4455747790487212;0.17430689832009902;-1.2871252017262975;-0.4243374797288535;0.11717633750251669;0.2553996526094535;0.045940923242453136;-2.690921938391827;-2.4046478740699464;0.25356228735294406;-0.7007236027915645;0.39275850402880325;0.26362564366532454;0.7111163697740039;-0.328202893725763;-1.6520605380410884;-2.126121212087846
253;0.43658919099453003;-1.6007264828893362;-1.0307975032429904;0.11016257339770807;-0.44756620223630716;0.34681414248538345;-1.77846888876519;-2.78203553070227;0.7389396816569997;-1.1686883915894655;-0.8306120844964294;0.032408369781435895;0.4061442551237443;0.1283706775930619;-1.715468930311596;-2.7995699376997925;0.8018040793168981;-0.5049740394595685;0.0746426984566327;0.24152784519015216;0.7437351877551277;0.31914031583996727;-0.9098005031332559;-1.8585885205845467
254;1.7320218040116324;-1.2026793003058516;-1.0139578363615276;-0.3769151694650038;-0.005813020030770723;0.4011950206376383;-1.0078322840012932;-2.6774169858253183;1.3835501037769025;-0.809508394087533;-0.9900729831308628;-0.12002832642714173;0.7072106107787662;0.2164010067164373;-0.3582217542444421;-2.6341843074826428;1.229248368605463;-0.28692326912910104;-0.2096180056064285;0.2996969084999314;0.5953099040714614;0.7490358500517899;-0.15743458347985195;-1.4446706743849729
255;2.4190461766447764;-0.4441533592348325;-0.7883262260424342;-0.7264335860306711;0.39080863967092133;0.29154578445909196;-0.1531621043788851;-2.265001294785493;1.7009127417449748;-0.11369001863625869;-1.0632013637246338;-0.252583282295184;0.7289728153544609;0.4662785742730265;0.8344368622866917;-2.0669454628460553;1.452665790836217;0.14800274664232949;-0.5723101704877633;0.2968505174038686;0.291253747431535;0.8410371723121403;0.5041003365657786;-0.9593865475080179
256;2.581902710345131;0.44793885309381387;-0.6112068977284616;-0.9882417235843177;0.7447601422585464;-0.03058762446110161;0.38025182279071845;-1.5368691218177764;1.8553912974167774;0.8021988026100533;-0.8150989211162236;-0.33376255939826144;0.20045792765042497;0.6695618971523466;1.5050722241281536;-1.3348552129602285;1.6570415512732701;0.9781302450919637;-0.7229885833987398;0.046981609092568245;0.07626172060177955;1.0316500654112084;0.8539102923067748;-0.662999495806887
257;2.623795703628376;1.3879340417009967;-0.3320207976808737;-0.8503074502481265;0.5352803085186202;-0.19486591319467214;0.7892135009145554;-0.5620700294485012;1.8291826713805022;1.941291287166052;-0.2920036691360168;-0.48007983656800685;-0.4467951664872519;0.7524083735869852;1.4727748444967592;-0.4227216092182855;1.6296565140431447;1.5662486662984207;-0.4390485119502091;-0.0213150024842706;0.06340693827261706;1.0830701529545739;1.055908893420706;-0.21506605788992442
258;2.2862204775761996;2.506017502978659;0.02755697025379085;-0.4634880758762859;-0.09130369431378418;-0.17256536218241555;1.0449667816111052;0.22295849151482927;1.6549858717323187;2.556603882315801;0.41284993147403654;-0.6002833149571851;-0.6928408842990224;0.5992990681365342;0.9091018749364359;0.5544581707465074;1.2622400867383483;1.619203954729763;0.2229571537470815;0.06104010919686588;0.15410200734386828;0.700086286678387;1.046156850376297;0.6669295427407217
259;1.579906728136384;3.1577411220451026;0.5128091774592481;-0.21096321848198188;-0.6946777636225606;0.09986238151887844;0.9246879254900809;0.6719467045652172;1.5795252493382508;2.3677316052735424;0.9720455237116693;-0.42063958817915653;-0.427272908098024;0.2977147695817016;0.4419523385352265;1.5026108611680822;0.8076521800162668;1.4944766647093093;0.969749597902642;-0.03390806069108473;0.17285935341599631;0.16066126308952286;1.0608075361430314;1.343521528670811
260;0.7298520946419456;2.8662551957923372;1.348961751301201;0.15072722336793018;-0.9855002934944812;0.2832589030755931;0.5354959511118216;1.2205725387775195;1.1333637033887831;1.785464911196609;1.4826600573668063;-0.10492517139495211;0.062318700650578124;-0.016025988648500862;0.3122838162156239;2.1156694890727636;-0.005533846891168238;1.2123179140385016;1.3899268964175293;-0.12462949291829317;0.25904740962453804;0.013460695960530287;0.9721469023216659;1.7694429865123873
261;0.038720252868175396;2.333504283020376;2.2911779692718315;0.7304259615909152;-0.6402868588740636;0.4421122537097866;-0.04713926819846403;1.4319756157311794;0.26402480276576706;1.176370825685727;2.1565188872178016;0.3291022970848028;0.11542177223062278;-0.2636971795428041;0.3242146015217139;2.1510178092954226;-0.6647220028963906;0.8788969516422469;1.5829078774463066;-0.05723535238906036;0.21644174485267015;-0.06025447379158507;0.7054984118487374;1.7154782461106712
262;-0.6740305706009851;1.4352778183575503;2.803063843374807;1.2021706602651527;-0.019416803143897144;0.48425859167823815;-0.21807654498020063;1.2396782161742053;-0.608393471988908;0.691860318876188;2.408761288045917;0.9210692787441852;0.0038742790788989286;-0.36234496883209366;0.2521015107482757;1.6551840691311273;-1.1194506085579428;0.2325409899389216;1.4700823076065244;0.2618870372312423;-0.029359747158248007;-0.27521781478236573;0.49392652792273983;1.2788936121779624
263;-1.5419426821892013;0.19060530122662267;2.704710917687154;1.5802618705492708;0.5838198409471392;0.24578377579426933;-0.29578690005129576;0.9149430446182091;-1.4921320238162337;0.11306939214129429;1.9706821771728058;1.7341834880939262;0.07805939997240156;-0.18312065276615755;0.2786402116762467;0.7470678004515147;-1.4827686764917196;-0.3679750785438233;0.8533269075477469;0.734255969628562;-0.16698365732095227;-0.1065425791037526;0.16571440145268065;0.693550399039103
264;-2.049368884518447;-0.9838719925718573;2.173331928344766;1.8354443482356413;1.1718375424953595;-0.3107556196877586;0.0156795034951363;0.49253344901580326;-2.257739250388119;-0.3517350150472943;1.2764118503238664;2.1698919106507386;0.4338974008581759;-0.16250435260371346;0.13562864889941206;-0.1344697876132138;-1.608941476018054;-0.9246506805067748;0.48334478567646366;1.3286368440039618;0.17452967780060788;0.27783978775939705;-0.24986786943938724;0.36357159774006054
265;-2.220227745927914;-1.735542903580965;1.2169895405380382;2.0341227808971074;1.536505880349384;-0.44308812614051113;0.4666225379994955;0.02975672221185525;-2.3628085391278115;-0.9483198702136642;0.5565521409292921;1.824210730457788;0.952863581136576;0.04030869985585539;-0.1531356874849862;-0.6575605475609513;-1.7259010843602705;-1.415429964937894;0.08691515437061823;1.3772574425286481;0.45359460517165545;0.2848526032000317;-0.5092820004281025;0.09035957766209696
266;-1.9479226200182982;-2.00303521903544;-0.07529488255688689;1.9611805021681252;1.7503060932781318;0.09123880367898443;0.777144870395382;-0.18279629467151537;-2.035546800434708;-1.6251811499779616;-0.42895914729013157;1.450296123943591;1.3297188528144532;0.5520953187002949;-0.2719780631051449;-0.6411602699019623;-1.793780469008805;-1.7325757911124968;-0.7188084450743797;1.0294412903349628;0.45084365177158026;0.18362663589907763;-0.4592790779960858;-0.03433302999633087
267;-1.4940976123174134;-2.0977076798665526;-1.3745334722647409;1.507660612243632;1.6672476962600007;0.8227177660122001;0.6988035147368071;-0.20374672704042093;-1.4934515098409529;-2.072679564198374;-1.5300831635763903;0.9462708386111791;1.5440168255842395;1.0102945117694302;-0.34629816979232436;-0.17365762508051727;-1.6056024526312744;-1.8904228300031825;-1.4794804070646153;0.438075647297721;0.49574058722880665;0.24116701826862663;-0.016119438983337696;-0.27738194356621904
268;-1.0191254936619354;-2.119218011889361;-2.25317092455779;0.8863398693870636;1.5097170565997378;1.4811216849084599;0.3754315325396947;-0.1645863007161942;-0.8712009636719387;-2.2257673878133883;-2.1123182294167937;0.25331961095400124;1.458810323121379;1.147476257709332;0.08365456708547314;0.31634317951068003;-1.1255883153368655;-1.8267498214893387;-1.900116313442354;-0.3842499630835981;0.6292230354602512;0.1486586988400622;0.04880982721933242;-0.4159482184172558
269;-0.5825762813073023;-2.0167692207398082;-2.8010238662881566;-0.12850384638612947;1.2082009514123715;1.974576862052409;0.24351564087327993;0.21221380094211525;-0.40542830696810894;-2.071262651799149;-2.0335935598455377;-0.7465479489088888;1.217914129224403;1.034804969852002;0.5880038794278567;0.4110133386261662;-0.4380065247771254;-1.475839373172982;-1.8947388075182439;-1.2012338425306963;0.6050366141656107;0.06938761065725095;0.16798655825328104;-0.33050763235335034
270;0.1537073672636285;-1.5381746738219966;-2.8772752089688782;-1.3858814372633692;0.6897203202318809;1.9243969660990952;0.4496216743561008;0.7383398248888999;0.09296257478141438;-1.665526683222817;-1.8259848559931626;-1.6678204383114896;0.7447504147995012;0.7016669909029118;0.8743171688659799;0.19209412395615327;0.36833963920508284;-0.9076400311470025;-1.5735040662007032;-1.7122460784123403;0.2074104268820023;0.082406939478396;0.3263266393990688;-0.5057865266639986
271;0.9796636381635003;-0.6253861191769241;-2.3850495670052796;-2.647720003934308;0.06865813525870637;1.3231525415653982;0.668210331314797;0.923598666565341;0.4582053673363342;-1.0223519471890026;-1.6136959887054356;-2.31553648798176;-0.18974057131799812;0.5462330625038444;0.9487079591753403;-0.05588883726242526;1.1414636122412294;-0.37451130851537073;-1.3035644517217484;-1.9082126998868099;-0.1407476074190729;0.2590479435965126;0.35916031732618514;-0.35269165068533326
272;1.464777095353528;0.14126396810465694;-1.552431740891674;-3.29776657649958;-0.799699773190101;0.5129350594149152;0.8694314224310492;0.9811837306481972;1.030885039942336;0.048732306200111604;-1.4935620231902662;-2.4718681483850133;-1.1705676350763967;0.7128825236853924;0.87907639037577;-0.024712609838968256;1.8524640381701116;0.21555156150584526;-1.1389072497843293;-1.7948917198971162;-0.7693598455126028;0.26202164970075065;0.16028059426140906;-0.025202530281428222
273;1.607265035387698;0.7341021285083462;-0.7338876403559039;-3.1742793609596816;-1.564467567655851;-0.2964430004589719;1.1902424578605182;0.8765479909677254;1.6501963499042651;1.0058407923472963;-1.2800773167903068;-2.447311850516476;-1.9790832741292048;0.5400466616540317;0.7331690240692926;0.3555953485097549;2.1167469014484257;0.8473638183612592;-0.6588795185022495;-1.5544689793606419;-1.5513218536541227;0.05007900804985148;-0.15479469002784033;0.2279844749348947
274;1.5576079236455547;1.2045409960416626;0.008314210925459134;-2.456453345983709;-2.387555348950301;-0.9220609483758766;1.279234580194482;0.36940789597464296;1.9068168977625082;1.5660619786012637;-0.6647170619561746;-1.8449872553467102;-2.429487367197328;-0.265508809274364;0.39196563066364354;0.7114750732290838;1.9183247889530577;1.3299978081706747;0.18557396021282574;-1.1729952963161108;-2.10001192536117;-0.37139878631194967;-0.2417818909421842;0.28956675926486153
275;1.25436788671646;1.7515394918865388;0.5911438264100471;-1.4622856725663924;-2.9399670051389637;-1.3218297473307603;0.7611559701669562;-0.017321428641381264;1.7835800110171314;1.6581022215852452;0.282602681746036;-0.9509126157293912;-2.4844981822068806;-1.3228791511391198;0.004590275344798683;0.8333620846309835;1.617390998022683;1.8483011701533782;0.8261034118016772;-0.6608085580636759;-2.1420129041764286;-0.9472153672582511;-0.2955530918448213;0.3226066693438627
276;0.9389590218152379;1.8747150777102561;1.2226053835864734;-0.3954152075625153;-2.85415734040865;-1.799716563252804;-0.19371127701730387;0.04915857260290471;1.523508203019064;1.675060643367522;1.1818244369459028;-0.12134135175940024;-2.1997326636952312;-2.1497498791632665;-0.4443536052430335;0.6441143102755726;1.496273314794978;2.2226353584042897;1.33381198517912;0.14813996572098867;-1.527922959720844;-1.2872326531188365;-0.35196965876647957;0.09554025890942584
277;0.7191935263796674;1.6160405725443445;1.5996567186925132;0.5818370955388846;-2.5072199962352486;-2.323970934419738;-1.2936896576538797;0.2115198291246072;1.3054527709350368;1.5928386203763139;1.8469955120235602;0.42352226692019085;-1.5181824300423743;-2.403966027019277;-0.9372788604981153;0.2113932818414602;1.25385560933827;2.169430652434228;1.761811530219651;0.7810385240274321;-0.7699348452292943;-1.4451934831373716;-0.49826488687122655;-0.3404022739422007
278;0.3306307777800514;1.1289581667685973;1.7917547053698342;1.5115793369688881;-1.6440563330905749;-2.4684098762811657;-2.2726109640377907;0.16291839169623262;0.921571455047804;1.3809961700142932;2.1171129233312334;0.8992322159246567;-0.7946606450374967;-2.224954689651601;-1.3732422460335305;-0.3283097759149452;0.6470310414250262;1.790195564483761;2.0105727379013905;1.3512573031942883;0.016734581935597344;-1.4490681390588893;-0.5382221707914717;-0.5824423429299972
279;-0.20849369807918053;0.7692277321021709;1.859264402214569;2.043022946971503;-0.2736467589511557;-2.3289625842952497;-2.7357011092847965;-0.2655145875861697;0.18541953750558118;1.2113222073433394;2.068571715867987;1.463441258572432;0.02512568419911274;-1.96046829463778;-1.6010993276748389;-0.8383077119822635;-0.09843788811010738;1.1045563668178453;2.11233744485149;1.7110895205361016;0.7380037906601464;-1.2043218058725915;-0.7382521165835337;-0.6715955086445009
280;-1.084569141007975;0.2973686477367435;1.7110369587468786;2.1326523634808496;1.189142859369136;-1.9024286187088888;-2.3772281228327823;-0.9496267984362937;-0.804270271437162;0.8734728179101164;1.9206186019203548;1.6753525347627622;0.9532402836282778;-1.4236449681420034;-1.7394811391322358;-1.3885940453848131;-0.8647512743955977;0.32887462953013985;1.7335018907184057;1.833020121014974;1.2779425313118484;-0.8762308391517186;-1.1047935701686542;-0.6412176897961679
281;-1.5573586903423096;-0.43772080357899773;1.1463392041759954;1.9330401368875079;2.278683541843625;-1.0546149293880915;-1.9125580864136764;-1.754120399281614;-1.8699122766590575;0.3520890990522;1.3249278299654548;1.8323141419462394;1.8844172055143156;-0.4516954130969141;-1.7897636148163865;-1.5757419554799381;-1.5577522723734256;-0.30368392291499285;1.2568343458310547;1.7160489711598745;1.6800367119174167;-0.22126112531947717;-1.1983302287748423;-0.5716636186678116
282;-1.76907068768799;-1.0202204073851517;0.27095310977571496;1.5661495157784948;2.7049753723273375;0.04931260085274982;-1.4595691545668057;-2.4446744479461375;-2.7549309700693585;-0.4698320546505991;0.45290175699799295;1.8999887407948908;2.280027014644544;0.711006801942692;-1.7754699751772687;-1.4387768485575219;-2.0814298412445313;-0.928183597356112;0.6720609074486669;1.7183182061136937;1.8878024804576037;0.9594054866014944;-0.8472462822618714;-0.6148790842225497
283;-1.9361108389410624;-1.2656805501773687;-0.4117506007118759;1.1950352673045106;2.7582670368526707;1.2695541119755822;-0.9318858186013771;-2.5146910724705243;-3.007568157552414;-1.4325150245125151;-0.10262598370518965;1.9880541215177792;2.0716044979053585;1.6763517810073465;-1.3192721898865454;-1.3950318552231387;-2.333474550586608;-1.3342757160291217;-0.021700387250800233;1.6332104590027239;1.929680564621612;1.8903019403994923;-0.4107922137733;-0.5826171869086374
284;-1.8644137231351852;-1.3889477003477775;-0.7563082432056917;0.621232783905051;2.1827656391115795;2.3496105546852593;-0.162435205630125;-2.1916505389527488;-2.3228576896992137;-1.9659753224354555;-0.6967653007140777;1.42064574604417;1.7014922434463164;2.178176941150787;-0.17821654193416045;-1.3459410338531326;-2.181192399470371;-1.6738698332148356;-0.8017503721383784;1.0392398958489162;1.704550313279835;2.260263772533486;0.16384353591630813;-0.3581634598551572
285;-1.3939055525901276;-1.5002054194572032;-1.2439516578597978;-0.004788970772874354;1.3436623217094297;3.0261418357891663;0.6045048901190456;-1.426062693339429;-0.9556404286217444;-2.1742791312242593;-1.051321252308835;0.18811988269876861;1.4662763696637784;2.3562354800699175;1.1683566043290101;-0.9976076447207387;-1.8556896351156433;-1.8827222984670884;-1.470235594072107;0.01801505220008745;1.3498314912485367;2.2202129245627336;1.1007425834272142;-0.1895077899632209
286;-0.604785812408626;-1.554168223667314;-1.6262669428365422;-0.5577077884038263;0.6843044330848428;3.0898228548211035;1.361242853204024;-0.3973786699147057;0.02547440788405622;-2.266305606936822;-1.254734880347628;-0.767778468080718;1.1001830189121071;2.228256095311706;2.2239869393340004;-0.35940536118458105;-1.1129113331437912;-2.0272497113229857;-1.940678958165165;-0.8761050491821897;0.8632428609899491;1.933728638150585;1.8078174678652037;-0.0787641460634981
287;0.3861063270473017;-1.499009997464476;-1.6736386802126997;-1.1246732551048975;0.08116310738801451;2.604988286315655;2.2429848701412887;0.9156027875350754;0.5744446930790341;-1.92994374498874;-1.6408686413486682;-1.280737255213137;0.46896986150649783;1.8973922791676159;2.526599884051955;0.3450564152886296;-0.1605470277497477;-1.9454319723502451;-2.104392026421509;-1.3253872232542205;0.1637230773771232;1.3627647352904202;2.0203777332035973;0.24775191464935115
288;1.2072789982883463;-1.073411758573698;-1.5154267444555118;-1.6165657466318488;-0.5838035476103656;1.625264791301612;3.0143305332623105;1.9411597121720692;1.031671439451674;-1.4260749147448442;-2.025149055400675;-1.6656812419974547;-0.07152782523388218;1.362466180319703;2.5405186569591223;1.1481388460177357;0.5225292936049575;-1.6388481129000312;-2.0212226045673733;-1.8111694085008754;-0.5273644585919443;0.6046208181346163;2.0017461624062642;0.8956135055066495
289;1.715367768233279;-0.29815241253727737;-1.020568058962755;-1.8539189515022567;-1.2352903411822689;0.39285630609271005;3.045345225690618;2.311862832392073;1.1440139532053135;-0.6217811453956675;-2.103804634736397;-1.9425218838009446;-0.5973213993467362;0.6052537162797171;2.161107129827182;1.904350806663409;0.987036069198565;-0.8930320510539637;-1.62627179720527;-2.071126369065803;-1.0354725575865884;0.12773720877426756;2.023803977280558;1.5394273901729114
290;2.004201003056621;0.677564022119793;-0.6301119209789717;-1.6983924213842476;-1.6694162734820603;-0.7452170455463076;2.494610377274177;2.278434049245351;1.0282828856566535;0.5799506764971187;-1.771563219720598;-1.8460515080909727;-1.360924114389033;-0.29859477574658266;1.6569687445620016;2.3696039183113324;1.1211887567694878;0.1936484581133582;-1.163243515682932;-2.08526626836561;-1.5368544202118062;-0.32274494164050527;1.4507542692466995;1.965352081714888
291;2.1065052251262286;1.445187985301129;-0.45525639362018344;-1.322770347140848;-1.609971866239957;-1.5448750206240296;1.5315689380932278;2.221878509945317;1.0007866463239108;1.8223637130144152;-0.9334370210936446;-1.654834201766215;-2.0349760706732383;-0.971704955420869;1.1324763512599896;2.6803822393556667;1.0344477791232773;0.901352192697649;-0.78644785533553;-1.9523264670343987;-2.0168080927609475;-0.9671575876304386;0.6025876822826509;1.9725283582689979
292;2.0059673225417383;1.999108164724378;0.11723168567011058;-0.7804199084700586;-1.5217273427686075;-1.9631696327434156;0.2548670104124435;2.191098391610917;1.2321469462541752;2.471448301363619;0.054371931023647194;-1.2619804251609728;-2.2779528146335304;-1.4448582070034384;0.15585748651096692;2.493035281801502;1.2194837107526755;1.449248661319003;-0.2038488713654079;-1.302064333388179;-2.2335868528604115;-1.5758918955570376;-0.4027984735390248;1.7177034615104
293;1.4862044079406875;2.3522259126819747;0.9038335487191614;-0.16942007483581567;-1.4554922726073392;-1.9842798304256373;-0.9838296713560547;2.0129090553625035;1.4320925532690112;2.3301678242818387;1.0689382267497722;-0.8039507782508192;-2.133965534257029;-1.6781085070054578;-1.0656890463142048;1.6838441097009424;1.4308223563188025;1.7063195148616257;0.3047258393599131;-0.6585528515695976;-2.124245457512403;-1.8566140788585046;-1.4166382177200945;1.0857238522816768
294;0.889639628069461;2.2044576603940524;1.5397783011446238;0.3738988755714537;-1.1149641835238404;-1.6514286552227915;-1.939611985057836;1.255934452525984;1.3531466598884927;1.6715309449244615;1.8167653072722394;-0.1923586993564092;-1.5856079987830265;-1.7530074796030577;-1.6585446278369438;0.5715976806380457;1.4267650769868732;1.8711775507212864;1.0603863249647159;-0.22611066531159174;-1.7651319056703365;-2.004543021680065;-1.9302273842052609;0.10400499228379845
295;0.15237739685780408;1.8788049585574096;1.854239328730713;0.8042108866247665;-0.5460643577364854;-1.3427005104066092;-2.6457744250138133;0.21895719455350252;1.409052712156034;0.9726277085676271;2.3796173839980685;0.27006263729167423;-0.9024814250226801;-1.7210197923692632;-1.7563120332351907;-0.6551131160359316;1.3319936927667293;1.8215198830838222;1.6880359165630567;0.5071313754821231;-0.8659511996935725;-1.9883645870396585;-1.9258540844565368;-0.7652623527419139
296;-0.38319734509913633;1.3018300762845063;2.173713118586904;1.2049607920847751;0.1298954958619609;-1.1259471741734561;-2.7012435858675508;-1.083764631615789;1.270640036804486;0.5812749240058692;2.369515299489292;0.9291531131915288;-0.059020774678122605;-1.6931504827080293;-1.9142433713923432;-1.704743198288543;1.0722202166400834;1.3478615671528626;2.038452936685381;1.1995569446420267;0.022275398632546854;-1.649598091368818;-1.8141321375172805;-1.5458319386071393
297;-0.6717280593324221;0.3940787943996601;2.2721103109781176;1.5835917065556102;0.8189991429694469;-0.6526047784576219;-2.09460904361654;-2.2915603813104433;0.9126050073669235;0.5097372775922043;2.1118241304766916;1.8288323843246737;0.8038326148675369;-1.4873919068082775;-1.9534523227926444;-2.080240680997082;0.6803041227443737;0.7936998205362038;2.1709281603243005;1.5324910961675446;0.7579975820347948;-1.1715252104603298;-1.6692089001633494;-2.0751488842222794
298;-0.8244063884144237;-0.4634260313668494;1.8891573135774604;1.8056330195049817;1.314671083725404;0.05369707070608973;-1.3241433026962488;-2.8795548713793075;0.20471207272393763;0.6792862956990992;1.738903587581311;2.5392737890545476;1.1296752461993287;-0.7811045432762973;-1.7372043622845514;-2.132067112941159;0.5515311304515771;0.5144303234301981;1.946555181536044;1.7588264735377035;1.1641171203479497;-0.4856429180296885;-1.521359002055176;-2.290363870230271
299;-0.9464318678031627;-0.8894680216523769;1.0365746212555844;1.868404170154064;1.6923771308250506;0.6674640520728069;-0.5473125479860207;-2.962004662637295;-0.7840052511659762;0.6907983032644859;1.0198934224399034;2.7323217175966503;1.402661118069529;0.22779386488468226;-1.2822095029974647;-1.9919618716939103;0.288007690522966;0.49232049090044755;1.4047440782497769;1.852684699385826;1.3596310562160938;0.2823365267555468;-1.2008800514331501;-2.2563674475221323
300;-1.2986967351810055;-1.2065542499287834;-0.13090037840991117;1.5811653383351396;1.811398634662197;1.0996902883901114;0.2636750367360002;-2.505556903805837;-1.7294912781462164;0.17181143772189184;0.047324295608588536;2.2912676770811196;1.7860474110301006;1.1467450950120477;-0.48476804989401706;-1.8888525550939965;-0.03185346728056271;0.43526144207565554;0.6615896357038943;1.8508678826345804;1.7253176246297657;1.1182943346226975;-0.6360137178195461;-1.8283640492147786
301;-1.51336234463203;-1.430277264977253;-0.9319168742805818;1.3068484601348473;1.7066910544458163;1.5421512954792271;0.807592415381353;-1.4754266490825578;-2.3533055520575523;-0.4385459211002111;-0.8551670843457134;1.346560056826445;2.1906595292759232;1.824410061470004;0.17574710193810786;-1.552033422658497;-0.5913894788368684;0.14462991660166102;0.09708001830121937;1.6112005768779398;2.005296604418261;1.7154399851229982;0.11237450873489234;-1.171358057313542
302;-1.6669252288118077;-1.6665211856822244;-1.48513850982709;0.8433832147061894;1.3796693080377902;1.758927227394352;1.1111631768521162;-0.20190859470916375;-2.6064449350490464;-1.0889010439710578;-1.102178587338315;0.508408576696499;2.1187402887073112;2.1251006480428813;0.6401623770514201;-0.8182992469653726;-1.6013633854374638;-0.26315810847248516;-0.3245326032972553;1.2566743617493579;1.9603476613699342;2.1157379762394757;0.8190269543418651;-0.40832662367024986
303;-1.6333485370592462;-1.670242967213972;-1.8936405220809658;-0.12102735708458456;0.9933670001252435;1.6103889682560224;1.4270191451269247;0.8566103536566693;-2.454292979647288;-1.5554286160455846;-0.9343609918193765;-0.40964929167225334;1.7268872740772803;2.2864936798260174;1.2373003749052247;0.13224929360801968;-2.4667073902036076;-0.8757405368466669;-0.5714634694241743;0.5946889574869727;1.4358823889416654;2.1916662779876743;1.4340130789006649;0.47182971693448134
304;-1.3892342312085273;-1.3228451716208058;-1.999406559301123;-1.2013930755848774;0.5437750498569344;1.551040607225913;1.592135087757879;1.426578769131156;-1.8132832238212013;-2.1007612453919133;-0.6727753541299603;-1.2100925128480184;1.1664756418968025;1.9868482549033122;1.7051134525197522;0.9296844977337217;-2.686513326283677;-1.417307857794033;-0.697396896494013;-0.1091345152322637;1.0089959791840755;1.918880903646268;1.9853385047596126;1.0722352985670733
305;-0.841998216459946;-1.0119561128190782;-1.8307434302034522;-2.0852026038158944;0.14874385961908426;1.2949610507756246;1.54660803020725;1.8601070169150804;-0.9464981041629692;-2.493251948111769;-0.6804093352652438;-1.43907045614586;0.5059507253346943;1.4493553300845312;2.15320702357352;1.2812459384325459;-2.4616238019098375;-1.631240738643403;-0.8929153268975317;-0.8499710316129527;0.6481447631451065;1.4140974920005247;2.3248369947330256;1.2663666629960937
306;-0.16097930857344192;-0.8820934805244794;-1.524421223221483;-2.377075003238891;-0.5287287603368929;0.6772714679670832;1.5398987931388657;2.1446220700417875;-0.16726559902279836;-2.235195321450139;-1.1447368089473253;-1.6566351867625526;-0.46137193731512194;0.8911222641835584;2.3317453345964174;1.590490066037706;-1.8354929816248207;-1.7762600614273478;-1.0467890345048905;-1.3921348320566418;0.07641258573345616;0.7801625692245864;2.059784560340614;1.3807427818606008
307;0.3681338395636562;-0.660060117988681;-1.1301809389799538;-2.2620042309398714;-1.3021414870527162;-0.14212279937164016;1.3017905643876284;1.7913951240400647;0.44494296108116804;-1.6898642187789679;-1.7942458302241688;-1.8114630940512315;-1.6954297488420773;0.39494487726397315;2.0930941970213954;1.8556423249081742;-0.6956930928215584;-1.9096571614794189;-1.1388173587358443;-1.4897471885391427;-0.5733146009148867;0.38021675893399437;1.7654776113076915;1.8508864517612635
308;0.995086208993722;-0.47779171395669;-0.5903562798329972;-2.0425155858067114;-1.9622225106297342;-0.7970720839465625;0.6792401160818438;1.3343507029846926;0.8563776194257429;-0.9727981791362672;-2.263311145691977;-1.5404709996718704;-2.3842030339587192;-0.19256065955711463;1.416841609200063;2.0121899317614815;0.2042355718339061;-1.8942018077963256;-1.2584515863209964;-1.4617542259921361;-1.1653829775047806;0.04449257156338358;1.2948769308450652;2.1498157944282994
309;1.3570295732749722;-0.039046425136513505;-0.3043528068282742;-1.5620988110808613;-2.321333316272022;-1.1542007727335202;0.052735987450229;0.864573246971092;0.8787197770102865;-0.00923594265110746;-1.9954948394540524;-1.2366710446233904;-2.4003786579962707;-0.9591440348438407;0.4485836796389577;2.037227639809704;0.8204239989665922;-1.6402695351798036;-1.595973604523684;-1.289700450881282;-1.4991294523020369;-0.3265635138748817;0.512276021575933;2.0275014927976276
310;1.4916459912524285;0.7794453782268019;-0.08334119195171905;-0.7334113749423855;-2.454554035657815;-1.5811500388713327;-0.5807904805843869;0.5076724229858147;1.065784907656411;1.112133832901879;-1.1566725117227326;-0.9696209395180707;-2.1120432879685858;-1.6039757183162489;-0.5736356892807396;1.5224422415471563;1.1722311632854097;-0.9324256586799031;-1.849775983331519;-1.1330139619589632;-1.720710971208428;-0.9019667984683716;-0.33368072385845465;1.5479285786014503
311;1.3469256535961394;1.1937692568760132;0.3503160835182073;0.03674236551340961;-2.1423368628948203;-1.9093249961537246;-1.097279037713902;0.1818711151990056;1.4408749594876518;1.822027081937371;-0.44376324526327515;-0.652019809328263;-1.5740023500990172;-2.115034844389983;-1.1922160190153352;0.6441021310623963;1.5898554242789853;0.19903029521239182;-1.6107110856989015;-0.9851493140986326;-1.8034571501122658;-1.4938891986268001;-0.8475771619531575;0.8450426020587534
312;1.1509496047078476;1.6078643397046972;0.7202551608624418;0.617804893555362;-1.4241422915635094;-2.0297496869565417;-1.4625221808410132;-0.34427881642562097;1.6310609306610577;1.8538847773223306;0.45184156309220236;-0.6898962274188208;-0.8033614241860106;-2.5327779953480563;-1.712094119556888;-0.05582994981405581;1.993182672310114;1.4486302328997354;-0.8142502136668996;-0.8882799158698604;-1.6670219585746682;-1.8793217291149824;-1.2325636380608984;-0.06440938084674293
313;0.9012219040631954;1.717452919903712;1.09553843422127;0.63189733412285;-0.5010559650025156;-1.9259436718412084;-1.7883992768097734;-0.9003268576509902;1.6437551032044055;1.7427412506946722;1.2897064369187112;-0.6615572170302612;-0.5529926411052462;-2.5079968943480444;-1.931067287810391;-0.5677508813305041;2.065007690174199;2.2620006939541883;0.14759498026908463;-0.9239795330489592;-1.268057151624679;-1.9657133381006768;-1.4780626065049158;-0.7876051832949459
314;0.6335956181900899;1.5622766403831012;1.2809152538841753;0.8317252079135166;0.5125286180810502;-1.6077346874057057;-2.091276282147579;-1.43703169058232;1.4233602522049722;1.5777358297514905;1.8934403985066013;-0.43595849686572213;-0.3357421718646172;-1.7958132759288408;-2.0025957478978205;-1.39266103538749;1.9046066120571494;2.509296578195778;0.812623783913557;-0.7403254316640066;-0.6737837256444897;-1.5206671333738506;-1.5428276211311232;-1.3536271813325926
315;0.49155379432637214;1.2334602047414487;1.3508306795624891;1.2311511843409892;1.2824025600253004;-1.2255447107419968;-1.9629540433077362;-1.7450577206449716;1.0177791347087397;1.2219317908999439;2.2933250984026663;0.1298117881957271;0.054144472735064446;-0.9111232082362679;-2.1212922342673464;-2.283499682285065;1.4982855763212604;2.374812977710575;1.3210800180043718;-0.35226504151576704;-0.25319680299236913;-1.2922148886110172;-1.512795643721333;-1.8234390145446082
316;0.506337136253619;0.8155904000745416;1.3676250459168133;1.3172493327801498;1.656495572342243;-0.3274104454303567;-1.486418739507841;-1.808638295008627;0.6181621372469005;0.9863426538256228;2.3693758442806216;1.3281532703065142;0.4749436698811567;-0.05180713849408947;-1.9100048039339355;-2.6165393034355016;1.0406912563755237;1.7106586560127188;1.9392160987574418;0.18029790375096932;0.043382429050619224;-1.0121116396314551;-1.4949420085893774;-1.9236446595859023
317;0.5089931288103113;0.4560077863603289;1.467954867381676;1.2698431318958416;1.6427914895592586;0.7197660835994403;-0.9550586947184226;-1.8493211580962845;0.196298082458156;0.8523955544684079;1.991878438382247;2.439397220402348;0.7171359609340943;0.664139964413875;-1.3462101175436854;-2.3312260665314635;0.6212867672137499;1.2584701611439961;2.4733861446007857;0.9198086310667545;0.1947816837140945;-0.6063540873561986;-1.4487365503408078;-1.7700919706566065
318;0.27680496446805225;0.14122499871304117;1.4121210795195576;1.262780199134634;1.43689141878538;1.5818398047446398;-0.31584540889580065;-1.5862928479682337;-0.22099695268545297;0.6738113565334325;1.297771627887151;2.7575836730626615;0.8976699144800099;1.160452563933113;-0.6755308952859594;-1.9235128551969431;-0.005281107391379306;0.8866890407691412;2.6144247410051844;1.627870217824271;0.4368229738917956;0.05519788439120208;-1.1654281104693531;-1.5271476668162904
319;-0.15348700311960686;-0.11233576357255438;0.86059321669687;1.1585342371692262;1.331733950058388;2.279018706018171;0.37809043899372824;-1.0122923174541105;-0.5561761792786312;0.3527421465070247;0.5012283013758388;2.3841177403210736;1.2868002255139093;1.3757554051029632;0.057101589800866354;-1.1782984838555486;-0.9914184551488009;0.30586592032352183;2.163827388093865;2.213592141771648;0.5642898262858201;0.6593633279277074;-0.7850898166265491;-1.1317130793504673
320;-0.40945833635833706;-0.2686534629108665;0.08978399774418577;1.1431105663488417;1.1961824212795107;2.4011171051709077;1.0522084677911872;-0.4300538029449108;-0.8932484497154911;-0.10120196844237353;-0.03517112593047239;1.7317962488209453;1.568559485596934;1.2007328522976524;0.8876725701477665;-0.36075324552771254;-1.8650677212186701;-0.1407980869323303;1.3732399156285722;2.5394729728378675;0.934816579049524;0.9884324183702341;-0.14521556080767173;-0.7260560623032525
321;-0.48237396023715146;-0.3304249819111464;-0.4198600928810175;0.765230769287178;0.9565136570654361;1.95476449542989;1.575808263374143;0.1943207775485424;-1.0454817800696277;-0.6595206972809586;-0.3226369299209976;0.9801222677417617;1.8036766364008407;1.0058376396903854;1.682463908749328;0.1003337907196004;-2.4971133395222913;-0.7734069124906915;0.3127938956264728;2.3393965887997665;1.506726956528089;1.1211844862782614;0.6642619065623795;-0.4779620020835758
322;-0.8058356451276963;-0.39956608129749593;-0.6932568028614462;0.25953109132190666;0.6232701245666755;1.4877789756829392;2.063808901865266;0.8993547483285195;-1.3439132048653912;-1.2788932547155376;-0.5567633650257818;0.2534331104581975;1.9423932936852732;1.1926336122170924;2.171888747885802;0.6524290810737189;-2.6170005112290697;-1.4595495199291675;-0.8677195224758735;1.6378016621631768;1.848069361135538;1.1553912635190897;1.2630380149973304;-0.07988682079531859
323;-1.367883768732647;-0.620361932220011;-0.7722811681000832;-0.1258291877898153;0.34804698036322096;0.8804683272533327;2.467220638301743;1.4854418455392595;-1.6882789156445388;-1.5166763887544532;-0.686408681476108;-0.3676918511236297;1.8935543198288507;1.535485539816243;2.0757060848316846;1.2808427187368736;-2.2275784365645612;-1.9341190235146604;-1.457605181726408;0.7037078488701993;2.0117880564006776;1.309802556488176;1.4200207360762964;0.375833254488485
324;-1.8147199331865345;-0.9198828645641266;-0.8155730685065562;-0.5328165517162538;0.3534232925259836;0.2778584226590603;2.3688882489310186;2.040014897183927;-1.8062954293578424;-1.5242141865469028;-0.7620980062410917;-0.8825642226309841;1.3372372724011987;1.543342250763976;1.651408047792934;1.6802956124161827;-1.6561258114159494;-2.3010085260563584;-1.648750686751758;-0.2929838081963068;1.9083536546933044;1.3220685084440316;1.3529214013884152;0.7169776397139479
325;-2.0990367005287234;-1.193330008655098;-0.9715915052027438;-0.8408945773310288;0.07056278133172297;-0.10700021308931733;1.674776405814473;2.313488432138704;-1.7208686793309758;-1.4461082725942713;-1.069599686369971;-1.4729737506549225;0.2792526942927897;1.2375131663295105;1.15241647391931;2.139297435825174;-0.9016745145762493;-2.2691162154118367;-1.6434070708144295;-0.9215112749988942;1.4449461125342458;1.1297305889899967;1.3327691567268576;1.1245161011337932
326;-2.1642476278371396;-1.5967369344910272;-0.9367947950651951;-1.1459839427244254;-0.5445360500900295;-0.32874655741565134;0.8283027376965988;2.1872648248111446;-1.4018728688791797;-1.3262970886668348;-1.5608072320655233;-1.673624475353654;-1.0734910294319202;0.8591329851587313;0.7132835904312534;2.24800113604948;-0.0028787274462961257;-1.767805370788556;-1.7234428358897795;-1.5426827046067295;0.5051328027989421;1.1680239084858908;1.386897204092014;1.627307292426564
327;-1.8481524551829929;-1.7027795026240247;-1.018776438825261;-1.360393204973561;-1.0113920352601269;-0.2888686447187562;-0.018059657001241736;1.665041682361771;-0.9561617147753094;-1.3349659085998258;-1.763742582826684;-1.4638603003993669;-1.9124124671409073;0.41342044793313676;0.5156138207916126;1.845661425940672;0.8550797419107398;-1.4358334652395204;-1.8076485926338168;-2.19258824346449;-0.5276623429360275;1.165828270859839;1.3028036974238784;1.871213563835215
328;-1.2232170885251663;-1.6532773346747607;-1.1334047703955228;-1.5432842411986123;-1.2157217851786042;-0.4917333290181782;-0.8332036096005905;1.2064716618842295;-0.5306755068278802;-1.2539201584745554;-1.6920996796893677;-1.119721101738262;-2.2116955799700495;-0.1613275311786924;0.4163942288725445;1.3209849424247613;1.4541156025912492;-0.8042704824901272;-1.758446739284774;-2.6494878018220276;-1.5498792090070885;0.8712494008682587;0.9450564333027806;1.6579043337966164
329;-0.5673836135631072;-1.4563215610056566;-1.2446311356365856;-1.3171627332663018;-1.2368335582006496;-0.8079836593267413;-1.3955587142055563;0.5904036762759346;-0.05905366542063904;-0.9406295685836721;-1.296287901915376;-1.0685006208557937;-2.1343432036904533;-0.9380784080248395;0.36205901072701235;0.6319082074700494;1.5284461435692343;0.3425596568096711;-1.556530190218708;-2.3806536075153537;-2.307013334774534;0.19498377163317077;0.5261986711047824;1.3510183504302868
330;0.14642401141702474;-1.0641914170990519;-1.312812353931083;-0.821214430572175;-1.3294571372672292;-1.0420502588109792;-1.3563370859079305;-0.19679786646832814;0.5460637292317546;-0.3977434618934837;-0.9267363061306041;-1.1171174915614792;-1.503736412349137;-1.5226920244315674;-0.03407299578235872;-0.04820036578896676;1.3751415340292106;1.420436550318912;-0.8078143900580391;-1.509102289358321;-2.607348838925646;-0.6557274230330871;0.07932666486017599;0.8757222932130084
331;0.7376595912539315;-0.6502021678716283;-1.2453401369918873;-0.6726958900465856;-1.4954049344744134;-1.2273314540182245;-1.062534841336477;-1.006043520051824;1.3991333196566007;0.04192178441683717;-0.49678982383413417;-1.06643060704151;-1.1093882436297164;-2.104491183770979;-0.6519628204885499;-0.5636198087638632;1.454125030013222;2.089712825694422;-0.007081901998587264;-0.7231625619755697;-2.437052856890676;-1.5785382843744833;-0.09822352711798095;0.2739344305636648
332;1.4432549151350997;-0.034634331710769226;-0.8603148834435507;-0.7469557750655531;-1.241359776342347;-1.3221440863376805;-0.8594816653367328;-1.6557358178915111;2.240992044320985;0.6964508972782533;0.08717497372380643;-1.0071946741602258;-1.0341622852779206;-2.534299115527233;-1.2144818121773737;-0.8451868649234728;1.5034873057072242;2.2494095568819263;0.7713432630791357;-0.2186712929011702;-2.0241006543773494;-2.341522676575919;-0.4076202242714104;-0.2516370422777392
333;2.2380698756144435;0.7463869672220681;-0.5062325742135838;-0.7977252469377415;-0.837293208684054;-1.268812317398316;-0.853444295318742;-2.1243426076741163;2.6759319253053486;1.4933074172338991;0.4173533007995247;-0.7361251949234994;-0.8077442444629697;-2.368887354436897;-1.7519106866894198;-1.0655143248094365;1.426478937912245;1.988562045368743;1.6777282720785138;0.09445029324451969;-1.1914246000855397;-2.695450707236244;-0.807004671474466;-0.36390313973521227
334;2.923968329003736;1.8055622033685925;0.06890812676787973;-0.6179309935897946;-0.5844321696903219;-1.2075632052687484;-0.9961044529060996;-1.9996613748292573;2.5529770856777865;1.9590280268950404;0.7227670088139607;-0.24594720222926872;-0.4075521979178128;-1.545429716182586;-2.1217124226459285;-1.0774595308373072;1.1761547446627414;1.7058974336053838;2.217425302522668;0.5394710554192728;-0.47713796331698116;-2.5650744460808537;-1.4534465140926407;-0.5840365407175796
335;3.4621166995104202;2.5643647621368295;1.0252717864650798;-0.2746244957448326;-0.3251350660617689;-1.0160643019704088;-0.986048398826307;-1.5552072812220918;2.345930432257974;2.267928826589944;1.0990378233032991;0.6316564760357926;0.06400305617633956;-0.7612372491606965;-2.140515081756212;-1.0201656946694762;0.9447831896710175;1.3198049211523406;2.3724445617883867;1.0523263290635214;0.211755621129199;-1.895511717918373;-2.0214350655395537;-0.9142502444017756
336;3.5898140311334794;2.94486974575804;1.7055067518066724;0.3298736440808062;-0.12209207417206654;-0.6824437735179969;-1.0518790974809333;-0.9392092813872189;2.0880697341420236;2.5256284049793774;1.6051941816905404;1.1874106451105821;0.3468154850911202;0.049971334688539266;-1.7011169460046525;-1.1519563528797878;0.7041455414541606;0.8844910474475932;2.3030458798615663;1.5912737463468256;0.9075235799998488;-1.0001529278394619;-2.1212830151454516;-1.206573566225368
337;3.4648032727819653;2.9721020730261123;2.1214454498824553;0.8712208544699949;0.46153848629749367;-0.12456835628201846;-0.8771157601244962;-0.35297886270692796;1.633302168459427;2.3989897739469845;2.1120923016930466;1.5738033515109424;0.34905641262284953;0.8927173217171034;-1.1901870455609003;-1.703813387599412;0.37073238822397275;0.48814512383568176;1.958965299583833;2.162823200669645;1.5345725277308386;0.09585936127251914;-2.1171547114577396;-1.6585890201139741
338;2.774147471247619;2.8475859290157204;2.6343956298467095;1.324396647291134;0.7476197373164175;0.36139482736597;-0.5684621332355149;-0.05585269482746427;0.7584884044918129;2.05065683499889;2.4283614607607666;1.8684782108780666;0.6161497799737844;1.0216605566434849;-0.6889620547135283;-1.9564231645699373;-0.16422333640590056;0.1753965781011402;1.3200862169651677;2.514712678013921;1.978020179541649;1.1104942510023437;-1.7140664388335827;-1.697498492369547
339;1.5927227461778009;2.684581612166149;2.8572816087112387;1.9659830366238373;0.8473187188921819;0.5907334395036807;-0.2566995936995021;-0.19436856770846994;-0.015259090083695252;1.7696680656792227;2.5353359509624234;1.856127141235093;1.1786318775186053;0.7779811293664534;0.057988048784703455;-1.4993422365110083;-0.7291900512426729;0.016357145397466424;0.4960918231569535;2.3781413541616576;2.148073416694572;1.811203989540282;-0.9328972207916086;-1.4828624423655745
340;0.14177627013014127;2.2816064001721634;2.832053466955188;2.5027227475257696;1.0559827234389676;0.7885859099356531;0.24816929908236254;-0.3004450246428498;-0.4753436308989969;0.9896627612411985;2.076320622623112;1.8122667279497335;1.70510858501637;0.7596423948488568;0.9201451645185845;-0.8099384292293939;-1.359918211350188;-0.12609736157422366;-0.16914505865293522;1.697099017960478;1.9500222018326032;2.2231380989385294;0.36343528969554445;-1.168131695115214
341;-1.0421859321425102;1.5805742158186504;2.5973571735076746;2.7473713301037472;1.4981004557169495;1.0669235918503843;0.7318759075751284;-0.24645070825870102;-0.6908794517574837;0.04339436750787288;1.4151551495485342;1.8250245665582683;2.126810058719317;1.0271922424460682;1.7213688147573925;-0.05628887149149584;-1.8792825472237105;-0.5195955961466432;-0.7750526695603477;0.8445001770678282;1.4800117523851726;2.162754706247746;1.5837495700303128;-0.8859945784482309
342;-2.283715845854973;0.512382487582042;1.9117171772212238;2.6141167203423215;2.013091663621141;1.4952854801319064;1.1096385564243583;-0.02042112571978691;-1.141187086973865;-0.9074251619121568;0.8376644823368027;1.786182538861078;2.311320137583301;1.4349929302890454;2.0821354539199266;0.7613298740618988;-1.8310579509291542;-0.9583913841146413;-1.01101005678982;0.11007386231316577;1.3383922531785075;1.9967152526423637;2.451814889241985;-0.4398402652024525
343;-3.5982924750205036;-0.7247804553125027;1.1489787469555612;2.189052701103779;2.5026411463634637;1.79280280805645;1.2312169167849982;0.4023392247339854;-1.8475496544199812;-1.5486184403777046;-0.0009370030102544408;1.5810508102425678;1.911998666798034;1.7336717170027656;1.8408645800905226;1.3980342007489197;-1.2301907444383595;-1.4206795943360837;-0.8179206833333283;-0.656846022869794;1.3095768333265163;1.8005083467037795;2.765788566923412;0.4541558606192544
344;-4.567436795201606;-2.2217174609420343;-0.04485981401498869;1.6571166711919985;2.4547221549445912;1.6968670674392747;1.5375181663315878;1.0072023386184088;-2.518834813885024;-1.8902556843148068;-0.8089836336754985;0.9736420490949199;1.3918414440107665;1.7404382237307812;1.596574725819912;1.8862093614984163;-0.5661653095025115;-1.7836206984441274;-0.8205196897392252;-1.2350443451776418;0.9202855905794397;1.4102328182473092;2.590199337029988;1.5354689972519457
345;-5.049889195440791;-3.5866532155003825;-1.2135725850088814;0.8303266824781278;2.0206643800205066;1.6308902829513963;1.8358584510855283;1.5151058500495378;-3.0927111764561674;-2.1985013600051886;-1.5269039974568324;0.07180379724150016;0.8887458224737665;1.62645374715955;1.239293056966675;2.047732782918098;-0.1814393334678694;-1.6724174814708916;-1.085625192139312;-1.624276482453126;-0.06647141765895496;0.854143092579685;2.2000443516031067;2.4135033509675
346;-4.609138830803303;-4.339193557889639;-2.0770177442167035;-0.1778972477671155;1.3632681059897256;1.683355707424435;1.6454356484662;1.73829676688138;-3.5159991201563883;-2.409646142258762;-2.1674346971888445;-0.7487728708978197;0.38366921069250876;1.3870100711279276;0.8337398063434391;2.065047821528017;-0.5110640751946017;-1.5119704491774797;-1.309704184707913;-1.674847121750657;-1.14677720966285;0.3516939779520788;1.4284923156797944;2.8683257813475063
347;-3.3568798394305603;-4.650977141807805;-2.8102618199333302;-1.1778597419578112;0.567677815497542;1.6744420060301313;1.4784912720052945;1.598698847210831;-3.41015484644697;-2.6067976924453093;-2.5934242416472566;-1.6212671945708874;-0.1716060433624107;1.0645944530768605;0.7920465057544024;1.9077896296370664;-0.8601316560183531;-1.2624771389535163;-1.5489131435504682;-1.533267566423302;-1.926590427505126;-0.28828568624941897;0.6423090244106476;2.892212913236549
348;-2.032474327411467;-4.482304442580783;-3.553868079221573;-2.081209685626782;-0.1223106931439013;1.1456607839195234;1.3209551631377923;1.491723006561296;-2.707633202913013;-2.7797350937505323;-2.8220383461787466;-2.428552729713552;-0.7466213865559901;0.6209080859279072;0.9883076999193101;1.5129526927450287;-0.9935694447818072;-0.8697081109014978;-1.4097221202422432;-1.3712413771912093;-2.145197731961902;-0.9753123381452035;-0.09087118193047697;2.224685111783637
349;-1.0951823363004558;-3.882854081977823;-4.254877124018434;-2.8269435677922248;-1.1457700888941964;0.5367377356072801;1.0500907953564431;1.5547304293484803;-1.8359535654518444;-2.599331712123335;-2.8308722939493967;-2.9313759278492912;-1.2061887705205288;-0.1622124950695016;1.0055714870391919;0.9051331080668688;-1.1159082335549313;-0.25902841812717836;-1.3820557657211487;-1.1094224760730067;-2.1288967053255416;-1.3644728593423043;-0.5532244364100598;1.3328737042785597
350;-0.10258610007430521;-2.792547983284464;-4.471173661148436;-3.640526138653507;-2.2928266006715172;-0.06592299633806917;0.7881955125313533;1.2705093969424204;-0.8572467024222711;-2.1514151156312393;-2.555975481422804;-2.9193156565068183;-1.9008441150615325;-1.0891803925927457;0.6420852828096413;0.304582167217566;-1.000515483775939;0.12685569446151157;-1.365399619317503;-0.939958861137052;-1.886341552312597;-1.702145067825235;-1.0618644392850969;0.2241075082114233
351;0.745443234620744;-1.5506448199487457;-4.230247788198865;-4.03958841241447;-2.9788773404171476;-1.0096450231273795;0.28764175590849594;0.7603732906453814;0.40365416573609586;-1.8657652244994152;-2.1061420119437533;-2.6707919972250944;-2.746853391592246;-2.0319666543927157;-0.053440243762279294;-0.23863062222283674;-0.9614581731045502;0.14495336468746578;-0.7608122210770953;-0.8648993071852296;-1.423182695299117;-1.9900240886025315;-1.4215151431426891;-0.9173761229676832
352;1.4943629269850012;-0.06504337840841833;-3.2329414483196564;-3.965598002096693;-3.456076576021562;-2.0718913585133247;-0.440517837786475;0.2687632551276714;1.441252745749778;-1.2140672517237747;-1.563959884110577;-2.3853053658579024;-3.124255362392098;-2.265634657276805;-0.9265335597580263;-0.5031410249933044;-0.5415895423024473;-0.2115354160725939;-0.19158936096921994;-0.8670400238226796;-0.9151055386009326;-2.070748263923525;-1.567246136008854;-1.7426862837993327
353;2.2987693275548735;1.3202990877465282;-1.631076009523448;-3.456540568750523;-3.653418841500634;-3.11692742671456;-1.236738951840332;-0.19273714304397124;2.1986371876435684;-0.12315343550103541;-1.1244200941070344;-2.0712914933816777;-3.0771571205739012;-2.2685862235794123;-1.765072502130845;-0.6651700881233629;0.2668592674557787;-0.5267313969138517;0.32756409949440984;-0.8988707490317496;-0.5833558061606351;-2.1423489313952606;-1.941368659552422;-2.0759836098642324
354;2.857487726065436;2.573694703650254;-0.036516516102195896;-2.7057232423388062;-3.5694917038479312;-3.5701784641068035;-1.948843965107338;-0.714752688978894;2.9569435062458687;1.3577847274618684;-0.5097470141309747;-1.5400719499277722;-2.707289237087961;-2.4195237246951438;-2.3458971834832014;-0.6408427452484134;1.1334702664805858;-0.5409610498652783;0.6345260194810197;-0.6809190680392408;-0.42592189371506395;-1.8336642239671477;-2.085998342278481;-1.978404929388838
355;3.3818742761564597;3.495607131866928;1.4512341230602317;-1.7299772957505777;-3.1681270258126917;-3.387317813882839;-2.4172475066457166;-1.2853753149344667;3.5497693593978465;2.7178124675002047;0.18262173343857557;-0.7151996531030514;-2.002695106626185;-2.6134422350848436;-2.5031968013762578;-0.8418401596117063;2.091601400442003;-0.21428220704985904;0.6712959884825848;-0.0999309533648793;-0.21888830211793345;-1.0487619646704676;-1.9769565294968507;-1.8329525094484667
356;3.5158082511087794;3.5846725755688014;2.747394123817298;-0.5991332687812936;-2.490552657128651;-3.228418593235863;-2.865313431683818;-1.858602305759218;3.8314681997112467;3.3817522577624763;0.9590730308923293;0.018532204046142926;-1.116838613763083;-2.4398403087893734;-2.4677773999637798;-1.5179440245267102;2.934740854777439;0.6161891387747218;0.5601543869006976;0.5610231200014018;-0.0202663458545331;-0.005763264249688299;-1.6152816359054878;-1.7669431480071447
357;3.448013279972574;3.255378862992357;3.4991694536086637;0.954232051142679;-1.620497597304403;-2.9175021596737096;-3.2837067160704962;-2.2974713878439186;3.4878824266743758;3.650745256386925;2.0618019426445064;0.8653571064999954;-0.20893308431147178;-2.1463827514658966;-2.615781599411726;-2.2087143592594844;3.030307843825873;1.590688757380579;0.46106342474983636;0.9243921474041314;0.09620254707239452;0.56540642054277;-1.04869518253506;-1.6159960129524846
358;3.0696317901354133;2.9633629048222305;4.019545627476553;2.3281765732354263;-0.21875794938919296;-2.2507105664623386;-3.360179412012847;-2.6437163174332614;2.8145797319965475;3.734000864177247;3.068043335041499;1.5610107395344324;0.4696431580915175;-1.458829223297349;-2.3992553170275777;-2.6695834887027754;2.643864699070324;2.3415637267439844;0.43566233295371104;1.2824152297791978;0.2672071277181414;0.7512464131314348;-0.49204384000880824;-1.3584126511488526
359;2.5242469873367743;2.8056161160038995;4.169658029943352;3.6235431864399725;1.0175858237207367;-1.2665806579800885;-3.008507180707726;-2.849468463929023;1.930797164774158;3.4298987621659185;3.517620007806119;2.037617638730376;1.109501497758423;-0.5208250439883253;-1.647153720976814;-2.812679515324951;2.1516490627058418;2.6380075359063957;0.686964572323253;1.3400218118920706;0.5160904834612574;0.5259518626909532;0.005829387468231121;-0.9731201703980504
360;1.9742293388383623;2.894673474794497;3.874907277523285;4.697497671189777;2.2005176702493476;0.010365531575002947;-1.9980024362145723;-2.818407824043313;1.1211767779207171;2.719876373469031;3.7741756495187517;2.641345898735078;1.8102565953830754;0.58832973097973;-0.8410480110093834;-2.4517581604748133;1.6447565074716033;2.6952647798954854;1.142303954199238;1.0652429925148796;0.9126974237575761;0.44851749258636225;0.5422008458595772;-0.6925021865937462
361;1.2784784646203333;2.5601207623487525;3.3232397232879687;5.020861631932321;3.4125692709233872;1.2353805801998252;-0.843942510791227;-2.592129985692737;0.2766247286712161;2.0245236897556547;3.7949153352058347;3.1223462962849853;2.326841111929419;1.7254637676355713;-0.10850328652456859;-1.689245999973966;1.1486887637158354;2.658457262108851;1.7141912741524685;1.1164609355099668;1.394376833323656;0.7579048311856208;1.0794777134109428;-0.1499436819729842
362;0.14545554925225487;1.694870694497334;2.3965949306128187;4.334152701478609;4.33223265666027;2.2687295176289997;0.2408006819062253;-1.8347916119523293;-0.4923784776927111;1.2699027832622596;3.2719715030653473;3.336951326446577;2.63367781897978;2.380089421088563;0.6495469538535067;-0.6664465739718358;0.436441193354277;2.389591552347397;2.388994568133857;1.0674679363517001;1.604011301227407;0.9833054247503336;1.4344234182945808;0.5619076755451315
363;-1.3482368697880656;0.6561285666660888;1.3661982328907947;3.3303336752121;4.621966349374687;3.208117447601306;1.3793982031816012;-0.6822493217152769;-0.9484063138891304;0.3691463811843124;2.2674158643826425;3.3893428148285043;2.9799837725661655;2.8406272318035355;1.271263953432429;0.32952689210974917;-0.4180824737517998;1.4639520756361302;2.755715282236284;0.9579866208054487;1.7335472453526253;1.0074408505678647;1.5723351299051247;1.0664748058856284
364;-2.5325357114389377;-0.3908019250601286;0.5143665834316797;2.3142096289816227;4.4616597416806005;3.8930780354934025;2.445188229620668;0.27275364029813776;-1.4378998566845196;-0.7194219062486985;1.06514073462902;3.145167438546313;3.2369904732502577;2.9555519938495545;1.9627437609535194;0.96589784470019;-1.1041755552598707;0.17341311742432597;2.626264736534441;1.101620429418326;1.575061487726491;1.2489287866084193;1.4325966266850343;1.5999324608037886
365;-3.0559172313804255;-1.237032850008327;0.026969593253828947;1.2987172501034059;4.0078485654185485;4.43531635082169;3.3207487272531555;1.1728879612748968;-1.8017624796277762;-1.6347733519206786;-0.27932303950911264;2.439487720037861;3.1181826768283396;2.823431108830228;2.8553524932244856;1.5182482372760029;-1.7972230325406164;-0.9431469454784701;1.7872000327516402;1.5716622875851893;1.2632672321016007;1.4930526324228142;1.1134088737808503;1.8226394101980976
366;-3.1560450804828224;-1.8789011497379293;-0.5233142760304758;0.41505539513317125;3.135149019202672;4.569422743153886;3.745390052030865;2.367120359576743;-2.1065392726984506;-2.157200921861132;-1.32777704087194;1.331749086636743;2.57113911723758;2.6625374841052785;3.421676711903088;2.1545735719265613;-2.0229386074910636;-1.6465354099224117;0.5688795857170793;1.9093103317877653;0.8418334419584013;1.6066074691100123;0.825577931948759;1.6819136375581767
367;-3.0223405724053345;-2.7739453592030827;-1.0112510708623395;-0.5445564880067528;1.8303612946249066;3.969881242549729;3.996439643735323;3.345908593700317;-2.4693914335502245;-2.412090519190738;-1.8151422636605237;0.16034447939169746;1.7591917267954604;2.5625011480711133;3.5358564521798868;2.8006247149110246;-1.9825794236355399;-1.9519501474808012;-0.5250222660576195;1.784343992682443;0.609853260798325;1.5086259241948983;0.7076513747169211;1.5537181639171986
368;-2.599390122884649;-3.2469305171639933;-1.6258086012519528;-1.3398729133624432;0.14374997855049718;3.0622353564515965;4.275212552496479;4.0258900070955645;-2.672050187796049;-2.528657349218172;-2.1063294901069054;-1.1323389766727119;1.1313456236615642;2.3164296895804664;3.0909519136921535;3.1198801607378686;-2.222391688341146;-2.1858671855694594;-1.4789091388505387;1.2637496574069726;0.6816281044920409;1.2108208272938854;1.084734859968849;1.2244184937737659
369;-1.874546673393691;-3.4287234631260284;-2.492884062944788;-2.014584201499827;-1.3321638438701562;1.870075528151914;3.943783047759794;4.283984537900755;-2.873018906639499;-2.3970917865090957;-2.4560025061771897;-2.2260852710345085;0.4099535085260312;1.6398352871552373;2.272383134125398;3.2263354834435027;-2.3750584506229884;-2.288393186944104;-2.2910775211215033;0.331727041727805;0.8182332654778179;0.8788937932882678;1.4148531056937892;1.128805292493731
370;-1.4203492263561448;-3.191451931694868;-3.330777381901353;-2.5398730229506556;-2.2861937462311586;0.47415593309144777;2.8494058965690945;4.040713533676225;-2.595295171936391;-2.197283168659301;-2.8976550668725998;-2.8594408435994367;-0.7515610012249504;0.8948443921240886;1.5845113050550843;2.9970725127888906;-2.3580085088833633;-2.3185840205238666;-2.768228734763233;-0.7989408873054628;0.7414982582755685;0.5037372029049675;1.3797660603965085;0.899094952531228
371;-1.0069213248690112;-2.7519836395604687;-3.6794245117827105;-2.620423276499853;-2.8415926042014843;-1.0009392470153147;1.7054727440661144;3.231172248076048;-1.9050064016852155;-2.178779680193702;-2.973482602250845;-3.2743004661029045;-1.9653901975493446;0.06212843790983234;0.9645263207723461;2.389949385323529;-2.1360129076749947;-2.414129675881424;-2.9994604614011173;-1.938962216750274;0.39300115920444034;0.10330794571115316;1.010546576829372;0.6640443748323228
372;-0.5121275154150036;-1.8296026423091831;-3.323380805544176;-2.5349771734762236;-2.9165102761644883;-2.325816511357815;0.538518450252498;2.4101198412383438;-1.1518450766794748;-2.156931866516153;-2.514703423976881;-3.2790446131229136;-2.940669328960833;-0.9596101308094728;0.2617978498175529;1.7320243326143252;-1.6034859564470454;-2.288631303905864;-2.897845391173154;-3.0128270034527644;-0.17932643557365477;-0.390880667474071;0.3958431477576722;0.35176600743149045
373;-0.15451630186354853;-0.6602911486467831;-2.5338033489443097;-2.6111579804860794;-2.806644278958759;-3.2256775808241955;-0.7383277184658337;1.645726141879186;-0.030684583438392407;-1.7064243246110962;-2.101517914476541;-2.9485966662245935;-3.495943447887606;-1.99128795876437;-0.4140434244835375;1.0632532365419487;-1.0529078423174025;-1.6962351668798898;-2.5250200140395562;-3.5569725274697954;-1.0834249708009107;-0.5707978409207513;-0.12979025982111145;0.2801983714976422
374;0.2201534330400914;0.24152069383115227;-1.7168381710475258;-2.636950532920622;-2.650689966005139;-3.761540438414659;-2.0933880702285084;0.4787731389082049;0.7601158726837856;-1.113639072225416;-1.6507600178374389;-2.3778118903782253;-3.6594218576682946;-2.739082847271014;-1.023919601658618;0.09692756510113328;-0.24633025536079725;-1.0476769902440917;-1.7994277815343511;-3.4088846195165545;-2.06146690415504;-0.6289360540139491;-0.3933319337217548;0.3621743888941455
375;0.608532126861718;0.822120910041786;-1.0516177215000313;-2.6143694244581286;-2.620891001848831;-3.8504928486745693;-3.334431932906928;-0.7759908657098492;1.2226171510728825;-0.45744361027408026;-0.9594036626033337;-1.6705369859436088;-3.402776806603901;-3.249003097934316;-1.5978417921023256;-0.9822135243674021;0.6792010257236862;-0.4083780477473328;-1.0320928609202118;-2.980794274615009;-2.8996325800115126;-0.8006852361019974;-0.6751204723550288;0.29651155180089234
376;1.1342621080418307;0.8757490602074953;-0.3786625113243293;-2.304896166560601;-2.524466879677146;-3.4879048606810166;-4.175880082804199;-2.0459814210740555;1.5819590777230403;0.4076770222060373;-0.4286548915945116;-1.24760416530638;-2.8505745234690187;-3.575698194735431;-2.555293770704363;-1.9798547867029694;1.6152592801849741;-0.018237132471108627;-0.5242226617218183;-2.1370990305129878;-3.536377781350301;-1.2479101740697487;-1.233235277773145;-0.07944590025146535
377;1.7388584782815188;0.8960139107525319;0.6094388676244187;-1.6269943536720524;-2.112944783118948;-2.811820582484991;-4.280824946250897;-3.2986218444763065;1.9510558999781493;1.350750333835524;0.0007854273973373144;-0.919413605358697;-1.9890460978930238;-3.4356637245649106;-3.2336454431845576;-2.455470880548876;2.5370581242317676;0.36900067390692776;-0.3947914610885927;-1.069045880737854;-3.584231787954968;-1.8987276343698438;-1.5791784984425161;-0.6481154851860953
378;2.1151050661566453;1.1026029423427341;1.5364892438766122;-0.42269050726339646;-1.4359330370824221;-2.0834903335203236;-3.9236537813786407;-3.971750273021693;2.2647916897478755;1.9919877175574534;0.2953692388641999;-0.5439889616753136;-1.1529587886053554;-2.984521816435807;-3.5003612979644028;-2.529668998495659;2.8989755825119445;1.2589469545495493;-0.08321705149903923;-0.4126268403818141;-3.034076358981925;-2.559725238423355;-1.6691982610482232;-1.3721826104122126
379;2.0544903540399315;1.4791591788932132;2.1315104375626914;0.7919293471099533;-0.7309484471302373;-1.1571042940103777;-3.323229194258011;-4.269587141040719;2.5408534474746665;2.4517259847260586;0.8559031412711436;0.15626781257904343;-0.238215909290914;-2.412822118761975;-3.484818022055811;-2.625445213728043;2.8296683812202517;2.071790431875952;0.7207077556113035;0.2685070917635577;-1.9204927939576264;-3.062947663422419;-1.7021001774692748;-1.921096765765718
380;1.6284211634330301;1.7191229382571762;2.1600104440938463;1.7947528636170946;-0.15493958744173056;-0.6014079636374584;-2.3833040981839746;-4.3281939057633245;2.3219741861853787;2.593569405093566;1.7175926156344907;0.9890769276273581;0.4045852349135037;-1.5372594233845787;-3.0719045089005625;-2.8843912418186615;2.4035163300316778;2.5389247906205217;1.602636626800837;0.8464449322737476;-0.5243485399843125;-3.0800128484006772;-1.7827688230774896;-2.0308605952739756
381;1.4247770385749863;1.7363212354683024;1.78781067718498;2.43911025870857;0.19259909641179362;-0.32766461828819177;-1.3764948917098023;-3.7713575252590417;1.693140830823477;2.4012738898689565;2.3855937191319683;1.649583898199598;0.8707903440094324;-0.4368432842097362;-2.2910927003636306;-2.9891998748847253;1.7481002283763067;3.0071183817043226;2.1653374133299392;1.365260757878355;0.5710555528572995;-2.5870423041388726;-1.9873665796338804;-1.978897800409715
382;1.1457642429234864;1.6682531545695312;1.4521936350788405;2.395205663093908;0.9588647883394673;-0.12028607692188581;-0.39780842790317056;-2.712818010271904;0.8784525032290563;1.9398818603358758;2.587069075278962;1.9616416943908155;1.164479284905378;0.8387751326333522;-1.3439852887697754;-2.8792254692285497;1.1763535498515585;2.7742854925641685;2.3579177742383646;1.7917250625406564;1.3853534129443197;-1.5351625170950407;-2.122052534907206;-1.725497099113812
383;0.6174900888998669;1.653772528805279;1.335350966502573;2.1995863132259923;1.8241931811389926;0.433124449324726;0.5728281913375365;-1.5727101628872158;0.20884503708082777;1.460738529241291;2.699125878224782;2.020129224286606;1.4946450785084384;1.651883836963484;-0.4185954497226957;-2.491869123139935;0.45762156467256887;2.2434941280524017;2.409695509429159;1.865081123918966;2.1110944887451453;-0.07320941894807415;-1.9056714569576167;-1.4775274969559087
384;0.07736614460454395;1.3754032251824169;1.07952470044289;1.9984609983869694;2.502184568203895;1.2678173308885803;1.0634768555789178;-0.4897317587548836;-0.16282282297277795;0.9920259000785748;2.4171375204631818;1.947066354441661;1.6667440045044928;1.835809190463002;0.5434357700157387;-1.6236453763465193;-0.23208907338963655;1.580455537155316;2.3253359792421877;1.9505871622350914;2.5170341265790594;1.181027889460021;-1.562477655784225;-1.5910913961579076
385;-0.4428021365079837;0.6294167526528248;1.0055000646545207;1.628517977622469;3.001773845794939;1.8316453658578642;1.3530983716322469;0.6898438720849491;-0.5790210225053483;0.6337435880680502;1.7365363940890193;2.1328355027086348;1.8847370405579407;1.9220522608230322;1.4800222234053604;-0.4557379003699893;-0.7767972865328278;0.7453304311677158;2.1820278228115875;2.0501555971359067;2.315024137780019;2.2378586913819865;-0.9839265507782459;-1.4140989651409126
386;-1.119110332147625;0.08045133455276697;1.1110826128782862;1.4047359993798858;3.036952189658247;2.313481176979571;1.6086438263221687;1.811634680333048;-1.0088074320605396;0.007705235911555364;0.9542392469501949;2.2986988608613936;2.337899094883039;2.11446508194333;2.252377367886388;0.6081115604220004;-1.3099230448469112;-0.29239523449092064;1.7125217122807086;2.2398558793930747;2.047892322022293;3.09185370986618;0.05852743516324104;-0.9815104935228635
387;-1.5679035120945206;-0.5365335413890118;0.9742814855398974;0.9626674991889882;2.290522853179478;2.54486082543774;1.7164168666805124;2.3106903544518618;-1.44642902735677;-0.6705900837212807;0.18174397801889575;2.0630950930775893;2.2985759697991344;2.1528583363506337;2.5747791855324715;1.6377521429099355;-1.6058166494056074;-1.2563286635033653;1.2284572672524832;2.21565973958528;1.929847922541942;3.373001472552671;1.567500508204633;-0.33144344673797577
388;-1.3497843177547568;-0.975491597160497;0.540443029015565;0.18590096753784682;1.3415960533049716;2.416738820833171;1.8213775628850615;2.2861319617077345;-1.6671994108551038;-1.334939656294961;-0.279149779186197;1.424966948157105;2.2408055326570073;1.9841388428950815;2.652366571666944;2.477023577148437;-1.763335509045772;-1.8326357401324778;0.37787316583410696;1.858600455772681;1.7808544823398453;3.0057543037405585;2.874101618005754;0.374699889566478
389;-0.7147434067113153;-1.3614418575539118;-0.3167729463517311;-0.23201305770863004;0.5274828748755697;2.2669314019422826;1.9644158707509798;2.1526776307818345;-1.678565908440369;-1.797929889357497;-0.854976432977227;0.6172618012949921;1.7125772621638369;1.6485126910366792;2.6125316993233154;2.876352419103063;-1.768256670722489;-1.871203165305748;-0.8539417607630497;1.058691870141681;1.6093932103733553;2.3912555433048244;3.6946165573551775;0.951876035226911
390;-0.1755314302145384;-1.346747030602544;-1.0129304563102697;-0.16512029965855995;-0.13072858531394593;1.8866207413362046;2.0718946079299894;2.1415264513289207;-1.3478496379644105;-1.926590895377001;-1.3657298462130478;-0.23567724576522517;0.8606229697733611;1.5218734546175736;2.2490437704437114;2.935670717348951;-1.5901830183478989;-1.828409384018794;-1.9378400189421467;0.06102366659218254;1.2924191189762577;1.6444306186926803;3.7837889725751532;1.718444084606848
391;-0.16645873726682198;-1.0940061967299002;-1.3250454669455578;-0.03363136193221097;-0.41202597192747664;1.4405266761599322;2.292255189848906;2.017354470642954;-0.8084253954683726;-1.5984278693250094;-1.5965647226984687;-1.1970251832884504;0.22889795906602842;1.5129107318642578;1.6240939233984908;2.695687718873241;-1.4044394181613435;-1.753255034625295;-2.437401388191811;-0.9128707492199755;0.7978907141114447;0.9818112943541317;3.2582239167959486;2.634467242550651
392;-0.3175835185683752;-1.1068162716413794;-1.3908411022790126;-0.10763430341277434;-0.491540226112468;0.7149937577971789;2.0831442185990907;1.6808157245543343;-0.47117363135822166;-1.149874914459336;-1.5977699333905215;-1.853079887085058;-0.19789347099031385;1.1810896537172553;1.1088534857567671;2.3729584434715574;-1.0079340249459285;-1.4667763144500123;-2.4018231598442923;-1.4582496232085886;0.2601245468761312;0.5106674419190574;2.534775290083444;3.3718974491871414
393;-0.403829165259576;-0.936394907271441;-1.485161634124833;-0.6710815978864736;-0.5927615098084592;-0.3350805711510912;1.472038617219223;1.4172390237186152;-0.1499109629854445;-0.9221062314413692;-1.7314562167392389;-1.9351027885876346;-0.5960239233098416;0.601980349572486;0.7360963885968048;2.008190898428012;-0.5142712132519351;-1.3093399971650956;-2.189760316409101;-1.7012999141944114;-0.41504083248339413;0.20493855153174373;1.4030657941762688;3.7718735442515143
394;-0.23640887623073434;-0.40635720507998685;-1.4300893468532516;-1.3412192660039997;-0.6724430542673772;-1.3251557195320849;0.6156039991532023;1.2896282912359345;0.06472965387977571;-0.7300841482761956;-1.6759863722421866;-1.751370650999364;-1.1303073062461246;-0.0788174813152358;0.5317372473323608;1.3009435553821511;-0.036765478577694626;-0.9671261593568842;-1.8472936794482198;-2.1388168906054967;-1.1024773687756853;-0.10370571678141328;0.3039899560791023;3.384120852397949
395;0.005266081564990804;0.1363823009075545;-1.0887473133582592;-1.672640166735917;-0.9207831110150213;-1.8118050718512704;-0.2987741578712644;1.03268089692757;0.31054912405633817;-0.4166126704887109;-1.3432884495039452;-1.6577070486094208;-1.8141469561498451;-0.8908133720682367;0.21627495064108707;0.5658107646353613;0.6605914485308869;-0.3788175095623673;-1.2567176804037956;-2.5996357623000748;-1.7483770613882565;-0.5974891104764429;-0.5616369887696897;2.339681143388686
396;0.11299665239584655;0.5240631148670956;-0.5869498221949944;-1.6426548301664756;-1.1474737980864749;-1.6453936293569087;-0.9624130591143415;0.8341680089906487;0.8154484939746359;0.17684186396013163;-0.8370083488493038;-1.5681385547544906;-2.3656916099486422;-1.6588864990964767;-0.016488869300208223;0.008439721541516116;1.5726295796004925;0.203603324955881;-0.595510167178415;-2.6453268777970633;-2.3026425740569034;-0.9993581494382483;-1.0541493997682;1.184639163599379
397;0.1620036590115941;0.5797025405448187;0.002438296907595962;-1.4416697953419333;-1.0100452966222724;-1.178691540343847;-1.3382751641836215;0.2193776895397228;1.102481793856466;0.6183453105951932;-0.2664264497480522;-1.1894567174805075;-2.500677324646267;-2.0475090790928374;-0.6549539153329745;-0.4277341104686089;2.308386813874871;0.7904230262614406;0.05177250184446513;-1.928127923627881;-2.6993430549880184;-1.326656655656026;-1.3686427464270245;-0.14687585569046727
398;0.1605774106692818;0.20800035575234682;0.3484393495496155;-1.0092187521589977;-0.9757848676262998;-0.7169098359965064;-1.6435836781819;-0.5642504360239164;0.9989496958164521;1.0119553418762794;0.47504206542226896;-0.7487612229765896;-2.0045932301546108;-2.134826697890326;-1.3652682445699813;-0.8282047429182424;2.370000023984711;1.1529417328591258;0.5416144529061366;-0.9706419241096977;-2.577573231698857;-1.8487479483215943;-1.4968757783018596;-1.5904781160328791
399;0.3300050448154079;-0.0942292250385719;0.4675415129258953;-0.33716929684142194;-0.9606783352088673;-0.6594861859695331;-1.8411999672045796;-1.1454350567950053;0.8942534049511116;1.2556139071734609;0.9383480576600697;-0.37292579945434495;-1.153106411895445;-1.9744566873637002;-1.7372196769740875;-0.9985034453438711;1.7157373618029004;1.5002216522158975;0.7398728640853233;-0.005762789957196195;-1.8394332821030543;-2.3501726182579064;-1.5605002764988978;-2.446106869677601
400;0.32458839101929066;-0.16493398307911972;0.5427686575548506;0.29747094265796925;-1.0699618233132882;-0.6916816893384903;-1.9202142101519801;-1.7337653822303494;0.9639023235259937;0.9863144321478717;0.9971420528184515;0.10158064184329349;-0.42739206109176653;-1.656472604482272;-1.934529799857172;-1.1389608300180911;0.8962601207663049;1.8577314644274516;0.9989617251675825;0.8746205434411912;-1.034448595271487;-2.4864512505518475;-1.4343149347525765;-2.498246076816925
401;0.19989187970055133;-0.005260816254766756;0.6528023895686114;0.7337433602808098;-1.1013916942898656;-0.7789781309152978;-1.5610693170197498;-2.175677496647844;0.676753833589152;0.8471984296429168;0.9941407033537981;0.6165803486195723;0.04199269507011409;-1.3928405706547917;-2.1411464706299363;-1.4056288502880612;0.31750617405581305;1.8613838386705381;1.2255051691167225;1.426460197778587;-0.4077769261798156;-2.064980876582279;-1.5295876382519606;-2.197205740514223
402;-0.021719733948433996;0.41801593412273325;0.5910423904350379;0.7635337773436044;-0.6881433722699658;-0.9038813082073668;-0.9127288234098015;-2.1759406167114625;0.2643507148894526;0.8288253517195844;1.0226108689206803;1.171456622052051;0.34510353768421015;-1.0786584594622377;-2.2887246961257564;-1.7193209730831904;0.11952487935821125;1.6523130176940943;1.5847254791932568;1.597095355093851;0.28940513708630083;-1.4578028820537081;-1.7648282788271208;-1.865559223909196
403;-0.1140199030371485;0.762151080505962;0.33005930250813753;0.7100290767479223;0.20878518953051112;-0.834303532510933;-0.2550860687363236;-1.837358771055913;0.09998313777525895;0.7096399185482439;1.0340459376626225;1.4492667436373836;0.6150394179194673;-0.6166125224831382;-1.8567664977649272;-1.7534476291156271;-0.16479181225679657;1.270362801323912;1.8251850539985828;1.427624035455303;0.8912436136583313;-0.7245262879035039;-1.8945084456615895;-1.5938074223756233
404;0.26733604703161407;0.5249414482239096;0.115013057106158;0.8235261122752064;1.0223606072074802;-0.3957974201158968;0.1580719415454328;-1.1641464468029152;-0.04765393154854754;0.5608942043882759;1.0915477317967488;1.320587607326463;0.9110764627620276;0.13723106257695544;-0.9347267992213453;-1.8346317332396842;-0.7253086897433174;0.5064449581478266;1.7628291154559645;1.3323691297714593;1.5668294363695554;-0.011139227541601985;-1.6208743477532923;-1.3386698555596561
405;0.6614933496544544;0.06665285199653077;-0.02174536482648598;0.8540130772716549;1.4977444661139745;0.08653031391931662;0.2846021357534801;-0.5675810433501383;-0.2939809141162057;0.22663870817030177;0.8684393142764502;1.310613448621661;1.1642451269431857;1.0586362934884732;-0.005476752813588473;-1.8593633620977217;-1.2319625196083392;-0.39017292987697894;1.0799146048970063;1.3899141035895421;2.309536735815005;0.9167903492440892;-0.9976383241618918;-1.013705109133952
406;0.6845733866459779;-0.13386638701304412;-0.06338790560399345;0.4802044750218272;1.3699262249018276;0.36804675277153553;0.04696038065066648;-0.11366288324962392;-0.637740561990107;-0.28853766745038417;0.4831345935246748;1.1762054597232068;1.3929916239319793;1.6912878374867484;0.5561442039055001;-1.4200046650783849;-1.4152708198125357;-1.2236991226038334;0.550848843749661;1.3439721374908415;2.3442611999683107;1.8337849982190724;-0.28583773649701094;-0.7039333845818658
407;0.5879158914744658;0.13103889575882194;0.0007829066481091613;0.011265913647718133;0.8613066680234784;0.6858735042081591;-0.37099333011236224;0.11670327559441537;-0.8861357561845344;-0.6335353171534638;-0.05869957665327703;0.5883542285341056;1.490341303350841;1.753938619285369;0.7700872288357815;-0.6053133643876091;-1.5861390800048474;-1.6807084311507545;0.029727256103954568;0.9616465260419372;1.946769955689273;2.200640685529995;0.5067836672499212;-0.5924462587377953
408;0.34700984281246144;0.2949163520054901;0.45599176245333883;-0.1152117100008437;0.5494786250736793;1.1007333172896234;-0.27081865435539393;0.47047655793595644;-1.0522233981708038;-0.8148010392048861;-0.4646283463020338;0.15670751407188685;1.3845014499472172;1.5016945519994018;1.1621967493703607;0.28774380054756393;-1.6775810421967083;-1.6916374658280366;-0.7048922100584384;0.4962570877599807;1.1763879947469293;2.1954470873337524;1.4807355124255115;-0.43706302471934566
409;-0.101259783536098;0.19435749179926126;0.6902058876416264;-0.09829873325749804;0.43246965698587236;1.1970531632743004;0.20553765197225612;0.7238295116426163;-1.0219553313170546;-0.7461532312447051;-0.6049338815960467;-0.10977443145328866;0.9076955395297527;1.0262578765816632;1.4483382066103654;0.9686813395942684;-1.3286888684916007;-1.5345865758715234;-1.202449786191292;0.21517189042490498;0.2886876378423426;2.061702513695856;2.0678852196706856;0.17458303058981348
410;-0.39154266402649623;0.17312912219836138;0.41405636917593347;-0.015404538034446687;0.07524169354599848;1.3040315739857176;0.9309607341459573;0.8047229915055304;-0.8117659374213932;-0.7255995365236612;-0.5865663430553442;-0.20367546678134238;0.33797216908165983;0.7430547819571345;1.5877886377494688;1.4351016290638634;-0.7637661892257263;-1.046638387477209;-1.63604181563673;-0.1481194558579325;-0.015683105194296332;1.5554040338173039;2.3844319273332246;0.8239896156030114
411;-0.6570157078390432;0.15318406890573902;-0.11800401447770976;0.08278087603205571;-0.2525722177716098;1.2607163316667958;1.3313363805851914;0.6962360800138622;-0.48232682360084234;-0.8656807461160569;-0.7460468792903836;-0.38342965850763516;-0.0626180341385392;0.78616449791692;1.6363885895172905;1.8324570073155275;-0.05508342920920395;-0.8272988512099262;-1.9719908433912559;-0.8816319317026289;-0.1206901624318697;1.0070475957299958;2.4405299670383327;1.438251115189711
412;-0.6698729764128033;0.08293805154971012;-0.47675125583235484;-0.026852751299736455;-0.2478197458296165;0.6299992847476769;1.367006111761867;0.34381368133502016;-0.2089595070002378;-0.8584092831028194;-0.9575848566489873;-0.6970162101343839;-0.3913877293227701;0.7318427036097181;1.5853338702571704;1.8949193407665856;0.6050191902185112;-0.9126980064217963;-1.930009333441881;-1.6015937676307193;-0.3146830044540152;0.48301929315828324;1.9685630896751798;2.0892363701857644
413;-0.5125901033094946;-0.05586283510058277;-0.39222048504932977;0.08376814984344488;-0.27797172505455137;-0.16721668761407515;1.098886422930415;0.17856023156842626;0.06968864441247084;-0.6724111061640129;-0.9534955862184535;-1.008955167368756;-0.8125997439845062;0.41254054119364686;1.1167214074688638;1.7529685153139662;0.9371157616595145;-0.7861184095179927;-1.5676279583772699;-2.0295611503023814;-0.6720086350218867;-0.1663561195666812;1.2183232533334913;2.4439299323046058
414;-0.4244109289604497;-0.4565681206506248;-0.15217556309316213;0.2317543472402028;-0.2088656571570644;-0.7831363314006541;0.8196886688605676;0.4276822541999185;0.40161763137356815;-0.39016730255342585;-0.9079765373207915;-1.1059544192124386;-1.057205140784491;-0.11389619262557008;0.36955515645099435;1.2598152537265308;1.0375934965709792;-0.23436473730653887;-0.7814150844628267;-1.990065991159714;-1.10281876047678;-0.9414584896958762;0.5588584152529831;2.4240384888516946
415;-0.4582539310849765;-0.8965670774017304;0.09497413426453724;0.09099321209652123;-0.17904288551296227;-0.9751609601743519;0.4309571588395798;0.7416691429284954;0.8257198763974258;0.023312565654703483;-0.6396753584585468;-1.148431167751547;-0.9864944146313751;-0.9119715470423061;-0.38513434826838444;0.7896473689649902;0.9576280575156698;0.6016067140297251;-0.0819870040929771;-1.650104876302716;-1.3609582770881874;-1.5213291917101734;-0.09058461691113756;1.8815190252333234
416;-0.5008769543780253;-1.0532862905733575;0.09288304262566155;-0.16692250436938186;-0.20424291170535389;-0.555518850686057;-0.16287605391207313;1.1818518327351333;1.0523643437157926;0.21275233917194272;-0.21290003026523083;-0.8310819022167302;-0.8598739288604977;-1.295758070529842;-0.7020718757971915;0.2615582269499492;0.4335394880258796;1.1813355959088434;0.26883402447889276;-1.0523337531849999;-1.7600294161209549;-1.7549472914435749;-0.851917641206785;0.9045004453036256
417;-0.49072955591222295;-0.7648418257869752;-0.2515773742285887;-0.4482305588184771;0.04679212201520184;-0.14949051944801778;-0.4932018674507914;1.243720438804543;0.7974088160144462;0.4994103678600087;0.10070584466223238;-0.3408030141197842;-0.8438148975697217;-1.2519932771484326;-0.7754114551728408;0.09349284987789558;-0.21198950257576726;1.2111330986073312;0.6387762525699244;-0.56841295757399;-1.8893264877930136;-1.430951758970649;-1.5765786944695197;-0.020999286187523367
418;-0.24411713151058614;-0.36142226387806303;-0.7916615063338055;-0.7625749859779882;0.17523835074329092;-0.1403778138546659;-0.7845228514368828;0.6095753258003778;0.11411733946558046;0.8325251999983584;0.24027544315832494;-0.1398038945365045;-0.8796518287358983;-1.2750288009266497;-0.7499092957375466;-0.07648585786895752;-0.49065870310960336;1.0854156061516544;0.7383858357365728;-0.08409745612383165;-1.4998253638186014;-0.9800368884801152;-1.8202581594822633;-0.7660797998358009
419;-0.03891796604246721;-0.0891813553853198;-0.856363107248842;-0.5809674063239831;-0.05785635166617378;-0.19473028061590847;-0.9710077279283976;-0.12418198278474156;-0.6125040787257555;0.8876712876506789;0.23248711794570215;-0.09247991837827195;-0.5769398637330524;-0.9613134973755553;-0.7552423784365085;-0.5587740738507161;-0.2863739586845967;0.8530369495334319;0.716597044012225;0.427678978939861;-0.884813007655047;-0.8956723266333331;-1.7050474433348752;-1.4374988214796038
420;-0.07457368032299656;-0.09714786258703191;-0.7320351315892708;-0.3426926440630346;-0.4107249014212404;-0.17111489738474053;-1.0206273651750555;-0.9275303330835866;-1.0060198301410148;0.44944716160245657;0.4159861344459777;0.046106731366710306;-0.36413642517139905;-0.7900829797506588;-1.0518326907849394;-1.4047722885334077;0.1844789624956282;0.48631893252099273;0.7769941416579066;1.0383496045166833;-0.3585548255043119;-1.0978126979154732;-1.5247015634749292;-1.9493734091597918
421;-0.17672944689631126;-0.10783479313206192;-0.4466424955662144;-0.09084990709740111;-0.5733353333316041;-0.17415426360586683;-0.7852275731483968;-1.3622127378239524;-0.9944408244049977;0.1740822219960231;0.7447184598245784;0.3574311205580734;-0.1531124775490983;-0.4177922823578559;-1.3981704618037998;-1.6718359317837281;0.43281452142802246;-0.0692155513942153;1.0555648308279182;1.4460051276025399;0.235849548823605;-1.1476412660143085;-1.4376377612481468;-2.1309074381061017
422;-0.19007200105835992;-0.10038248513232492;-0.24549290125991846;-0.011879076222533456;-0.5523888294342458;0.009625988208455276;-0.2057068710260918;-1.2653671611541175;-0.5405971320880483;0.08340250217682962;0.8355355439481527;0.5543071949046051;0.09477793774203463;-0.20323831888363897;-1.3726605890354158;-1.3881893345083407;0.39645469124013;-0.5175362783097305;1.1480085700946574;1.3897010515068264;1.0039683471344514;-0.8545238807562855;-1.1050017202257068;-1.9447374575366898
423;-0.2715573997470322;-0.009602255545969338;-0.26142003561636673;-0.1906407440633175;-0.3871229824053689;-0.058006409277085474;0.28871326046533535;-0.8527001107900564;0.13791300650034632;-0.29013229043452826;0.6643329323081767;0.8068555551889357;0.5534639916404586;-0.014442149506353419;-0.9720691352036516;-1.0414431565948268;0.4194431959810076;-0.5070064779983875;0.9154719775066505;1.1645766342027195;1.5756226910696387;-0.22239779893061293;-0.5235589040400344;-1.5089038178324856
424;-0.26536017768180153;0.007240261482749819;0.09147554259580112;-0.6200214461761085;-0.3898277640914395;-0.2580437342305594;0.376418612120149;-0.5535755305351779;0.6396198927126406;-0.6751224614024033;0.3366222060018452;0.8404117032179607;0.9821087868313606;0.23773404390896544;-0.2304915207534898;-0.7094745974127418;0.45096892754305146;-0.13606007525882136;0.316391777477467;0.6802415204443036;1.6985128777637204;0.594977099918354;0.021757934938415092;-1.13492931034026
425;0.28716350647445626;0.08740089864196664;0.49952850935316895;-0.7510416683237924;-0.32751946495789525;-0.45597387395698685;0.16710182315422709;-0.3443238230113146;0.9958789650099118;-0.7219459078238961;-0.009864907062237879;0.566384157065174;0.8402118222139695;0.4585729755401868;0.4334134424945646;-0.4596851407790229;0.4593020212240163;0.2823749849271665;-0.22763209932790365;0.43513179697093957;1.3609654906190278;1.3567311278493424;0.3702820481660459;-0.5753416873641731
426;1.1653605812038006;0.3266396607491774;0.5962315501039605;-0.34438503031015927;-0.04827258244564999;-0.4571768746732252;-0.12116595348916086;-0.1254925280617449;1.0240003248134357;-0.5427933732042288;-0.37291533847082;0.32930156128592564;0.5511263446606851;0.6222723157093508;0.7310452603375038;-0.32373391918627265;0.7046575940801941;0.6603178293523339;-0.7024514661226415;0.34665188401973435;1.0073486130941547;1.711600993012164;0.4610965033386828;-0.01953980423979138
427;1.7651678352675728;0.5754157748987982;0.36998809177642383;0.38496598921479885;0.22681730614214052;-0.3443223743649194;-0.4100748081130477;0.20016081424674195;0.9408730298191293;0.06074272728223863;-0.3497601650666303;0.222199875917535;0.43322461819265207;0.7205724753051466;0.7281919200353149;-0.11995068263748326;0.9503575865396197;0.854323212332539;-0.698069831904455;0.2510766111270681;0.7986345913334187;1.8087046578731258;0.6109610467729512;0.468346482946129
428;1.9480575036543781;0.6458662195462886;0.11192695953589869;0.8261540634989408;0.2264313556386783;-0.18645004171672455;-0.4764992264149885;0.49391530269315087;0.8102621822054671;0.8697697263752557;-0.3833074030130739;0.1411466594942489;0.4736651964189634;0.8450745981737389;0.5836514056915818;-0.007635169600755306;1.0175939593489205;0.9619976097313837;-0.11092308709797012;0.18338765866358875;0.6817546527755327;1.6529683784288483;0.9187553403758448;0.8573564196388437
429;1.5791732748805953;0.6977564247415341;0.19715030964040262;0.7698805809631701;0.07163178652424441;-0.08262134649588541;-0.08234997105462227;0.425421841827637;0.8725945565236713;1.5375594048203263;-0.3597235740922173;-0.05163018357126698;0.4430053505247181;0.8685572900564328;0.5633112190142543;0.42514634859583883;0.7794514047819191;0.7051368520218944;0.44573869069789535;0.010837129883274597;0.21587848896956957;1.2123943611045545;1.2612453976126388;1.1076601505526955
430;1.0894177126226845;1.1034749716478527;0.5362328366028336;0.6578241646751753;0.0193311051305005;0.21543972760305;0.10001444797422412;0.20790176802592192;0.9558952141909269;1.678207714845868;0.03989328059786263;-0.19627236154023023;0.3269618439876946;0.7792717574535891;0.7972127867499927;1.1359155609537812;0.498188510896491;0.32603620843745246;0.6241664657452913;-0.45452186072950024;-0.2627843419716882;0.7281126784011291;1.6826093686279382;1.1565230584292163
431;0.7859722297719882;1.3756240686654961;0.9107078014543478;0.4930654186276308;0.03497869305044396;0.5854111600797568;-0.055907703031893456;-0.01715587468016992;0.7522125934596944;1.2308628864671611;0.4467964247896065;-0.39583342832869234;0.16057802387469572;0.38577498917111175;0.9033781738454854;1.4764217028647406;-0.19337018613383494;0.13991170412351644;0.7821943394973928;-0.6169143083770924;-0.5013025436481647;0.16941537500622464;2.015764695119577;1.2131652871584344
432;0.4544708275799396;1.6313245379951369;1.1503180452298236;0.5224509934592776;0.48073771741461047;0.5198611810880736;-0.1671606539340174;-0.2692332924007689;0.2100168714977424;0.6257804747486294;0.9788882080231894;-0.32966490971745827;-0.2205828443012912;0.058340929909259855;0.6537160127303865;1.285849224348905;-1.0636717743880693;0.013086901051665309;0.8295778851575883;-0.34687632951551095;-0.44738156662700673;-0.2428186414140722;1.6214712732162464;1.2487421001811347
433;0.11523758757615486;1.5492348845477002;1.0790638459719555;0.603399788254806;0.9555902109151886;0.3436506135176896;0.13794260751309204;-0.32825462906767944;-0.3073041468880829;0.14533146410382902;1.260726955464672;-0.14270728193270307;-0.4275257441832655;-0.06677107937335615;0.4720449361703796;0.838664650878257;-1.7044488072431967;0.04582474513800491;0.7255959099031843;-0.0210286800847073;-0.2588126823169028;-0.4095314232777051;0.6293561671346641;1.3183538991678665
434;-0.4744514453605353;0.8330944690730333;0.9396294188839558;0.7178265144207553;1.2452422337607854;0.34989583947568764;0.5156442719087427;-0.24928590516253163;-0.7998408190344529;-0.14518058746870816;1.227761583090522;0.39015860253941387;-0.36688933859198225;-0.1414443009975513;0.3224641394346884;0.4105533473588547;-2.117265039211506;-0.23179803664504564;0.17488487795274854;0.43242316700996664;-0.06549942676418567;-0.7166706946174255;-0.18954998229577308;1.1203715128389269
435;-1.0328114159954216;-0.010850816714770629;0.9174588233645441;0.7339119689118088;1.1013712720185505;0.4551569824525932;0.730332757911653;0.17166370443297718;-1.3708439347670296;-0.38173752993493365;1.0818246848587258;0.8872049466858093;-0.08898512909292758;-0.2232658909845224;0.12317739283845783;0.015761599408444512;-2.2238690185890397;-0.9027130134635932;-0.540935712460339;0.9333648930613577;-0.026650533586265443;-0.6579486363640512;-0.7200049242754456;0.7307157468952779
436;-1.5372098066342998;-0.802614979053593;0.7876653568330817;0.5715435984588197;0.7418544989425104;0.5803342751547055;0.7550223250720145;0.6118966784691388;-1.7702442136180898;-0.5568276677024699;0.6107570190657292;0.9762737780892367;0.1826520562479724;-0.2326845370774768;-0.05510991505330509;0.05889444993491571;-1.9938493571817275;-1.5978767634355708;-0.8556041892819731;0.8355618644935126;-0.22867626164208965;-0.36108593321965465;-0.9137651769816028;0.5916709926352268
437;-1.89217216300958;-1.5254758764743457;0.3095527314279989;0.725827761483421;0.22078731225834022;0.727715741389806;0.5840873152422413;0.7207011983510297;-1.8753981336319752;-0.8506264311435218;-0.21842431176626387;0.873670140674601;0.20117882314290886;-0.0012387502388484378;-0.3327682053091397;0.1956611193252185;-1.421238811553218;-1.9035989025610363;-1.0332141861939157;0.34831064097394765;-0.2191858921322738;-0.2601306556906366;-0.8794965522869469;0.3118863291966472
438;-1.854726025472869;-1.6876621219638914;-0.16443473110287907;0.803848590941384;0.003701378145234826;0.7192427820986895;0.511292338585095;0.5445373994320909;-1.574457960384641;-1.1981611978286966;-1.1922251144551208;0.6601799455110281;0.34049903659166103;0.006541505987599523;-0.48931933765071606;0.21034109427578232;-0.4871225040776802;-1.9586992980046591;-1.0765408416704538;-0.5052458900239059;-0.02280540140358431;-0.280213660878219;-0.9301076929921147;-0.3246174872610545
439;-1.4863125656764706;-1.6440679003163525;-0.7729207911774876;0.5538504156535551;0.23159325259957372;0.7740419167131996;0.4440346688201742;0.5232762165499865;-1.1142243421633646;-1.6021042301380346;-1.7605628845948935;0.36378112737064;0.6084074778096306;-0.2174342186048025;-0.35673826920579127;-0.0022972967720514643;0.4536087945756066;-1.7826428499403375;-1.1681667500631268;-1.1238202738108196;0.3172493599260031;-0.27716031719656214;-0.6453688114459443;-1.1925029802551261
440;-1.1978087874910335;-1.545611747376639;-1.440442350519725;-0.17594487798741665;0.422469607799145;0.8447286011827922;0.369898659562134;0.4818358967330648;-0.6347861006205024;-1.8039191441498492;-1.5138632152956633;-0.1459102416027172;0.6318993423228901;-0.23398312676400587;-0.27034430512748925;-0.4659163173028659;1.2182202604998857;-1.092194861766996;-1.3191217563578859;-1.280712034780447;0.372930712675686;0.038275513049151624;-0.3001853325159807;-1.601743771231841
441;-0.9299872164167308;-1.3740725347515368;-1.9449838010913771;-0.9438777769800165;0.4646950697207201;0.4302494696378957;0.4220120194681662;0.6107013711167438;0.227389636067524;-1.576333846356053;-1.2113753690334264;-0.9595630366409396;0.5112909774051884;0.26407965582477394;-0.08354699582698633;-0.6528957863359393;1.809278104558767;-0.22341127003721223;-1.2618458435780684;-1.4827921690562533;0.10957620875433711;0.25057585420397105;-0.20512596304833672;-1.5022556105589475
442;-0.49193856861994556;-1.5257245421155095;-2.386130690464675;-1.4207894669023706;0.0059097968976701476;-0.16595704426261604;0.4814679883091142;0.57088021872564;0.7684003998105682;-1.0311239586528345;-1.1405266712079274;-1.5550023143985483;0.24438096234053877;0.6348554153335885;0.1536222437463826;-0.5245727552113685;2.1940871406458187;0.7639719100501227;-1.1600302150130657;-1.348053924120379;-0.43515285206081833;0.03481072028610048;-0.09408233295177917;-1.0033771416083337
443;0.05906397746167836;-1.3222420708982132;-2.225298119120244;-1.6116503991961397;-0.722169347298083;-0.5406570052441322;0.3165314809093578;0.44734757743594195;0.9932224947284154;-0.30788777039184734;-0.9849552691290039;-1.9418474874851397;-0.33874431262490823;0.5456865291119717;0.13289704467950106;-0.26398133145327884;2.1891019080989906;1.5888219837531365;-0.8227170723970252;-1.1047699233259085;-1.193327429820855;-0.2992095695763102;0.015312125636460006;-0.46890934943784973
444;0.5221303959789302;-0.6859947126919003;-1.553675344696045;-1.649339968033623;-1.094004109560184;-0.8618712915955768;0.21023624334480578;0.0938345238820758;1.1545630292137852;0.44266260067751495;-0.9043009879166652;-1.88633280785799;-1.0792617490360914;0.1868231674366354;0.0770513046520171;-0.08241086139444971;1.6037937414780596;1.9975062550347547;-0.19697523339667794;-0.8441530076182822;-1.6958929590370733;-0.47564373703866375;0.0798135400070724;0.07953826604138854
445;0.7552071979429719;0.11238842612344407;-0.6814462510940991;-1.914587322065797;-1.3154212437704982;-0.7271605034006178;0.006906495311227538;-0.2031097983927496;1.1627603948427094;0.9510020185280549;-0.807009089125821;-1.5805681287904076;-1.559322656423846;-0.2420191438593253;0.02693708109743299;-0.010725245836719806;0.8284225393169729;2.1443810577215396;0.6622757880369837;-0.47143223387081634;-1.662943358283822;-0.498261082398801;-0.09600094656217807;0.3788497204300247
446;0.9141748739967979;0.6074376008237438;-0.09586380224544201;-1.9249676181419748;-1.608504447616199;-0.5162103441812973;-0.5331246238426258;-0.21150557455022947;1.0292329770274438;1.3118831595345308;-0.4101684252192546;-0.8757375731905586;-1.76145241592783;-0.5842104859643207;-0.017387893883433127;-0.05302320675862623;-0.12115651866498713;1.9508038245147603;1.663561141500494;0.14522774576285263;-1.3025881835781166;-0.4612964212403553;-0.21629162679719782;0.22192243060707773
447;0.9725931734033242;0.9691376114752662;0.08967814862843466;-1.620754070905129;-1.8835538697589709;-0.7351142988455093;-1.0616578155739396;-0.11785905053469865;0.5709134993248028;1.4469295175829726;0.3983815674511679;-0.26447097450551776;-1.7714178886684622;-0.9773083042074333;0.0004974383396950104;0.08681619024423805;-1.1363003223048975;1.3433070084556158;2.2897077324707666;0.5367255185483354;-0.5655729196735065;-0.6785624214734157;-0.3291951403424407;-0.08019274750708519
448;0.791558898105984;1.134093056947645;0.3791672440939991;-0.8141841198075702;-1.9505973518625428;-1.1013847727060742;-1.2690008919778042;-0.12067584022358699;-0.22792743257616488;1.3377677411089381;1.1004849097911897;0.2717097174275879;-1.3884745954867361;-1.2743410834819429;-0.17422501004526095;0.17265375479142256;-1.7977893330607402;0.6174850448300824;2.2733322998442067;0.7885391047677152;0.20213840459660334;-1.1229351785276367;-0.514561308738762;-0.15991883608737234
449;0.4286741647874138;1.0144961562485086;0.6171205952583335;-0.028768148747213503;-1.6177348812583192;-1.6100416997211386;-1.2708829910549926;-0.6239036763869227;-0.6521140969568687;0.9640754689026672;1.559861293290008;0.705755488388358;-0.870049085789124;-1.4486910582788597;-0.48360048025098146;0.08803637669723959;-1.8588803532269895;-0.2538982869639436;1.8033834435981013;1.1207549430933477;0.710005829073721;-1.2451575851291048;-0.5589363148410882;-0.14409567265212456
450;0.08388987434359316;0.9432898515721884;0.914592354397798;0.8267682192291744;-0.8964463560671513;-2.0235540717801817;-1.2691075782621843;-1.0619013094278928;-0.7986352460615217;0.3215112464076904;1.7903242644913506;0.8254204313080513;-0.293034045139397;-1.5313622101662114;-0.7429846673511918;-0.3014898460745972;-1.3391794141814257;-1.1106126997342942;1.1068518040863538;1.7233024189370985;1.0880090371281799;-0.9040610346109705;-0.6135035759813471;-0.1749611014284686
451;-0.04389257477019318;0.8492984383054816;1.2768616151627072;1.3332388465752838;-0.11423081504366492;-1.7104258498715197;-1.2384758751257847;-1.2741058034193307;-0.7769008253477497;-0.0939319807639066;1.532192325959948;0.7633557739849939;0.437876658034402;-1.3854965361958096;-1.1860801368408445;-0.6683674361207788;-0.534070727492519;-1.569382638028756;0.33943736196909535;2.02834624364439;1.2299367795301064;-0.15361089960388444;-0.6544805528290606;-0.4690044348163204
452;0.17540058817634557;0.6438256083455275;1.5350711962801067;1.57275204511124;0.5678727212843075;-1.0245192127108436;-1.014730581359861;-1.343004955315798;-0.5674453185563386;-0.5059584285533643;0.9498113741303927;0.9618678834210777;1.271162016846248;-0.7201453973295433;-1.447231080578965;-0.635508541315681;-0.09579360053560514;-1.7738046297582577;-0.5217323565258097;1.8133462009646415;1.2882224161697688;0.7941870860217198;-0.6300400980578484;-0.5882968434759553
453;0.34416477086270425;0.30933187164829473;1.3747756612521267;1.5563627803903133;1.0604435433623747;-0.2893467301131141;-0.7660982741167981;-1.44932755287548;-0.2605561701371201;-0.8173059984873094;0.30630311231656027;1.4288247293285825;1.6579157958780295;0.08912067528871427;-1.423806314911552;-0.6710304329801291;-0.008075481966638633;-1.7370691123542226;-1.2737462353918545;1.152563870149665;1.392569075399654;1.6769686847708618;-0.2190755789041296;-0.3636801510100291
454;0.122605348143584;0.02580408144015211;0.9280003949719178;1.1914151834482427;1.3334172517005816;0.41787315403290354;-0.7113934135468338;-1.295718190489482;0.15763943277990441;-0.9897418906026788;-0.33727950816835783;1.6220021643701232;1.6187490972268073;0.8618712270900047;-0.9849726543092487;-0.7826674108023167;0.22342033736883507;-1.3410429838331794;-1.7757228689395541;0.3365704122302004;1.5651145543720189;1.9476034536236455;0.2550585134373039;-0.23776318831441265
455;0.03102349406307968;-0.20579344243606307;0.4299662148467643;0.9486730332252336;1.6853169140329187;0.9222043796599424;-0.728066097577802;-0.8558708180749206;0.5339616881332765;-0.7580631990102777;-0.6518826088157105;1.3822487090517428;1.2876597138812187;1.4462437198741223;-0.06184993155059589;-0.8614360793242355;0.4960551076631764;-0.48730411389174166;-1.7712773141278766;-0.6225617392824103;1.1245791335369362;1.7352912553563298;0.6978245936263529;-0.30177908972798084
456;0.13798448198435312;-0.17728848777361045;-0.10859244581122877;0.6748976474440641;2.051229350143426;1.3280851721943605;-0.36143698434700733;-0.4711764560889145;0.7128103658658208;-0.3261326828920384;-0.8798739901983577;0.5756419899500351;0.9716099148081093;1.7762942514954425;0.586727984799885;-0.8410326148271163;0.6500840831437901;0.45760507000857537;-1.514142963754231;-1.5126158612683696;0.5799774267096262;1.3833666054932634;0.9891813236692206;0.04325194331642028
457;0.4820593420516117;0.04503332090340797;-0.3069094752928585;0.7921236029094681;1.9076106670340132;1.7832209211189898;0.31419938217783727;-0.0055087418501823015;0.5570549941101952;0.09521016244835434;-0.9593073378836355;-0.38872269929253805;0.8053623886659554;1.962585022039287;0.9299625149059787;-0.6470752751736265;0.842140386131347;1.2283205288849082;-1.0984128500147496;-2.0581525462160477;0.08503714748552191;0.9097001850443137;1.3734807509390081;0.49119638627677736
458;0.7476733805721193;0.2796550039885224;-0.11109678626474814;0.7726511098162339;1.2203418433755204;2.1923137493226714;1.2396979111433124;0.3418820037681144;0.5087297299048744;0.6311116768044986;-0.77823751908048;-0.809391896998077;0.5702288281178788;1.5918718493666215;1.2820309566711023;-0.13627707810827616;0.9917647464150561;1.3673310701637111;-0.47092903793923135;-2.030707888312186;-0.4643380184679174;0.3637263585115983;1.9014542016921525;0.8604924373424744
459;0.7977642578183454;0.40969148766507313;-0.015140740106598879;0.3269006292243152;0.47445756183637305;2.103019065733435;2.1785420763117256;0.6834198549325656;0.9032509085019821;1.0782020197257267;-0.3775222063147371;-1.2396649079291941;0.23594055841533318;1.1567452929830568;1.8939340364046038;0.5617730554532414;1.1516578033498117;1.2825543225839846;0.39349451784989065;-1.4730127485344033;-1.171723772164534;0.053447371053342775;1.9905748229397788;1.0536962519423165
460;0.6839492222872919;0.4727247017270087;-0.08010924875268585;-0.2293808024367458;-0.062306347605141574;1.526558462662567;2.491961076559015;0.8966594845290564;1.4854080281246418;1.2852378593333267;0.1294012680545864;-1.3194009184266569;0.01631215058682844;0.6777977301689938;2.1438311462379196;1.2188036307620842;1.244929305380598;0.9384471890405983;1.122313797707636;-0.7412962948520706;-1.749609069749868;-0.28304398365300837;1.2836388174287718;1.266946556028094
461;0.49359856144227215;0.5944686952954532;0.018500540806039804;-0.7037277538402017;-0.20325744976907814;0.8580484301014465;2.165394334861334;1.1953384752413831;1.5225594680022272;1.0153296816781687;0.671031123738672;-0.826517099535412;-0.3501920759768592;0.16131435457597698;1.8162624381122;1.7704045967547188;1.2755361840237294;0.7144675163088746;1.5452064136433634;0.015851931964724442;-1.9572862795227945;-0.6830955668885733;0.24724744761370573;1.3912818595457368
462;0.3965678956234733;0.49311849329890317;0.09449486502632067;-0.7286226284357367;-0.15430515413203794;0.3175649290069395;1.6865858949749106;1.6085434001227956;0.878398642818203;0.6378620273775698;1.0484098643694126;-0.23844022382747937;-0.9016342477113234;-0.4126500875716475;1.1121111904827952;2.122942134860395;0.9524974858933342;0.5319441401931183;1.7632034035775157;0.5534946997921459;-1.7980418676034091;-1.1363964835482587;-0.7078519845008293;1.4326771768725386
463;0.4113523789507037;0.31946440450846797;0.3932944111313307;-0.359427398029968;-0.15401448980842777;0.05698114671767122;1.02431756353751;2.0510764357742097;0.07437220850366796;0.5866605138432356;1.2988925362177586;0.4117087334100212;-1.3005713961657623;-0.8143493059930461;0.5232235049515276;1.9125138740092313;0.13633814920577209;0.6808065044111314;1.6138213776578165;1.0737115110647566;-1.048402945813661;-1.4868820145416182;-1.2584897113499418;0.9617313401828534
464;0.02735025018462733;0.3058325799781078;0.5882709739729467;-0.010723322972908119;-0.27337286766818936;-0.36352513691173766;0.6493876489969456;2.15349258183913;-0.5416927684854488;0.5691187704014056;1.2641701661001725;0.6529138909287304;-1.3881754067781202;-0.7812481636550787;-0.25439232263694994;1.5410449277294545;-0.7098955780232288;0.8048941166652824;1.1980980097329268;1.6778266429012705;0.02329634795238017;-1.53048766707282;-1.3036180395485972;0.20914268462738608
465;-0.8148209100188789;0.24105939516074154;0.4880262864848908;0.30904823675429305;-0.38322563284358685;-0.7469291666098663;0.2719202392702658;1.8627213769740376;-0.9282432133686863;0.319087295292165;0.9729435357824644;1.004837246717328;-0.733991303224937;-0.6831729354120627;-0.8267276862679912;0.8194229630292426;-1.38274531781009;0.4368653366418503;0.5440551044207838;1.8803576296137503;1.0835467029254593;-1.36446987347565;-1.2166691929907212;-0.3974648102685116
466;-1.4258981832291604;0.009520629893874014;0.41845314270762074;0.5304368791924887;-0.48701937642638043;-1.0058953280941003;-0.31790212435341214;1.2865886960086748;-1.176756046856201;-0.00932361331475388;0.47849773284997854;1.254419525308417;0.051627453611088316;-0.6806477019534503;-1.0895702537507141;0.12537450591782406;-1.570474022678309;-0.17913072318256199;-0.10337499309523164;1.5566361755599005;1.624192481576458;-0.8184227016151746;-1.0451737608507494;-1.0509381930488497
467;-1.5272277641589331;-0.484060794188852;0.031085938563868296;0.4892782679389141;-0.5018297440723148;-0.8512296579698789;-0.9016899218248622;0.5730047426997281;-1.4662550647320383;-0.350706722568131;-0.022021814297026356;1.1128961523380196;0.9447315437721777;-0.6672607712031351;-1.2089962637477303;-0.400634426616103;-1.662798086105784;-0.7486959115048747;-0.6298808905488757;1.1202182866261141;1.785896577443706;-0.0012238996072532243;-0.9975552614414985;-1.6322800239116404
468;-1.4045854796583677;-1.041520665421707;-0.44105691722789103;0.13764817468299653;-0.34528233649964324;-0.4654276686613217;-1.209459096538607;-0.5331937946701515;-1.7439595917350086;-0.8833555448895841;-0.5173054535232553;0.904015490127617;1.491677050629554;-0.6414351805377534;-1.0285278174560424;-0.8410025476957322;-1.460289236661852;-1.1469627444508927;-0.571815626538731;0.5091768549828164;1.8652374143014043;0.7450385478895047;-0.7987221310263352;-1.7499003970333615
469;-0.9129430186657599;-1.2882806255792552;-0.5056057099732122;-0.10047741540773018;0.04740114450489782;-0.10784676501532811;-1.3456865561948264;-1.4026161057445412;-1.9789522716049572;-1.4139275543832541;-0.7336491928328241;0.46331932140970916;1.3582805180849589;-0.36761596784241424;-0.835478615505123;-1.279875079061656;-0.9274214623354534;-1.5122608957753554;-0.41919506331417955;-0.07705988511918548;1.4562367290145704;1.337933961805791;-0.44518523679708333;-1.638674370751351
470;-0.5020526056101946;-1.2857702818022652;-0.7115589423225624;-0.14596021024287634;0.47776774256077265;0.1155553379221052;-0.9729287966208566;-1.5739193063344097;-1.6474807266904217;-2.0825619538835105;-0.9086717860744865;-0.21211604073211107;1.0395376391309288;0.2679482367900769;-0.44754256205938175;-1.5960363158102817;-0.4798540108840511;-1.6850538277254816;-0.5183760257088942;-0.749664838333426;0.7208018708395668;1.9542027682217706;0.020291896578207326;-1.1181290408358384
471;-0.5845241165695656;-1.254690836956438;-0.9594288349582505;-0.2970867835173805;0.6084843037012437;-0.0883370488873294;-0.4555327427949558;-1.2885415671101763;-0.845732928293609;-2.1819006674669246;-1.0487855191530986;-0.837324201271563;0.553848275571919;0.956130581810503;-0.10098799274112823;-1.6049212759308567;0.014616990724994216;-1.7064113997217298;-0.7691211644473832;-1.3111293219494902;0.12536814114360684;2.054476367987845;0.6614616646240414;-0.25518355999102593
472;-0.8391421868424487;-1.247460092872751;-1.1240016118910112;-0.5713240743177537;0.3122869871569471;-0.2955887091390326;-0.26217575793355874;-1.0724576396129106;0.12876133539107248;-1.6049561016924108;-1.240180093282652;-1.2641427538881607;0.10838199350328839;1.2923815670392342;0.14741127240239588;-1.0078246985009638;0.40297155538757407;-1.226585651806117;-1.328038800350813;-1.4692265251219658;-0.3588091563362588;1.7224826790148027;1.337077799388972;0.6013950808662052
473;-0.6408328785435649;-1.1707376989176388;-1.2484262155875516;-0.9377329990298726;-0.27334742585842725;-0.3384354570274541;-0.11674302102428237;-0.8379421516343745;0.716346487548069;-0.8085749358942101;-1.4117272673255663;-1.5008741160584516;-0.5213427204007999;1.3860920114248767;0.4365789781651574;-0.22915020672592065;0.3133126771090847;-0.46203270361619536;-1.6389851400786986;-1.3278419503694265;-0.844410452319365;0.8669472195060697;1.6441699933340364;0.8837786234427658
474;-0.22869803471926575;-0.7034191252844738;-1.3451947087389624;-1.232408390291885;-0.9265007080586514;-0.04379953513168362;0.01687268063815176;-0.7792284174685182;0.9447423453734193;-0.18535185409947957;-1.497729303108456;-1.500959282315743;-1.0907766070648173;1.0394207235234179;0.6340457387611403;0.28161513479095457;0.06287985750122056;0.2552434123998295;-1.4979594659076907;-1.0138249625549856;-1.4035624654458532;-0.3155803394921707;1.731796394952473;0.7447187772320524
475;0.13606940359833533;-0.022224708525503605;-1.156684858139715;-1.426516331415288;-1.1174812425069742;0.3028780881057461;-0.026978435383870045;-0.6376370618656481;0.9350845439339078;0.1817113496407332;-1.5892156785854312;-1.3385192894580804;-1.361416743632042;0.1702443740229969;0.7311512723558065;0.45285733290994934;-0.1435415774145847;0.5814174439077944;-1.1632228459487337;-0.7949990969606908;-1.8203761696147274;-1.0888646364887093;1.4883941112088634;0.818529359349847
476;0.4270596361802925;0.48514381696633013;-0.7011008653472572;-1.1682218707346155;-1.0659155421842659;0.08214554389006448;0.16444962541341496;-0.18394878423067246;0.5296770130876352;0.3041408921246151;-1.2136652143431013;-1.0709585629237188;-1.5739808048133253;-0.8795661888113754;0.6626276497995074;0.5641811689872327;-0.26442710552542714;0.7656343636444374;-0.4454990796006488;-0.6575613216645156;-1.7986337595775221;-1.4900234522227171;0.7049413847747144;1.0993743180130013
477;0.4789255923077495;0.5809359662266206;-0.3704899477078878;-0.7636164577516128;-0.9885803475436193;-0.37771014756799504;0.12691823382004475;0.3320715658487854;0.1094527450847666;0.7551076706532175;-0.27857457055824575;-0.8771759686912598;-1.6511309607113;-1.6672310306452205;0.597775843138987;0.7147829625523514;-0.0772675187623918;0.6109657353396815;0.22517241925900425;-0.5877247280975173;-1.3294236795959202;-1.7061269688097687;-0.11990166408983238;1.33849026338737
478;0.2592840114424051;0.35433774925037437;0.1312994354567744;-0.5810738051852079;-0.9494954737199971;-0.8090277594213112;-0.3741454985062956;0.5378185073048738;-0.19002460302654753;1.364684101865067;0.6335534592961904;-0.6599902774629888;-1.5917445970898443;-1.9388057412353468;0.37652288065560285;0.8007426304586349;0.41761441776558733;0.31455777085666314;0.7589825709460712;-0.6616693798641012;-0.8276815074962601;-1.7248562276823065;-0.9620411696607702;1.156005304598641
479;0.18926862634197325;0.09598642280447835;0.6451630572409598;-0.36688956083849206;-0.8225435549659165;-1.2301042682138423;-0.6297495552052119;0.31905747335556794;-0.28574372299051926;1.4556135210160082;1.1617109995636994;-0.5139779324378816;-1.1558706230753728;-1.7008323730768018;-0.21720894131922577;0.38645966901637846;0.8073504930225375;0.21907244443255203;1.021466229874895;-0.6170466680178268;-0.40439479242322474;-1.4983010901034832;-1.697450330408357;0.5880047503054577
480;0.4742152208362889;0.2671816728461071;0.8417967906151995;-0.08479462447016695;-0.7102820777962965;-1.3612361898617038;-0.5775240328240945;-0.14171099065190393;-0.036574804615091785;0.9709971570283373;1.4513800125554728;-0.11085633015657805;-0.3607322288958531;-1.4465409905783786;-1.1954330215660651;0.0500874485960782;0.6522410241517469;0.16905146753864483;0.9844139686944708;-0.21888183459692903;-0.08290302006390243;-1.2127991353471594;-2.2422767978046076;-0.22364911957038194
481;1.095796047810458;0.7985662788119537;0.8882895668446747;0.3162674056243716;-0.4728453348696088;-1.1668442857203554;-0.4311569809713541;-0.4149580470677;0.4862645793978363;0.32843378702164355;1.5482423190568277;0.49900762370053897;0.13545561728134917;-1.137840787208922;-2.012941837870733;-0.10380840341606404;0.13254143572014473;0.013630425749882305;0.9263449600982835;0.5763691098129301;0.1944731036353679;-0.8956700974442852;-2.227347838984866;-1.0258510067408457
482;1.3933457292365021;1.0949658390609525;0.9440844583454544;0.7581138766587047;-0.10053482858196977;-0.7486562419580174;-0.4543578650529423;-0.5177126501839648;0.8729116161897079;-0.22661456519333315;1.3486503865435862;1.0695036895103027;0.30652053441972127;-0.6623584181931826;-2.2289691406412167;-0.5447431339548743;-0.05115434730940742;0.1032404286099093;0.753926277684471;1.3105079155903314;0.4595301367522141;-0.3255346588020646;-1.688156023169916;-1.6648320892338422
483;1.5334224111091452;1.0793254249222723;0.9632456263110583;1.247466918954811;0.4763088466252788;-0.14553412879969116;-0.679031581994894;-0.5714423242392757;1.026949206864161;-0.4357560092874796;0.8009338130803737;1.594575326301785;0.5996787616804554;-0.15075647162392797;-1.8978222749938836;-0.9908201358913054;0.05280315240055798;0.4017477793480932;0.25210608221560543;1.5855524031365522;0.5093779628880568;0.3030458470852083;-1.0849274130361644;-2.1223572853647372
484;1.4450860731711004;0.8618370959883057;0.8124622540176163;1.3516249427916407;1.0452347101413013;0.466165054177384;-0.8666039312474629;-0.4879571653794135;1.2202340853937104;-0.09559723286134146;0.3059816298606286;1.8553990768976694;0.9978373526696176;0.27718616037217736;-1.2050537575799702;-1.364000739291501;0.628256395644122;0.7795039543461176;-0.12342429567931633;1.3892251016925405;0.3802301335280446;0.6335748540978116;-0.18162291326006144;-2.1345861450843455
485;0.9936084226368271;0.6760423640168649;0.6138181566274808;1.2477609031517063;1.2746730765307435;0.6659792988293584;-0.9105371316404977;-0.43214067093276326;1.5149100265355262;0.583510329767443;0.24885250325958616;1.7246475251528706;1.0114816848756163;0.8592189909244625;-0.22319584190286965;-1.57682861057339;1.2496212738871881;0.8744967054448372;-0.062185753381988056;0.8631232110763853;0.5124042486311026;1.027371250166016;0.4766552481120309;-1.8153473232830108
486;0.6493352632450728;0.8141666973940995;0.41605494487073896;1.0789951228958687;1.2530847478980982;0.7242148429153118;-0.43061840926043177;-0.5774154257083215;1.520457564253374;1.064266454299511;0.28977987163451746;1.3399025130061109;1.3036216384030979;1.3181923739276002;0.6843974540849607;-1.5130845068736845;1.6026399433191723;0.6938314390490041;0.2280640876764249;0.3472414529851068;1.0485353593155773;1.212509840962994;0.7555632014326857;-1.0626955379665621
487;0.46358108894869227;1.0552160678355764;0.6340157950041088;0.8244397838126803;1.083760247321995;0.8572585627620394;0.4462038020064388;-0.37476773518405593;0.8194172883039125;1.2969409194645098;0.03217594098443928;0.5470494439405169;1.5108071932650047;1.5143958256233339;1.2033056958564265;-1.2238612443234984;1.5855346638443435;0.49894760277704225;0.559650020877897;0.0744997041201735;1.3402415659443085;1.0441548282161832;0.8915329666433407;-0.15125998154319673
488;0.05862835014624579;1.2274370543609163;1.0449186032843352;0.6035868069356616;1.1897305499297004;1.0951519827466476;1.1993222860358843;-0.10335064067398278;0.17098620034954307;1.219880965856913;-0.1812912407330865;-0.13447390049057745;1.6205861068512086;1.4900614299921977;1.4849869030809404;-0.4927660162975564;1.2758415375913406;0.42486093341805087;0.7515201900262667;-0.050885040662339176;1.398813450764583;0.6944230322851592;1.0449467731898496;0.7125990541974406
489;-0.24895404958273906;0.9140558908196466;1.1241473057630966;0.47880990326741996;1.1581421135000882;1.4797420343696628;1.591389101667244;0.2683694983703376;-0.4569302283977505;1.0648375046424328;-0.07056840137028639;-0.4340612972669109;1.4001534309930437;1.3121786102491118;1.4757085169690631;0.45304588352577047;0.5999777209621711;0.4209771672222686;0.6828021183672612;-0.09697164699726867;1.0247320845751091;0.5509188159455718;1.3682622498369195;1.339728955055537
490;-0.5149788561848466;0.17745067036104062;0.812322597773148;0.2893582663179051;0.9492506754896881;1.6113338207744285;1.5374310179855077;0.6361538503784192;-0.9659726502726258;0.568559791919157;0.4417032022891939;-0.4428008705833331;0.7755341823613909;1.157744152005338;1.4720244140953485;1.503365906414829;-0.38187496941564847;0.711455073221888;0.6894397189375565;0.13036568172057822;0.4821649809328218;0.7067466935333715;1.3374757703641984;1.8338643366524414
491;-0.7451009437281604;-0.5207093368774035;0.2082216522941549;0.30597364237224156;0.720360843334842;1.305275919324712;1.330052706282013;0.815976370076952;-1.262180778858209;-0.012520695702883005;1.1311197676586604;-0.10451810729250638;0.1346308927191838;0.9113185254325425;1.3926976550381232;2.3253739138887943;-1.324159827536004;1.0191278472151286;0.5671675535636279;0.34902866655351367;-0.2176845107298895;0.8575262699170573;1.1045841894762085;1.7919879711187212
492;-0.9472795831389355;-0.8908022284012942;-0.12218010024068526;0.367983054677548;0.15791963713597124;0.8676571993032006;1.155279410149731;1.0938100129522546;-1.0609188210202425;-0.6177084518085915;1.3119312225333586;0.17849139652731236;-0.5081486232749535;0.6617022993472492;1.4075892552422762;2.514183045354866;-1.8572250834172224;0.689185105652231;0.40519081711074395;0.45739045816507645;-0.5625975166187799;0.7707350268662114;0.8113497058537998;1.4218752515494562
493;-1.0152214449299537;-1.1284325848010177;-0.2701610197579133;0.3278375096762671;-0.1985834667506473;0.39164772154866745;1.0438012948079947;1.5801037972120238;-0.8543206051833532;-1.0191655852633648;0.8207642485500639;0.19678551401562874;-0.9039201592463532;0.6176388457217739;1.1709997245424426;2.0004080867684966;-1.853401106318194;-0.0571407559546994;0.07296303189035412;0.6385038837197017;-0.5598829804590398;0.4805753679653534;0.4335921535960482;1.0652762889312455
494;-1.0688705957644773;-1.0925478845562038;-0.2452588074176069;0.2576219074452725;-0.35276481939348164;0.04547515605174069;0.8016653569998056;1.845314664338646;-0.6890509210326973;-1.3202050465104442;-0.10000675111620348;0.25109210021648426;-0.8056633975819366;0.33486208091462877;0.6410921804956985;1.3134001960013082;-1.7373421468446375;-1.1698247114578764;-0.15640318748755438;0.5920320676087781;-0.2088171561446514;0.37286860086048995;0.14344787508627474;0.6960717039397298
495;-1.020346719820824;-0.9757409764527889;-0.5196729421759971;0.04996081749310442;-0.08452922772021126;-0.12529716231345456;0.5025541853276208;1.7361310547933075;-0.6528905299800853;-1.5040007442248573;-1.0323880434212556;0.45824594686877756;-0.5961520318723704;-0.3626982885628098;0.16480238427781443;0.6448456454253001;-1.5431398313585403;-2.138286063116403;-0.2914669129558673;0.27097767983912596;0.3568756201507639;-0.07839611591559399;0.10730673162643065;0.44472469147198423
496;-1.0110399399835388;-1.1085762544950988;-1.1717904573715205;-0.45465071161281256;0.0007923622551467513;-0.24341467155613197;0.380910218646228;1.095288923443873;-0.8791690411523841;-1.5709732470121458;-1.5075452389131867;0.3634353555171852;-0.16358790744872417;-0.9284548165688993;-0.16086607740366846;0.3232498912121282;-1.1097507113565428;-2.4361970402799216;-0.5642521448065438;-0.09440556421800536;0.5562134490177195;-0.5036083141967299;-0.004595958232666357;0.34703579951360086
497;-1.2688099071386036;-1.2721483498793507;-1.6894702266162924;-0.8095158454313841;-0.19793734885805395;-0.3342844726885962;0.1035588114028092;0.15552674194867006;-1.1341268114214655;-1.258318405173466;-1.6242505991812088;-0.06361682337748764;0.23258733948353652;-1.1970443079356285;-0.43503461378628444;0.11513284461860318;-0.6625588255650062;-2.078887892044299;-0.7756415197256427;-0.5727204300717136;0.33229000183838603;-0.8931003534231192;0.06213794307109306;0.2065466084483377
498;-1.5088470071245565;-1.2208230371639541;-1.8248771884431192;-1.2075679861113946;-0.3470694013677986;-0.4874665058583975;-0.3606973793669132;-0.36580888960082286;-1.302695751709534;-0.87983351493707;-1.644974265621654;-0.531155490728914;0.4172744924296154;-0.9935892571455982;-0.6519581900017063;-0.14155858224997112;-0.293800953137852;-1.6245547930549422;-1.1588914000833028;-0.9492987268039347;0.08418362428541194;-0.8395646461369766;0.10798428385632936;-0.15240589089623827
499;-1.5074417235585365;-0.95841977208135;-1.5155434305856448;-1.5607448252698026;-0.5295222001773118;-0.7123664424005365;-0.9232454516373257;-0.42071549149419707;-1.1853546900684178;-0.36360373408222785;-1.4558523193131483;-0.9022905910276631;0.3155572609646584;-0.7914209764332408;-0.728736305651635;-0.38033029840642796;-0.007438262102824774;-1.0451979870731665;-1.7690782640621339;-0.9395720594804364;-0.2912259097793426;-0.2910051350244007;-0.17565712467794037;-0.44702246519965727
500;-0.9851088182403296;-0.7385914168764522;-0.8984704430909005;-1.496987486931982;-0.7454495588457295;-0.859454449800963;-1.176133601314874;-0.5180034441547506;-0.9132978854924514;-0.20580042713315602;-1.1125692245587797;-1.461428568695116;-0.1774560171554979;-0.4100886379909444;-0.8249942211306046;-0.6811909185112206;0.2804344493941426;-0.32283057496929657;-2.232025125952579;-1.0373653787436123;-0.6119182263429895;0.23940491870592162;-0.6314032900532534;-0.4978771404827646
501;0.19466663126794248;-0.5918006789326431;-0.4638650908644762;-1.1834916296568618;-1.101988871347983;-0.6084954228279683;-0.9582208988368353;-0.6025990816856768;-0.21520237590174474;-0.44273329674105133;-0.8808145929942001;-2.1590444710971424;-0.7979777999232673;0.16185389936712655;-0.9312560808806489;-0.9581407429983391;0.23011985289232184;0.35970484267957364;-2.087956404897194;-1.228329759484884;-0.8848395679147006;0.35570468041736775;-0.7931338507252614;-0.5554929760653265
502;1.1088406624726;-0.3810831243902913;-0.4073950252467506;-0.9739801105977135;-1.3829389954624356;-0.46894426894549857;-0.6933951278466403;-0.6151472383718901;0.6905384876992983;-0.6515276821913809;-0.5182467579148339;-2.174087546496967;-1.171040066328671;0.41153318693440527;-1.0666119994235892;-1.1834952430236916;0.13745583448811519;0.7095287609410558;-1.3193367022539355;-1.4112497672583184;-1.231129866612522;0.07953040320043485;-0.9269264742616043;-0.4237292214264616
503;1.5453531772669635;-0.14357396562813685;-0.42331455482537955;-0.9945976878712148;-1.5158050338314395;-0.4856481418521235;-0.3927777833450854;-1.096321430139533;1.0658246961768076;-0.32658849186676114;0.006143621439119312;-1.4189695801244622;-1.2938331457112822;0.1496432429628459;-0.9085002141783496;-1.1108636852837812;0.31283946202501334;0.7102513719709768;-0.2589556166081957;-1.4307129033420956;-1.3788415375662058;-0.5208132200037812;-0.7667140567345658;-0.23634636803222214
504;1.5232673965509487;0.13694277209144862;-0.2944545510851805;-0.8760039568091093;-1.4438207810046007;-0.8083479115142164;-0.5768218862026807;-1.2527915140150332;1.4798267947536108;0.05126727077496807;0.2872569105091763;-0.37458828755194634;-1.3897901186773987;-0.4832013075428926;-0.4072146955778003;-0.8996741791534235;0.7276051461267415;0.6783021687109941;0.7995307114554971;-1.105949365586437;-1.34474265990108;-1.0246198778340632;-0.3234733718055626;-0.3777611824971828
505;1.6415591931838864;0.6512242215525967;-0.007769671953209857;-0.5142235091701812;-0.9815698828127377;-1.2285565629176398;-0.8351597482226144;-1.0129308770318088;1.8192662124409293;0.4884158953578219;0.3480281478081589;0.4190566506732248;-1.462822883654059;-0.851337309559204;0.07715535978397399;-0.6688296267499289;1.09453332387695;0.6897711817630195;1.5910594974081973;-0.825851925145388;-1.0777459440306254;-1.3025093916429076;-0.008949557632921103;-0.7259546437332196
506;1.6270521535014673;1.3732670087704022;0.5590927983007786;0.32911329306500653;-0.620210288111293;-1.3151198863381541;-0.8478665645569201;-0.8709368538878606;1.921668426446093;1.1780102802235317;0.5618573713868534;0.6067070588664732;-1.3302295738719587;-1.1668647726485029;0.23797072016611767;-0.470983037737163;1.465236325225594;0.8392037479720571;1.6923841778271431;-0.31931178756104805;-0.8180249039130085;-1.5007316645729687;-0.08882689291353087;-0.8274415034536716
507;1.356432478203182;1.8237413026957237;0.9398426290436231;0.9437078925684269;-0.053534410182892476;-1.2046683422575009;-0.7708289052896621;-0.7073517626506622;1.7643426926460848;1.846012976953107;0.6903739697933228;0.6461474163202006;-0.7792344198150755;-1.4753086655435848;0.2117364817281447;-0.3523116529119568;1.8310698682902233;1.1208282158646414;1.3658030357477398;0.4695395921526467;-0.4814625289741148;-1.2037409921779516;-0.31495117871785666;-0.7880011341073337
508;1.3182571755569354;2.14833045063332;1.1176678004339;1.0267990200841257;0.370781594255668;-0.7843391311547235;-0.5781071719998678;-0.40842068976749724;1.5538697998052053;2.223265064479893;0.7035541193017069;0.6826056370084259;-0.006442561651087407;-1.4029981282499517;-0.19549605903904316;-0.2580374644086947;2.1994094866568314;1.1217164519640173;0.994644191834326;1.3052339514995706;-0.13669818803074107;-0.7262375361219624;-0.5830636972221396;-0.6887965493896954
509;1.0846381821177435;2.1592564749192067;1.2925185221551452;0.8617502519177784;0.574997446134998;-0.21262198277442015;-0.5377452691408077;-0.2530247064240311;1.409423606560368;2.019095856856106;0.9462873670519902;0.8420472620690372;0.9052615233208139;-0.8806293731587739;-0.833119398503349;-0.17815394691292263;2.2561802365151005;1.1173237112287377;0.9002911969922476;2.0684007727862057;0.3083920068601657;-0.39984954600839473;-1.0787888466456865;-0.4413528128420285
510;0.5373683570911396;1.5259123412283604;1.3879708863567048;0.7486338229478708;0.8931653979984895;0.15861836650538366;-0.5813613403811754;-0.19646614842262664;0.9842474343314319;1.6214310340892055;1.23011349154211;1.1375851236494008;1.497610480809371;-0.23809781530980223;-1.1737954421708379;0.059793214520748136;1.8474640584200532;1.3444136137103195;0.9326334364011026;2.3309572752314924;0.7529718843234552;-0.011905535904850082;-1.358533461745725;-0.03969318574246984
511;-0.042010687556244715;0.6335863274512057;1.5226055946845873;0.8227061828570547;1.0517886897047768;0.5517992696886668;-0.49591062121326007;-0.33395630064411425;0.2803250259463369;1.1217268606108206;1.7511852580421938;1.27991302897693;1.6997551482522926;0.45947737260782284;-1.145155326812169;0.18223968057845213;0.7652727103367408;1.5448640288018562;0.8564437582913419;2.006547315000729;1.2482946394296144;0.3814758630176609;-1.0649128037295177;0.028361713081281315
512;-0.6445736844734818;-0.02405065295068933;1.6310320098738078;1.2782072357918002;1.2807749624498501;1.0739869578707748;-0.25685942115719373;-0.5253459887566773;-0.6931340211232713;0.4760030328042477;1.9494235601852619;1.1140873696543767;1.654633307821126;1.076494871887642;-0.7386748753665239;-0.0016280190005928455;-0.655153477651963;1.3794790235463297;0.8200909927362113;1.399786757562426;1.8951873762714162;0.7599126651257844;-0.3480146825816542;-0.11548562887138161
513;-1.0542826253373128;-0.4052196415323772;1.4570652103587864;1.6150944501226214;1.3426670602761894;1.5380786119264243;0.12119448131988246;-0.5801978260174502;-1.679562367974647;-0.08320524524568113;1.7007022854408766;1.0587004181600812;1.3743766356681375;1.4103807370231367;-0.1791240457676311;-0.23250369162116932;-1.9238801563258456;0.8250267391756283;0.8934979663597178;0.6227438571143393;2.1516841156846094;1.280592885304297;0.6005031332664378;-0.42011574064785945
514;-1.3267294594020307;-0.40223828193602457;0.9384962750107859;1.5044877322298529;1.388986153490014;1.5713117473400529;0.8506203659296502;-0.1181190241846193;-2.347299840519963;-0.5241659634153246;0.9439794663915623;1.0342744474703838;0.9600815151359855;1.6938939652072327;0.5025548004708833;-0.5192726218269784;-2.8359303724368186;0.04259238079832037;0.8533365329127331;-0.05889685540083029;1.9840159942359097;1.610541471935258;1.1365581044189723;-0.6307921370870433
515;-1.5594357507523384;-0.5960325459586935;0.04681441159633186;1.0204214716333218;1.1822464582430363;1.3243129317325324;1.570747701874059;0.5991093648141261;-2.476765238385133;-1.05631084055482;-0.0038803719092613447;0.9991953514677913;0.4189475288585932;1.8715717620648924;1.3229618542926698;-0.6916151355093639;-3.390234974924887;-0.8184794323125344;0.662014006398458;-0.15317578271673804;1.5730753212023854;1.6986606801119224;1.3146587811566728;-0.3657520061242629
516;-1.4782660536110837;-1.1332917990104927;-0.8402611446162936;0.5450367233437027;0.8086054719141351;1.0433222481921567;1.7942232526474904;0.9155160740312455;-2.2384302822986752;-1.5912885850528373;-0.7813911350093514;0.8514101354494534;0.5015069887671042;1.7533426830847254;1.9065683097955564;-0.4046756668422983;-3.5919910728515116;-1.947615825564348;0.08679761322945848;0.19934571834680395;0.9026446723807232;1.637711652236735;1.5097823485305923;0.10583784988077981
517;-1.3787983056377378;-1.6459695017371216;-1.343353670746058;0.09554220804837076;0.4830259787871841;1.0571742921290148;1.7318678205537794;0.902670180069175;-1.9350541058697177;-2.074835593330056;-1.3513524746129522;0.5020981371271686;0.9481183149297346;1.4941457617289866;1.9390604808180112;0.35958799699197397;-3.054445484675654;-2.8067923084544852;-0.7987062994341626;0.28771392136151136;0.12823996628327178;1.5814705951665575;1.5892398300450317;0.907925591267446
518;-1.476918741185111;-1.8005155218277922;-1.6906736976160468;-0.20585418642610925;0.2334143465362534;0.8953260338347723;1.3663766523232599;1.0232480416643794;-1.4870061822071552;-2.4697631197303362;-1.780400308131235;0.009586546369842523;0.8979136407056546;0.6284430194816784;1.7883019889800278;1.2820344228102085;-2.1995928657689485;-3.297261064236728;-1.3190440407246133;0.12511569544526388;-0.520344034905365;1.2597772707187034;1.4624786838858599;1.5697095682525635
519;-1.0803775153066517;-1.5580879982767135;-1.7269377061790336;-0.6263337072221525;0.3135727333969611;0.5879072506890447;0.9891551617141612;1.3479462500568786;-0.9479031070917846;-2.3577813472249405;-2.0235800821313203;-0.7584409689160931;0.22959264326231046;-0.06116662132986699;1.646957279162293;1.992157070723285;-1.1235811597690346;-3.335943298098777;-1.8160740454051185;-0.35649826748752694;-0.9829135611091006;0.7484721040476306;1.4026698833614946;1.9642661202632405
520;-0.30054817286221813;-1.1617133028662519;-1.430321453814792;-1.1901709764860933;0.3224581081250871;0.2653704080816823;0.8350025689399065;1.6858013850180449;-0.2709056199581434;-1.858575294578705;-2.0342968208189225;-1.550721405972127;-0.4349917184600272;-0.34573626613917463;1.097438197744204;2.023335845086207;0.34835609519487176;-2.9333272538163007;-2.4118083607477527;-0.9484868618965077;-1.1953085453845067;-0.029132800719839994;1.099926555541553;2.0492258276009925
521;0.3930804228076178;-0.7909351588045772;-1.042064876271955;-1.7895021702469833;-0.3837470958652769;-0.023230712864421296;0.44408999807793076;1.7159835108695138;0.5778364129275768;-1.1204820395994435;-1.7150333721538051;-2.1446273534772806;-0.9216822862882099;-0.4241261751368859;0.35595577037929316;1.973868629491418;1.9148618969687605;-1.7344559829883293;-2.823098249200306;-1.5511798027513584;-0.9447733700788058;-0.775383678299065;0.7432097534695729;1.536814985565942
522;0.8627776340890158;-0.4178813759498185;-0.9241255291833894;-2.106123738452151;-1.317122059799155;-0.4122767967530443;0.014518147919218415;1.298185366888549;1.6102204372622753;-0.21942024012968284;-1.4439542128944576;-2.415330543093408;-1.0437402075953646;-0.31669708355111437;-0.23573069498588436;1.481036743418705;3.0460158239496975;0.014622043156753835;-2.839311189674876;-2.044508476581682;-0.6042993687193958;-1.3693406617747723;0.23261258752262814;0.9035230770508312
523;1.144938067722334;0.15817351099633395;-0.8290510335103258;-1.8842354832719692;-1.7491144587247536;-0.856080021228245;-0.3343789112980318;0.5178918563009269;2.498800778989116;0.80110442548105;-1.3428769344389602;-2.275447220277831;-1.30082849092883;-0.48874584749390454;-0.5664840247250172;0.7893096874170495;3.5155472975235478;1.45588565548923;-2.185534158163049;-2.157994677724943;-0.6579753652779791;-1.6356494973854887;-0.4368319293555026;0.41747224406311745
524;1.3797352773012597;0.6915048251935909;-0.6842868611948651;-1.429320735744522;-1.8020512228748438;-0.8988081838377068;-0.6350503602866683;-0.17577391896147168;2.6875930519049107;1.6971782645650813;-0.8293857563545125;-1.6436441955228454;-1.7068151599384371;-0.7258123972953504;-0.8483122219616114;0.05927365596883452;3.3501713173954206;2.466048583228302;-0.9342946536562742;-2.2110454217524373;-0.9732168739508178;-1.6656662061502916;-1.1237046744770771;-0.09926225309412226
525;1.625993741511108;0.9479774715049738;-0.23542693930944408;-0.5931384122065376;-1.5499028322009438;-1.092928896195984;-0.8026125621167793;-0.6947968747054213;2.3759881411709314;2.017425582618917;0.21745961960950486;-0.7510124674271113;-1.9564935191113049;-1.0684242639712298;-1.29809393544601;-0.6838091857665313;2.7290388390189735;3.150384231892574;0.39640827996295996;-1.944805316782419;-1.4522571028012794;-1.505172227725214;-1.580829699741877;-0.5678609079534891
526;1.7550507867763985;1.401442613454643;0.4899521671730926;0.07603278323938023;-1.24445275597669;-1.1788499233664516;-0.7826549855347618;-0.9614335542713623;1.9231523459370974;2.123808866622262;1.177497334104264;-0.15423005070109042;-1.976156442311895;-1.4756508799422219;-1.4052242832517807;-1.1285943393472508;1.8344016720316756;3.5019485912800263;1.7550176384105491;-1.2345089048491649;-1.861159943008319;-0.9686647510467057;-1.8039585279241552;-0.6995043567547806
527;1.689439445401519;1.9043965039382806;1.2807163915840396;0.42561734418132496;-1.0919090027177538;-1.33580692217999;-1.0203459300410884;-1.0800933339416066;1.2929905937694204;2.2772788593715414;1.9721339523635786;0.28529428502929555;-1.612708535980881;-1.776740820120821;-1.2213784962757694;-1.5163249271760164;0.8848756620053883;3.4343876870277907;2.8399811543594553;-0.17840722118772473;-1.9424200625941654;-0.7564276829774881;-1.7242315311686172;-1.1205982649328547
528;1.269744540008172;1.903755538678197;1.822011417577068;0.6821397971844377;-0.7325050661541372;-1.4351076984386175;-1.3149722732432574;-0.9870003517282023;0.6139034445695677;2.3930206393282396;2.524025040621798;0.8120395306048026;-0.6963514693470853;-1.8235993017112482;-0.9735736569437892;-1.642196413532119;0.0610261838442947;2.87957473022596;3.6861009091209125;1.0495156633646383;-1.48237423195673;-0.7094620293421926;-1.664261837116316;-1.6833405637578491
529;0.7997449289073433;1.6648064844845727;1.6177030561921255;0.8177354073299717;-0.13543870752184714;-1.290963147145291;-1.392269136132501;-0.9557881743649407;0.28484099878342517;2.013228821792973;2.7495614461356896;1.4079223873188709;0.18503187247162006;-1.4342025372690017;-0.7988295688536245;-1.4878474767360008;-0.5570383884676443;1.8391290952585917;3.9749731287345753;1.9658424587045171;-0.4180498235735466;-0.6820762751366232;-1.331446395529603;-1.906872353112433
530;0.3940175631683504;1.2382238269056178;1.451693913626469;1.0345527181462555;0.668506691849812;-0.9701150312599638;-1.2053573534547182;-1.1352303087906856;-0.06579463173077008;1.4208611653520162;2.4715557325987376;1.8999219087811965;1.0831747673100727;-0.5783954489818164;-0.911190142342942;-1.2590709934328315;-1.0387507114453347;0.4540895461485586;3.392187038874345;2.8440453156129;0.7358260535095896;-0.6628975927299215;-0.7192456068380713;-1.8052165913274563
531;-0.07186672669608127;0.6820727842475328;1.463268773577657;1.3782543423028446;1.5440617587946937;-0.35802456552829626;-0.7441252705995746;-1.1938478066484328;-0.6568508310290095;0.3416851149276838;1.7951470542162133;2.3725964442595973;1.7769250348152106;0.21045439533522944;-1.0063962861597526;-1.0514365166864115;-1.4443301969738849;-0.7831466117746281;2.222208278260162;3.6083369974157957;1.6497656075856995;-0.5716784567172973;-0.2273729448226714;-1.5039199820424622
532;-0.6924195732255694;0.09333858944063862;1.4079703109576929;1.6329845354987564;1.8515175072584584;0.5360322883116343;-0.48925775396254656;-1.0014637535787747;-1.1598299724592354;-0.7726787617720225;1.1097525950590683;2.508244231619673;2.1963195806840816;0.6313139339982841;-1.004404398321943;-0.8113779534793351;-1.6345406459594631;-1.6277078807900185;0.9762462631080165;3.7693421557485993;2.2795319845702906;-0.20189628067291102;0.2012253142111258;-1.0361129677605418
533;-1.3330879564680458;-0.3919337217107504;0.9876808113642372;1.6399903304330516;1.6839040626247346;1.4106721185443736;-0.37572385811959697;-0.6961487747464508;-1.6399704403546767;-1.4255545565730299;0.44665968649025894;2.2610251697208397;2.281897735100279;0.8693616801125467;-0.6188928510243064;-0.45634807810580624;-1.40674048443001;-2.1547221523773614;-0.29970262274620285;3.2276760920622034;2.8974737615443735;0.48764130820592333;0.3557646414658401;-0.45355520125373233
534;-1.9185085706774225;-0.6520927659741981;0.40636521582953417;1.5730002703874824;1.346141832954219;1.6530671894987032;0.09290606243256395;-0.3769865206085063;-2.0162127346926466;-1.7783934721038286;-0.26242960632493084;1.8223512232888213;1.9554746496682618;1.5696667054708344;0.2727467637456087;-0.16305015411426274;-1.129901717563143;-2.2412219190355986;-1.46829528772027;1.860198322774986;3.2613092090965394;1.6413328094406405;0.4424709816695733;0.19779337320917073
535;-2.554533995998158;-1.3052439354600327;-0.4169504786584349;1.084289922271682;1.0608050703046996;1.5617039308462133;0.6006252334029989;-0.27366125955204457;-2.285323366262137;-1.7864675497724167;-1.0470027627283964;0.8788786381575195;1.7016810984848671;2.4446890091997164;1.107262712650251;0.061057336141658834;-1.211884407227395;-1.9396743866797521;-2.1446251549713;0.3238985455887505;3.1449127132008354;2.5902078578629832;0.6102118385010262;0.7662868020393339
536;-2.902828115273867;-1.9601504757142953;-1.1047665729749439;0.21236877587999467;0.7868617355818843;1.499143212520816;1.1432431367024893;0.09624582951166795;-2.434673771369158;-1.7592596498226853;-1.7023612856515524;-0.34915170613132696;1.445357731612541;2.733799262809023;1.7184000793969807;0.3054050434037479;-1.4929887784265323;-1.603901255755189;-2.5323841297911867;-1.0235895868554579;2.264650739061213;3.147144828052592;0.9992213212610893;0.9889714045481439
537;-2.97737416975891;-2.289863041179427;-1.564641199280021;-0.5974111517803284;0.7376544275495596;1.5328047503548246;1.5609604813336997;0.5817751174642597;-2.1397924832399364;-1.7799897425469038;-2.109976803064462;-1.3781567816941271;1.0291179920926734;2.3256282688931535;2.0780297652585515;0.652234172011231;-1.5274399071768139;-1.3515020112116742;-2.7903475181102917;-2.1585077446097163;1.2487012598535954;3.1493524200332503;1.3767012211071916;1.1237563858885014
538;-2.368480351310178;-2.299906246086696;-2.0055452522865225;-1.1095379492528428;0.5944449249635884;1.5736860955392515;1.8242095315332005;0.9802219255564318;-1.431684712902716;-1.8516411755980509;-2.5023936679072003;-2.029920536618866;0.40335416221632553;1.37817915894944;2.1806538801483604;1.048886268850247;-1.4622596752032133;-1.170800415826181;-2.803861782991554;-2.998718714103342;-0.014463409494676666;2.4941175724305094;1.8592684076408201;1.2758743415323188
539;-1.0398506025926817;-1.9724419447756292;-2.129979857343877;-1.3480511865335274;0.0991520692741267;0.817106049180185;1.9898468382033767;1.4263572836911038;-0.6935130246407386;-1.9715723976202608;-2.515495092028063;-2.1726087537294014;-0.5278354609736728;0.59971386267029;2.0973412409418124;1.2168577923579569;-1.3935311509602533;-0.9433725969005888;-2.1496620296590634;-3.438502335098556;-1.539692173663499;1.2923480363402553;2.3492564702539673;1.4211511222215034
540;0.3534922063951019;-1.9875969431436218;-2.0391562055661216;-1.6098576551408073;-0.6779483487726332;-0.17185788257248377;1.5316429439246846;1.5365265052910944;-0.14445397728619394;-1.6342821213761247;-2.1993433880441424;-2.3007956896420416;-1.571958702400573;-0.06113096152320378;1.5890858712804778;1.6858004004338731;-0.9551432113996846;-0.7092724083437049;-1.1376454388988129;-3.224617149058098;-2.7256719185578295;0.19757497872527457;2.4765348870359336;1.3888601706793304
541;1.5900647383761448;-1.5390886797161067;-1.764788074021852;-2.0298026309471457;-1.353958172849982;-0.8104441388984062;0.785881404185378;1.3984799199890205;0.321540275687343;-0.9703708198104731;-1.392983168407311;-2.420070640415189;-2.4827416119446446;-0.794171199064154;0.863452729252813;2.200515475333137;-0.10868234847144659;-0.6576516630574512;-0.33672085172638894;-2.44924594279531;-3.5123928039368626;-0.9644839176660258;2.0453873787742327;1.443873281975431
542;2.5393932140967124;-0.624824429958187;-1.5207845948968128;-2.342761785538605;-1.9478952880416842;-1.0275197370157845;0.11486209063045065;1.275805074553556;1.012481036503637;-0.2345956975302946;-0.6184155484045747;-2.200810023513359;-2.9213909039272488;-1.3359573190756548;0.3158606217918621;2.079364744973453;0.8634713093827181;-0.4333514942588494;-0.08402020693598093;-1.5834207285848105;-3.8626041754190834;-2.0452479632705396;1.0567993587091267;1.409291757397614
543;2.765649573352745;0.4443720654654741;-1.2136272308105072;-2.1512200150252134;-2.28311089692931;-1.037840060022182;-0.5135149577875588;1.1395518415914339;1.9151915377659972;0.5076257077655978;-0.21287259643266043;-1.7120672162831605;-2.8108510172278764;-1.8416298074271837;-0.2782981614254548;1.352586054632251;1.5224027568227447;-0.16887863999255595;0.0381606976143006;-0.8231491495607481;-3.483444315520153;-2.8453814037241503;-0.23562399751105714;1.2208024341101187
544;2.4625134998699036;1.6600418384466331;-0.6563950912127677;-1.6387643392813296;-2.2055793530554335;-1.2703605792988817;-1.1132186786774618;0.7375101894905868;2.699434541419566;1.352962394449689;-0.14421198601135546;-1.0698006487487481;-2.430767114145096;-2.2374783295286025;-1.1716902090377916;0.3953124796743518;1.8268040875600322;0.173715360288893;0.19677998101895425;-0.23223397128022708;-2.486159495551166;-3.5189968202116964;-1.5913589190093924;1.038777444368442
545;1.621552317428908;2.7259174038888734;0.3029544276345568;-0.7342853134281074;-1.9145375780672802;-1.4273300135009743;-1.4394460615454503;0.11459988859153032;2.593894207424858;1.9093569885627666;0.14257747945296106;-0.5681593852925085;-1.761102089357069;-2.492036762455634;-2.075854960302688;-0.5349315447926358;2.14656485834232;0.7173707299215316;0.24301573361421186;0.33464611705705327;-1.2439993356992345;-3.809598416771355;-2.8354690663474242;0.47042080923646323
546;1.1788415114006539;3.26433491666795;1.2738586858275476;0.05961468557717152;-1.3954683390686644;-1.8712938503456942;-1.5075807266596077;-0.8301494434907138;1.9304768784620348;2.117433583264881;0.847100225537268;0.3215481289342535;-0.9064002747574587;-2.650808329604366;-2.872006675001155;-1.3135773424567672;2.4894042304847908;1.6114976308023496;0.40056407026178276;0.9655920513351396;-0.060026497818299794;-3.415184488342144;-3.6584669748200653;-0.6093138469693384
547;1.1126536587747773;3.2712669958525145;2.007148689590174;0.5423855975834586;-0.7783548378577112;-2.1952620158385465;-1.7304481272779948;-1.6849001979832317;1.4736421501248518;2.344116256183621;1.5714282074495705;1.1707747425515;-0.14033436374560124;-2.3451534187167025;-2.8874300697022752;-1.8099724696083184;2.4470707579968454;2.2793899741259804;0.7343004813518266;1.277793527159468;0.7274605746114812;-2.1759220567837576;-3.7081000597301084;-1.7727664141487924
548;0.8612260955700514;2.6455532135190793;2.594383007634827;1.0320412734511177;-0.1358866994275467;-1.8591494355058624;-1.8942289824267835;-1.952707282899339;1.073671631793779;2.3240392477105214;2.1714056345309336;1.564459933876125;0.4514327031010222;-1.697448773929144;-2.135114017424398;-2.1983462859797096;1.8820887618202584;2.6827998888960027;1.1158606468093168;1.317441941286875;1.2321436229028018;-0.8545090257872092;-3.1725579979389154;-2.7723252052725313
549;0.37498955644562204;1.514375702863247;3.0011343571341857;1.6365585201662303;0.420085954141308;-1.1778924852560442;-1.720512378466934;-2.004845442029162;0.6876067323302516;1.9997596719483828;2.6140619458012537;1.7489065556029701;0.946227771246194;-0.6504856221266757;-1.566250161721883;-2.4431402569849716;0.9923494410548348;2.451567155720412;1.5344620067256325;1.243875468603625;1.7608928028224944;0.29592822796651436;-2.3574528158754857;-3.48000672979571
550;-0.11973689734764242;0.34307395373047184;2.957198122617673;2.2858857734568145;1.0626886413115344;-0.23966233714503077;-1.081725543314183;-1.9071854473554712;0.26969987193764267;1.4295621257417417;2.5652551725143;1.8127062665872336;1.4385008696652115;0.7030670921138221;-1.1550452186859241;-2.449631777762956;0.09773540699254957;1.964445389855721;2.042633800330193;0.9223954405732181;1.915396753227363;1.5036950883850635;-1.4737700461913488;-3.667183013264415
551;-0.3001589730252833;-0.5278803461205944;2.600052982374468;2.5825459034882123;1.8592413638074023;0.7098363147919043;-0.45699627573185986;-1.5648189643467467;-0.20231908810178373;1.0011380172770892;2.089831231728559;1.9442102575701337;1.9671650253372435;1.6131138741573903;-0.9311384797794953;-2.2068821721064578;-0.7161942802201546;1.410947075779676;2.239460873574372;0.8886916312360618;1.7033938299602458;2.3669431233054974;-0.3699029873213741;-3.194864755985545
552;-0.41510162426181946;-0.7588519331394833;1.9549521032147337;2.6686061574937505;2.553270045378082;1.472024343513012;-0.19804806203150713;-1.0575629374291062;-0.5790392300854215;0.3811639856825877;1.4760637782766064;1.8563527581977428;2.3095459616616143;1.9962473212151262;-0.26453439629467224;-1.5707314219305377;-1.0804810070618542;0.6318908155433707;2.0694843988397538;1.127919808446166;1.362510840690961;2.7759524668194957;0.8671284496196711;-2.071879455066891
553;-0.3747463991599328;-0.7266696058135491;0.5053795147749476;2.672795170342734;2.7534348935753803;1.9476454067301485;-0.10555049510716344;-0.41588784890979347;-0.9248386569119321;-0.5769281331805811;0.9067483114374651;1.8372397212066516;2.4289881188153872;2.2911465146721866;0.9123695230844506;-0.7600516144074437;-0.6460807188525023;-0.18935440032314205;1.8950724265736985;1.5863430458927874;1.2470794244531858;2.55897409319774;1.9113686544275095;-0.6650681906939965
554;-0.3070976246921948;-0.5632626112058585;-0.8714304627968343;2.1057545378075875;2.483507658605767;2.3046532119508516;0.4649127687841323;0.012424933736427396;-1.2307035496452936;-1.2481178786456788;0.22405241231114276;1.864910033338237;2.0649827223484394;2.26358241352078;1.9350676758883631;0.14277301194814496;-0.2655848677660311;-0.8653968722278307;1.341442887351579;2.0130163493963833;1.2983226786778368;1.953674395346145;2.8880661910470335;0.7889646290362727
555;-0.34288665425745196;-0.5052239484026078;-1.793123377425605;1.1194533872612806;1.89861291492407;2.454313678650959;1.6774284859342867;0.3302779461446122;-1.0757526254139924;-1.4377134864671304;-0.29072018248121156;1.6061862948469108;1.5519446138962638;2.1175760027859916;2.5926439562421777;1.0835621894317498;-0.4650603650915453;-1.2047532625857262;0.3654972266399039;1.8509190968923097;1.1075926852326747;1.4915578044123257;3.440982566415679;1.9920976093643743
556;-0.5625836162803295;-0.6226170661835057;-2.0073429209748945;0.1054231638963007;1.5696509665848901;2.4757771895840652;2.6063316738879165;0.9209964742356965;-0.7624357015922867;-1.1663660016430757;-0.8529530809948156;0.7614124092333661;1.1714601189450207;2.0023226090978663;2.8406552909076033;2.013175282096795;-0.8246527200750466;-1.4081988825053606;-0.7160521568108869;1.221674430299193;0.9155866918238657;1.081655153055867;3.179986247060528;2.7501905627430245
557;-1.1305369166462726;-0.8422177828491734;-1.7935504884813165;-1.064840208728324;1.243556613291928;2.20093754412698;3.0747453572226857;1.5981210902641705;-0.5022207539249449;-0.8707392053667999;-1.4178652077727811;-0.4617198134102246;0.8259215357982626;1.6920344654020545;2.905225021922307;2.5864003515535647;-1.07186555648463;-1.6708310039316683;-1.5337224209255418;0.6533722859942688;0.730561036581514;0.7375948248124343;2.484272639849133;3.2227319997008954
558;-1.679857143834798;-1.0219511350757373;-1.3802295289674371;-1.9542239664700785;0.5929726955317745;1.6338717486041463;2.748364695435987;1.9230176670524393;-0.4127254384500503;-0.9473114227888997;-1.74102162337094;-1.3496997651409974;0.3760019222425795;1.3517306177056676;2.4763662083509246;2.4089485525079573;-1.270043250109955;-1.4581657319278263;-1.9893839821389618;0.03007956252127582;0.7251409274591205;0.5709646876114416;1.420606334928259;3.2660056378345446
559;-1.9236860255763206;-1.0705409722900838;-0.8050952789912061;-2.359675872670364;-0.3287756963699961;1.105916114520977;2.1904884445800437;2.2798064793208987;-0.6539356494351901;-1.208914735108992;-1.719111635912861;-1.7409976561102358;-0.13715935141370916;0.8161795441235438;1.6584166656719765;2.270723186921012;-1.4800455229470846;-0.8722922837571122;-2.019468236487229;-0.8809249911233865;0.777757977856641;0.43041426347229256;0.7020793005418481;2.949008278605445
560;-1.6682339198540932;-0.9270162584106619;-0.3201862358379923;-2.6090245835230577;-1.416628941744327;0.3588578351142691;1.573009027186428;2.3826360657238714;-0.9352731092351239;-1.15156984445939;-1.6824471805682408;-1.7920124996697204;-0.55570264837482;0.09342861148655085;0.7423790520947917;2.373065576160345;-1.3918619209219214;-0.4300064351707458;-1.7679260258782987;-1.7970594799917579;0.5334728831086893;0.34139211083426213;0.12518718204693988;2.2590882606932996
561;-1.256556676915995;-0.7941041763913093;-0.31322862102240345;-2.359649497565941;-2.353069398193594;-0.675815822764318;0.7268743896661676;2.244479508775264;-1.1465303399122213;-0.7500903777244244;-1.3127979573478337;-1.7678185923832421;-1.126136625284705;-0.5436491691335318;0.1620512770399653;2.406844231677242;-0.7583911380522701;-0.42893089831110176;-1.3976683184475531;-2.365376103379785;-0.1396543708819596;0.044837791405008244;-0.339674127873058;1.666947230167075
562;-0.9017923887989665;-1.0291173911046918;-0.676384559025828;-1.614399562993372;-2.785191644791595;-1.481193075739107;0.025942228929308402;1.972125515188333;-1.1591572666799235;-0.26927218627333627;-0.8512728064846614;-1.7208619806677654;-1.7581491828510711;-1.0896819712984076;-0.11142455664033017;1.9035841560739324;-0.15556709582429315;-0.8646391276702508;-1.113847076274038;-2.449488800293958;-1.1415414424144041;-0.09000273680760448;-0.47834333018741415;0.6917845026735765
563;-0.43680636640566506;-1.3859522651907514;-1.0775843195413257;-0.5628272398614051;-2.787900939671973;-2.035696224845728;-0.582893121079459;1.3375015130063435;-1.0367449902498507;-0.22157398373665887;-0.459139427582254;-1.5914506209467996;-2.346513618848583;-1.4760098266464197;-0.5286075619345036;0.679457738696246;0.14434025798451025;-1.1704426427840744;-0.7808300928690243;-2.187952138411248;-2.042212915972312;-0.33247124393788424;-0.49146331173804264;-0.4581883139490383
564;0.35184652900460794;-1.2806236293913442;-1.1036534012736965;0.18629866365031275;-2.4286721364546007;-2.2533533786090088;-1.2297666480033662;0.669130973735849;-0.7177247085181886;-0.5041320154113542;-0.23237611283849915;-1.30642539881077;-2.4653944873265456;-1.6114807416083547;-0.9384602561306262;-0.6710249583332232;0.01855738109530035;-1.0307157229486903;-0.48832471246765646;-1.7967550360684028;-2.628327555901163;-0.7893927064266011;-0.5148971518580467;-1.2695601942463552
565;1.0983951237040064;-0.6828410178118001;-0.8893379171865414;0.4087542838867532;-1.6881763498829654;-2.437622079620862;-2.0073696375798784;-0.5896392190567652;-0.09377146929133487;-0.6166882284628035;-0.24347312286085301;-0.8450954211592057;-2.039697222573275;-1.7186751380615624;-1.4509184038141396;-1.5408977137388828;-0.20339257101694663;-0.6762652951394229;-0.12847301351251397;-1.1559668479050167;-2.7612530785093483;-1.3199129123711295;-0.38261575635992867;-1.6441278353835147
566;1.5558852449934701;0.04905241852351791;-0.6104625487724071;0.09160281618309699;-0.8312954898904925;-2.4120089698230402;-2.4631584796310246;-2.0447715227743184;0.41777151515723143;-0.5790439602233403;-0.17293011814307838;-0.4857409749419531;-1.50882490294563;-1.85285640361966;-1.9232561309970435;-1.8033625333582664;-0.23768152750316832;-0.0861991864577075;-0.1468171384284516;-0.34472346642811635;-2.2871319195314994;-1.6932079408351681;-0.6390683720031723;-1.531879786111933
567;1.8534718947199145;0.8357964423951244;-0.1463313880648476;-0.3432337393144798;0.05568569413125764;-2.3406370589995906;-2.579180808698253;-2.7329294970715714;0.8775534521391105;-0.5018605257663457;-0.36968609483433373;0.05983990162301851;-0.8061403341759455;-1.9913082531244097;-2.1350713852753778;-1.7131075842696422;-0.043843978740334605;0.581122493244252;-0.22216621129971617;0.22942246138152916;-1.6207088965852998;-2.105902252371822;-1.225401035480795;-1.122995507090435
568;1.6699243785397786;1.393247585404417;0.08377699969827629;-0.6637628346154777;0.8565259074497605;-1.912043064814679;-2.4860277353101354;-2.605741295102619;1.3004840662568078;-0.14315010857083205;-0.2764668389845825;0.46000489761012064;-0.05091184780909593;-1.8600306419876829;-1.9509833834628958;-1.7755713365469281;0.43590444896581443;0.9446522806250145;-0.15821128927280986;0.42118280919421364;-0.9113476259608924;-2.2713839145890833;-1.5317244737864204;-0.8314267244289621
569;1.3796015722283745;1.8378390616849718;0.2539685693119444;-0.6957983448532314;1.0005327486227253;-0.8044717638046807;-2.147097217875175;-2.222357359313572;1.6486654250439547;0.5748115453187016;0.2563039396497739;0.47499418600091714;0.26886501397418566;-1.5437775356990924;-1.8182801356661094;-1.910187205007988;0.9644119909929864;0.8560893200074364;-0.09762814883735416;0.36111681787464905;-0.2680927679967661;-2.37340829970422;-1.7019714287194099;-0.7828178203544475
570;0.8531456674736482;1.828915544746755;0.7351696546001094;-0.274623547257118;0.7931425245130392;0.44524806034071723;-1.6673951019993478;-2.16485099620992;1.6993825062587637;1.304945077647261;0.5381131885556609;0.32418557175981977;0.2672405821605054;-0.7927434236318104;-1.50371155069094;-1.78829794680833;1.1397666995187457;0.49157031472784685;0.15361495649212092;0.184628470412878;0.4609168730831872;-2.083429903438003;-1.8495340470407262;-0.9265565139832987
571;0.37351662390191215;1.563865295151057;1.0953118991589712;0.2632239583663706;0.5316450745436855;1.348769419975376;-0.8760184713035719;-2.1269610688884892;1.4795961681634797;1.6548514124477416;0.4224225639837913;0.3002826910868183;0.30864339932619966;0.05534221885727563;-1.0654678960624924;-1.5731282515357294;1.1138578145584612;0.515906333927286;0.5695632648873133;0.21344559348263;1.1044419697934267;-0.9721431772007298;-1.905489411776258;-1.3133918148481547
572;0.02552495703696845;1.3047017021113312;1.6577484127759;0.8427686202956773;0.0655065338433227;1.6022044100305621;-0.14481908416553071;-1.7694980662310258;1.0584724266601933;1.7206330586903535;0.25101861905354483;0.24814515245304936;0.6979214263505923;0.6874897326053221;-0.6098231362455226;-1.4694696631690731;1.3378603549037678;0.6928609011064535;1.1208855443825898;0.5173023427751176;1.2818018312469333;0.3146238390383828;-1.6674551041648804;-1.5102727496635882
573;-0.1516051351144253;0.9132214439031717;2.009116385056909;1.3184004335074533;-0.3584363914396761;1.4974217549217559;0.6458643959349571;-1.0520662091414485;0.5068304601750866;1.6663477707093066;0.6819863526082923;0.26171704041137867;1.0343266671532343;1.1365026272792207;-0.28609998002136783;-1.2899835079988196;1.5623941755973718;0.7200360016339393;1.5641489646694204;0.575616856591926;1.057579800612328;1.2368523153686952;-1.1951881869388457;-1.50164412970106
574;-0.35194559318936736;0.3133453669826189;1.907521595701406;1.6320252561290767;-0.2412275729259886;1.157487763597072;1.32477716683461;-0.1396205725192505;0.28753939964025665;1.3124734360355315;1.430935265103897;0.522974185244874;1.0395145188124946;1.3726185821064532;0.09950467193723757;-0.8586923231244576;1.4551177522084928;0.9889542360791586;1.554028782368618;0.6491568682842647;0.7458956155781749;1.7353384293524012;-0.5705448996228573;-1.4478766665836897
575;-0.6032097058520244;-0.33379142467467554;1.382651978957774;1.4664571687267687;0.3210362380565143;0.7776883701630531;1.5897623989314316;0.5519854518520478;0.12069367063611008;0.9193016795705381;1.9031420817463245;0.9122338624852702;0.6929537409897497;1.2858128054006284;0.7858973956241185;-0.015942069610661216;1.1887465874034602;1.505906249953292;0.9575170142543147;0.8932370338796439;0.5475983718862736;1.8807915939738853;0.24054834531581065;-1.2697536596035368
576;-0.7937055779314822;-0.8621596970938687;0.4428023948907762;1.1984344897731243;1.1245556069971387;0.2536457368908469;1.9609590553421679;1.1993590617634078;-0.26749532150953254;0.39834670274923895;1.8659508908020124;1.1067911833283397;0.40845844505026396;1.0091514874232828;1.359822310073958;0.7607185098353723;0.7447364921025921;1.6384340083935425;0.43578313002325303;1.163378085747245;0.5568711346035076;1.5365414177458845;1.1364097498945869;-0.7243474711342087
577;-0.8247442404132193;-1.0826658694806672;-0.34643538544637875;1.1069157727398418;1.6626954002766088;-0.04068609895178883;1.9987872849875563;1.7865416609154152;-0.8367906532595458;-0.2172535851995204;1.3327611510022688;1.2864833419930763;0.4338046745318651;0.6658835122893135;1.688469916336125;0.9191198688779225;-0.30538109156769494;0.9181705374664586;0.36613548422652464;1.252662885895999;0.6578375207356677;1.2106357700867523;1.8958220545342035;0.16555177553027897
578;-0.946511492978158;-0.9660600810056231;-0.8038322077656916;0.9704954787241619;1.878299827855372;-0.1705401231606839;1.514875695290368;2.0202674226649546;-1.186644471269935;-0.6761139304351738;0.5883160900865476;1.230071200218879;0.5061601998292815;0.5787275647258499;1.8457793456853637;1.131705463299624;-1.3664896883440913;0.1275661334763507;0.4717719116677029;1.2517256674802615;0.6367442813659075;0.8676523630107228;2.4846201636316967;0.9327973946078284
579;-0.9418367748989009;-0.710821947017024;-0.9502445713388161;0.6324789658443299;1.4821943498107861;0.279688542860355;0.6497949963393012;1.9446916386666233;-1.367027215742018;-0.9847726491054746;-0.09758396626803564;1.010127865474495;0.7695852410996065;0.7322699083516404;1.557253927229034;1.4153387409633083;-2.3842571224016096;-0.32729997675752137;0.652571989617616;1.0573005943093867;0.9225693696568803;0.645921239599185;2.424141844931499;1.4935918328159081
580;-0.4829557418228583;-0.5922343287308544;-1.1142068145981399;-0.06436786093023146;0.806928810657902;0.808366407795346;-0.2424332508597924;1.7638595436549367;-1.3962337038420336;-1.1180185928947497;-0.5949388169404586;0.7476013796443346;0.9778467635438381;0.7302315750324607;1.058296555750439;1.587976240237402;-2.921955580977929;-0.7360593873670476;0.5773219004472728;0.516108522399392;1.2750304529505554;0.4327446519566653;1.968454158927278;2.0262310070800167
581;0.05803409065618011;-0.6513430281056118;-1.2131567990595735;-0.8891221343581843;0.34984874808132643;1.3381463270986733;-0.5325970147413414;1.4043899078903246;-1.1744504649788745;-1.1628619062534356;-1.1900017040458544;0.5780465379286498;1.0499298889095856;0.5823070714952382;0.5942856412727368;1.6998673787214147;-2.544105539377946;-1.1485481124251204;0.3069907197826788;0.005292863209883485;1.0448977534891868;0.27550603683548347;1.1861773437406926;2.2710961524451765
582;0.2755044360462335;-0.4284047313854081;-1.182481338315646;-1.4363246801353242;-0.21517076430968438;1.518362453188391;-0.305365315996574;0.8381454164515395;-0.802384271387961;-1.0983652759143454;-1.4558524409446225;0.10832911178824342;0.9862181438005899;0.41887986598485316;0.16057198359317126;1.500470583535138;-1.4217288950274378;-1.6495082241045969;-0.19439224377101338;-0.3912345112911566;0.5627336635409163;0.38684407160793294;0.3094151889079486;2.326874659353001
583;0.564434314576798;-0.29146520653220903;-0.731821169868022;-1.7227512276746155;-0.7808517638658685;1.1927387083362138;0.185414971850648;0.11700534833491866;-0.193239700153616;-0.9382431430466971;-1.3826266084914258;-0.5466843518106659;0.5399172214519818;0.25869722240720394;0.06124886393894274;1.2625815385655281;-0.10262831559601476;-2.1024642714549793;-1.0790454911564151;-0.5986215928854496;0.1462909001873232;0.49848677330520186;-0.2758454555443745;2.104417165419829
584;0.9887467950385531;-0.05059005944022225;-0.3322288471843481;-1.6479405186853124;-0.982934707107748;0.45513162071170665;0.6440528366042891;-0.47297090944905645;0.7091098975683902;-0.7382636789533684;-1.1638689399761073;-1.3411807196560988;0.014318104999621275;0.2018205496151509;0.2020802196296756;0.8234210758338893;1.0687140118896084;-2.226228288350576;-1.7084047915822282;-0.6162471708381804;-0.1353135916516275;0.6783872097790625;-0.3832306519100937;1.4953936152384313
585;1.1590675820480776;0.30074071153806264;0.03582448890692063;-1.049983866302055;-1.1378021821860873;-0.32637907626370133;0.8807033713827908;-0.6301993260203451;1.2347882853935492;-0.6129167824281324;-1.0436249563213496;-2.1498725960337115;-0.6122424033162056;0.3465566128951453;0.15650998569804103;0.2320878530799127;1.5983374097290202;-1.849316450492816;-2.0565251245880867;-0.5920792509052926;-0.44216829839743194;0.6425149811032219;-0.07638944211811316;0.6587768847936888
586;1.1417944025765947;0.7611825523842205;0.3068630208144394;-0.408717304375519;-1.3031830848182484;-1.196596188292219;0.7640578728027686;-0.6184165960952235;1.4038357844141165;-0.22752245653402833;-0.7920291446023234;-2.104104864694551;-1.020040969926743;0.4975644803107413;0.16467713400014639;-0.2994927154106046;1.6382059514541627;-0.7889080843741497;-1.8161811997545547;-0.595536862661509;-0.8920103816509841;0.08815680633254816;0.16684825603606374;-0.3033171540413801
587;0.9590548878153426;1.1136792935526005;0.48774909505805264;0.08662731058000063;-1.3542649148285975;-1.6556064603296368;0.4966812450868371;-0.4717126252963448;1.242917211393955;0.4642459705549313;-0.30784003058044135;-1.3686855192142746;-1.3633928995657;0.170277519476034;0.1452977523577195;-0.5913487909014324;1.1367862688896087;0.49892294395895737;-1.4871951213860546;-0.9304714185296497;-1.2542733947883757;-0.47326203007195805;0.17915099638626755;-0.9420213695257335
588;0.38198731596786617;1.10308853929762;0.47055041869105374;0.2890718893157783;-1.2849889509958325;-1.747600837882639;0.11334718928958258;-0.024558322233307346;0.6295626853640923;1.1345632208144143;0.09604736771266702;-0.5230269148579956;-1.610954875953227;-0.5498940332886461;-0.04372822885200196;-0.6413129444206401;0.4960131444071532;1.6420384594182162;-0.9976676907979586;-1.4456401006211732;-1.2607741692268164;-0.9063445672643066;0.04965074981065686;-1.0951785706169512
589;-0.43339925738157503;0.9113770499933757;0.5052106605110398;0.4991402704865212;-0.8396809272340776;-1.3615260827283313;-0.709083853065848;0.48735740381935816;-0.15279141382142306;1.4674292088384058;0.38425996587731287;-0.1370921024013292;-1.5677348294827744;-1.339846707697506;-0.2390885659005408;-0.4022782177839017;0.41407167153358676;2.3516915470740667;-0.07175839681548803;-1.829785638726228;-1.1421705704135448;-1.1729090417932329;-0.23446041901747633;-1.1485114214859242
590;-1.2687400968402913;0.5881561595604511;0.6517034086422656;0.6223673679596514;-0.0916836860931485;-0.8412315455902464;-1.6433519222666353;0.73062807861851;-0.6951309693161352;1.3357228806672679;0.5522122379464233;0.01140286403818411;-1.3787789231842484;-1.6706032996494249;-0.5188742234629319;-0.06040973166331877;0.4714982402496663;2.44662922723448;0.5590410187519511;-1.6284451819932397;-0.9481657540868318;-1.3760672823994982;-0.42109751542443746;-0.6287407081757629
591;-1.6368319125749458;0.09441194084047837;0.8652524280050282;0.7722806049194761;0.6669926130867279;-0.5920326802096445;-2.050222892945859;0.38607088613400736;-0.9857880409939734;0.9368205925791112;0.8256445041511095;0.37738884980518417;-1.091596477248988;-1.6236246012654494;-0.8329560322607604;-0.18631563336852378;0.281561696319511;1.8819249473670698;0.987590144853943;-0.7844108505157642;-0.6833203639281235;-1.4183565343339344;-0.7567154051636139;-0.06632265651765881
592;-1.2530555115312687;-0.3216990947938741;0.9059953548771525;0.8967147743769853;1.2233361859167187;-0.32387872571499154;-1.7910187144167735;-0.4378557041021344;-0.5858764629227244;0.41289445288530346;1.063446879305413;0.827946972908748;-0.4798404957589479;-1.5150126051085855;-0.813605439450458;-0.29003185812618404;0.08754118907949154;0.867722882470266;1.6582829112204966;0.1790533865025769;-0.6882171455051017;-1.1867885084843528;-1.2442797388728168;0.0061386814464780256
593;-0.7019679899923236;-0.8119473355886687;0.6382102908276865;0.8090723673249376;1.3301147419394133;0.12396399242471512;-1.2321184360862882;-1.2887099344661752;0.25667072834492893;-0.011171810429168426;1.1910880415304381;0.9744777819951987;0.5191419587017435;-1.1315370723259564;-0.933834356295655;-0.43768988468751696;0.0846221093465616;-0.27206783196483947;2.4545206890769964;1.0602710585270994;-0.5629688041852536;-0.7779216013315302;-1.3398349346121552;-0.14144226898339216
594;0.06027750716765014;-1.128241830298258;0.11576218653847481;0.40549814627919495;1.0282212747433797;0.56116782190149;-0.44913252782353913;-1.8215424507900773;1.0232053791405042;-0.569466606125763;1.106811664340429;0.9516391706052453;1.2091921191594408;-0.5523376218477116;-1.3033347064468093;-0.7735513749132633;0.27228978991337716;-0.791438909440314;2.689274663774446;1.7030035935375678;-0.3002334770369665;-0.44476121307015515;-1.4186961607055812;-0.6710480698637825
595;0.7444731822648291;-1.1879395018111802;-0.4844446887641217;0.15019589504400213;0.61599421568095;0.8484108449896731;0.3321486617692991;-1.6089199377680905;1.1712938337054233;-1.0709001051193197;0.7545505715193926;0.9719526697160219;1.5708965912723458;0.1409433357921381;-1.5085654166910032;-1.0096535564517952;0.24015793480052225;-0.6287494185651002;1.7591870632468252;2.069108363736205;0.021273614322495277;-0.22155322645323097;-1.3346951086915781;-1.1498705095768522
596;0.9799974833767385;-1.1548021384683351;-0.9455596404928748;0.1471856673912219;0.38844967921269946;1.2350982221561904;0.7793416187016011;-1.2268240595071196;0.74574640077639;-0.8856227238382957;0.18360370566948714;0.8200425458740511;1.556269136602071;0.756306504451061;-1.2764210242240293;-1.0728452543135176;-0.06918740938820078;-0.381099710897996;0.3750587164673964;2.147636167728259;0.6254842282927642;0.03268900850242188;-0.6989249159659946;-1.3395549054818061
597;0.8888292432417976;-0.8147107750586737;-1.2282055263709912;-0.0162715293229163;0.21658983587733882;1.3762869060988827;1.115383445846252;-0.6955357086189532;0.047676202300354666;-0.28854949367415206;-0.4728195252569851;0.7425399264046639;1.0380595791341451;1.1236243175648988;-0.5483199210883192;-0.9477453471972898;-0.5992055907050563;-0.08593403503551578;-0.6625358409688695;1.6897604815166403;1.503158220416942;0.4131272929058753;0.011528296418669324;-1.25559886904082
598;0.470417992316864;0.023752446398700403;-1.170373962566581;-0.18752896610890193;0.03674293948841724;1.1226993634055418;1.165876989988755;0.030156723673419865;-0.656955898497978;0.3377096933945809;-0.9598091505841309;0.4695043420375381;0.4471511802047721;1.417867779615719;0.4307984344072164;-0.8501428726139814;-0.9705541967187669;-0.029126120039071796;-1.4441033463180386;1.1334394812754813;2.19429632538466;0.9045119478264256;0.4092007007671623;-0.9303573523131333
599;-0.12616654053366538;0.9113751284106388;-1.0366893320590596;-0.7234999799826086;-0.13366197679510763;0.7403260920665368;0.9960546460040137;0.9356582476461468;-1.1956600336769736;0.7620138780350995;-1.2263720407033554;0.09535221973470144;0.26399082100076904;1.6066180851659495;1.2646514107511115;-0.4849415023728594;-1.0988368699019209;-0.2821534036371502;-1.8204884000560377;0.661742391326202;2.3031067486727674;1.0960112777237085;0.6594831640681215;-0.3576064511548332
600;-0.40945220911174907;1.3405501652000935;-0.5471680953122817;-1.1026191577262563;-0.29315875017920523;0.03137347395333459;0.8697619441690416;1.5983827741750487;-1.3595447395521305;0.7662592292043594;-1.0060881387029932;-0.37906760177841053;0.43839281436190336;1.505917354661401;1.6705140291100466;-0.15705191480880004;-1.0091010877889328;-0.5498768697161595;-1.46417013938342;-0.12598382665668797;1.995967570129914;1.1086306279059466;0.9476183203692856;0.15791456213461955
601;-0.5821667069399041;1.0653882429729562;0.010454539035949749;-1.2109296832137906;-0.5854808382170995;-0.6329107841260401;0.6977227353581258;1.7366577753507138;-1.2208455211063973;0.24898968402736174;-0.38088562074686066;-0.7651005480479971;0.3263294378903593;1.079553301270655;1.7941825561317901;0.3910527207421802;-0.7862492592351671;-0.7307941341767522;-0.8161821861182896;-1.0539064783206233;1.1059019966917125;1.3054794742303943;1.0547754171159114;0.6241339541294523
602;-0.8747279256604694;0.506109573013182;0.2972644026894192;-1.1714557084967452;-0.9430115934552662;-0.959182061192654;0.5608615106198451;1.5687008794066326;-0.8639295140730019;-0.6753361616232191;0.06466993888812991;-0.9640128057121241;-0.09993881461745142;0.3873021851192075;1.4553210783290322;0.9737414457819272;-0.7900944855298654;-1.0243730977040655;-0.22450321432533402;-1.9126130067685039;-0.08226463347526007;1.6587510028343497;1.2148210028680881;0.9690869133947568
603;-1.0468671337937505;-0.28103694040867644;0.6424655343821774;-0.7623792137131894;-0.8803196076097404;-0.801471694715056;0.1640109189961135;0.7964103713049827;-0.5111534348195587;-1.4470531422223774;0.2533119028203086;-1.2952772304247495;-0.6676257720085518;-0.3434609196577718;1.034179100179635;1.4271644153697332;-0.7182292508374756;-1.060451084586762;0.0713279289221024;-2.356544845673501;-1.0309785015435902;1.4939871289583189;1.2366116363302253;1.3813334694837442
604;-0.9057234720152155;-1.0386915805080326;1.0236523532688104;-0.1750700212126447;-0.79049441083988;-0.6138894602691508;-0.31179889932588356;0.19197355835542562;-0.3687280571113361;-1.8812954874389356;0.2727442436354017;-1.1818416144385846;-1.0050675846302706;-0.8363937153370496;0.7997593168602479;1.8024416461610457;-0.6212752651624347;-0.8653924838192629;-0.007625163850940332;-2.153931357214693;-1.5407148310285916;0.9407573136907488;1.1261285630796383;1.5822982025823846
605;-0.7466605346402125;-1.1897421522917213;0.9689558576477324;0.5236356554758086;-0.7336439726196574;-0.632395930794335;-0.940261282546401;-0.15366472994745606;-0.21902099502952602;-1.6262415360243545;0.13228701679306942;-0.6496015292207412;-0.98644041349166;-0.937791193340373;0.2558776734911183;1.8489523975984365;-0.47330301574742306;-0.8970884650850703;-0.49836498678057645;-1.3895914899412862;-1.8442992449019076;0.18877040557483568;0.9052440169996407;1.3515470242479342
606;-0.37615813896839234;-1.0098533953146462;0.48541383812868016;0.9655010373587861;-0.6206342480659238;-0.6139355045890871;-1.2872723236806023;-0.38890399226651284;-0.20728368697104338;-0.7978399104118129;-0.20209849059731247;-0.03938928737970595;-0.9047327763112102;-0.8335270554915055;-0.43537217447042925;1.5466029024710446;-0.38174313801979404;-0.74534031535322;-1.0441904917445808;-0.38777277004531013;-2.004898855082153;-0.7892069624732881;0.7262617722338752;0.9698011440150944
607;0.17683397824647543;-0.7899152048665891;-0.19102330684013352;0.9167560687180004;-0.32268223993498496;-0.6131842373249878;-1.2926598145572523;-0.5336149268203557;-0.03246697060671963;0.10698864945668059;-0.9327335338934394;0.3391686218405768;-1.051154665094901;-0.6230861703677817;-0.9598777850076706;0.6380687114625083;-0.2728281139094416;-0.1451722226085492;-1.0994697373559092;0.6462564215160455;-1.929178663354453;-1.901548895875103;0.3252991941037015;0.6387307777128863
608;0.5514875256263851;-0.5414726958379069;-0.8927089127949879;0.7706377136825735;0.12198818421973023;-0.7262918165339561;-1.0284792123248274;-0.9241330881705917;0.17155650112668433;0.49167248151861803;-1.5714499773808532;0.40664803966441676;-0.994474556367695;-0.6093274495598882;-1.2221954360905978;-0.46826743653397995;0.21908202415575706;0.2911513598118897;-0.8270084528561609;0.8590767442380767;-1.6513598857965077;-2.4969407303516498;-0.34703995938349697;0.28750131969784415
609;0.9619969855806041;0.05746981465492678;-1.3931319801867033;0.4278901003426804;0.650447556673718;-0.43480274402555663;-0.7213913574603807;-1.0596878632547098;0.5461564050117698;0.7138261413081836;-1.5090201561807057;0.27723137157594374;-0.5042789754237184;-0.8282816765173475;-1.3548308336173094;-1.2233766304017104;1.0742238944558533;0.4689126751185515;-0.24470488355590433;0.19088035154661537;-0.9592144894990864;-2.626406851517923;-1.1142861859204312;0.04844016097957548
610;1.4085248314280814;0.5302427584981407;-1.4058694447139077;0.07626126258749963;1.1306385182010807;-0.018491854129051417;-0.1880570201699132;-0.9998503405174985;1.045533097128097;0.6962123154563652;-0.8134820600542396;-0.17566074333368986;0.12085033730594956;-1.0367019967506566;-1.27560572894931;-1.4753238264416662;1.7764670426021623;0.44201119560951646;0.20510687046668874;-0.37815215285747744;-0.13465967869005638;-2.1228893019109747;-1.574897781091468;-0.2903807426272224
611;1.7448692287974181;0.8189128862346754;-0.7945623968422337;-0.3607033995285537;1.2203657940111452;0.3360842768716524;0.1659990162948166;-0.9818615517713531;1.4624793037267956;0.6889175675822677;0.33240317425114463;-0.5599935770929885;0.45614319398590114;-0.9835718563374788;-1.057842926851913;-1.3437812891436152;2.209655900100923;0.6055088826444863;0.5024937847904574;-0.5388508194717948;0.560644598504293;-1.2323499701808787;-2.0431146164196656;-0.7437780501354219
612;1.6154444595233488;1.077270494233722;0.1851823279070319;-0.7371599403588277;0.8285655637728202;0.7389172346469431;0.24512431357635514;-0.9513713825331691;1.7848444327930248;0.8387362230319665;1.3392455517313306;-0.869084979659458;0.6070217398738906;-0.48973484239247417;-0.6146681551928661;-1.2225421468945312;2.3446533778779304;1.1628805897019876;0.7804681910606889;-0.4213107222498734;1.2563044430904442;-0.37686118165713844;-2.289870940671588;-1.2041442426127704
613;1.045139775839154;1.3447782811994822;1.0953844823988945;-0.9232977164544853;0.16433578041343672;0.8329373139245795;0.1486952911788077;-0.46496155481537366;1.926560714486429;0.8493604902245584;1.7841540711744464;-0.7180473093852643;0.5507275366959669;0.12699911190222105;-0.08499820948145852;-1.2483497428656176;2.2455716715399294;1.5690498041433487;1.0908456679582617;-0.26532323263498003;1.4522831631307591;0.4021322923229121;-2.166071438355739;-1.7429891282039147
614;0.39318707291794747;1.579583600095318;1.4013591321509504;-0.8676662954443073;-0.3024827016156025;0.9160353274414712;0.15446516647606176;0.15530195258824675;1.6864310307716979;1.09932792375895;1.7425026152800225;-0.10248092541413723;0.34948183358948226;0.6643983493924617;0.03375258697991738;-0.980007829757913;1.6478930970586585;1.8275970897529192;1.333922328579217;0.32175062564970275;1.0059687313821328;0.8161407281178149;-1.6710999316588533;-1.913021892279145
615;-0.07500519199107777;1.4196152286700623;1.3443570979106103;-0.4490333785088803;-0.6619851265285517;0.8794329530638787;0.444215362511967;0.6338942570535926;1.2762287054411896;1.4270873841205427;1.435843079290143;0.5990087503550745;-0.007668805186832916;0.8593206377900312;-0.06054692441419145;-0.5633921455777907;0.7815097941310578;2.0346835055010493;1.3697571181297474;1.3263359023775043;0.1572232668691121;1.161795689637468;-0.5262774297514684;-1.7839543334202894
616;-0.36983027608723795;0.9002125144849552;1.2940067344200825;0.32978791379570055;-0.8456872559850003;0.5829220376131143;0.7899608601193983;0.9442105190529485;0.5004210325806486;1.5512380973997624;0.8538151888924757;1.3510543762399534;-0.31958025758676745;0.6562232606035399;-0.07768122532945211;-0.19984473657631135;-0.17646738231749798;1.81815944301831;1.3612462105325671;1.774385611903899;-0.3918619407365086;1.428598396945722;0.7608271970363423;-1.5471415475445758
617;-0.568129088606796;0.43544212816674255;1.2842312896917185;1.1999241537001042;-0.631590176810082;0.10263322633650063;1.0272042983175604;0.9566697781166614;-0.5358116584561043;1.280658682975643;0.4459901605908119;1.95291619984298;-0.17766107392024627;0.6302324591297778;0.1597733153289679;0.2938213313004117;-1.0017886898334167;1.346638936069874;1.4674008425578364;1.7981455021605932;-0.27271023215798174;1.4748200268323772;1.6053571014216208;-1.1491300631639505
618;-0.6788085473831917;-0.13885548250748259;1.0869689484716605;1.9038431277477434;-0.15475140267727036;-0.23966141787701095;0.9541727623482603;0.6859167871265233;-1.376795911808128;0.7857716953078072;0.49969026696362656;2.2164353981776364;0.17590213777949912;0.7691626234943143;0.6721226916502329;0.7129551216862329;-1.5202046830312566;0.6423415742702888;1.3085629436477717;1.4447727544748206;0.3591258583218581;1.3309764705489329;2.075667427244754;-0.19766628860626276
619;-0.9509940212580557;-0.6687413256649002;0.5817967174699833;2.0800136043908517;0.3565529477959722;-0.6511147199034584;0.6645785879086284;0.5429669979593936;-1.9691533357892481;0.12778983821534418;0.7640796750537049;1.9251401091755034;0.8588471517309691;0.6167963770801707;1.1677949741384663;0.7847298218482287;-1.8250680634362175;-0.45078221019866105;1.052676623308136;1.1376487944583984;1.281869690750826;0.9873397845281543;2.082449462619466;0.7907334532946452
620;-1.1609202869388349;-1.1274770336649793;0.14880513138075172;1.567181884054759;0.8459129455439198;-0.904739854355292;0.13907413746895272;0.42760553214724734;-2.0210477518532723;-0.6832892473871806;0.7816800294814741;1.0417019877250433;1.5705744129386943;0.12969233361314667;1.2838458728608466;0.7930665658531056;-1.956921371440504;-1.4558382074650622;0.7117611300486992;0.9469320226530773;1.8828384720177072;0.2989600416931412;1.7645922332511133;1.5941988628842054
621;-1.110047506175543;-1.4506146532562245;-0.4305886860010531;0.7602556224064867;1.2050735403446935;-0.5293303868179189;-0.21704530619973503;0.4160667521611092;-1.7765155671168458;-1.3900716353653537;0.4225138171685361;-0.10858547771681978;1.8625862882621165;-0.10617479046352013;1.1942262582487724;0.6999640756447579;-1.7354453563335301;-2.2256152952796127;0.17896670473147708;0.6224963876489663;2.0829395048086408;-0.18923646878462516;1.2426875543837368;2.2677254110804363
622;-0.8790904994974115;-1.3752193696376651;-0.9531891318633371;-0.07458453079904866;1.4908192847000723;0.14994708288271544;-0.4668639132438236;0.47829786280779496;-1.320243791247872;-1.9818547132001327;-0.0660090213014585;-0.7641928164516502;1.7214755784956426;0.29014430819744386;0.7503384809523811;0.6859297150458035;-1.300278251833274;-2.3960909399841266;-0.5767386594031817;0.49026154156562995;1.5757127593372138;-0.07834706386502036;0.6571844977136575;2.531845131560591
623;-0.5556957291662272;-0.9924026337793461;-1.277310273014008;-0.6053996542455086;1.6175999264068448;0.779229464793286;-0.6153037470680374;0.4744648356186152;-0.8617792302792016;-2.222780640147348;-0.8562718457428804;-0.7500372168688654;1.2888477084837242;0.7741795366226816;0.2173929007465258;0.8910265307506664;-0.8605888046650534;-2.0713185861553463;-1.470156918389988;0.08325702908639239;0.7458777090779194;0.44112625839240327;0.3824212799831934;2.3136233482792568
624;-0.27772643908023054;-0.7876932794433688;-1.472452091862652;-1.0000077085893324;1.2822388320193583;1.25425099418115;-0.4972225089669684;0.18725682356702816;-0.2318073852257798;-2.0807341417252156;-1.4302253686082924;-0.35258024118248615;0.5500257143443906;1.2174429597296061;-0.025265665704518166;0.8630904576175559;-0.35965999416157424;-1.6563478020209979;-2.3711550758648166;-0.6002461663297514;0.004868741070210897;1.1107646244429206;0.3046979799428274;1.7842742830284442
625;0.07058111605515432;-0.3436018873669837;-1.576467950333707;-1.1467542216147697;0.3265138517695993;1.454968030687013;-0.06642696065268934;-0.19273880369611257;0.236165462600101;-1.583468285062587;-1.8667990169985602;-0.31557995196283306;-0.56323540503346;1.2942907659266891;0.018245310218489526;0.9081062535720107;0.15052118453000427;-1.247864921048205;-2.664492756987331;-1.1323041460406014;-0.5259423474732889;1.5317803368163663;0.012657648222600036;0.985370968891356
626;0.4213469532518203;-0.18803936217932307;-1.358240385346873;-1.1446781739378906;-0.6700667057772521;1.1761084356722205;0.24377639360951545;-0.6045192851803092;0.49950577176555405;-0.8427302264202078;-2.258517903788718;-0.5486730695214643;-1.3882220962293954;1.0394918787248024;0.27247312509634875;0.9153118911162516;0.19208607741189057;-0.5902898087126807;-2.305568804507148;-1.6287471380126548;-0.9672278470448801;1.4757464182780853;-0.18005542929046311;-0.03090964077668073
627;0.6636890330267203;-0.2540259086441408;-0.7253669704534896;-1.4369298719180672;-1.587952025201433;0.5975410969934503;0.6725135766964713;-0.7991513270177766;0.8175691546266594;0.05980781363561478;-2.099435218388865;-1.001844068620698;-1.7339934982907508;0.5141973729633095;0.5401874612213209;0.49456940020688234;0.20909074672246417;0.06910299184623146;-1.8707521464277992;-2.0876358943581477;-1.3020862040344967;0.6060974634103424;-0.05502655742695337;-0.7073540537025728
628;0.8735066767137623;0.10715413529360392;-0.10783094364563377;-1.6363228969093249;-2.0893592527509495;0.11865175223076448;1.076208408420528;-0.4635608981189504;0.9225621656634582;0.8864810049047838;-1.4413207601011375;-1.6153119935234157;-1.6643265951676156;-0.2020149495859393;0.42508563660239007;-0.19335164152408357;0.4225678852115128;0.45071090035085715;-1.189842070193443;-2.221776339417564;-1.5002865440780482;-0.6956974523447593;0.054636325828216765;-0.7895431580085306
629;0.9118895669268317;0.6835357565328436;0.18680234019212777;-1.2160519539004804;-2.000828293739653;-0.5238639864250615;1.1822956800008668;0.05943143123848591;0.8417132209711713;1.147378448934068;-0.5830844918994272;-1.907941331958971;-1.3841534561846536;-1.2232257533600943;0.2869546009149991;-0.6541256501316333;0.5924718996656806;0.705497063423449;-0.1607015706793495;-2.188542364162178;-1.4288804836687545;-1.7976639247815607;0.22669327398269057;-0.548622055972209
630;0.7162441568389384;0.9686340498945097;0.4126990364746716;-0.6213092934606902;-1.5494103497809444;-1.2909234118154607;0.7815496919732389;0.5381352446785227;0.6820492288002363;1.2604281881516055;0.15913281630006387;-1.9593468596543666;-0.9262591851539406;-2.015513402311162;0.1967727683729642;-0.6195708012633646;0.7712339781059029;0.8399584299522598;0.6875681753089978;-1.8060500519829468;-1.6028931426592359;-2.3998815905378184;0.40238303510551965;-0.3670556188844809
631;0.6812192116655521;1.0058229739865865;0.7932524062757349;0.07428186849204092;-0.896625295869667;-1.8660417805698344;0.045159706660185345;0.7381121225618399;0.514844035458235;1.1059590291517578;0.9108398366479413;-1.4563187940054299;-0.5354729627506458;-2.2824195028155807;-0.08437886993035366;-0.2866196811535987;0.8822077546919634;0.8896842224222347;1.1677796681756663;-1.018394456668456;-2.0886366004126335;-2.270965443830506;0.16192751146916162;-0.25952872276294636
632;0.5618403547546768;0.927837192586632;0.8931616742950979;0.49687713786048415;-0.4391621021156885;-2.1407929834598867;-0.7209866541890962;0.7383927973942016;0.4450053512310083;0.8911986148058312;1.5298744338982913;-0.5618523641961881;-0.5985656837380553;-1.9928399157340644;-0.6908284305143034;0.08170899624741453;0.9199337053999563;0.9047796070774677;1.2868663557168667;-0.024906458554316967;-1.972805880320998;-1.846275074615613;-0.7552675014627016;-0.3089864931234529
633;0.16091642871859693;0.6841859409182212;0.7618740504940906;0.7394895672766995;-0.16518100818299472;-2.0373873677979386;-1.542105178471261;0.521045239936557;0.4648862634134021;0.702716708890096;1.784197348722273;0.478823683229776;-0.8795190871479196;-1.5313314141801952;-1.634176661999874;0.05025765992333926;1.0083593284288286;0.5686118600556991;1.1241044177713257;0.867676212354816;-1.2686819475055096;-1.4224016964507094;-1.8038400499591893;-0.4002774715234264
634;-0.3134614554217431;0.3322886687653997;0.6577181053049317;1.0582355829782453;0.1470287140764246;-1.4957345631777026;-2.021116628954592;-0.011495628176636873;0.405846506352755;0.397818621580885;1.6975559762394636;1.2499987453036745;-1.2619010033199878;-0.789713767098295;-2.329625743042098;-0.32857757201385906;0.9196255416659493;0.5386983063048567;0.8995951324519452;1.5669799608469805;-0.45139639885807065;-1.1051291009161048;-2.7685319934039647;-0.5450522520807001
635;-0.5837758484722819;0.19925587006848264;0.6167178771684743;1.2618532938943614;0.4685840464511368;-0.6195544131407262;-2.015075758723416;-0.5949312692007928;0.13424449397749366;0.11211887847625374;1.1909105309310308;1.697247520248938;-0.938695600704566;-0.10715312716474963;-2.3421132010739316;-0.7377284722628762;0.3810875094207676;0.5229445321166946;0.8904052463930139;2.0305776520674006;0.3243975217924307;-0.8041487167070288;-2.993662400993772;-0.7999868158914175
636;-0.6334528681379638;-0.13052357504434642;0.6566340011894387;1.0842910024930839;0.9236895150516482;0.526022640781172;-1.6653822589541758;-1.2503352996968597;-0.39738913673941056;-0.06930519385787119;0.5353723850780707;1.9285807846169727;0.07314814025309105;0.24365490393754846;-1.6721596227136708;-1.3087082861128558;-0.47655275957414023;0.5153411127106452;0.6826462952158999;1.9336262297947693;1.081116278566423;-0.5481886651041519;-2.1859380323242545;-1.1753005189790642
637;-0.9076467034558556;-0.525860942281808;0.45650604488618873;0.6550094852882878;1.379430740409611;1.2754476154548542;-1.015998796610518;-1.7355268972237399;-1.1956526959461624;-0.31141270898763485;-0.018228478977774572;1.97755403584138;1.2711135843233101;0.3295104366270788;-0.8849512612619088;-1.7345336713267767;-1.3515867452535035;0.4062525025016606;0.5516257351019977;1.2375846187297623;1.7584933304912211;-0.17178924606805568;-1.021339846710879;-1.5367813712552576
638;-1.1724979520832373;-0.8364016822729453;0.012491601976267815;0.275732900105749;1.4441206952342056;1.426744156236182;-0.4724938031182839;-1.9250195738476168;-1.6979849427187712;-0.4242312570364045;-0.41556389781681624;1.3865184764909624;2.0206175700595024;0.2945034727426086;-0.2415453132491109;-1.7616379839456395;-1.671279651524613;0.19774336698998504;0.19942811811523;0.6221490701014691;2.076595811116783;0.5063610534431818;0.12347331032944851;-1.7952712008393117
639;-1.2346437072676526;-0.9901361461021733;-0.5133083469052451;0.056486722864135586;1.1613907029588388;1.3045169404454091;0.18014356514655072;-1.7145778933444076;-1.673068772365068;-0.601567880243541;-0.683059305838858;0.503773697441931;2.289178432950772;0.27748780290616903;0.48278857217386023;-1.4668690698373459;-1.4603685454931727;-0.297075069606467;-0.13360278814546347;0.2747966383452268;2.01158623287578;1.1888525421126974;0.8917842978958137;-1.9949259521942495
640;-1.2947215458980919;-0.9614026639393342;-0.8821687570569844;-0.09045670086216621;0.6033422515088627;1.0209259538013344;1.129470525264441;-1.15382808671945;-1.36943588559934;-0.7773338853312203;-0.6578563203857812;-0.1497079491922525;2.030862368048249;0.4327991662121659;1.2566831712367261;-0.9467666254131295;-0.8429278398848907;-0.7682754286603545;-0.10779755209534984;0.08507119409096783;1.6678150105292315;1.8616714698005024;1.1809980325186062;-1.6515551769858068
641;-1.2301906504888582;-1.0950016352061545;-1.1787151516617786;-0.2814530035303837;0.12291660799818951;0.8526160376889724;1.798312641681947;-0.21275376096900628;-0.9398945900075024;-0.9636020670049968;-0.5829720816429703;-0.7076056464253413;1.3769258044306576;1.0082390406689519;1.5426265527663923;-0.36663424254032434;-0.24069648343099265;-1.1519567465002232;-0.11887778463084848;-0.1946617122764818;1.1291070472709097;2.197943069025278;1.2681857011224218;-0.6611677930559722
642;-0.8468763493402782;-1.0547618745668925;-1.092262819184499;-0.5176347857592296;-0.2797760595467218;0.7852921448606027;2.0378914752995563;0.8114829296116362;-0.5524489117133925;-1.182264352036362;-0.7144141877395557;-1.1114794151444802;0.6493517112426905;1.7051291180437513;1.1938538271809256;0.4496545795217162;0.0700324598327926;-1.2907861626093873;-0.31452339558412246;-0.2879092520306858;0.26419614834126376;2.1923546569634618;1.2159961880740235;0.6940825971801684
643;-0.15508794025317976;-0.8262413884893961;-0.8285785429954667;-0.8486367036829172;-0.5546517245406101;0.6584190997884493;1.934905177962993;1.5234586762225157;0.041689789751843814;-1.199285992635059;-0.7384982809808759;-1.29245549595748;-0.3298528722401897;2.062160069336819;0.9177863617565345;1.4188793865408191;0.5003597145983539;-1.0853212895606401;-0.4776161803958697;-0.2935478190953079;-0.4645308233559541;1.733198219172312;1.309856564596244;2.008107308697732
644;0.7117887667065752;-0.42713259783291885;-0.7272307732134303;-0.9732704659575495;-0.6026095294827681;0.23288265734769997;1.225764337684077;1.9721375335665516;0.8961862431082561;-1.0088871135950483;-0.785794241086542;-1.1586287002632627;-1.1490046652905135;1.845046572364416;0.7457553639534548;2.147864166061614;0.9437688315061922;-0.7430223998289223;-0.7639883333833188;-0.2953038392648658;-0.9225260014171658;0.9243901926906346;1.7062624740225731;2.817030616760122
645;1.3385905791062458;-0.10096193865611815;-0.6997562010150423;-0.9719815597804574;-0.8605586258627447;-0.26345846400787776;0.2657744066043321;1.9012735941076533;1.6477653229007871;-0.34197648716931683;-0.5984869631899867;-0.8510029356126455;-1.4834889157103055;1.161681899072784;0.7185151397954777;2.106017235841316;1.0304883245461216;-0.22657323295743026;-0.765992273439582;-0.39798808457437523;-0.9313639558538412;-0.00723480879606858;1.8697080656838863;2.6929717117007144
646;1.919714845811006;0.37487231176974145;-0.48732956392283594;-0.9505492269222285;-1.0157729038862067;-0.8513947250530709;-0.29948915290153855;1.668516678223925;2.140623751621486;0.6074318841642368;-0.4635883855084709;-0.38945258888230305;-1.503837628024791;-0.07747859885292015;0.9165654982724902;1.5930896381273243;1.0306382898531636;0.7530577017405107;-0.8078211538567682;-0.6451850531995104;-0.727444338251384;-0.6903475942140213;1.6226700059081955;2.0204122068449224
647;2.246228220433542;0.8448874082774536;0.06274238206585747;-0.8084613459030471;-0.8785542704491976;-1.206730461103526;-0.5904865781916696;1.300201671947388;2.3127344812366624;1.4472157400313745;-0.2404604586633312;-0.06920703127840468;-1.407716876677695;-1.5140309746201728;1.0797568794874504;0.9030907412719524;0.8978304674844901;1.524012101055517;-0.7580702478560292;-0.6752150135912536;-0.4241864293639238;-0.9417554817887337;0.9749774825932855;0.9491209727636711
648;2.4061989422759704;1.3482683079158508;0.5699538860666657;-0.41945291896902337;-0.512195052581394;-1.2329636326146283;-0.8262167738119214;0.6216965900013883;2.0898668297062346;2.0088464593100204;-0.006553626127090061;-0.057446455929792584;-1.0746689567947996;-2.1860967672878884;0.8637420144459731;0.4185414381167719;0.5761927421087387;1.6567083567468615;-0.2097257510261599;-0.34178978246774266;-0.13045043684597046;-1.120870644489068;0.11184362074034156;0.3863134947578418
649;1.8985535881411901;2.020601274250476;0.7959645451090378;0.28614872588344736;-0.4007020632491923;-0.9608020871720695;-0.7381299358402691;-0.19279338770733997;1.5291404586935073;2.2296997026238543;0.621217678499978;-0.04060654682543891;-0.39561973170109627;-2.030167578817326;0.2551220983437774;0.28461707455090046;0.1065415286376118;1.2167919311361708;0.5699399101997134;-0.19444943856741864;-0.19417740834621455;-1.2876794196084755;-0.7853684413810542;0.5161097659176791
650;1.3620416918900617;2.355495917243567;1.2031901655260004;0.7793535669370726;-0.3908575582835476;-0.5820233897904212;-0.7048913074111018;-0.8125189724274883;1.0134556867801887;2.0422165675738273;1.2760383069378507;0.22128785266212564;0.20818820266707105;-1.4860731467633614;-0.4704843665656004;0.05572724588410915;0.03432827504795527;0.7127591691232987;1.1305419288877632;-0.2081040442857974;-0.2711957549972906;-1.0599595527983183;-1.4116754778272838;0.436764014459695
651;0.8349239617954093;2.1919843589750485;1.6289342433424447;0.9932817082692915;-0.1826899943634364;-0.2808476075326224;-0.8542532665178253;-1.5074993399911487;0.5481219533423076;1.6776824069445087;1.759779310351895;0.4527269484249812;0.6006372006596193;-0.88762300671375;-1.499904717592753;-0.2823747260281536;0.41678424256149016;0.3618128091298822;1.4904296828928822;-0.12124857067494597;-0.3892551554161042;-0.46629700885321496;-1.6548173431504105;0.0959774187672279
652;0.4374569249003003;1.6690774142950715;1.728327177314946;1.0963744799422874;0.36169721253586273;-0.04639319894459106;-1.0717317310993542;-1.7520843729863558;-0.024551934112777268;1.3007758257489885;2.11574374116026;0.7677197495061447;0.8093776350701463;-0.3058559901282623;-2.2524890161057063;-0.2973407661492095;0.6792045175045086;0.20633553204459615;1.5321978646018495;0.25589777821742776;-0.4004659822489865;0.09606595886254884;-1.557784473492259;-0.39812503526581383
653;-0.002673715977996514;1.1097443164278256;1.8800920455398964;1.238871705367214;0.9066939026324703;0.06771137863066518;-0.8983988972128224;-1.3946019552653994;-0.6167930626975312;0.8339465467778917;2.1716167140174023;1.2513580117878111;0.7388717297773285;0.3672418686912639;-2.276241809222678;-0.3753098050553694;0.6670288844041281;0.16905735782298967;1.27422655267402;0.6770487009551093;0.14423932246800789;0.2678447301684031;-1.0862011763844857;-1.1521680204116116
654;-0.45630933718940225;0.5113926670916348;1.8256281761556958;1.5049935408141566;1.357890949982419;0.37398278178628586;-0.3374419442543596;-0.6643375126525036;-1.1036344084833893;-0.019043686381600256;1.778494779728267;1.491326776249651;0.83803631259073;0.9886627590786419;-1.667342060414862;-0.6349997852739403;0.3582775984339253;0.016676916510626257;0.7997209147661308;1.2333761498111857;0.4290634740826692;0.3339964456304762;-0.41640350849263025;-1.6633840126982296
655;-1.0627534849562312;-0.3445287579455763;1.2210028581307844;1.555163439005644;1.4463255826079624;0.7876988925768771;0.30138220906307334;-0.12146493936905617;-1.7481878899365193;-0.9351760187002511;0.9426204232774974;1.6615983905222704;0.9523706497678109;1.3920872219737728;-0.5078218856104755;-1.220227221345027;-0.1784780872319646;-0.2823508261269936;0.09717033662797177;1.4524852943428;0.4027019992253459;0.3042975650552563;0.0649119535126279;-1.7878193461695564
656;-1.7067384738062643;-1.0882562673509324;0.6186835547658626;1.4981290245040018;1.445112382440421;1.057822430591973;0.840525004375916;0.09866562241085225;-1.9820071607766927;-1.5929669359618754;-0.08322510282673502;1.522190908817853;0.7893144471911241;1.315396318393636;0.815909388966331;-1.7718517427971403;-0.9088563785543442;-0.3291458000806477;-0.5002649109318404;1.2186331356750335;0.5087644008496598;0.08720749500818871;0.33956256794319345;-1.5620096742387353
657;-2.154625698636966;-1.3963020198499998;0.05129377471860637;1.2389532197995006;1.5347383806723327;1.2368749239060262;1.0576958822690428;0.12446268595052931;-1.7428625083789755;-1.8387566905211148;-1.0230274037170177;1.2011098733936103;0.8599679410820249;1.189352608429942;1.7949593909285961;-1.7503215009772355;-1.3794263358781476;-0.3234408002480864;-0.8567554230201286;0.8921430344217453;0.857090800503963;-0.11611772618071521;0.6327820744279811;-0.8347705176052376
658;-2.444985910337367;-1.7289114463521;-0.8025321635839388;0.6499073246331242;1.1718815733959225;1.2343806233803096;1.043026552847311;0.2599915127980182;-1.7808030433888171;-1.781657973260776;-1.5135648218718996;0.6753519617491998;1.1123442080452295;0.9332468950204262;2.0158705870064866;-0.899584194693874;-1.7777961761697123;-0.28094529454471767;-0.9598027704431761;0.18203520322602365;1.0054582211186647;0.19711568431588794;0.6505203508676926;0.15736531249298488
659;-2.52138977144796;-1.9295763049746177;-1.6351191262958378;-0.06389989630603884;0.7412473324530408;1.306185138515226;1.011942317222651;0.5653005303584405;-1.7101082026576024;-1.8009740522313997;-1.8272427079658027;-0.2008010798246783;1.1222027721396306;0.7070493159622023;1.7353520953055084;0.16593029618332;-2.102200547377469;-0.4831908213010879;-0.7258461864419935;-0.4585623330571978;0.73610255449302;0.5753525481695908;0.5066306111326547;0.7832522564658936
660;-2.2104352783287364;-2.0652907066285264;-2.1703590328770814;-0.6835601291824045;0.29331016233987695;1.212781757376023;1.0371050141027967;0.9199740224934454;-1.3159863124546818;-1.7422328583037965;-2.025408460191465;-1.1805541881306452;0.735604537334448;0.3849373041874298;1.2667690003896197;1.2526861606297772;-2.0903885469820294;-1.090645344460184;-0.2977419882478475;-1.0538163002773622;0.5005587332779488;0.8227084016456423;0.4295615487472652;1.0199742104427554
661;-1.7571112834053881;-1.9814753568953094;-2.279249141175322;-1.180839955661921;-0.10134025786732234;0.9186005579538747;1.024153607934215;1.3331101543481176;-0.7791966689443709;-1.5496484031426256;-1.95006900534626;-2.081182685794693;0.04892165324427386;0.2586263154709482;0.715557412845591;2.176890718327085;-1.590609748322222;-1.6013978184776618;-0.39361349579661764;-1.4803205569557247;0.3148586770171177;0.7994197256611036;0.24968513466807712;0.9789862645154511
662;-0.9167883596666361;-1.9702274599349998;-2.13109248813606;-1.7724253967578416;-0.43740713777248713;0.5033644638284936;0.9715879469510826;1.433097611625703;-0.16098502312053056;-1.2065620701351205;-1.9576362635318245;-2.4758745949053647;-0.6322548045840101;0.11405441067031603;0.3785961642268745;2.5716110610844125;-0.596163872152762;-1.9155924809498646;-0.8094060667691241;-1.4414450341606493;-0.15698582006514655;0.5102954028289896;0.030372997876905325;0.7634666600801947
663;-0.0859926164367507;-1.8953253913789017;-1.9247923963167863;-2.4138130831871116;-0.9113259966059455;-0.1834108468400865;0.7512651885844777;1.2754769081228587;0.2263522565931227;-0.7577456034763094;-1.6442044439056471;-2.408913349875605;-1.3955322520464386;0.0016037313337565581;0.11991646757492118;2.1732043882181316;0.37461130695266015;-1.7528738001960609;-1.1427438002028711;-0.992953823914327;-0.9324162277131621;0.17694135900631203;-0.004812721516967086;0.44115774229766846
664;0.81847579165138;-1.3357814903419531;-1.7173077069222373;-2.552041674937849;-1.5467523716895997;-0.9666276117272984;0.4231689754688511;0.757957569740047;0.6047094542427968;-0.18358213978026217;-1.0539454562077681;-2.168068071793072;-2.0275030115001997;-0.12723999331450825;-0.2784211256551418;1.1543056509065672;0.7325382290917376;-1.2642077509930019;-1.2547279414206145;-0.7457357091703996;-1.621992386953347;-0.24220677742841787;0.13349587152536269;0.2102900795760971
665;1.5184616977863026;-0.4419332869744138;-1.4166261828785778;-2.1603798534560625;-2.162809264772839;-1.3571454138937997;-0.09718112114017056;0.32692895170958575;0.9279780465897337;0.329387810023768;-0.4089393406957745;-1.5939130129066725;-2.3818603376129395;-0.7975417017243633;-0.733288384883514;0.07320189105582986;1.1691242643092885;-0.32547200317949976;-0.9175416359820237;-0.628348194992677;-1.866671149533866;-0.5397014873820138;0.4020070425342102;-0.10845973470082579
666;1.8664158963140705;0.5309679131843504;-0.8637905074912825;-1.7902965186519963;-2.4632486794491477;-1.439063574429719;-0.7435237710842623;-0.14109338066906152;1.4070750648461425;0.7526630392085595;0.147809214474665;-0.8681303000897923;-2.393273962668409;-1.4364158941982905;-0.8969282074828422;-0.938468546096365;1.5255752784596757;0.6274188345543589;-0.8069614673912666;-0.33665360652560344;-1.5199420975537319;-0.7393972548952684;0.42950803862578524;-0.20332507320260043
667;1.6530042047172862;1.3771913824579416;-0.3513198340873305;-1.33754624159284;-2.287177750457031;-1.6713107790228374;-1.1660514389920291;-0.4142102973575323;1.803576516277782;1.036226786006648;0.5117678570848684;-0.22200975588944444;-2.2133835061508935;-1.822276371798274;-0.7742005065429052;-1.4893907771062644;1.708129042163033;1.1789481456450708;-0.744427221386006;-0.30606409866142587;-0.9559738256461324;-1.0944961369949413;-0.010943428847955041;-0.1450547560391153
668;1.1778900170965731;1.7809881524155615;0.3042983882668527;-0.6789536195148338;-1.9113381293416567;-1.9876268150007335;-1.4937319765870374;-0.43031716799468445;1.5763153296991266;1.2298495563853453;0.6668421193381142;0.25537504684374035;-1.4435408692568001;-2.1287385099627993;-0.8385499825890192;-1.4165523499459634;1.5813284190246777;1.5926635454945148;-0.32413656496257187;-0.37231480349933005;-0.5325073235759096;-1.4705198443705871;-0.6876078752853417;-0.18861856296814059
669;0.8246803345637671;2.123447080519123;0.7952995242341279;-0.00027297785915986205;-1.3557869610722018;-2.0222781142310318;-1.798826212850045;-0.7533952997516772;1.0557382546636005;1.5764267434636254;0.9068590645478369;0.4922916551191647;-0.5432512237068051;-2.2687094039420863;-1.141167303943648;-1.0501735926534568;1.3378838643143875;2.0687997764306045;0.38657367957397787;-0.640359375814875;-0.12750975162955822;-1.627478756474577;-1.0344489824155805;-0.20161075004121862
670;0.9465002978186003;2.150799760238814;1.3178964147473489;0.5643864330295701;-0.754940922299802;-1.717946700801335;-2.0099260350282093;-1.3984824444529202;0.7480151758958797;1.6392606869906312;1.3075781536397006;0.7698953148707781;0.3125619894560125;-1.8848776299571643;-1.4622667200588366;-0.9871452506558952;1.09007838817111;2.0919685905509735;1.2838288062101415;-0.4684135069423054;0.24299223660635197;-1.317962424566294;-1.2907277923574658;-0.24021612175190915
671;1.1304748391319916;1.909306437143306;2.1150025643579817;1.0252768099231033;-0.07880882737495187;-1.4455191589016978;-2.0000986939647545;-1.7748851960861107;0.5611571384224268;1.450659753068396;1.6318815949075272;1.3120872179783394;1.0989087280154404;-0.9876844604231597;-1.588451055865964;-1.0202656409826685;0.8446520583981328;1.6427942750179199;2.1017244371415447;0.22194836881583396;0.47694912520852334;-0.6344468512912619;-1.3587663311160136;-0.3099287089856966
672;1.2452054658493001;1.419619767975525;2.5567162103014085;1.4578094749567905;0.659947367269411;-0.9939757413863183;-1.6565255523280384;-1.8818367038137356;0.3439724385011203;1.224223982754465;1.6410968015889913;1.6515528927858807;1.5535123143635627;-0.1428876808544586;-1.5508302180342717;-1.0083447522438305;0.3767511109775232;1.1406278248069532;2.4796036988339667;0.8602045045838451;0.3626606322595172;0.09771596487857909;-1.124149986658647;-0.5147525982808276
673;1.252682838612298;0.9628489480914468;2.4707841135399424;1.7455586775582144;1.2753282473370764;-0.39406227594983906;-1.086079306787435;-1.8661391347143381;0.35480074139261497;0.7816904153228563;1.3637507040944925;1.5796836338113873;1.5918739244138442;0.8276895543041656;-1.3857700425124535;-1.0904286073962075;-0.09616928450581061;0.47441918935429306;2.1791408023692966;1.544109717439898;0.31381933709168874;0.48000455227999234;-0.6143930597288144;-0.798911983454766
674;1.1382654359056186;0.4662581230550064;2.018458740001836;2.0330639519671485;1.7643268726996333;0.5251990194792883;-0.49356385312526174;-1.5327129547863332;0.32685804585201333;0.42407892210769604;1.2006266193995074;1.3589953275733146;1.4468562114124928;1.5003684305473441;-0.7500027164876227;-0.9532129740064785;-0.47973096901541146;0.040815037399386946;1.53261769582932;1.9449196521374847;0.47298121085159156;0.9372762008179636;-0.3268924638758112;-1.1405431704984796
675;0.8240811996964706;0.20960207795334826;1.4320407876310932;2.301200490213202;2.112816916746154;1.531047999829171;-0.08838277590612136;-1.1214170945359672;0.02733036536936561;0.10316052838606822;0.929185456659007;1.180861632324991;1.4512549336319385;1.9546944078612907;0.1165055485136377;-0.6467054320272431;-0.7113072677237915;-0.05847136174583422;0.7351379420077279;1.8879838866245622;0.6221118140582712;1.3995557084150827;-0.07940376903266658;-1.1041777137515654
676;0.0804429334985446;0.19794163834415945;0.6676849484771747;2.3257941839410274;2.080127675145561;2.058297890484;0.41852878344309763;-0.628871810633185;-0.3456252268175781;-0.21704898147072876;0.6351930927837401;1.0508615969293351;1.3627342340091844;2.1810488383060798;1.1536028165533267;-0.4183777217312066;-0.9967273310636349;-0.28331133633787453;0.2694074322211407;1.684883018494208;1.1150546495689888;1.2855155015138873;0.4649074648996639;-0.7770548929024926
677;-0.8359952057339909;0.3594928978787783;0.05394317042223845;1.701161876315223;1.902761036414422;2.2225595501216713;0.9664746910737426;0.032105854086104585;-0.48960821830812334;-0.5863713810639769;0.22544518878801093;0.8637238033981595;1.1987707555906435;2.111684926972459;1.9320743636077584;-0.23065998171898508;-1.0376975771646235;-0.6864902443699535;-0.3794010667659311;1.451796678511806;1.5649677366326942;0.7249741062610473;1.1561805555564115;-0.2507420765803324
678;-1.4100250817187252;0.3593575101550878;-0.3573925868295407;1.1436180905817;1.8573539511314294;2.1395590134796834;1.557297454862105;0.6595818038438521;-0.34924573578756507;-0.6026507271832221;-0.20837554899164173;0.7444694053752087;1.0114914258639183;1.5730329587480056;2.3308051488462;0.32285844853511897;-0.9102844408762386;-1.139891229755012;-0.8025728262620557;1.0306391955150267;1.7394478837275924;0.4931900683309551;1.6465238115937688;0.46037043052403975
679;-1.4102298602204952;0.0874205278403691;-0.4096532097115744;0.6462781541949878;1.8148081827875227;2.096127976109198;2.1246382720860266;1.213977696734565;-0.46421413173753584;-0.236001083816096;-0.655006658223978;0.3895050066552908;0.8326747430931505;1.0415036714095935;2.435036439210653;1.0886789185186343;-0.7219805601166285;-1.1623719614118717;-1.0372691446635742;0.2757637054932867;1.5915504367743967;0.8653010057047714;1.714616107482488;1.2031995063083722
680;-1.193920007633339;-0.5844704825687163;-0.4827028761901792;-0.09995199343628851;1.35430868377483;1.9223965507100285;2.595509933367649;1.6657212191919883;-0.7574581600625087;-0.27481548626123276;-0.8777744471202555;-0.12524575843822788;0.5567715219141536;0.6927648569147569;2.1806472890650626;1.8355780882258066;-0.47222772025222437;-0.9333231408840901;-1.1656518621709735;-0.8727674903320687;1.2936137576147495;1.018953006836693;1.4860834387126691;1.5099838888660067
681;-1.1692145171478465;-1.3689653811957412;-0.7423270702955828;-0.9150763920176731;0.5167652086456939;1.5017302582035021;2.5168503476914634;2.072388919402592;-1.076197797715588;-0.5948408876056209;-0.925499038213973;-0.6703073093128614;0.11187337970536741;0.29161835152805266;1.5996022079729744;2.443893215279487;-0.06487275156793029;-0.8984393826858854;-1.1737433702848012;-1.7228152233206269;0.5503877641160705;1.0210339214391635;1.0130521871732874;1.370480011987731
682;-1.5168845000958786;-1.9513032609777998;-0.7049362331876458;-1.3974213877820314;-0.026592520925586453;1.1783805200376358;2.0763842740694005;2.266556202031332;-0.9870907031679456;-0.7839214988851044;-0.8964322140656008;-1.0029110974000495;-0.3878796420314816;0.09016596197618099;0.9024874195562592;2.577808063548597;0.2416191325620949;-0.7676395530881424;-0.9923531897916962;-1.8648106277423664;-0.43902440391822684;0.8814327516806212;0.4533124551663533;1.3923643170207542
683;-1.6666234760055665;-2.059425882040405;-0.7461077808989761;-1.572396427190859;-0.46422420608366605;0.5018531714133789;1.5746499438488377;2.109369766415132;-0.746562711588817;-1.07437716315882;-0.7028770299304125;-1.0345273003665298;-0.6480793055408275;0.10020688696956484;0.22793609434036047;2.1577216961611336;0.1813127562782031;-0.42810604494821347;-0.7985317162000617;-1.4898382891847821;-1.3301506719916665;0.7265886990320488;0.2432719550658672;1.360382952592693
684;-1.3885947617004748;-1.7322234816305198;-0.9268119503510563;-1.2621355891817274;-1.1851662857611827;-0.1643280287472388;0.9943186870462122;1.8533471292767913;-0.8063491421533415;-1.0836018418855524;-0.6043021133472187;-1.1199659385225256;-0.6796742560918072;-0.18772763281808527;-0.32721407084801346;1.456412632889665;-0.2999462458249611;-0.04791455452870559;-0.5429091078471536;-1.14015801776975;-1.74778279428953;0.34635960913190583;0.15819172265002562;1.1759337290529714
685;-1.000245395518639;-1.409321912445942;-1.2708470875717062;-0.9253333915068451;-1.769028762391209;-0.6440988939504181;0.2973073706718283;1.6971217275872525;-0.8759621977621949;-0.7416354891221154;-0.623334031298312;-1.127799879804556;-0.8002510965625114;-0.46671171956291224;-0.6080800972960726;0.6632648995029861;-0.5610985031973581;0.2207453466157713;-0.6498197242362388;-0.7613332139042812;-1.6024141452516094;-0.36123461138746404;0.08690743357053207;0.7408998327526819
686;-0.5483379707620383;-1.0304618874531792;-1.7182436434760637;-0.8603713206433874;-1.9927894184249502;-1.1020959218697286;-0.5663502122291341;1.299426255779003;-0.7437969913966398;-0.7058363522425171;-0.6775969096524223;-1.0540336197422848;-1.0868261459984327;-0.8069508509393623;-0.6602112185673954;-0.16712971044017969;-0.5099101306759504;0.17901856053805534;-0.6009242434345766;-0.6240467942863686;-1.693303550157686;-1.2538364737979844;0.05153097950594561;0.13888158106463577
687;-0.038822713850605574;-0.5916605283398854;-1.930972536693502;-0.9542001982612429;-1.7524997992811027;-1.5305475194392333;-0.8670171790239141;0.690715317678004;-0.5849035618346978;-0.6844541761146816;-0.6790466223511505;-0.8129050599860123;-1.4780029884703203;-1.1193478223377715;-0.830523179556059;-0.9347054642795567;-0.0851987755355944;0.08101923417894555;-0.031491802925083724;-0.44244037982424494;-1.7212884679202727;-1.9082581326985233;-0.20734243876800346;-0.4935906369050192
688;0.46102749557486916;-0.10250367075385257;-1.7529168120811396;-1.1480510661477468;-1.5314281074086413;-1.829818754082995;-0.9748661627416209;-0.22491014254986613;-0.13699019438806667;-0.49021792694490146;-0.7658724004137442;-0.5595088423721871;-1.4704988943734558;-1.2400602470356985;-0.8250939210984224;-1.3097195286740204;0.35107276733305665;0.18692971548510398;0.44244788141477814;-0.23977442775852054;-1.1309794855374953;-2.1416499819871673;-0.487416664430313;-0.7739227194227044
689;0.7175580240135779;-0.01562362523229868;-1.100344113587618;-1.2038262072970358;-1.183986281710236;-2.098575432411394;-1.4540702439045117;-1.1849022831774476;0.40259325839916177;-0.3239258115119492;-0.7739224929197985;-0.22621878464600487;-1.1058210958326766;-1.2616560779850796;-0.7553575407877509;-1.344217882980958;0.3185038580932812;0.0828500485784454;0.520938530924907;0.007111310909028381;-0.5058436938675634;-1.93582048614567;-0.8551894571342893;-1.0222502282200405
690;1.0366122325776892;0.10363191619004854;-0.2725473035311715;-1.1120314500212134;-0.7534353719196502;-2.000373766415498;-1.9414140353660014;-1.7268705758533378;0.8373203092511976;-0.015850316235160606;-0.6341922523257012;-0.2708585649719177;-0.6679180812579153;-1.1938461939395513;-0.8727558836258938;-1.2854366945446092;0.011909572693767417;-0.22143903645596388;0.4147667894664354;0.25383580996557453;0.16720272815188975;-1.5390672695413667;-1.592808410315692;-0.9817113997877996
691;1.2581988527822585;0.39291990513248065;0.5356714163879032;-1.036301892323471;-0.5303632439173848;-1.6378123645992289;-2.182046582167691;-1.9925987087292716;0.9771878398680158;0.2524690463379928;-0.17976892969809583;-0.3760635254620996;-0.30552425681934187;-1.0386661453027057;-1.164824153919958;-1.1380553428544538;-0.009523821351484205;-0.26874331783103295;0.25808454863509117;0.4070023006667574;0.6348339254024274;-0.8840375838752669;-2.095677928979093;-0.6195448708236876
692;1.257528978991749;1.0846917694280682;1.1164727134363495;-0.7683232788808912;-0.4129016057340885;-1.0318050706732707;-2.008584220060392;-2.0458746542063757;0.8735296422492933;0.7080271110985883;0.288677839393702;-0.3340390117562857;-0.10705650076322054;-0.8572373432519347;-1.1922503587542415;-0.9405818207589877;0.17713473844044766;-0.05839663781711973;0.14039430847973983;0.2933456648335854;0.7738300454369251;-0.07689243655534221;-1.9470678664256527;-0.6439564650157747
693;1.1315279129462736;1.714060039516711;1.1344713143238976;-0.19800457964557558;-0.2792971060265384;-0.5635882743106004;-1.627374054586342;-1.869090860521239;0.9248492137897176;0.9257121334178645;0.624425584235741;-0.24905910580815166;0.10037313168591223;-0.6270344057747688;-1.1804502705519588;-0.7307438233728999;0.3450170012396792;0.29978371006358134;0.0561062954559683;0.43118393338279865;0.4837229256847245;0.5707191368291383;-1.3409060110305178;-1.0932948696408855
694;1.0615691643692793;1.7632450931389647;1.058831034059104;0.5039197670028379;-0.35424320625108413;-0.23203845161663672;-1.241334992130616;-1.7105738327362683;1.0915117909230987;0.8407925343995366;0.7888373875336165;0.0030436207559177597;0.20687011677115746;-0.29477045865083196;-1.0602896212460153;-0.6837344343839733;0.5263450620207404;0.5953384436053388;0.14472685820092557;0.6146873729481096;0.13871151330338852;0.7650712856206985;-0.617915001285389;-1.3913605255529622
695;1.153745676740505;1.4618865969991794;1.129162930728389;1.086392113215134;-0.4370364983245411;0.07613247525842262;-0.8215037456987182;-1.555473712496453;1.1375556876826722;1.1676964132668408;0.7715254656483415;0.3400539710399636;0.14768228009420795;-0.11725689371445254;-0.6223421109347512;-0.8228076047317582;0.8584959165555719;0.7645704666970289;-0.0250090389020985;0.47854980787404205;0.18423250817244133;0.9208432933996142;-0.20439336041944217;-1.3249145970374963
696;1.1580313162854783;1.0809757536528652;1.2305305481487383;1.712117783348984;-0.009051558910910813;0.42329730902471846;-0.3105434579078734;-1.333651307160722;0.9513355681679262;1.474828673385618;0.8251538923937897;0.7322086540067498;0.2788250199782271;0.35956197215207436;-0.206421249848097;-0.8411254976604053;1.0403261688014984;0.7406947784698169;0.02989040132433332;0.3696523973214698;0.581131911314027;0.9132162530744048;0.5981277114023229;-1.1161284314359021
697;1.1255741908121781;0.9810419228288453;1.392042052594213;2.185533210101397;0.8276723270225619;0.7017541892221986;0.24616186899335687;-0.9658766312370274;0.8371977830478281;1.407348009912433;1.151411935914132;1.025224577347737;0.38145830960406896;0.8649522342175054;0.13520634647782687;-0.6759348549134373;0.6598396301429104;0.3671484679014695;0.4396019624883587;0.17653881126878634;0.7992956872953056;0.8070162282684296;1.4992481695998225;-0.7327675910802696
698;0.9765151804241095;0.9589730601795062;1.4993831536139792;1.9499435356883819;1.531291493271949;0.5487395244122534;0.6278427849989514;-0.3594419962248976;0.6977192953157787;0.857266968400212;1.3406092266656011;1.2787823460746546;0.4484969889673697;1.0213735728163875;0.40137350891324997;-0.4880093515469448;0.2910222373452874;0.1280874050266045;0.6511801412129739;-0.022212775907771452;0.5008534678841209;0.73291194965064;1.660625756346389;-0.0013210544852157913
699;0.49364803062361184;0.7252420151654014;1.3649025891330457;1.4599232065307906;1.7725455095458185;0.3709895065895726;0.981683337769296;0.18591445645961985;0.5303732457521816;0.3700519332101266;1.1534512862522845;1.3458911858275233;0.6044916497581531;0.7794554352533563;0.7020941364591538;-0.07864231958290765;0.22022824146097247;0.2672627032792339;0.6346502058968377;-0.11930009306429724;0.29140669658157625;0.5579857754112881;1.2873230082943636;0.8478234254768195
700;0.07274634093608395;0.3519518609384384;1.0562650668018543;0.8447740249963005;1.8842010064249874;0.746820194026011;1.234894150396164;0.7091617234160706;0.21023872775879449;0.3155226502168633;0.9735388423358879;1.1470898990031948;0.9835945584453397;0.4931810544708096;0.8425012870305898;0.3759949759835376;0.001244672088790844;0.6987447381341158;0.6830439990469991;0.10652882953819787;0.13815637808801506;0.07914888944655128;0.8825596656420018;1.475662418840068
701;-0.2488323085473151;0.17463626401651544;0.6424095715513398;0.5933752749875038;1.9525759318562816;1.3251202334034629;1.2174927315803705;1.3020776884766272;-0.11153562171039594;0.21702083386170506;0.7015750527669129;0.9302306711942598;1.326754066338862;0.41518602945356126;0.9895536729524842;0.7386436299077246;-0.1564155906018902;0.7933649342755144;0.6060743145964274;0.6493592406685069;0.1621170328197019;-0.1713416586177562;0.625451780893275;1.8231671115141406
702;-0.7036360096148679;0.03775359298734394;0.16629788984125793;0.5919182446771959;1.726241003205503;1.5513888922814916;0.9772202920612539;1.6283253276858747;-0.34963099987040225;0.07185013565353392;0.37495930292675395;0.7039434508091831;1.354567216374609;0.6204363126209945;1.177410331672127;1.0992414737947782;-0.11889946670463794;0.3873054028370183;0.43673889792054793;0.7622619897251618;0.15789359480640053;0.2641306563264572;0.3120358361842769;1.7987097319415402
703;-1.327889567923838;-0.29965159322490575;-0.45502573764970905;0.5499077545182101;1.1894648985075822;1.6629057230426079;0.9661570076651806;1.43065480653389;-0.8988518245128838;-0.19017182222147178;0.0020723427320379294;0.4651473377125176;1.2004763884107124;0.8954370482875098;1.0342928473190698;1.2336082283921896;0.024359887032762845;-0.08850982243310729;0.1535458389525225;0.5102210208400055;0.08221873917184881;0.4979487961339169;0.04085281820379423;1.3396482906153164
704;-1.7534681593921917;-0.7955293164504496;-0.8084270599672493;0.40056868678810803;0.5873329558344262;1.8882475475714415;1.1245028029625508;1.2445745459356783;-1.3915109906608782;-0.5140739616784566;-0.2613676660001337;0.2731649573711592;0.8400162902284747;1.031721412468292;0.8739391863208148;1.2889242426898737;0.05798641925920139;-0.5479306639571189;-0.31419663663709674;0.36906424784493014;0.1683769506353859;0.450266064416174;-0.05045966162823186;0.6748258142493107
705;-2.296438159642732;-1.293784805122781;-0.6593400615166359;0.03739040710550207;-0.1332468170216195;1.7014564350213455;1.2260351642758942;1.261658291343616;-1.6994466847675922;-0.9379579255255149;-0.6232617332168213;0.13028866980220327;0.4341899967129139;0.9722200347007385;0.6869090964731557;1.1807829201173783;-0.16126540544987109;-0.637062981484763;-0.26760912002064036;0.2952350966137726;0.18032739504644338;0.23027818181149923;0.013223782787460794;0.11282084145386784
706;-2.674265796062118;-1.6793247808357066;-0.6288226158674228;-0.5934920190614075;-0.6872280656848748;0.9763465352315659;1.1736475912739346;1.3302103426002199;-1.8096233726376725;-1.220568436244483;-1.0547745319093869;-0.18323537749579058;0.03080095502907623;0.9031253443345203;0.4116098107701661;0.8897587753064831;-0.5954721861570502;-0.5195683964143843;-0.034250684669805055;0.13075341114779035;0.2917056366942154;-0.13150563543514043;0.07799822988610337;-0.23486403687828028
707;-2.587305417211295;-2.105111775090279;-0.9243190027330542;-1.1562648929952315;-0.7552693600259631;0.1258818249266388;1.1191903207452938;1.0502605553106206;-1.7375266709155817;-1.4391234964347508;-0.989480935684587;-0.6724976125932308;-0.2957637701864701;0.704812800596161;0.2810609868933257;0.7247797670006578;-1.0433231464970953;-0.5009034697093069;-0.05235405086918301;-0.16781618119328703;0.3989277453571473;-0.20788310525230003;0.041709797777019914;-0.32600103774021494
708;-2.36431516042174;-2.2075884169764937;-1.5721037405578875;-1.486227509815921;-0.7711542790324587;-0.5755172176858226;1.0028299734342605;0.6616014129547632;-1.473511905953226;-1.486143320918506;-1.0221478233546395;-1.1363396825473042;-0.6270137314953873;0.3262383724180361;0.3025074487670839;0.605153357474532;-1.5206438719377842;-0.48225071246450013;-0.2531175775322355;-0.5819830787744346;0.45209455258421866;-0.15784113300381464;-0.024043421661388027;-0.498091383645277
709;-1.7990903359776202;-2.028105341743959;-1.8627323835423157;-1.6049945123558171;-0.7554095694072946;-1.1557032078980802;0.6956391838211923;0.5570739380838705;-1.1589110412645238;-1.4901099476234132;-1.1172405524898639;-1.323252550613874;-0.8077054761127832;-0.2589226622723925;0.4580971818972694;0.3152597683935573;-1.7292052217041152;-0.4680952908147336;-0.809091379390892;-0.633020410055522;0.08369919609010586;0.07739914396438485;-0.00038026803911548647;-0.4422441319096268
710;-0.34456322981889104;-1.7995406918799857;-1.8858668997451153;-1.4511959539881523;-0.8517446878062938;-1.4178774501988187;0.21074214439667943;0.4856079229365986;-0.564854124963836;-1.5275681260623244;-0.9996810933860661;-1.2811192681692174;-0.9662684717048409;-0.8136046344556246;0.49543663958235445;0.08471723701112613;-1.27754738650786;-0.6422366119326075;-1.0310650347384895;-0.6252798925197541;-0.4566867620697116;0.3921339591826191;0.1884786329640652;-0.07327381781581203
711;1.3274702454403207;-1.384854885010043;-1.6880465253087538;-1.3227660190085646;-1.1931126395829341;-1.359704204873554;-0.7082052127230027;0.2753334366090354;0.22154591446715194;-1.0979953792146717;-1.2529891287846058;-1.2329630151132838;-1.0084302175755884;-1.1138658045715168;0.2938761170504975;-0.10863815921479161;-0.5102519352241035;-0.9322147606367253;-1.0850062974440542;-0.6279252852938861;-0.7784304291248154;0.2391989049823497;0.07192214361874726;0.28728315580182257
712;2.481769541554316;-0.6645214888329541;-1.5650389171622725;-1.3538211162581957;-1.5695758020461688;-1.4534324529353433;-1.6519796939054947;-0.021582600200538184;1.0918837048728929;-0.5419777906358177;-1.5116436232015027;-1.0814819955534651;-1.135414209070147;-1.2769266163197248;-0.40993660091997614;-0.3001057799815564;0.16155508552050704;-1.2415921184712506;-0.9555612989299249;-0.5372457443502611;-0.9152980644445023;-0.4031656835853442;-0.18581757168551147;0.12746017752790825
713;3.10250468609044;0.20812681714503395;-1.2686638736173723;-1.1426107198545663;-1.9129212395401254;-1.4886260985337316;-1.9805095451057504;-0.3219461177129157;1.5261884007318105;-0.06639266940737476;-1.2340980753272666;-1.0014210129839194;-1.3265096280787636;-1.3621780694505334;-1.0795169470037438;-0.4194243815528467;0.6406982228739081;-0.9980322129949663;-0.4554735014429162;-0.59291839653822;-0.866920643347484;-0.4885837330809108;-0.49320664612856163;-0.24899061555215266
714;3.017819508609026;1.2875464340711789;-0.6631610649623558;-1.113887798654126;-1.8107009713350486;-1.2640224110741642;-2.034059599603474;-0.8774690996100453;1.482086046157348;0.48610036235863713;-0.5166985746714816;-0.8728074195617015;-1.3074863713880922;-1.2088134912686186;-1.5051702323813358;-0.3162066674805412;0.893988826914953;-0.6126983678939948;-0.06616261427723368;-0.6944114198113769;-0.7126144232480547;-0.4556359997454248;-0.48821684985351854;-0.25287552756897813
715;2.4193932880025106;2.3305075189540068;0.30167465706714236;-1.0772552618631057;-1.1825929085245126;-0.8910291449140963;-1.8089137257813188;-1.481212083211699;1.275660127311891;1.1510887598396622;0.14154176822068013;-0.5728408153231473;-1.1624031136077306;-1.0375379548923596;-1.6135736615422678;-0.46772744475094824;0.881961526679483;-0.24679958445259953;-0.3131652118816209;-0.6390234298606539;-0.5252368639351016;-0.7504145344101768;-0.24710474899600898;-0.16245790817684666
716;1.4976227213914082;3.1081802285032234;1.1613321889158965;-0.683348651521533;-0.5377844833017169;-0.8223777861565532;-1.5500570852034115;-1.977142583201346;1.1352572360942481;1.6254902190359615;0.4639222598433091;-0.3036651600346347;-0.8117142302231111;-0.947109715345811;-1.4003031819248526;-0.7499309045259138;0.681355273710924;0.38933521467099635;-0.5910774468729973;-0.749802702876994;-0.5103761195126141;-0.9174965111642548;-0.13825429298462732;-0.2582955647118615
717;0.611170357203947;3.30565901171257;1.8729465032962096;0.018301327002202186;-0.21951909064186634;-1.1303559718480816;-1.1305090855725721;-2.154995347025115;0.7735322531909612;1.8044390612425294;0.8034425391302311;-0.09550016279128716;-0.3552365454881561;-0.8533610564684014;-1.2979721587086477;-1.0576946995394376;0.4191781383888161;1.2545058510541958;-0.55160151230341;-0.689659366150142;-0.6017685511701955;-1.1001386771469008;-0.25361869189293657;-0.45141178689450134
718;0.19203868123058282;2.9682654518966425;2.370252873152666;0.906941106050764;0.09361215447895274;-1.0445266108063072;-0.6261925418695551;-1.9621913085427913;0.49780727761092075;1.7282633710986837;1.455051897811629;0.12166267517628378;0.05932161807835009;-0.6647512428808136;-1.1140718103008693;-1.4418302093565472;0.16823550597667417;1.5954628505209152;-0.0707552600663563;-0.3071633258980853;-0.4095519740600151;-0.8416234416434433;-0.5991030011424016;-0.5372104977386907
719;-0.09194726238388594;2.1177185293917082;2.826834956687975;1.7841181690578216;0.3792718039362347;-0.6821030129462904;-0.22896836215528182;-1.708927337641231;0.3844748220539342;1.4533623238297608;1.6790965492434897;0.6120745790642012;0.3311383211511069;-0.3729100438384592;-0.6220615003551568;-1.7253310150590686;0.04639490299663847;1.351126467242689;0.4774263640211858;0.30963268793068616;-0.087896221261767;-0.40250831709931295;-1.0912231477317178;-0.3853673100901971
720;-0.13909213848379104;0.8934837048839674;2.878024089287179;2.4160840642720265;0.6529463611529428;-0.031365727060333304;-0.2309362688385752;-1.1708933876978438;0.26337561554361616;0.9999855836863893;1.6910615293165208;1.2110698849165307;0.5973314584076224;-0.08364929752962633;-0.23373918793684859;-1.554205797723962;0.2442132282827298;0.8988133999683365;1.0476264829800845;0.7529933440777141;-0.08437059726930526;-0.09254820373335035;-1.0658720886142623;-0.5497607762692968
721;-0.08307073748037376;-0.4189985753019757;2.6440624289468415;2.4724446120884296;1.0776512638485443;0.6901754282573987;-0.2673871727002413;-0.35428720434114164;0.313770186693841;0.43492049353146583;1.7511001244096445;1.6603121264167515;0.6998848872272793;0.19723651301639228;0.03538565388247011;-1.005602995483038;0.40267809226960377;0.4278958199965965;1.3552311522957536;0.6438508107238462;-0.12283995898142817;0.21171935509705173;-0.628616920021525;-0.6919301129868246
722;-0.1925941115425381;-1.2832775805558687;1.8255570529522196;2.451813929042706;1.7066851933564768;1.3957940700163494;0.1433911126531559;0.4744101688437587;0.2353295169214461;-0.08274790954296324;1.4556203298610195;1.95496736228735;0.8399891579219285;0.6964370867074126;0.22509660859168376;-0.34611334408079303;0.5535971884936518;-0.051720297440726086;1.5611046943705857;0.5221987134194713;0.12293641291009895;0.2792833850361959;-0.26275947018297896;-0.44140041525899937
723;-0.2936995483109921;-1.4438903853504685;0.8382567255784444;2.502590965181387;2.2206807523724312;1.785688993546122;0.5809213139520245;0.8279371908555115;0.155693014362942;-0.4085115829397147;0.9464697916083838;1.9399212453437589;1.2200237646522487;1.118635949039836;0.35686273964701115;0.35093226788587145;0.7250987023571633;-0.21588799520226926;1.429163550657588;0.4922895654853413;0.5857815997617496;0.1708924730144181;0.10860117441544463;-0.24867899004553798
724;-0.6539282301593894;-1.1708338780054048;-0.2941977049177292;2.168563578779426;2.586262041854384;1.7979938011646237;0.8600086366406088;0.807727290222366;0.032779111660219976;-0.32944020515163186;0.3966798641818563;1.3879818097347567;1.5532805683326365;1.3067922504224818;0.5448627617076794;0.894831237162302;0.7278183564602161;0.07265737957557854;0.9331782204379878;0.8313510839807615;0.9138231759129146;0.09980286462752658;0.4126063667934566;-0.25629743499826096
725;-0.9854666204477041;-0.7778366989127605;-1.5041309187117988;1.217782094043545;2.5426811080825846;1.7492659447473056;1.2139919863155364;0.7740312753997768;-0.22738304896687067;-0.10064410932190664;-0.21803865527996494;0.9279445283787551;1.6565838596230482;1.4346445686659226;1.0224698939733328;0.867622853983872;0.5496336615565073;0.39794911209008743;0.32621156637157184;1.3424070603444545;1.126745373865858;0.40408342816593773;0.4576279297361054;-0.2663916066837786
726;-1.487751861561597;-0.4759178681340424;-2.249883728177031;0.025809553031723876;2.081326385036727;1.7043843741291442;1.8034616305643008;0.9067541250462902;-0.28654262285081805;-0.03570317279446573;-0.6846922175458888;0.467299981213913;1.4821881134684955;1.294292870269939;1.1567662635264606;0.7907938905880444;0.5408624888561312;0.45927204460045745;-0.23366315405051638;1.438199352932034;1.1440367132387164;0.7671464254231228;0.5195824662793052;-0.24370634089043816
727;-1.7960685634504916;-0.593300812563844;-2.394700507770831;-0.9189784709041771;1.331047951071203;1.6789804021561945;2.0476159846424835;1.1234982204422692;-0.3528775341173565;-0.15585894931256256;-0.9788566855242737;0.07051220043745281;1.3619428389160135;1.1616054861055785;1.316043955011772;0.8955587626315425;0.7935360459036294;0.5815811076203272;-0.46637499314054753;1.246578844323088;1.1375055742680056;0.9538409815254602;0.8447890532780835;0.2742255610652111
728;-1.5814451034548473;-0.8446432983811932;-1.9260733116482978;-1.637937910033378;0.3350065331800024;1.6792549250112154;2.2249488254590535;1.3514304419308347;-0.5499227904256483;-0.34649410223340565;-0.8836720771076437;-0.2999621005454873;0.9367668800799761;1.0207066393445134;1.4196879568459768;1.1336018733744648;0.5025963634140538;0.6104653319241126;-0.4630204540951937;0.7700633106298664;0.8339713481738952;1.0341605247950552;0.9404018161504782;0.8920078706612411
729;-1.1535006645817054;-1.044104908361057;-1.3391590546030028;-2.2774675613717204;-0.7378281618287591;1.5858673488614108;2.024189921322011;1.5644022996731894;-0.8317796267970715;-0.5701241012142072;-0.7278397258683158;-0.664964036478106;0.3167301405517356;1.013523591280385;1.4217373452517195;1.1806175246254178;-0.20849846660268953;0.5332559844009801;-0.20653752311200085;-0.1417209696415774;0.5954517249938126;1.0460041931665838;0.6849090919790529;1.2603819923798774
730;-0.6722224724356652;-1.2368967616121038;-0.5520447230220424;-2.6067983287892225;-1.4456373953026929;0.9654538578336673;1.3607177872709486;1.6920106602711034;-1.1504423766370524;-0.5094729973067506;-0.4087663547593336;-1.285356967684741;-0.4309773750314345;0.8850499528689355;1.2353354250591297;1.220346182937558;-0.6457905662301507;0.21313880179976077;0.18772688487024194;-0.8188429363076511;0.39042205472257263;1.0398638873273425;0.4727626001143929;1.2445897399311716
731;-0.19462012868782688;-1.4246395209450315;-0.15624389462300947;-2.513258866615281;-2.054836798373766;-0.11463902303607784;0.49376496943830506;1.7628596042879805;-1.067004189385478;-0.6584781815893115;-0.21629971955770902;-1.5299468904635427;-1.0696522158336967;0.5452667363364002;0.8063987849106418;1.1057817991313859;-1.0829012928806137;-0.16861807499808418;0.6708994578713976;-0.9221528300319067;0.29433215016541314;0.7975153866618621;0.5689307036889109;0.8724314647324446
732;0.4420134200753754;-1.1090130921533607;-0.12404645000623428;-1.9912181645507157;-2.41854424472694;-1.205741704116993;0.06091418399098629;1.6591982796634652;-1.046138592492054;-0.8941111284320815;-0.35317887411195603;-1.1843298008160192;-1.4066102425377247;0.05054909970714403;0.3915253408667239;1.0065174172620073;-1.1237369221012388;-0.4823193340821597;0.6705073806243842;-0.6413143592143494;0.3125798198028064;0.5810319789934973;0.9649822464119235;0.5716607115565921
733;0.6898116631121597;-0.4316718451488362;-0.4031612533200732;-1.0570736829832637;-2.653632546883576;-2.0585291368141574;-0.20841860734133477;0.9955379152949223;-0.7600514217205514;-0.8903670704945982;-0.37376015729498424;-0.7414087899934895;-1.4625610712691044;-0.6180629131551953;0.07122754376935105;0.9566276478707468;-1.1715609185839724;-0.7137622867441065;0.07407645734068578;-0.34681939681831;-0.04995236859038344;0.2994468865765215;1.1327986877262803;0.4231899534510429
734;0.9098823474134786;0.012692564914326725;-0.7241805313114903;-0.16360596285467893;-2.5708959846400377;-2.6198220277909923;-0.6020992849864649;0.2271623579589286;-0.18915252191505874;-0.7350610240053;-0.5141003016431084;-0.6343671409023648;-1.2102549559011129;-1.1949476204727554;-0.2669130710099796;0.5985691360632139;-1.1707667293879103;-0.9951040732223086;-0.40640023840122397;-0.20733216242405217;-0.7144586863402175;-0.24427810189756094;0.6557208146828652;0.48999944589670863
735;1.2463746502566349;0.6557708411079832;-0.8665208780208903;0.4736360660062436;-1.8742961205890087;-2.8132320074243946;-1.3069307557633438;-0.4873313942632921;0.34444412079816844;-0.5647350229910801;-0.8264701621321376;-0.2544309303011558;-1.0727179100080872;-1.7170084523465854;-0.5813630989479331;0.08489503449722469;-1.0920444610440123;-1.1261351794467327;-0.7535501822352272;0.07435322614247389;-1.3134367508424627;-0.6746262675284078;0.2998094512414039;0.567427107378962
736;1.23553136364505;1.279772632688679;-0.5703044609868928;0.7209411370775606;-0.9752327521356856;-2.649388601902957;-1.9221155296793486;-1.1458951415019547;0.8895328128304831;-0.4086347941333751;-0.8436813312682437;0.12994377162078516;-1.0019347671378196;-1.801049057494885;-0.788872206743203;-0.45307521660052946;-0.8911684421709735;-1.3551524786486944;-0.930509154814476;0.4095405650471664;-1.3951244863143843;-0.7010230945874496;-0.1231947951451051;0.5133300765505155
737;1.086475180577028;1.5517707115615111;0.20374512501593392;0.5773825513735538;0.0023213267875465916;-2.0423723115129864;-2.459882766510459;-1.6447215637157762;1.0206383800349486;-0.1309735130292464;-0.5659280092621696;-0.012267252625928817;-0.7821867283171077;-1.5798092919359106;-1.0245903446105695;-0.8059484841075426;-0.7814038442055845;-1.4557473611773997;-1.2418479582840418;0.08016384579361786;-0.8847676338738018;-0.6305971491986998;-0.681113859128076;0.2387723006525525
738;1.0644672397927024;1.5067518964670765;0.8565296868371712;0.2575000265194519;0.7800293577633962;-1.260632035380292;-2.8302644986160463;-2.078311944701019;0.8233259941763726;0.2594715065654018;-0.3048276980632175;-0.33398153906667305;-0.3570281462308381;-1.2448749579486729;-1.4704880465303836;-1.029618539183657;-0.7069323611630064;-1.197240529485982;-1.282618516875104;-0.47665734384768477;-0.18872856738309265;-0.7847037069788837;-0.8262309242149788;-0.14321113652369713
739;0.9979571339001333;1.2596625211772676;1.408131707722407;-0.16984636648570187;1.071833185759627;-0.5557208682155232;-2.709520373545038;-2.2592512474378355;0.4759887479702455;0.7039976384780204;0.04482210058963118;-0.50408018017696;-0.06723031351595986;-0.8365805159410208;-1.7397662304939594;-1.2964065551639452;-0.20571745305451997;-0.6980065584887775;-1.151224275452256;-0.9187025131203259;0.217064669120918;-0.9169663954435757;-0.8902961186655033;-0.25546609757819466
740;0.6695538216553527;0.9073876783969771;1.686909999690302;-0.110042826210348;1.1616742130792874;0.26414937440577135;-2.0192794328492196;-2.148884158428053;0.19596027836449836;0.9923598633571347;0.276743935651752;-0.4469258651139877;0.3501934506754981;-0.34812082921367044;-1.7763806954387944;-1.4317216440119687;0.39386429974978465;-0.25556015345819433;-1.0859203872207839;-1.4474459545586182;0.2878012681131878;-0.9799168269302589;-1.0294501981167303;-0.414090483997498
741;0.13945026247471737;0.5548658024995664;1.6620766812096615;0.30946756102753925;1.302035931505601;0.9658549424726339;-0.9443547153217925;-1.8014069026170905;-0.010914427262113646;1.109135258114621;0.2821994229178566;-0.26934525150658156;0.5936333273756836;0.07569795288836764;-1.431669773113184;-1.4285368378736178;0.37128091620500875;0.1782187598087314;-0.8901093985090807;-1.520825142145617;-0.04445614214631471;-0.8366021387081994;-1.0275580508794513;-0.8627920795234849
742;-0.6427682261394745;0.3383378032272824;1.4040853463697078;1.038956595603932;1.1005952490793565;1.500061042303109;0.2181001918172001;-1.6856689389466417;-0.11737735568798174;0.8288686548570149;0.6399299206357055;-0.0594653322279731;0.3503601441752905;0.436277954062362;-0.7885243678690222;-1.1909991966085054;0.3402972570363667;0.37670943206721685;-0.4146863018606743;-1.2994836661764584;-0.5470706412682483;-0.6095452122561547;-1.0071330344134006;-1.3339632654752596
743;-1.410824957374943;0.0577579037791883;0.8922462336910024;1.5871178272551814;0.4484362358187811;1.8644079090145027;1.0987934606771954;-1.478825605771132;-0.3042040872386214;0.380813989291019;0.9561024701825783;0.4334230138822679;-0.020131892747475275;0.44728117311116283;-0.14006587120164288;-1.1112060946157405;0.5718674280689188;0.3117528562516424;0.017158257464624627;-0.8529376248225451;-1.0213093772732904;-0.2895120085445632;-0.800482310357368;-1.4867457959113306
744;-1.9959911210845107;-0.42131944152913614;0.26100697224419717;1.7198703414181038;0.04937230288477936;1.8048408032029142;1.7047456563285492;-0.779640544178329;-0.5662857524447196;-0.03364454189283023;0.9751246440381781;0.6747443423110078;-0.3491378926016644;0.3626761919565622;0.5664404132367621;-0.9474305218619516;1.0288060008655788;0.4457153191543892;0.2822781383056831;-0.2652544029716942;-1.3009836500905152;0.20026333216604422;-0.40229818540893236;-1.3447549376234296
745;-2.1641023569545155;-0.9514694577312179;-0.30277477551070126;1.519485196103774;0.16582908766191962;1.3965700758125608;1.8741950799812774;0.22486211482814644;-0.57701073659774;-0.4432954179085785;0.7031003114630627;0.8043433912690567;-0.15656233564688332;0.47669407827915855;0.8790472719256618;-0.6821321476136419;1.1674580919749278;0.9771612091201886;0.6367961092462946;0.2010027122952472;-1.1533493015488863;0.4234344696443092;-0.30642940165479127;-0.8569174289319601
746;-1.7387356402839411;-1.2133081181732794;-0.7594962698959025;0.9406766570404189;0.5718684427359495;0.8167253730348264;1.9122375898759036;1.30319863475311;-0.4236435702546578;-0.6577372484743251;0.3810458420610587;0.9309114610942013;0.2086204015803002;0.6504063563683001;0.9212357411807198;-0.2607981502493708;0.8660889453244451;1.1115750938567075;1.0811392729704945;0.39152807977480364;-0.7891419795422182;0.06881607744863234;-0.24633014790670787;-0.18715604214237055
747;-0.9410317085662459;-1.4903139293343732;-0.9881935872480057;0.053863873933778755;0.9916089319616564;0.26444919161201;1.8898642508036563;2.2891854283612783;-0.30234951423369555;-0.660960881428048;0.10586131725913457;0.7458379713116096;0.5706613507632109;0.5233664010559206;0.8550242871325485;0.5316338867337592;0.6419410315686122;0.9392175442092746;1.2327491513294155;0.5601918330969009;-0.37077561315544755;-0.5478100248461922;-0.008677891223296633;-0.17224179565004802
748;-0.06903856685006843;-1.6274020274507266;-1.1228904242006719;-0.8145906187398759;1.235097976605167;-0.017575948222563243;1.4841627375984139;2.6906249501094632;0.05733629471439948;-0.4553695215206482;-0.20732034411036718;0.47493936097558254;0.8052868249214048;0.2205929353119197;0.7734231723936151;1.1229725992136474;0.5642438611803647;0.8984075614982514;1.13580754813046;0.942726043187345;0.16123417600419004;-1.0854938248321573;0.004196316184963663;-0.24836964573308395
749;0.8669910941798042;-1.4128594852571261;-1.1982837069483023;-1.2152278433062815;1.0697855775019018;0.001330808571742741;0.9316019721691169;2.405929847272916;0.5541924436363286;-0.127403210246259;-0.604407575439171;0.31881851056836696;0.8498749696587725;0.05595623986153389;0.4890677178116569;1.3953088849699617;0.6720287032355822;0.9384770472673258;0.942083439211055;1.2960411647390548;0.8524904321179629;-1.0973184440504786;0.13533961656349025;-0.044861186412867425
750;1.6455878098296255;-0.9021721495359281;-1.2047332166961264;-1.4793384038459443;0.35144935013507245;0.09242243462541047;0.2953604459279762;1.9025696577649867;0.9542011182144092;0.11212413630705612;-0.8528695619144724;-0.010218354484918632;0.8856700168487782;-0.0809783170328782;0.37148943777086024;1.5238651697009973;0.9133982098437473;0.6878667734001337;0.7540153221149685;1.4017815079144367;1.6480845693317383;-0.38867241141176534;0.30560976953626956;0.26547772287922183
751;2.147548905442897;-0.0650894364957696;-0.9239609358299513;-1.4346304389184124;-0.5528953589158518;0.16381691870704346;-0.12907629813271915;1.3387592601410856;1.3170839835499348;0.23113850616364182;-0.7184424885474159;-0.24921511167531188;0.6561501075964027;0.11286803940927444;0.31967141743483507;1.213769684216641;1.0535632147214429;0.5356476738253595;0.6414509646813491;1.2421099513158202;1.5966081660754743;0.42084210893241575;0.2315952993543728;0.3748030466216157
752;2.294946390414857;0.8622398945055733;-0.8305606878855183;-1.2430807045930994;-1.476240325219917;0.1980300955871785;-0.4813108849861857;0.43018827520097425;1.3675449712285572;0.4566016341093337;-0.28886450165263755;-0.3952026385419282;0.03423835928808649;0.5544635055631673;0.1694532142363088;0.6329445766288133;0.8790798970359454;0.526513244853213;0.6994199432300711;0.9357925653401986;1.2166820569901338;1.137553648099552;-0.09981324990285088;0.4062999774492613
753;1.923637371687903;1.8518672932611144;-0.574816599325299;-0.9396364999442588;-1.9356855344486241;0.1763989647003913;-0.6551643724567764;-0.23047528134155149;1.1271587951424606;0.7575436345873806;0.2333539786247091;-0.663795815679745;-0.3091459082980854;0.8506808134484941;0.08672905277182634;0.19349591600441968;0.27232000008098967;0.48056795412381104;0.7125057150213291;0.8469387990978131;1.1321957397542006;1.6027026715612198;-0.3244089768242265;0.3341311755837073
754;1.2190440394110351;2.5398388590439414;0.22086957410879549;-0.6016802526363266;-1.9354377902551057;-0.08622975711960891;-0.6936404728734715;-0.5960193299788921;0.6194092777613761;1.11502676639275;0.5103812066656223;-0.756103971069041;-0.3018426703006423;0.805965949914857;0.08181891154621192;-0.15387748712101326;-0.5093492263164858;0.23954205620029567;0.46602153445037636;0.5767226637081855;1.0029738987942998;1.771661037435203;-0.09070560694146067;0.32072832115505323
755;0.30719421210918424;2.357789183671732;1.159951679459347;-0.0645088239127362;-1.412127040083894;-0.618352730491175;-0.4162538007718229;-0.6764408358647805;0.17400118144925825;1.2125804652455576;0.7801601580510076;-0.41170067848312586;-0.4207669988037801;0.4684581109445267;0.13041801264566172;-0.1098347673924711;-0.9980708268804348;-0.026661540346135673;0.126849836236094;0.17321919627124147;0.7978940506944643;1.706349111797731;0.48599630049340187;0.29617071381648935
756;-0.4554519817406803;1.8504707939876264;1.6925880897652845;0.3157248939166611;-0.6829189514000084;-1.3210551970100914;-0.10695748301249267;-0.9200233306355816;-0.20196947642930393;1.047381704142911;0.9351639063913147;0.10931642376406747;-0.665708217161559;-0.12329617359919601;0.1484521869158453;-0.010921547022552268;-1.279907016786013;-0.281070300400412;-0.1458045089720842;0.006429821699925597;0.5866717643045966;1.346498263115158;1.2068785081507432;0.30312754149490595
757;-0.6978252786563995;1.1764794058658212;2.0600927474697497;0.7013126907134897;-0.0816209545733693;-1.9941256791716613;-0.20023543336294905;-1.0494900616472411;-0.7314823431228549;0.6071434512914452;0.924979033138178;0.5533177150524027;-0.5889811905700995;-0.6839813499285834;0.1041084601763773;-0.0872024298996328;-1.3041960994428867;-0.34255981026900933;-0.263935484008658;-0.050087173803802267;0.37710482934972267;0.90613079731964;1.8119305002899806;0.4536330505795044
758;-0.9322858397804471;0.27596650242797505;2.2365020788011014;1.0878551719486613;0.4953690599352521;-1.948629944271404;-0.4732479498344633;-0.9886808461531783;-1.1264285162201741;-0.018342569287522367;0.7822326803124285;0.7478827903957832;-0.10414409396381377;-0.8475304129106536;0.2875818849753539;0.010788904279361697;-1.2464950836320932;-0.35886444551741875;-0.30167628715426764;-0.14697520429258623;0.02822536933767744;0.5158843823555984;2.115272720831621;0.6653691616901024
759;-1.279448780231855;-0.7528927913832736;1.8364894465281396;1.492808823999116;0.9793537982388567;-1.0941007842000783;-0.793557415136301;-0.6732876803288652;-1.1998782767269647;-0.5116492465505035;0.5437801042331468;0.9137392041793316;0.06164354111277195;-0.6192674050109287;0.32152202790543083;0.02687005058473193;-1.1064850247534717;-1.0619021428758704;-0.39049083598292866;-0.30052781270596407;-0.39410922343222354;-0.07346541783607047;1.8485732523491896;0.6753036718053952
760;-1.4935749301886472;-1.3847831487960987;1.1420615116643353;1.7222919869130304;1.2277967901877982;0.06725012775875835;-1.0137527405255533;-0.3633639047185351;-1.1755615450806185;-0.9752428996491216;0.2649306081011114;0.9501840441222498;0.24235145509811673;-0.27155130834396124;0.18924665286950182;-0.03059567124514468;-1.0556885321266514;-1.7751732899054893;-0.5762119867739192;-0.26281509793195057;-0.7037697557232645;-0.41974100206173887;0.883763316924918;0.9226345120746886
761;-1.3210379444863503;-1.7081662495098027;0.24330043379639038;1.7971856581623824;1.3500339746549577;0.9842000579114852;-1.111109970395943;-0.16809406740399466;-1.2345353783809012;-1.4451983527499703;-0.05053139091943152;0.8505508844739356;0.6740149135145358;-0.22003359621380428;-0.39360930229010455;0.008529098939817346;-0.7632570513380225;-1.7038049726568891;-0.8789856846850739;-0.47477236463554284;-0.6236763610533385;-0.5798421160298434;-0.0702564250307289;1.281209117959267
762;-0.9755630961032296;-1.9753002029259408;-0.9771134550259947;1.4923015209758463;1.3489721985847207;1.5725121747290947;-0.916335832884197;-0.20397055044687587;-1.01414256573578;-1.490051608109218;-0.5453946004222275;0.4537545662660431;0.8451860517666222;-0.010052758917309496;-0.8871637689743339;0.04125791273340197;-0.2298598746508167;-1.2781123143496649;-1.194775411521267;-0.7762777252446561;-0.5154466535483839;-0.650426252863859;-0.6485923181728614;1.3581402791083292
763;-0.7996765735361917;-1.6980811652813395;-2.013534942109993;0.8699186858432058;1.3366599185520167;1.9409382189880597;-0.32055236919984587;-0.35614763053387805;-0.8661657183135362;-1.4818590896399382;-1.070099628208892;-0.29232244575973493;0.8875427938216892;0.48202194231804774;-0.9026800107098736;-0.002243432937785135;0.15906919679328957;-0.7224646678083421;-1.0810372277186961;-1.0546152207340642;-0.5054877169035425;-0.4948989283212701;-0.9604725709813998;1.1740083136133543
764;-0.7109440823715494;-1.2708650264691657;-2.3232901139008986;-0.11595977308704046;1.2414835912597117;1.7710344461204572;0.4324795975479452;-0.41772960319075514;-0.5817464130159484;-1.0949149804574443;-1.533626849636911;-0.6256801285794642;0.7014493522474544;0.6388007557158276;-0.561033257631954;-0.12474912305332302;0.33864474786153803;-0.26398684904993963;-1.0370561170950303;-0.9470805321781994;-0.5562487557726998;-0.5868496995667739;-0.9793306624510912;0.5643646810969164
765;-0.6625102243176415;-0.8302564942138809;-2.373509593208526;-1.1368903306862796;0.8065647387182356;1.2486228834697524;1.3649731022613008;-0.3134541955117445;0.09280542319536889;-0.727926322136409;-1.777929777193059;-0.8201833834610199;0.24905967734617782;0.6752803574831034;0.0868517908940648;-0.20124774421359024;0.4815561268507395;0.21341859474149089;-1.1128481899754483;-0.7598755287657947;-0.7333624472018124;-0.884317144601644;-1.0616917527202396;-0.4841324129265715
766;-0.4331145908770252;-0.4495582363302591;-1.9670416744351766;-2.0556973758718553;0.15428619233862215;0.8582125414119783;2.077401765644373;-0.05614133416752943;0.45783051759457677;-0.5211877429407207;-1.5493520988603076;-1.1345524541490895;-0.2892788744634278;0.5660936247378218;0.48782665751345955;-0.3762300233717181;0.7521500704257177;0.43183083560727836;-0.8286175449629304;-0.831565686443206;-0.7950922765544842;-1.0914954397585617;-1.0275997553266343;-1.385975126549638
767;-0.012999034248960295;-0.3505764629859017;-1.3041899707004445;-2.585883564788192;-0.4832251231965862;0.4787815534287646;2.3684975212187895;0.33337196604541075;0.42111052675931443;-0.09225887210801378;-1.1079784317812558;-1.4374220894448049;-0.8167954076450248;0.40616432428222704;0.8699070525069413;-0.43737080416740776;0.8453131542300201;0.4434480665000907;-0.27943571356603664;-0.743822785484638;-0.6834047615856992;-0.773071522179571;-0.863833533967171;-1.9569178893104469
768;0.3612683574339596;-0.10410612924757676;-0.6294059076342806;-2.493547765527942;-1.17256264596127;0.07964666854238016;1.9498764466434917;0.9183624034469028;0.5591016211730933;0.2641944549913776;-0.522341999744037;-1.4267876147759573;-1.2382869837275243;0.197902639049192;0.8232809017712148;-0.4539403432826051;0.5711700900380594;0.5664662556435016;0.058174102449771906;-0.6947821879683855;-0.7902672125747093;-0.3743512976196728;-0.675119579429666;-1.9450935869378678
769;0.733438255496848;0.2094187313634738;-0.10164553943390106;-2.1503306288653117;-1.9008996202257291;-0.46324676407624826;0.9408647228151311;1.582859290462427;0.6255341934887085;0.5490662880720062;-0.07538917082647911;-1.336438298400732;-1.3055502590537449;-0.31470983293365246;0.37232142182983125;-0.11724906855316614;0.09973796812748878;0.7269031181982974;0.492212413004412;-0.6138424541345336;-0.8592684589708973;-0.32950603445859883;-0.5547334337419019;-1.3735781765364266
770;0.9716314352938112;0.5403552656672594;0.35358162001536353;-1.4982093950902866;-2.4534597564943916;-0.9194082208214672;-0.22954217463109428;1.9703451552868783;0.48339505507286323;0.7405531634787512;0.30996447143032174;-1.0056554996679632;-1.4050369543593573;-0.9736440149135582;-0.0022927182981413554;0.288541734126868;-0.34565287712545295;0.8683954113549912;1.1185793684442495;-0.1463112999609838;-0.6057513881992683;-0.5149153874729261;-0.427930154422032;-0.8177016950908803
771;1.2007734159460741;0.8530742750721408;0.7466732699404112;-0.6576964875769931;-2.5043430586247326;-1.4603811919108827;-1.1015836015798193;1.6892822155196932;0.44873198508645296;0.9110800372693382;0.6476581112842208;-0.5179918206129566;-1.2929597802451889;-1.2573453627072542;-0.14165344794724566;0.6005265813165526;-0.5496618890210546;0.6063298173471212;1.3612463992452069;0.3802738201136321;-0.26456138187684924;-0.5029819100638988;-0.4421923461876302;-0.3985470500432152
772;1.529377939769427;0.938330612518003;0.9687458392334491;0.41089238545152323;-2.201166795658689;-1.8576021884982838;-1.4100570703197637;0.9908807798564766;0.38228485297831;0.8577967311009489;0.9949919694683995;0.014448848810704042;-1.0817109729621934;-1.3441471914459706;-0.4499709159072584;0.7983809433711515;-0.6055901222503709;0.20800205086128618;0.9772337760007466;0.7556066430240258;0.036441332638283266;-0.41330794998961656;-0.4133444312555968;-0.023584592082835427
773;1.4654052480908488;0.9071751681230826;0.8998409794504936;1.3231500932490146;-1.3987775296131586;-2.0762892152822476;-1.4454977840808325;0.14176823311854922;0.5028289966878479;0.7982771973281818;1.096671697893082;0.7200898428361909;-0.6230274523844084;-1.3474874070013603;-0.7836065307124247;0.6796007863955973;-0.30041032342111285;-0.08324021022145582;0.438603105114477;0.9673784409002071;0.27245341187891375;-0.4744445545854151;-0.3781267088445837;-0.0061168644390801555
774;1.1410049725084737;1.1385537139291353;0.8655410876587346;1.6029638088288567;-0.25051200485417763;-2.0846947333916654;-1.5240871995611394;-0.8653900813572495;0.7298562559777959;0.7342589289605892;1.0268309377940394;1.2053709710577531;0.042915037493341614;-1.2670070050357123;-1.103906440346531;-0.08373824629498637;0.03153988573162228;-0.2778623957824898;0.1339355605503687;1.1117067136517897;0.5264651974837574;-0.24340450780212264;-0.2852858544349165;-0.23760421392897044
775;0.7545324798233096;1.4165423408423317;1.013799886915289;1.4625568128807744;0.8148463964741669;-1.6759889666147456;-1.627968107705824;-1.8993241920197081;1.0513703319609393;0.46912032376100526;0.918455166945149;1.5275646998981367;0.49922233903988283;-0.8706334870266309;-1.4322779837260629;-0.9137245858876156;0.42969420669834685;-0.2862400463783415;0.16185878953378177;1.0403107596214323;0.7224432975286373;0.2858662015954959;0.09787290869338236;-0.1808572939995971
776;0.5590771731602358;1.3822211014304786;1.1525858220398135;1.3525001832135137;1.6296198669460233;-1.0182827991895376;-1.7266669602469775;-2.593386985801633;0.8086565530645644;0.26715122467107016;0.7185336326375112;1.3811707103848994;0.8021940336194885;-0.026701188535470002;-1.3777217796273253;-1.301692027887178;1.117181699682421;-0.25863463094111094;0.24731443355797553;0.9191253187613408;0.8376252786058045;0.6056647862441866;0.2463226208760567;-0.029333837835133034
777;0.3397862269660778;1.017630719091155;1.0640706553523034;1.1830105899661518;2.0885994306299156;-0.058693261670226114;-1.4262682385592096;-2.4632092420967435;0.7254106167074067;0.31274725574476137;0.6828460226505332;1.0434903114068312;1.211686380795367;0.4471739314441518;-0.7978529222864554;-1.256832852528755;1.8411098431980433;-0.10651125630015189;0.09104706543509104;0.6298131373728353;0.9364382128115026;0.688325923529178;0.2044320895298646;0.13223582813944113
778;-0.20369459630711897;0.41986692592559527;0.9925237366807114;0.9087261200215382;2.203649350254304;1.0463020244312518;-0.9873983518347115;-1.7643220231078618;0.4798400860692322;0.4450825100306471;0.49508164164661866;0.8887072572008543;1.585280083859187;0.7018826087980397;-0.38787143676215485;-1.05801125124115;2.0377341192681837;0.36602463243159544;-0.2644235139500104;0.2623430045977665;1.1374474751986015;0.83568675776077;0.1289452133855242;0.14418568212792188
779;-0.7582038663657293;0.06286363951110169;0.949033084760653;0.8384698850093677;1.9117168919735663;1.8444781549462357;-0.4592888824700921;-1.142960635129312;-0.05369322723904789;0.5156888921861182;0.2670856286218025;0.6789009315277058;1.6677435763258666;1.2230265139779275;0.0115657658745506;-0.7740934008656823;1.812160153608986;0.8697504335509043;-0.28303979929783185;-0.2244519289806949;1.1379996291740642;1.027032717527622;0.23864696284720577;0.0944167929777503
780;-0.9807781640720701;-0.13431623454503144;0.5294259147444432;0.7288905094469726;1.5184460044570212;2.4141830218121645;0.3491291127996257;-0.3532742414329795;-0.5005604364788308;0.47199486660169315;0.04463487264960112;0.4185353156565039;1.4001622042183715;1.595224688579236;0.6201566060268281;-0.5151577617271755;0.9464543980129385;1.4551240246007275;-0.029854200863530866;-0.5173940013294759;0.5918446381168767;1.0030233993775275;0.6622847602428268;0.3209813211342081
781;-1.0346857945734471;-0.5253166102937825;0.019880363411621485;0.5023715719427667;0.906971714939703;2.680670264117424;1.3600940097132688;0.2020396551126186;-0.5040657947238395;0.24169192321062444;-0.019079965483394884;0.21211662848049695;0.9665673301286721;1.567738526619375;1.263637725940598;-0.13502710151892983;-0.045669079984524456;1.6563035692758965;0.20883905578978998;-0.3635068773551559;0.06437514146004256;0.938550800447775;1.1041279356815834;0.5687544793244609
782;-1.080723747835545;-0.9097875450142494;-0.04163543686814793;0.356515913117849;0.3445403339210622;2.42117362953025;2.0531958004320043;0.4439016496205871;-0.6236932616729183;-0.04068165204230238;0.013598378046636963;-0.018944310581873108;0.48528927838439806;1.452505345003429;1.6424266877584555;0.3157049686799778;-0.9332004117737974;1.2543282285281088;0.5493094137979966;-0.050147191155449265;-0.17249970525733488;0.5806267813153538;1.2428642165890214;0.6644497475300316
783;-0.8355807105648583;-1.1775279618972552;-0.38648629376678645;0.20139850394794365;-0.09579501728395848;1.590169281886796;2.395728447502478;0.722077606872919;-0.9588399436369156;-0.4427445925495801;-0.018844677219687012;-0.2782507222305737;0.061927864008064354;1.2853367005609413;1.6084608710010686;0.7803757049998947;-1.5805336628019075;0.6493939458902956;1.0460562169284136;0.14708569046743006;-0.3741217013662122;0.3641486865149724;1.041029857962653;0.7648275391547845
784;-0.6590716169424022;-1.3444301982628404;-0.8839772979540937;-0.10022217627707822;-0.2419869442215027;0.691430826890788;2.6148952306502773;1.2762839649238802;-1.1988022681724215;-0.762835118901809;-0.10284668106113912;-0.29567157939503946;-0.36867336869439365;0.8197196747512161;1.4710545196188085;1.390967849729415;-2.011086877119676;0.07128135263071246;1.194511546240401;0.35853565685568944;-0.4476318910787009;0.19551403866637604;0.6274162641689743;0.7640844286384986
785;-0.582581376203069;-1.1369798196489551;-1.2772481579944555;-0.5464977586862124;-0.21025023139601112;-0.105974158406776;2.362480700944702;1.9405606240150743;-1.2517076683846988;-1.1733254000260915;-0.2207968436295835;-0.27428921747726787;-0.5736956665448445;0.22544714638582594;1.4357775539556938;1.823514374118066;-2.175419074405609;-0.7265517991249983;0.8095078058942811;0.47924430871136575;-0.36668330318229764;-0.010122266367524016;0.3633984319814039;0.7100309401727943
786;-0.7328817403007076;-0.9015693771679246;-1.4325544663426695;-0.7622060249178397;-0.16502634762370758;-0.5710855783997587;1.669619607621883;2.5106284552185927;-0.9701709716577874;-1.3512041452545913;-0.40917800166379276;-0.23417264963297632;-0.5253945635420914;-0.16035025582175244;1.0698116887870195;1.8918096564939546;-1.9508885011319745;-1.7199681736084307;0.4305832869661505;0.4156942670953629;-0.2179512907403394;-0.27845633080315524;0.3102439384978453;0.6505305297504579
787;-0.8947763147669476;-0.8551083331249918;-1.3434868518367307;-1.1214231644413928;-0.32493950666480287;-0.8827330048811745;0.64035867526171;2.5047095089681024;-0.7427522442375317;-1.0773890513289235;-0.6316000796468842;-0.39953607463213014;-0.39389151246336945;-0.5251661248153173;0.36817500647334545;1.4733989558528964;-1.5558608808881556;-2.4420385027305334;-0.048336798158387075;0.2568975073898914;-0.024424118865238074;-0.5601736051475916;-0.07564083975568521;0.7182127004094716
788;-0.8425823401674019;-0.6366756896381152;-1.0104896049134642;-1.3600095456434746;-0.719886484981392;-1.026316304682755;-0.3147952181067312;1.9637365893013228;-0.6743353514534518;-0.8182950451223986;-0.9968843471761273;-0.5448991769026507;-0.47464076687761986;-0.8459116209209075;-0.0880736185626973;0.9434309126844854;-1.1579987589591756;-2.6631318109000013;-0.8501967181741014;0.4606992858822279;0.2658554794246677;-0.702477939835667;-0.3621316878144784;0.5898728995790649
789;-0.45626841747379154;-0.3279365427412553;-0.7401113446954966;-1.1885541871904781;-1.0474778592022567;-0.9401389444965933;-1.1184919983070063;1.1891930083686788;-0.6896208334982182;-0.8548800460559108;-1.30601374739594;-0.5771060721901845;-0.5994930521938294;-1.071350026534817;-0.5638355374972317;0.619549472562575;-0.5955045820540602;-2.3749042528433124;-1.7020950202327154;0.5834871605422168;0.5499402736317031;-0.559957246505776;-0.37194721309861356;0.30605037479685043
790;-0.052761633927201325;-0.08332098731348331;-0.6480415491219592;-1.1596988283514393;-1.1372712080946767;-0.8816291005580073;-1.707498553110491;0.31858716692446765;-0.44533913792032065;-0.6516060738723207;-1.2204651896995105;-0.567373644111177;-0.5073864582799508;-1.055448726130768;-0.8243947089586501;0.1626480847347163;-0.10861737042315528;-1.4802403611585904;-2.4014003217538984;-0.1426803745348007;0.5281705544551643;-0.21239103059530043;-0.49640929961769603;-0.17479632654719973
791;0.32212030358568294;0.04248235928009503;-0.54274825383808;-1.0682659915088815;-1.1220183782505215;-0.7410144541826091;-1.8353185026933438;-0.5183689810723495;0.022359197751654517;-0.35862905363963893;-1.0618207389446817;-0.7024617484317959;-0.5715416494532969;-0.8150556071562516;-1.089956255450419;-0.39315096845511244;0.16133734605908215;-0.5408519158393009;-2.5097951046882003;-1.079319476893905;0.20939209391654193;0.039784723337320714;-0.6818332179459753;-0.8210795438974533
792;0.9105517964898724;-0.005837705823235699;-0.13584846278426227;-0.7835483938681412;-1.2023019165363018;-0.6560563068711672;-1.5732090134704615;-1.448800170519644;0.7029590035170243;-0.16175757300984125;-0.6907104926286436;-0.8888711780194355;-0.4700271451456133;-0.4381583996708844;-1.3836130121882768;-0.9772138449498446;0.542719799742252;0.18151758979469929;-2.1276349225469335;-1.6984126469211211;-0.2549159923395508;0.40343471427542194;-0.611234844290421;-0.9341027728706335
793;1.536952564270918;-0.0015880540249424279;0.36797246119080307;-0.39157386618821177;-1.0667769345325828;-0.7087514869457624;-1.141458432551317;-2.081768889084601;1.2748633104564735;0.16681647926599708;-0.07810729166095189;-0.9543460308648625;-0.40471209118605517;-0.30105906802226695;-1.1607107130514096;-1.3014484900784065;1.2115565162563082;0.5664727040863499;-1.4727883243492057;-2.058524330093383;-0.6975807846953281;0.3670232006928827;-0.30106216036972944;-0.6732727598435619
794;1.6574567475151833;0.45381916646284765;0.6668763215901111;0.04114629158621036;-0.7729297119804208;-0.9509664361771447;-0.7778965091037623;-2.3121041554965136;1.4879182666081578;0.6089308369824581;0.07844974865295125;-0.876871944705858;-0.6466383667599361;-0.2509904499180536;-0.8159069768294681;-1.426019095397483;1.7826887321713782;0.8916640949281684;-0.6016684784222756;-2.1216829516960023;-1.07620506008587;-0.03061045118902532;-0.1573988617414229;-0.49250779166208647
795;1.430823139775123;1.0049780166298774;0.5484724840257209;0.4445741389196737;-0.3355165160762385;-1.049848344548619;-0.4954730974453787;-2.114782014439969;1.6247467167969734;0.9065746202758921;0.38480189346143767;-0.53580899267888;-0.6949898131935122;-0.4246960965570644;-0.652144404128836;-1.330955021475769;1.9492403715381983;1.4022844825553171;0.3153330918883936;-1.8737143381541714;-1.238482541749895;-0.2623818386556348;-0.20215458389279753;-0.33784092298825324
796;1.0288031452546451;1.249990024996129;0.4845319083429861;0.6211561621064472;-0.047046983095866496;-0.884647686221825;-0.32676405506574624;-1.5994530300488063;1.5011039081424529;1.213534416306487;0.6753853922824475;-0.12755355040928787;-0.6361013640791806;-0.4323737669310435;-0.3964222898340124;-1.0860075904916267;2.009718112863385;1.6114792366159347;1.2602841459790697;-1.2659547086293867;-1.344354858815048;-0.45047429855790855;-0.029994626045044374;-0.45511943934041005
797;0.5409857528452459;1.4727650739628055;0.6039292838681176;0.8583866920496106;0.317887462331574;-0.5156211226879392;-0.4263003438893403;-0.960103205702235;1.1980074865613228;1.3311025676234818;0.8188030020893436;0.31469730294022286;-0.37747939646224044;-0.3996708165709901;-0.175938580428367;-1.0320233287969027;1.9329105968034503;1.595030743676054;2.023747545831774;-0.4049019696477185;-1.7153696966866667;-0.8982124658204564;0.13769692725419674;-0.39484951326686873
798;0.36575325597604075;1.5828913296257128;0.8819841207531763;0.7685853153744627;0.6461212410971658;-0.08993711147171714;-0.47353118397667887;-0.26134147859159135;0.9634908514630881;1.2830797513688983;0.9904408308917318;0.7157086074597606;-0.18491552708745673;-0.3634698109895243;0.10137406103155595;-0.5547864518239571;1.3453841280765526;1.6524963554361733;2.240804517301371;0.7158748379259449;-1.5653231020238327;-1.2768816967926746;0.09567373642221098;-0.2608453780998527
799;0.2292090756087456;1.2711805081096408;1.2089575740152119;0.7236764619879328;0.9789535645991799;0.41667131377337696;-0.3062776822146165;0.2644952654613698;0.635140542432261;1.5051597116559998;1.1249395418821553;1.1297443707440227;0.13449991908627665;-0.2889375397786525;0.11924961196749613;-0.04024055912979846;0.5209958750656737;1.6032537609447781;2.116010755832654;1.614450611858376;-1.0645320888483238;-1.509844258955269;-0.2450302185520629;-0.07692086449191761
800;0.1327273513533988;0.824058639788449;1.108579230721177;1.0445220031276146;1.0082005408510906;0.766148654830247;-0.09570036828194273;0.44071844809448296;0.16238621009552243;1.554689423438509;1.332458097787704;1.3702159673245276;0.43232032728713427;-0.011031219173972902;-0.06277186140548903;0.15101833581192775;-0.21739049409763325;1.3316290316606174;1.5113598645445165;2.2907308438045137;-0.17050211913544455;-1.397560493956656;-0.7618833293338918;0.06985927171924876
801;0.21937375717925378;0.1756882303690032;1.0687822519653127;1.08549735261874;1.1638053370000856;0.8825061390516145;0.02840754360836059;0.268133773969278;-0.41076590070177427;0.8078104944115198;1.3582501560760658;1.2688468301076041;0.7729652896684779;0.05728588153484029;-0.024151185332415205;0.152625840787745;-0.9619324402494337;0.9862696659461199;1.0381959634283622;2.634496696769373;0.9663950077223493;-0.8260478148219597;-1.132367641589647;-0.019118919803642793
802;0.27840486553907573;-0.21392566060925536;1.013573031835689;0.8358332086696986;1.073632251454046;1.0559819699464323;0.25346042069594854;0.15653839020575547;-0.8292990989564359;-0.039027190009168086;1.2081110516629088;1.041033468877308;1.0606018577449;0.2279979989003844;-0.0884883812978222;0.31905771303134145;-1.3449622855725831;0.3851324207235028;0.8808310909084822;2.4946894825264594;1.9478885213468171;-0.2450692957776585;-1.2758452358792085;-0.23520671950430005
803;-0.05762336498335995;-0.47990910397093756;0.8095886321894175;0.6012857718216174;0.8942564289062408;1.1717425241455237;0.8096413149453199;0.23397412908289258;-1.1314084231146673;-0.5973558555099786;0.7462054866138764;0.885327582240756;1.4317849711250827;0.5973671029187586;-0.18596677914005647;0.4833749193254301;-1.3636167317126422;-0.38588886109971315;0.8373957312024728;1.8038548905430007;2.6587470925722876;0.4270453421534782;-0.9459683276216728;-0.4157368972395421
804;-0.7952352746223584;-0.6988103191791839;0.29964883394389286;0.5442711690118551;0.6970459581764199;1.182451906447258;1.2602171067514227;0.16956556527434763;-1.2226375036687431;-0.8360879942171849;0.26785468361636433;0.8349821188125054;1.5625898937093732;0.934337929022317;0.13144530606822355;0.35960897338057823;-1.229740207443496;-1.0549247086269467;0.42084742223129235;1.039769614000543;2.7087432098759243;1.165082949122229;-0.4899163115478944;-0.48898410776411916
805;-1.3272873194854105;-0.6666960809717826;-0.3835818089709274;0.5665746354608165;0.557217018950524;1.06607102238974;1.3741365314433973;0.4326249403152552;-1.2217863559719213;-1.1138209921818294;-0.07912454265340015;0.7642403470976962;1.1627840618676075;1.2361697125494784;0.6690904565280597;0.18093352097611337;-1.0384915903021499;-1.687349787764215;-0.13356581845303317;0.5030638237944749;2.2277018326181253;1.6794773275234833;0.08404150321533138;-0.6160703926362061
806;-1.590620157835454;-0.5670757195829056;-0.967893238549346;0.46366375457930425;0.39547436872577924;0.808642007786537;1.3867499499447153;0.8308413815969866;-1.1057202015264813;-1.1533540898198633;-0.5775843407586424;0.5126624989222804;0.8381196332388652;1.303551546419785;0.8427154150348455;0.038420977272869666;-0.8281477056876959;-1.8854196717206197;-0.6763569902274504;-0.20132133573073;1.7900331493059056;2.188857477526515;0.6817669207360562;-0.6386371204955105
807;-1.7053966978275046;-0.6249164043930283;-1.244739340384839;0.2019257481399476;0.2805409696304099;0.527445558581919;1.010407161853779;1.0828613980986848;-1.0476401472744703;-1.353870986119403;-1.0979918111101943;0.011179780764977247;0.5102696049471978;1.1407206321919598;0.995364733722111;0.27752284025568436;-0.7291483763409312;-1.611423568111323;-1.3061041347975242;-0.7867952246615233;1.2488357976235853;2.6109520417077636;1.361259730621321;-0.4194154466293797
808;-1.7589357761263893;-0.8248906907109749;-1.1688766544533866;-0.5152742838213464;0.19606860598655332;0.2723175595069624;0.7295531300911897;1.149052749880712;-0.7476230817053843;-1.314585230015005;-1.5155283975400358;-0.4308101268097887;0.0869463517622185;0.9657243239118973;0.9679400326562012;0.4737764983680092;-0.49437257302791865;-1.1764225425927384;-1.5972086287323737;-1.0328855858746189;0.1316605865677296;2.5639833077966685;1.9391071471198875;0.1486433258018177
809;-1.5891710252311542;-1.3267938671566846;-1.110393883305342;-1.23233253900761;-0.14016332579692029;0.05899213390528171;0.5092024110733447;1.168092932620625;-0.3327405054681866;-1.0908792138700092;-1.613302750873874;-1.0184546035570077;-0.23762740982087058;0.7276188072377131;0.9702884563329162;0.5173849598534763;-0.06522411343544492;-0.7962491101853344;-1.6294358640504885;-0.9667449084620231;-0.9717792817179275;1.8612720371181797;2.349327481057965;0.6920636965379051
810;-1.123737772261294;-1.6142771583535387;-1.0563297031512298;-1.44615509742169;-0.590753181085299;-0.2961631572793534;0.24283797586397052;1.1045001954815148;-0.03478438851479876;-0.8188484598110314;-1.528999586592213;-1.3394437421946273;-0.5408387953198227;0.33775708908173796;1.0086695155605983;0.7912969379360023;0.3304029941619524;-0.3138937955369609;-1.6761101354650356;-1.0257254892632306;-1.5234075221916743;0.8018195863371249;2.341763038725781;1.41465437840584
811;-0.47905522651658194;-1.5497259782554789;-0.8742997424989513;-1.3332590157817035;-0.7562196912413046;-0.4435767669135004;-0.016033447469404813;0.768636197263233;0.15677627505393574;-0.4526321127701298;-1.3579524230958064;-1.5338573065233851;-0.7780078462216677;-0.09295465989986511;0.8451179136618916;1.0288755197809825;0.6140739505340801;0.21498031707486637;-1.5118571985432616;-1.2337361157763636;-1.6350767656538812;-0.4881830814596453;1.8713006547611593;2.2468000718073604
812;0.3653435628099102;-1.2712199103568271;-0.7977048927022116;-1.2821994883440853;-0.8876441829764938;-0.4608836950837954;-0.282243952704046;0.3170530815747523;0.2823128954084851;-0.08847417034472789;-0.7581294912961873;-1.566511934026194;-0.9624874340804458;-0.6146405954601964;0.4852882067709699;1.0777161727897988;0.7487463147804105;0.48667493846903276;-0.8980521038870859;-1.4751182583917473;-1.7119111898305055;-1.4676693234120726;1.1399748716480458;2.3893957041854206
813;1.1536832409208253;-0.7769894441828274;-0.6844192749504084;-1.2514855697410072;-1.1707171621545;-0.5968872742051361;-0.567621013750751;-0.1560302627727821;0.5300559823058802;0.3433237811756111;-0.07868428862342133;-1.4955127128117667;-1.170261789183196;-1.1201025490342307;-0.0886486939976851;0.8783984553075774;0.7488762873790913;0.38634254795163914;-0.08085383759959859;-1.6349034003299237;-1.5628308191124178;-1.9282261937731022;0.25348962267599673;1.8314029433399739
814;1.6535276906065577;0.041240909368954;-0.7712693573624605;-1.0718141231233334;-1.3275997113765983;-0.8920392911489744;-0.7794349764862978;-0.49995706989823346;0.7440883384306052;0.49139928969002267;0.022486239831482742;-1.0973936892583813;-1.4526697254549104;-1.320135882086681;-0.5723797409533277;0.39234201339373515;0.6468085366226132;0.359264487119225;0.5278469654328637;-1.368378546874517;-1.1352991919813933;-2.1883082433605963;-0.48290525238905707;1.3523238989179738
815;1.6804444292612826;0.8389209638697138;-0.8677639072191258;-0.6175389775384409;-1.477623961231723;-1.126471447893796;-0.9104383672957571;-0.8779287957523766;0.5011800038248789;0.5407359735211419;0.05651310450618081;-0.5375042675657032;-1.5771171719206052;-1.3211539621658048;-0.8663324260511781;-0.07465493308695346;0.22724678420800043;0.6430195675257562;0.8415830344002045;-0.6920160726741813;-0.9105596722340242;-2.092440402295035;-1.344911917016223;0.700927540786284
816;1.4882619901100862;1.4170427851778613;-0.4337869778846581;-0.13312017234204043;-1.4094895808891807;-1.1269113269868425;-1.0114740635161994;-1.0011221583841592;0.19236901011236426;0.579079379064308;0.2963883255652242;-0.13667366388794933;-1.4991286495280458;-1.219525338358099;-1.221518972689613;-0.4114742461066019;-0.4552178987662381;0.5781342867377175;0.9728867332830059;0.004330869354855318;-0.7446091555377037;-1.7952722902173845;-2.268348102757818;-0.14402304049459497
817;1.0184700227809178;1.6659877085614445;0.24806828111649942;0.13332647801547928;-0.8794598905606287;-1.1925346520112408;-0.9220893715774652;-0.8176600905141311;0.27213885958947115;0.7574941352828194;0.6799943865342503;0.2393801896050267;-0.8597117583590286;-1.1165136691728772;-1.39890950738891;-0.7943552824582721;-0.99220278575608;0.54464440558814;0.8801010914869263;0.714974409970177;-0.6010453146072965;-1.278805568815133;-2.6990227698025606;-0.9756773697878438
818;0.6091594516078899;1.8230063104396408;0.784256912335346;0.09921310923152539;-0.2216306841260598;-1.094618976826369;-0.81077892333942;-0.8217758988277508;0.5029308442127612;0.7232675923463858;1.0270860437022706;0.7930854993031418;-0.19938580556148278;-0.9951887682660969;-1.4289351138367217;-1.0526301350162708;-1.011448300724246;0.3115592781772079;0.5975468583585003;1.0434426189935815;-0.3935994759667926;-0.735764677777321;-2.6318231316294995;-1.8746102538507732
819;0.5534117114236398;1.7671242535031202;1.520597759561506;0.12611077615290037;0.3473194125687286;-0.8727884116431671;-0.8909561908505517;-1.012297869987845;0.47823071563139374;0.5229776075001101;1.0408203896711736;1.0867621984918423;0.3341592264136609;-0.8332576094232041;-1.300482068724639;-1.185521589735962;-0.7008879178216809;-0.044809200326342155;0.25120163503656506;1.095302707263859;-0.09514040419165049;-0.20834009632240358;-2.1035503598541796;-2.511028507125046
820;0.754098080515065;1.5550583524869446;2.031894170900482;0.5049832462193595;0.630376279752544;-0.46400370466852436;-0.8772682847569617;-1.0788361184177493;0.2398112421692588;0.39141150648751494;0.6705901148659306;1.0233053275442845;0.6653414745979339;-0.6430091736627976;-1.159803471475344;-1.4344561354012928;-0.442034775445933;-0.5295919538572358;0.22896628411636127;1.1568724074818126;0.4989960365604616;0.30489655830781537;-1.1525025851755841;-2.6439789835989407
821;0.9196896791393111;1.0815548825468109;2.1808102524686332;0.9701306279355519;0.5837574751961737;-0.09470959158893062;-0.7626103589716082;-0.8303692557219245;0.11868741511414198;0.31122656913353636;0.5524219779040916;0.9208499511832184;1.011299902408159;-0.09408065725134977;-0.8235003157737296;-1.5272683258789148;-0.14091245690236687;-0.8044551783118442;0.14639453071519778;1.049331126451109;0.9233319810891822;0.5560389018387211;-0.10638143825058916;-2.3585756433890452
822;0.7970950655262142;0.289295675929594;1.9056036101151943;1.3587634122802963;0.7357511659835654;0.3695686133596051;-0.517625820120173;-0.5993863706347783;0.3914889970074341;0.25960386296883414;0.5810859258359864;0.6796440775044077;1.2201220915496285;0.3918690620124648;-0.24406181626991919;-1.3281282884617656;0.6710819056172517;-0.6493952480237545;-0.10667111423650218;0.6257125169457005;1.3649369199210195;0.5092644730215922;0.43090020024048253;-1.814162616104703
823;0.6466989755242482;-0.1438458967149849;1.2467954172121272;1.6258079822233849;1.0129768975592983;0.7232376457045157;-0.1871963894692801;-0.39001919955541214;0.6356479201941092;0.25983018046681644;0.3302214612010666;0.6264107886860374;1.2941119407973798;0.9323114929145175;0.24466683967510047;-0.76046394686548;1.476718992872234;-0.397035558659176;-0.21332017851990462;0.052298912557477435;1.5876587510243376;0.42838756114562454;0.871213774690266;-1.0337657670110343
824;0.02215768797820102;-0.26684988530108766;0.5997310312772312;1.8239083728575227;1.2713065850473566;1.2427706656673327;0.3024566400071912;-0.2527785986300182;0.8432218477769534;0.2967393035513167;0.153403530528561;0.6639603278294768;1.1660905317954737;1.3299130206569874;0.4561042985162579;-0.18995798544332593;1.9511232538888001;0.009011128855358682;-0.24335068383063208;-0.3271984615728961;1.3500737030496837;0.7152782789308706;0.9449372420879464;-0.2345364264259553
825;-0.7635969746975403;-0.2535391358252736;0.10619656910616421;1.8002639890834393;1.3938729811943174;1.520387040101876;0.7796061504476796;0.011465214438118865;0.8304976237849929;0.1403866201512899;0.24237093062842935;0.46012540791942375;0.8675251504483998;1.6226905597789285;0.7632495581233519;0.04403618564490806;2.138305558619488;0.6743813608667306;-0.28644885885356947;-0.43394806618386;0.6030398432750257;1.0987958610833992;0.9881051969294158;0.6189767879138346
826;-1.5978126883356383;-0.19693699944280754;-0.329976411389436;1.4088282357039625;1.2042326296326564;1.4966430527450354;1.1362806941155912;0.3059622751908822;0.7198891032016518;0.219659751170491;0.1657591702228908;0.4279749252759094;0.5370553058280049;1.594621557993867;0.9547216136435684;0.39160842345691266;1.6081481324639213;1.1737854804639904;-0.2643877107349103;-0.37613160991149897;-0.01903321218264105;1.2903301111977499;1.1468567188637828;1.4489112262986894
827;-2.261267365231911;-0.22824767634162416;-0.808252390671732;0.6389498951709482;1.0297246434202376;1.2280103787630725;1.3099365830541292;0.5296688476558087;0.18618369504075885;0.420539947829584;0.09523998589887937;0.15177363663599167;0.2397954619089208;1.0848482215436628;1.1549372823235713;0.8641830709104539;0.7087544536853722;1.6311938015986147;-0.17262962100028628;-0.06062486965231817;-0.36671138428304184;1.0804424923273812;1.0227262764590461;1.8840717233053947
828;-2.440647938058519;-0.5302504098217181;-0.9888055661838084;-0.27656911302761705;1.0905937390821379;0.8421610182870845;1.4109443656977025;0.7985939307060322;-0.8318759027239456;0.3101911607703694;-0.059376102599861126;-0.24666420574477851;0.11839017508476424;0.6399889821028072;1.4436171375204767;1.2202601345323678;0.05212033209246052;1.803394148129247;0.2835972014246548;0.0563165864611052;-0.4923561739764837;0.8732886946496177;0.7143847694852089;1.875762041553625
829;-2.064341499260622;-1.1076250934913974;-0.9873460858005451;-1.1340700291209225;1.0264575614639608;0.7474523972557752;1.3972483754495866;1.1490718102631803;-1.7562459310279557;-0.04975262414218;-0.17396672306067687;-0.3344030696336191;-0.01071749968074412;0.2891812862008641;1.5171890958097074;1.444022089449095;-0.6150754245126349;1.3706618630532272;1.0167635384114087;-0.04880283137909546;-0.5703386620280504;0.6628337304124821;0.7019051222352671;1.4772591348818702
830;-1.039977707356425;-1.758522179089704;-1.0438192584393706;-1.3610096756918868;0.5202371383150995;0.8885617515254411;1.4183356826757985;1.443861355284831;-2.201862143504248;-0.3770046959841327;-0.06624924146016241;-0.23518412718895365;-0.12319840027793962;0.030488855770876205;1.2319646277591891;1.4030242093579008;-1.4372286310466817;0.6759848858504445;1.4224506101313876;0.12448719434941335;-0.38890741722712324;-0.23782147881526136;0.5832500864083106;0.8589623154782223
831;0.05019603822313441;-2.0040523431294357;-0.8976520465614033;-1.4609667720996409;-0.3734993013419583;0.6726019503859729;1.0652915338962603;1.6046190430870146;-2.18680805192786;-0.48652097542920714;0.04722955431033867;0.10767022276474408;-0.24021409220959478;-0.10096818567987953;0.8564043878529984;1.1419898915925206;-2.055182454508319;-0.044050998877803206;1.3619969153971467;0.3788248892812581;-0.1656919621853957;-0.8235312051028841;0.5258041931178152;0.3703990793088053
832;0.721403063837443;-1.8487067985866663;-0.8472355717518504;-1.4725198803995792;-1.2252819966862947;0.20984438083396612;0.4930297919363184;1.4045660717873054;-1.6181534730001663;-0.8602030034779999;-0.16885428351315143;-0.07800525123782114;-0.20512457202314915;-0.269935861908322;0.15769969068872244;0.9928334555053263;-2.034263512381054;-0.7862201751615376;1.060482369520158;0.5272072814419295;0.01497553287585637;-0.9090212420412831;0.4453508035381885;0.29572029489394913
833;0.9359521963717264;-1.286412640241599;-0.7550631617978912;-1.26914163935237;-1.6333810926055314;-0.26724186178232845;0.12037018138499472;0.9634471706157338;-0.5096976897122824;-1.5157606546157032;-0.5568270665521625;-0.42604731365605997;-0.19724090666078142;-0.5704196993768545;-0.36983394148789356;0.7847422125358474;-1.6645902617280381;-1.6407943374547462;0.5540076960096517;0.6548399531254582;0.34336643093930913;-0.7947260341777688;0.136220676036928;0.22689550003747053
834;0.7878945329850872;-0.3907867134141643;-0.9533950093233715;-0.8471383514443357;-1.9067242935825648;-0.7841774695860305;-0.19114027067572345;0.5710801768230525;0.31981607315670363;-2.0181683889703392;-0.7495688657255792;-0.509662926356984;-0.49015825740610336;-0.6036455448981972;-0.6620788617000811;0.4107240040048094;-1.0915012684419751;-2.30561855546083;-0.2129583353644382;0.8588251338501453;0.6147481764631595;-0.4784264985232224;-0.31043133512288446;0.21671381700959563
835;0.6062422169207498;0.6258395323023159;-1.2317307199017018;-0.6125451684034792;-1.8190501740221698;-1.2527908192144739;-0.5099064991235842;0.15858860865381835;0.7475683686630568;-1.8192281217802544;-0.787257460372637;-0.41674605940515697;-0.647048912863208;-0.3804790187825797;-0.9187776344136922;0.060880758234673295;-0.5569920760674364;-2.375875630531952;-1.0119944163459815;0.8287107196922652;0.6395949548264397;0.006067585867121597;-0.7407117179822237;0.017152302322557437
836;0.5768750999571821;1.34038861061867;-1.016567451048174;-0.5923133065220295;-1.5674799648967692;-1.524105102209684;-0.798688090437782;-0.16997063626226447;1.066564495747203;-0.9152471427347966;-1.0149027225299654;-0.4587702508006498;-0.5213326402366874;-0.3180803109376421;-0.7585764231040759;-0.24458106658611398;0.12277150466470928;-1.7432136321123124;-1.6665961931016857;0.3865378312203974;0.4396921355006149;0.4950457858926489;-1.1106217074695943;-0.17486995343335227
837;0.6555850752158826;1.6858694902255722;-0.5576590832857823;-0.5475793433422181;-1.0539903646084776;-1.5266664286698024;-0.9346691755331975;-0.534532716616008;1.2243214111839311;0.09394913695751694;-1.2093676185953381;-0.6823045361899669;-0.23015009184563073;-0.3387172099366271;-0.6217287663493243;-0.6898873108970942;0.7848527180686502;-0.8615898080316048;-2.0906715058388357;-0.2109749458228041;0.14181325556101165;0.6647665754846085;-1.0349091574052935;-0.42082257705773163
838;0.8249188654515595;1.73017793027934;0.2830527614212049;-0.32063424916882444;-0.3082737159418953;-1.7283926798910156;-1.0529040082516705;-0.9934673906795195;1.1440716489843104;0.9176241239610581;-1.2041974278622127;-0.5681517411782598;-0.3171458555934467;-0.49161737350701623;-0.43708513374754676;-1.119802750748799;0.9631180995878996;-0.19487118526226516;-2.25389901727547;-0.89364613834691;0.09207565746786085;0.5394805103699267;-0.42091780927889083;-0.5272290997309531
839;0.8612737253863594;1.3013946477389713;1.2666975501727822;0.0835384742238992;0.2091243467134211;-1.6435078035194204;-1.4298580248556847;-1.2844603341619596;0.9631631089383234;1.7076129808788982;-0.6966411860635139;-0.6783069385340214;-0.40139937686860594;-0.5425529534970085;-0.3895849998889819;-1.4091557144960778;0.9517874140601327;0.24583564870195082;-1.8791392301759795;-1.590508342324745;0.012283029774537308;0.3493690848660465;0.21907688169942224;-0.5743361719465165
840;0.6619231928750372;0.481645270898345;1.8685490009958188;0.0650182110183448;0.32499419887559744;-1.2475444801043656;-1.692844472928904;-1.4127679977753036;0.7587896953937211;2.0577973349968066;-0.038278434822313745;-0.6989333363559096;-0.5864484280988858;-0.4514508563820113;-0.4148202987942319;-1.0778333557959658;0.7461211150969758;0.8814690272174267;-1.0463978111081027;-2.1912594016913642;-0.1701196827139022;0.0567820063344615;0.5504292903360753;-0.6868870898215839
841;0.4410320511994123;-0.02719434866677579;2.0236125745736087;0.26287662693399994;0.23656817746466766;-0.3833881064396641;-1.626602756715813;-1.3982980313527187;0.6799304585938106;1.656654475587635;0.7032872464980697;-0.621639053338106;-0.590329840576729;-0.4716858565288793;-0.4235459170809719;-0.6358598465872156;0.22789653012986125;1.372077109887533;-0.08464192529678974;-2.163718633636939;-0.8091028937810286;-0.08259914917212678;0.6890487380799184;-0.7274774273124669
842;0.14040159001183447;-0.04302500707220177;1.7159271906886913;0.7644226781443507;0.28943118945796725;0.5826098903175637;-1.1105825272593022;-1.2062880385895214;0.6370259530212931;1.039183591236713;1.4250156723207539;-0.49689153402274;-0.5684609484908684;-0.331474876357797;-0.4106936647233375;-0.36025838472617167;-0.24535306573411936;1.4093965388477367;0.6700503863034084;-1.528899834623797;-1.3365708664399598;-0.2986526775705257;0.5969940623526547;-0.5532495149047408
843;-0.3103839796349129;0.1353024627855284;1.059045429460712;1.2327792903684667;0.4852073331861797;1.0538810422200469;-0.4394839969453505;-0.9767274114945037;-0.06953486160591131;0.3376538450906914;1.7692808140038725;0.12859271524165974;-0.26898527858786614;-0.2452868734848493;-0.2826303265052419;-0.0378067514767535;-0.12292354324551164;1.047745760470048;1.3989621205651592;-0.7054459779282282;-1.6042409225226244;-0.6821639448527942;0.36148150101637716;0.039552911192751866
844;-0.7108790245907923;0.27527028176504875;0.2156968451603869;1.7120454748044829;0.6723637874612297;1.0309507381411063;0.07246364092316987;-0.8500224286031726;-1.1804085998324583;-0.058727367383877585;2.0632637298018213;0.9289083977593242;0.10532682937078333;-0.2342962609859809;-0.11138529633422085;0.035448186437453046;0.28213423049571673;0.6295747698467359;1.7331069714231782;-0.04560625979305529;-1.755221316720563;-1.0505542730977369;-0.18655902648024547;0.457299869229803
845;-0.8942930885368024;0.28943791883038045;-0.40590615296096416;1.7393977263804392;0.814284930870164;1.0224886954055383;0.42418492476435715;-0.7075886652451369;-1.6176873435288113;-0.2821051178924519;1.7952226382722263;1.2692399978780105;0.19355896389892524;-0.05762952507493964;-0.25399310164184286;-0.07651759964428753;0.39155135600760343;0.09241794610519162;1.7182331427302977;0.7540617953587547;-1.4149122561244123;-1.0846189113210096;-0.8530550419832549;0.758327128679297
846;-0.6509193198319849;-0.10258635472590318;-0.6719668840746368;1.3626684086269858;0.9918471087722097;0.8422513632980817;0.8294917413193522;-0.3375042130830029;-1.188197921375521;-0.4716357207180772;0.91526263641605;1.355431572719907;0.26568512813199513;0.11869285840565644;-0.3115135164794929;-0.25412612888777114;0.3137918544923751;-0.23698998097141533;1.3093077259432875;1.5048968341318534;-0.7665760975745081;-1.0384860550614725;-0.9850571881645228;0.6531038744846049
847;-0.3321889196103086;-0.5645964199701572;-0.7850417784231674;0.7789131437965088;1.0996021208865885;0.7006895738374266;1.3417261828344493;0.22394034717117556;-0.3995471177381174;-0.6443455110752556;-0.4223661232183122;1.6326461603053632;0.4988141816504068;0.07003183657415153;-0.03730190662744376;-0.20101983195325945;0.06897369712294142;-0.25394125119125754;0.61097649245816;2.0642679549678364;-0.02201890758967685;-1.066746233597292;-0.9065520894877522;0.21963109613193554
848;-0.04228607577356508;-0.9113744152755852;-0.5460320695798304;-0.21057506507412124;1.1544236150340426;0.6271560208061914;1.562780358362724;0.8595440406239757;0.20791354580504723;-0.7777372069296449;-1.2189086197177206;1.5899188196596947;0.9261705333041356;0.15458134895187545;0.17032365463264787;-0.09730693688213267;-0.0756638672976061;-0.4053737028593371;0.019649076843625525;2.0868216592870783;1.051233440906867;-0.8163195225356151;-0.9077623637417248;-0.45343625406219684
849;0.11796454545262819;-0.8407581393012935;-0.21687426839734875;-1.145733211397481;1.0007508013622926;0.5028741505034129;1.5240023035165664;1.2562744582915388;0.4002028963612665;-0.9791598530836435;-1.258336544588812;1.0638201496888127;1.3980244045896226;0.4381405947409558;0.402029964361293;-0.0031296495169501064;-0.06940041573852959;-0.3479072945828618;-0.3094687269393002;1.579710374189245;1.9154379293188903;-0.4225333166575274;-0.9119806311052991;-1.027828731297835
850;0.07237054873451565;-0.6833833255379176;-0.027500820760604065;-1.4211511378583512;0.4632123790308326;0.5319281821095505;1.071737518747156;1.5097160829843432;0.469112274327244;-0.9214827904959713;-1.0428080131122826;0.08324699173493995;1.4143276104969043;0.9124626250073915;0.48386935046697965;0.23941576224527591;-0.14677993811606052;0.10662832387207455;-0.36214145675338577;0.7763343146717879;2.2107980041162807;0.002505399244045533;-0.5337278421800076;-1.3373949797105407
851;-0.03437149716375585;-0.35136789375670247;-0.13720856030266157;-1.249321466892924;-0.03318164200352734;0.7835086958003311;0.5384389332777673;1.572661373409109;0.30242261044199986;-0.5813655170470875;-0.8960325738546364;-1.0259303436970608;1.1375202079405953;1.0988208302039166;0.44371051089092606;0.39638073309038124;-0.1808867966473458;0.4998039761433344;-0.6187011996542403;-0.005430105874535549;2.0026674779918614;0.8217492921561247;-0.25019263852336876;-1.0860995138140328
852;-0.12247775458979594;0.0027693854673856637;-0.3673082211403294;-0.8000668879643171;-0.5084627792285737;0.6706809118911977;0.10370962368609728;1.3178209299434702;0.2396235486828372;-0.028725554196328038;-0.6951463875297276;-1.5695716499100025;0.7589949741573325;0.9433694276953447;0.5023324459156739;0.3837486038107057;-0.4261912989481376;0.27485474214675687;-0.7752854497475337;-0.580913754315515;1.5216069408729158;1.7244565821111568;-0.06345543281733232;-0.5891914744592953
853;-0.2120170423410304;0.26365811132831224;-0.7407789834202191;-0.3481991660686948;-1.087678377010609;0.289843278552828;-0.22338660560342247;0.8846532970499973;0.23194331078144895;0.5441796825201417;-0.3372104960818683;-1.5995854871069157;0.025400888453788253;0.6848224239475017;0.5977975510896657;0.4651363400935127;-0.45512247382715604;-0.06905122995228666;-0.4482844427907837;-1.0162218966725112;0.8908021863471929;2.280337183334634;0.4108157285764582;-0.3066403285840574
854;-0.31412169924796485;0.42883975162404997;-0.7679518918431039;0.09833650153441315;-1.6784343045868333;-0.2352782712588492;-0.21150692543512437;0.4357942386769443;0.061482839633463085;0.9920878377841031;-0.056674590023702745;-1.5119074426363512;-0.7683426862996483;0.5682886982495321;0.7512968843420373;0.5451499716675045;0.18807694962814053;-0.2710909091420468;0.07095530545935538;-1.0009001059514093;0.006687054220545981;2.1328372216050515;1.1200042938112083;0.17189296629727402
855;-0.12590896551241873;0.2981053185222309;-0.5293704943578746;0.12470426973652599;-1.6532081856606102;-0.7505985362869346;0.1735419940503196;0.2026713905955776;-0.11349367401011515;1.2693035103784356;0.13936835656009755;-1.1253853165965217;-1.444854166560273;0.4728677441838927;0.643625336814494;0.5710771778538111;0.9626040997148307;-0.3255942514761258;0.45376898621985856;-0.7747798853769847;-0.6840774051734676;1.5705993902492303;1.5648524540338304;0.5419515452540031
856;0.21637520683340244;0.12144010127049161;0.17015076807094032;0.0356878193355808;-0.9208745273566786;-0.9817626856838176;0.23419244517997764;-0.0596445374950588;-0.10701573449570631;0.7845972213928831;0.17965337753528132;-0.3286264858856915;-1.645386785846728;0.04248553329504394;0.519356653625197;0.6792665891956284;1.2639915626213472;-0.1670025944758881;0.44456612510035837;-0.5578817460885914;-1.101568391630959;0.8963268869701073;1.6362416932568586;0.9538265147794783
857;0.07434407010607318;-0.1888745883208465;0.7207360449638205;-0.04730787248863586;-0.18206268321818464;-1.1474841162817488;-0.19990895789039925;-0.6028371635806616;0.08257597070865724;-0.2202483362551175;0.5579701596000275;0.5400295261851952;-1.489192670663859;-0.5169986325961762;0.4487053729823819;0.5459776591401464;1.0032700355486683;0.22480023336112515;0.23072666761205712;-0.10966552528186829;-1.4676458014550084;-0.013848996788073857;1.6807193510096838;1.2659891987844956
858;0.04711061367794905;-0.29636114199864766;0.6930868527778608;-0.3190400138687279;0.39148700454702967;-1.280378827407475;-0.600171106095008;-0.9378045153042279;0.28372065084628995;-0.6984605995390185;0.9501107929734313;0.9829146546267795;-1.2933301418172163;-1.1071677812259872;0.13065117337373555;0.2718182982968323;0.4601331329012187;0.5398819401302785;0.08191072157184792;0.32194952794716575;-1.4577399103563236;-0.9363688681838304;1.407777885142758;1.162980806754267
859;0.20038577235583263;-0.17622640239362863;0.43013623552341124;-0.30307162766511636;0.6785036793228808;-1.1378637001769256;-0.8505131255343678;-0.8116440414936851;0.36891392992342426;-0.4677184692928704;0.9982093921515397;0.8862015130840578;-0.7211626894705072;-1.5672102587844101;-0.2658722082776404;0.1487787426157853;-0.15647256446077126;0.5443889020746073;0.04419540806478291;0.4769142218101147;-0.8906427012900745;-1.579371010181847;0.8843979015965311;1.2074361621644738
860;0.34921472464486947;0.06043452872357905;0.26485737846953605;-0.0717474007693885;0.6602718569199252;-0.6669883883766815;-0.9559959034935538;-0.4442438696831687;0.10624081318973466;0.05608576506638522;0.6417027308331703;0.5836782170555549;0.23909468291510902;-1.7369358506026948;-0.719483055937233;-0.051740246950413335;-0.8900347388665584;0.33309271049964406;-0.11312216789643359;0.4692783851193077;-0.047805689107016276;-1.775776267162463;0.16814394362722385;1.340991588193799
861;0.2522709659104732;0.3438236966756784;-0.06874770211036543;0.3812942782072656;0.42587340109908184;0.0468010946490551;-1.1376824204332774;-0.1512529640121948;-0.28431692540562215;0.2241269209682937;0.16365817161385623;0.3889854481430759;1.1252273389322913;-1.269100266836813;-1.1133397958098876;-0.16422814850194714;-1.2405636239842799;0.30255234923205665;-0.25588822923706406;0.4336791003422231;0.6192070935895373;-1.4385354610706362;-0.8736025119515178;1.1955636743940998
862;0.1599945756470576;0.3132194930476915;-0.304201435484954;0.7442515713856127;-0.034593892660504375;0.6071178882908151;-0.9891912265713971;-0.2204373165855959;-0.4775967247061063;0.10139314000869916;-0.2948612416273385;0.3934662844125299;1.6324812027559852;-0.5100755876345756;-1.2547612011962601;-0.23231335412929704;-1.5946062409624098;0.3518666863431468;0.02223239222827159;0.35396862908721183;0.6859659056538394;-0.8602673772085362;-1.700118079915221;0.5396225493404678
863;0.2612460906119575;0.35839373643179534;-0.2561227816025858;0.7456568971044395;-0.32081752437681554;0.9406972301849231;-0.5526633114487961;-0.45145836031360015;-0.4328691128410656;-0.037033831621233054;-0.8300438435657357;0.6565287175080289;1.3709664821474457;0.3339731601088341;-1.046506090383553;-0.5881285667121817;-1.676166262417315;-0.1550312126300831;0.4314543816913863;0.12345251542616113;0.6376318419290289;-0.32811326684219666;-2.0565920303425034;-0.2802106821335282
864;0.7041783911898641;0.4244697815238551;0.027703348449825166;0.6086037386049344;-0.1058821091698453;1.103422895291172;0.034824430191443996;-0.7162541782756441;-0.283331562584239;0.07296719479216111;-0.8419158100636333;0.42516306830116946;0.7603488295066628;0.9592457833979363;-0.7988245612984612;-0.9226629757450013;-1.0905261254169034;-1.04897367846022;0.43033056904740513;-0.15840108925814264;0.596418296534071;0.26413119751863295;-1.8418092031351987;-0.9375414987055218
865;0.8225604139443793;0.301611885001402;0.1900768014127222;0.10771785092868848;0.2586333902836759;0.7994626435581695;0.559536191381122;-0.8261349010093713;0.16288300252213617;0.07250429118944006;-0.45455534090210586;-0.18553448415672652;0.27266207825551125;1.3537009326096874;-0.5704596380249476;-1.0172219371161006;-0.2123005539708406;-1.5892215087230894;0.2097834495538265;-0.48083629247444654;0.4531802869193354;0.7432750938534164;-1.1933317607761995;-1.4427718919868577
866;0.6764817597113677;0.23428903148276736;0.34484440887285106;-0.4238772451035599;0.5178049960330483;0.3354057037089255;0.9006965818095113;-0.6397100851391596;0.5441723359689197;-0.15567098640938895;0.05511584214261632;-0.586406417773403;0.19528338877031098;1.5765090544720555;-0.15631680170589551;-0.9241647480441284;0.3483584053000103;-1.7720567727073773;-0.39801230113176067;-0.42749490204997814;0.1652077855838423;1.1110925286709765;-0.3294410596167437;-1.7873665125240148
867;0.3212974237032842;0.27240161488274084;0.5793846514252179;-0.547847441105563;0.5410740789985252;-0.20034330662481212;1.0433206967180204;-0.19447912967709335;0.46974407410023467;-0.36274227197997505;0.5674718698195066;-0.6133725625646794;-0.21409945412929882;1.3541645790310868;0.6635006191149372;-0.6731788151994801;0.8314115540045124;-1.3085701833619796;-0.9562703943440538;-0.12696518642148638;-0.174184389059255;1.1593767065483704;0.5358854893592165;-1.789282608909257
868;-0.1001467386858275;0.24867885747051732;0.5270981804351972;-0.37146611827866227;0.4681991049328485;-0.4962287354547376;0.938084282186828;0.48197234422214774;0.144229331630399;-0.30001575387282936;0.5817533685293813;-0.6384371109677937;-0.6958217563222777;0.8092292452878799;1.498629205601421;-0.3477086655351748;1.3591909480443949;-0.3184598713929586;-1.1088376973336846;0.1136229337505396;-0.4263970959163297;0.811897094551154;0.9695121255815848;-1.3494426930473156
869;-0.5601447749261189;0.29398837636249886;0.2385418968742903;0.14873012157617393;0.2554804002157872;-0.3053504942434011;0.7084693545450901;1.0711862132546768;0.2960006863288734;-0.21877984731134442;0.19909837997635835;-0.6311187159870048;-0.5410668156309865;0.15218747510479924;1.7857189383775638;0.2434282924532771;1.6375460004125202;0.5943813878846135;-0.9225220214083525;0.00611702550365209;-0.6013927918192674;0.07171194997636848;1.2091933008004343;-0.5265881691559462
870;-0.820184013652757;0.10615433127109328;0.05074731848096495;0.4996411731498633;-0.09493390594305755;0.12180752845743004;0.4581677172453411;1.168651591385307;0.43339576762216964;0.24235136787532952;-0.37433521927751695;-0.3478437378009378;-0.34620849133872017;-0.5464291758430455;1.5341302273365256;0.7313385030205178;1.5719571050594354;1.184698658703514;-0.8324918875674102;-0.3720129065935165;-0.5363824470560543;-0.4571034457853865;1.2628879500920775;0.12839060112279535
871;-0.9727168025017233;-0.16084074011243368;-0.09937864724523941;0.6055096703240936;-0.6005094178821301;0.5363698797288219;-0.16244210373121362;0.9332871060885501;0.33322393941034606;0.5884650454642354;-0.6088457103694379;0.24273608984431652;-0.2475957187252628;-1.0835550215877001;0.918603515065149;1.1733161906753142;1.3537160198530278;1.4617724208764278;-0.6440454961439165;-0.6558249009504405;-0.45807396050520766;-0.6580396134320462;0.9616021276343023;0.9058989641262839
872;-1.1250888523640148;-0.440275221558747;-0.18218472615284917;0.37932718429248213;-0.5625341573477578;0.3933193822513005;-0.6586984025901379;0.6634558691139233;-0.10420971636251478;0.6394787855638616;-0.434105507976065;0.7175304579710434;-0.4635942592335608;-1.154666311519149;0.0746401548717463;1.425412771378572;0.7970699175677166;1.6304712035947277;-0.038538474800734364;-0.7461491097095972;-0.2969715546743081;-0.8479911911731125;0.26203989570002084;1.6902137909397648
873;-0.9624928073279411;-0.7510485163267293;-0.20061955743391494;0.08493773088794528;-0.3172578290815317;0.18655248711272834;-0.6396597784105376;0.4304493058295493;-0.7914819285064506;0.2790154400990193;0.11843457512307014;0.6125466819199551;-0.6355408705405877;-0.9225548362345461;-0.5550282124182475;1.2130219307482242;-0.16429539783098931;1.5504258722462672;0.7758957362355114;-0.7710370342566526;-0.1624671235827722;-0.6672832189829356;-0.3351593637416199;1.7646708432229499
874;-0.9272162727748622;-1.0432413536949126;-0.31986693833564656;-0.11778108734150436;0.05458221029714025;-0.04392091979292991;-0.3829900166837103;0.12025573310510135;-1.1658600380685968;-0.21865593489421078;0.3133681507890175;0.12953918741958576;-0.33885872398151906;-0.3432823455278224;-1.1378339354368077;0.876207018714896;-1.1890944990858507;1.1154706637126903;1.4237356521182276;-0.5768473676079322;-0.10820541855142163;-0.3912896177362091;-0.6452181446652131;1.1550637144915017
875;-0.9030425481512449;-1.3495253987216083;-0.49302941917737814;-0.37391489585553667;0.5454891231099896;-0.39746721077927183;0.023201192133579334;-0.48075841449915085;-1.2410816533839577;-0.6096374832055477;0.13782164141856107;-0.2755766861975447;0.23819631843166914;0.022698814276021502;-1.3643398810871268;0.3545835529857617;-1.5956847675230206;0.25613911467761674;2.056267503998794;-0.05760682872021809;-0.10121124205086889;-0.4318156742343952;-0.9896356916109333;0.37475371185154743
876;-0.8628676541611583;-1.387128034443295;-0.7073010128657542;-0.5862266773296075;0.5445797331474308;-0.7079360535569906;0.29322785114661587;-0.8672925453885625;-1.4225359344718376;-0.747302824593835;0.04653125094792626;-0.5938200139048064;0.6770893343507185;-0.08994397871851185;-1.201631184502177;-0.23215919041127517;-1.6311874592860205;-0.4598614224194811;1.999053612281692;0.8331708877913336;-0.1587636827594575;-0.36187441039336227;-1.1443204457276426;-0.3970445090610366
877;-0.6738157582001149;-0.779475397796995;-0.8956007694238511;-0.7098772505819784;0.2185384104441581;-0.5803047412151174;0.30399639594256744;-0.7107084952766288;-1.4757180373898349;-0.8467995867817444;0.14533096551155292;-0.6467405314904578;0.5985534410472575;-0.08808959846763312;-0.9061809919668662;-0.9879477736283312;-1.5651497748023075;-0.9065574501574772;1.1019721016487953;1.4988982179457948;-0.2433534541327537;-0.12954680558268672;-1.0064894396182649;-0.9622046331089843
878;-0.23255209274213665;-0.2571012649806267;-0.9367389623600387;-0.595280910352659;-0.26690045828701586;-0.09151423168071335;0.13382223084503395;-0.3735378872335696;-1.1320734434559583;-0.8179854604517985;0.07485141736735212;-0.3462350236374279;0.2595544737588042;0.014556276760282814;-0.4605718159366202;-1.6147943947274264;-1.4589665504892184;-1.4633959089923252;-0.10348955373033386;1.5200031296150631;-0.15825095270131997;0.3217579543628139;-0.5345573012651285;-1.215520082187502
879;0.31332933774263716;-0.05092857648825459;-0.9280987033959431;-0.4908991065624034;-0.644929850135555;0.24959038858072383;-0.13774851527967796;-0.30831392178157896;-0.2813502566938958;-0.9486403751612871;-0.47887807129363225;0.15545419141143205;-0.20971348913184532;0.3388573656762588;0.06368571459464051;-1.7761690312541525;-1.079200921529026;-1.78561718836655;-0.9158114465931434;1.2584780138520282;0.22155598812516225;0.4845903437155979;0.08403584121488068;-1.1566308365793667
880;0.6947720166925976;9.008281216207892e-05;-0.748279894913899;-0.6812806521376324;-1.0162548545115386;0.33859165708194056;-0.5928761821844097;-0.003358723216455549;0.6873413074691811;-0.9948836693724523;-1.0729653471677856;0.5879203719147907;-0.4494662872271021;0.41155392369241184;0.555293237906323;-1.2923046702057066;-0.49641838062638594;-1.8609083609503085;-1.2700533763461626;0.9041756776874513;0.9414449614439209;0.24507587133613692;0.42233609333166605;-0.9711382976986473
881;1.2433498042332496;0.2517407174505309;-0.39564278053367313;-0.5865320605765034;-0.9965867746090937;0.18381455837944408;-0.7147985397291233;0.2880175359516862;1.6349257706175766;-0.6383588368728541;-1.1086462862004887;0.32733794673683725;-0.46089965355331713;0.16084231707149368;0.7747176468358323;-0.5368214586269485;-0.001975424876692592;-1.7188098918782275;-1.583667014491551;0.565842918855633;1.3224711376019718;0.13954775469518874;0.5176728932416226;-0.6652675099626595
882;1.7865116602093105;0.625943649374735;0.18116602759097875;-0.41269263820724045;-0.5405527551401114;-0.0469638849565777;-0.4521697497078973;0.3273762292542;2.0865558580261805;-0.10471725550817021;-0.8704698709304347;-0.21890731418404155;-0.4190631736351813;0.08253024451351447;0.5163040921392076;0.30348761345031344;0.5241610492939808;-0.9157783963552284;-1.6700380700962725;-0.24799999311251647;1.4186800634564982;0.2831358710395312;0.4369476438377685;-0.18624102324577388
883;2.163399602464286;0.9846391075540826;0.6420564954120093;-0.3345776199421187;-0.24988825095286052;-0.49903848159228126;-0.03334210734665615;0.08782070859404154;2.109814417028303;0.78367210419206;-0.3463602236605387;-0.618789233456854;-0.46524916898214613;0.10029369428268921;0.19242528537244494;0.7091797404463742;1.2097328558737939;0.06856516055539331;-1.626393266497732;-1.3132067349832588;1.045538445620482;0.4564308130340403;0.3744244180190994;0.4221718228865543
884;2.235591924820815;1.3291112342997944;0.9492356231679777;-0.16273952641705375;-0.1701911726201551;-0.8754210174736003;0.33255587720526325;-0.2034552489579745;2.0225323449823525;1.6953997305073962;0.21555166857322242;-0.8250699368617304;-0.05405013514467223;-0.016993346738790466;-0.039695465671568286;0.7856354146816952;1.6984692865091977;0.8704333000142507;-1.243522656925617;-2.066476688336284;0.20286922753919787;0.6603733909536326;0.5465207690618383;0.8165615922310908
885;2.04686653285483;1.6947780096637823;1.238071571046622;0.3508309849152884;-0.044253637651362344;-1.050978216003754;0.3779980624004388;-0.5183174943951339;1.574054294856686;2.1069211139967816;0.5855000842148351;-0.6652070951375325;0.604004410968708;-0.3374679393459058;-0.03904415849032572;0.8725400125003868;1.9303339895077067;1.2990525691115902;-0.62309677429601;-2.2741320630035933;-0.42911914205958707;0.719367123016976;0.5886548596381945;1.0471453233754222
886;1.4522530324283358;1.9518567319210738;1.3675381868384657;0.8516199439640254;0.05093490329704398;-0.7048613343202444;0.028048715775159657;-0.6336218072890214;0.8437768231788978;2.0582369389009783;0.9233850828688253;-0.21230557439006165;0.6643378679463797;-0.808798087787781;0.03369649146756685;0.7449286525320784;1.8894738061339738;1.585272308926249;0.143004395046359;-1.8753307192341895;-1.1532568826097114;0.741324048503391;0.42584499153123573;0.9297261954240978
887;0.6830245047148498;1.914687907281936;1.265819223787704;1.1385210235744105;0.3604941106427878;-0.019320697878169008;-0.2659835835561745;-0.3184817330021009;0.32185326098824807;1.9239542399902874;1.2322722228699055;0.1949462671811246;0.03883845296340192;-0.5611975407111779;0.03488951768192311;0.3576767651037613;1.597259497597074;1.7632187728916795;0.9761032702673594;-0.8073690005071051;-1.7840030788850512;0.49137406999678657;0.31446791355272613;0.6485543397095198
888;0.20466353545805044;1.5650950394322314;1.1335341023426582;1.357216951337724;0.6149689100187762;0.4193465595630391;-0.5918415849619251;0.18188757899337288;0.1778051959582609;1.7783956341623817;1.557059863018943;0.5873287926205308;-0.4986713950095263;0.26070701416386466;-0.026502761685195705;-0.015393122101335322;1.434380036806988;1.7069451322001348;1.6687672937631062;0.22000575943018252;-1.9056243250660756;-0.13050196828603017;0.10304104601414762;0.46173484184869396
889;-0.41111093758351575;1.0248752083081065;1.2025061741794114;1.4530349321748441;0.8308472060395793;0.7428457635919721;-0.621631940893555;0.3637392538549883;0.23894399031771332;1.0187530406263374;1.8886047357891294;1.0461646608498012;-0.47854613699792614;0.691650542917515;-0.2612267005230379;-0.31788348849050113;1.225458413592262;1.7722945946574888;1.9773899254121567;0.8210224226454519;-1.5656715373727013;-0.8072401677718689;0.07697688987273424;0.16726025177199413
890;-1.2385136570283444;0.18338713201362072;1.31264714580883;1.4195762573322708;1.1007441974913699;0.8977378906386569;-0.47872680932986794;0.2903577154261691;0.11587125932344641;-0.03723507627509331;2.007140617637453;1.5928969141365263;-0.20238339690044255;0.564793359796039;-0.3800901179008357;-0.3475194937114009;0.8982115384467055;1.7457183558800873;2.2699894602581447;1.2931187350926927;-0.9457776927293867;-1.516861096823261;0.020875103157069516;-0.10815415277739854
891;-2.013238035351109;-0.5686375414396712;1.2095262087607366;1.0894453560787787;1.2318069585323028;0.8835689988001078;0.05611408243016473;0.18904325634729116;-0.3268137720690882;-0.7776486182864417;1.5223233406901873;1.8343105027753037;0.37719288181113236;0.40821306768505755;-0.12379395494141927;-0.351395777664785;0.37928072884142405;1.0748019774592983;2.1484662868022926;1.6580123062887149;-0.11218887554227243;-1.8938603823794677;-0.044746307850849446;-0.11221982097150329
892;-2.7883139530617256;-1.2841223708418557;0.6576201551820702;0.8041945723669096;1.322491710133255;0.7898005086693357;0.7663126503060513;-0.02828710717863051;-1.2607596639678404;-1.1385430241521588;0.5889396565568065;1.6054694973773544;1.07344293651035;0.20262037577568662;0.2711467336035632;-0.09098087248093628;-0.5952704222742468;0.28126207584208895;1.5109900774323293;1.8423474277768315;0.6965859977299165;-1.5723219885769986;-0.2983179247869028;-0.06747477542988245
893;-3.1791695606989907;-2.0028041484221197;-0.32122056808445626;0.4227883909480959;1.161310590869455;0.8021390280739517;1.2779701614788583;-0.26547783162720845;-2.4598407603350414;-1.2180734008479537;-0.36608841859950547;1.0240188668579682;1.6183734022140939;0.11455749549196349;0.45246074365398253;0.13729772588222672;-1.8926112382312585;-0.2718138910319624;0.6790315812055331;2.111286005584096;1.6178610469395327;-0.9154049977686529;-0.8780708539813212;-0.09980290041414466
894;-2.838989208718167;-2.5064303407945774;-1.188676039859442;0.050917450611276005;0.831931004218109;0.87508590875293;1.292165830454075;-0.2736094207458931;-3.017465145802128;-1.185551281441106;-1.198090674477608;0.35928957680884754;1.7396060897779582;0.15696207003562462;0.567414510002958;0.2688503667200359;-2.8316496065296963;-0.8241705288067508;0.00827165621280232;2.036630121282828;2.535509999375604;0.09610360398847077;-1.422771521117591;-0.4514408719651903
895;-2.0808377449888904;-2.584615783666032;-1.7901407966761715;-0.2403280089516903;0.4224280900478337;0.9906785124002987;1.1248928621965864;0.1157120827808618;-3.1188789738917473;-1.4216772000854494;-1.723654622739257;0.17015675332672087;1.2438255509846767;0.2968680673752583;0.5032095876398653;0.253809661274865;-3.301366326212868;-1.4517790242315225;-0.3824975117299978;1.4860459329437299;2.7011409019772783;1.0607924516539577;-1.383923802038845;-0.7006339872389468
896;-1.1518396839895575;-2.330854757823555;-2.270763825655677;-0.6099637581696132;-0.00601095400570339;0.864172866673832;0.9579506815809463;0.8395337934579162;-2.8385597975455967;-1.7028960681172851;-1.907944896179634;-0.2610758432675128;0.6345738140056408;0.4047231129519911;0.603517557950052;0.14587635855738199;-3.462970962497363;-2.02414408328855;-0.7266109282584567;0.3709566836138495;1.9053165635247595;1.7467902336232561;-0.7668378124402098;-0.5941023163812944
897;-0.13547532069693682;-2.0399240829530276;-2.54293232636085;-1.1213903326688859;-0.5041409021552241;0.5434741579560153;0.5868166342494151;1.313380155354964;-1.7269619423503817;-1.834818153762347;-1.9495192775263543;-1.0718007256090198;0.16384340720489493;0.8895848700269541;0.6221168760598819;0.21453492582269562;-3.0068322754100936;-2.367607247816501;-1.290841771347936;-0.49136346370587825;0.9944385977256792;2.168685772092082;-0.07330572588817327;-0.5102024947585682
898;1.0018469571855646;-1.5474600625173252;-2.5827934604962897;-1.698804068235498;-1.00684335038649;-0.0842197171561913;0.14648529285442827;1.4368123270367563;-0.5274166046198605;-2.054902120039625;-1.7663541955740205;-1.9527759574906498;-0.355370109685692;1.4194519549060134;0.14950912487465254;0.4610792685446212;-1.9592591331726827;-2.5940005971282867;-1.8953423880779925;-1.1650474367195127;0.39814845484205597;2.2888334661517615;0.7029596949234538;-0.5086633409245018
899;1.8398684642094632;-0.8450808448781629;-2.113077425102153;-2.2356623410330974;-1.3076522744945975;-0.6080500747535788;-0.02437877440283451;1.0821116415489018;0.6425963408928738;-2.238730009619514;-1.5840926744776442;-2.3575677846989938;-1.069550204386497;1.2551096575504648;-0.22414522396743364;0.7005971818073601;-0.5147094755358681;-2.691986889928697;-2.3351964526278186;-1.8028680066982599;-0.09491177398232345;2.041796708600305;1.5982174385468748;-0.43160467681371095
900;2.326900081097308;0.18133145245488397;-1.3537875849219148;-2.5300497515015445;-1.3878665867799982;-0.8592683490150118;-0.038100361699457255;0.5554094516730215;1.8669524993834223;-1.694143544334838;-1.3612743672494332;-2.409947062457648;-1.6197876352479816;0.2937653422235033;-0.12297430056244872;0.5326388463909194;0.9525230517183788;-2.5206990271642793;-2.5419800200202376;-2.1917166527128784;-0.6314155486429158;1.3339327804339567;2.27931087205949;-0.21912622370075863
901;2.3269094643114063;1.341087333071125;-0.6156712801906042;-2.4174965009139258;-1.670967845112059;-1.1148476379108583;-0.2486555019015029;-0.016413213167624258;2.563494014828517;-0.6648398816833245;-0.9707655697441572;-2.113814365814855;-1.982595740073085;-1.0145663657675985;0.3835864522082496;0.16924281345496286;2.1112699456052546;-1.6252334988422283;-2.3242939446668243;-2.163459492980742;-1.3978906369464585;0.3063567629591911;2.428552527175244;0.3122885183108862
902;1.9926647327855875;2.329037432249332;0.15514879694768682;-1.8762894037860625;-1.9283105665387863;-1.5363643898034425;-0.5783792439231245;-0.5078695749112425;2.807743052882544;0.9180916577184859;-0.6163758638987065;-1.3717404239227329;-2.067736137155365;-1.8593064298575601;0.6989523413273615;-0.11019809311065899;2.688438831534981;-0.2892108699463162;-1.7222083416613279;-2.027714439871691;-2.0233916451882674;-0.8311811913248296;1.8853262304384604;1.1730467649161778
903;1.614096328666143;2.753610750119994;0.9615628572014056;-0.8403471923184731;-1.7947910371657845;-1.7510983506408777;-1.0767925427187128;-0.9069216949526533;2.6588631569904972;2.4001225761876905;-0.41097616222005356;-0.6250962169699541;-1.9341975499755804;-1.96941918411813;0.26593307872106653;-0.26260965195625846;2.6203125127978155;1.1961701606472521;-1.1890775865252154;-1.7696909731397468;-2.6278312193239497;-1.6871925158811478;0.8622121941907083;1.8638017569803822
904;0.8427652073313607;2.7088286464006543;1.730012172739834;0.32399771812516925;-1.5222571746139497;-1.6649105229617465;-1.4159998906221194;-1.0005637721002891;2.1951151769861372;3.231475263195731;-0.15245985913763294;-0.020212037189055263;-1.5961712099900396;-1.859397251592099;-0.5796408920046044;-0.29063595874678766;2.0950698276352027;2.4521030412823133;-0.5274137062623712;-1.5131486672349739;-2.684113089265395;-2.3102913497617177;-0.1275819902633294;2.104412551014408
905;-0.16226044504513593;1.9983999726592394;2.227884237315206;1.0446564280034316;-1.2395470334869498;-1.5043781114128134;-1.6519170888426182;-1.0459629743297303;1.4773990609326226;3.320871862369084;0.6537831838438911;0.21369705275003692;-1.1412439332977977;-1.9730398007932677;-1.1968589630956514;-0.3524753973125068;1.65432486231816;3.1709302099185153;0.3788164992926566;-1.1623124972940797;-2.202855680033075;-2.5521110243280707;-1.1479430594083315;1.7902563994283553
906;-0.7773850597184653;1.251977419379297;2.4723880521159107;1.615551180164435;-0.6201195555286704;-1.2480411173771326;-1.6243282811812834;-0.9420025375354286;0.5674793989293487;2.814510750797523;1.9125091129808454;0.47834634050063557;-0.6615730150775895;-1.6254212644640196;-1.6034051802602702;-0.3674628266947123;1.1583541976260867;3.317567818132419;1.2179883703176744;-0.6281745666268022;-1.3550881015241705;-2.3629484845534643;-1.9989342409893658;0.919359246509304
907;-1.0745510823878428;0.46739109216089125;2.444127362697555;2.075173422380817;0.403731530093565;-0.8192887590443536;-1.4258885316210321;-1.0884158383819753;-0.33805420341207104;2.023427787279212;2.8820685737680365;0.8860922012525766;0.0343350264760902;-0.9390487887122446;-2.0363349407495046;-0.5210411822218036;0.7009892330967149;2.829235086417196;2.260686017726605;0.11995921249080228;-0.5645994003195003;-1.8832922571754134;-2.4974085858372423;-0.28416094914971407
908;-1.1252790311328904;-0.2822489861999143;2.100158291891932;2.4569827980731698;1.4307480277866937;-0.3034821582341179;-1.0197990483816475;-1.23956039209757;-1.0012127428885973;1.0363750368937321;3.198085148961856;1.292219201217058;1.0427983226138886;-0.5262587135970803;-2.300848404309582;-0.8457208439955084;0.5342922138295227;2.0750738323191458;3.149802993696256;1.1431836576406005;0.020530297857415565;-1.3559941488277172;-2.7501005512504757;-1.4518782011838256
909;-0.8353733278707518;-0.9382666115322101;1.385514048650652;2.417554964977155;2.302972305907724;0.19242168420910374;-0.5465191818025698;-1.291632716969246;-1.382052081532207;0.061170522887057835;3.08237692566373;1.8854573604943208;1.8264757011952433;-0.08327128153802059;-1.955707418636844;-0.9239588115277699;0.3807808364596554;1.0929008065562216;3.3712244780771505;2.155898957328348;0.556282997418754;-1.107969387959705;-2.5598234649482667;-2.2309714862665535
910;-0.3400969484564831;-1.2916657352938532;0.4533919902600919;2.053083165831873;2.7237693932496687;0.9334322328431327;-0.21381565925785567;-1.0128194946261033;-1.5349651131701003;-0.8661380048173286;2.472095776221804;2.1579360431967403;1.9690041010089847;0.696430075453696;-0.6917008849005415;-1.1990146886086799;-0.10842514482976179;0.021009780013590107;3.069653847958607;2.7279638369672954;1.0615846677791514;-0.6418955564777543;-1.9947161090217844;-2.712333995364551
911;0.35694253130309334;-1.3811669675791272;-0.6589539582217294;1.4512792564696144;2.7237737321468187;1.5079178910963642;0.14436449293598627;-0.6985503655897112;-1.2176192973785598;-1.5917663998569285;1.1570273825681365;2.3273394271201564;1.7458331547903796;1.4553490970475536;0.5098405489199541;-1.5471985341085168;-0.5753162577016829;-0.7049918681735846;2.3270037385632403;2.8248234585319683;1.452602999067134;0.4238055628141862;-1.1074119961969986;-2.9811623645853635
912;0.6564179042178979;-1.1291472896111883;-1.6151071258899306;0.7227493765865878;2.267869871735746;2.165863948178589;0.7825389829611233;-0.2866543423660197;-0.5618169329521868;-1.7706145606398827;-0.4520982041108084;2.350605068725693;1.4598529358909913;1.887028621186566;1.2349702174051926;-1.6894677969202432;-0.8844300196699613;-0.9582926660976911;1.1808740386709153;2.5930239102228567;2.0645690228945175;1.544856026982493;-0.027599415659081337;-2.4640731959575564
913;0.7506197332784811;-0.6049503349142977;-1.8557353345320544;0.048913858747437006;1.4766434734958656;2.6086826022182192;1.5221956546798363;0.29363210362618775;-0.08273658597674928;-1.5104047984921984;-1.8331345558257417;1.932551900298064;1.6241147826709024;2.004012585421119;1.5605304192646074;-1.0323754861056054;-1.019551671060811;-0.7885423344622596;-0.26115460812898383;2.458170994434732;2.530374096690037;2.4230034249499153;0.8492013139459305;-1.554257629504723
914;0.59904430830501;0.06463206067494215;-1.5721153422335532;-0.6552429737396351;0.6667542420276789;2.582887464826538;1.9502440759102677;0.9533836824510491;0.5012118128069969;-1.3232781190151546;-2.4287570218428276;1.0057798399966484;1.665822717964834;2.075290560646808;1.4352186927981407;0.2705792830869751;-0.7687262165119063;-0.6259232122487833;-1.565738769222182;1.8105304649991087;2.596309607689577;2.4547839545987107;1.456438388781035;-0.436851855832087
915;0.41492413295218217;0.4348596032994397;-1.0835555439079505;-1.4731977909816831;0.09199558863034227;2.181271831561264;2.2322970429516733;1.5379818197613013;0.7129363836055551;-0.9316698877350008;-2.352004404037752;-0.06322594731340672;1.4741162673230752;1.9464934440375377;1.517141146280746;1.4841634794339598;-0.6463484552812342;-0.8996362901237159;-1.9508723035118338;0.8981828214906744;2.4915369106157073;2.0989354771562065;1.8419000126063072;0.6229060738714716
916;-0.03998509148891579;0.871192832941849;-0.5928266268262318;-1.9403165208812323;-0.5554104865654251;1.4186875520656888;2.0747956805945234;1.6644094728194878;0.5586103653483071;-0.28733410741061294;-1.7327802145027944;-1.4552779665364752;1.1038843938887895;1.622568523173473;2.048877757861578;2.1590152326278886;-0.8871972364574691;-1.014467999612559;-1.8549367995509445;-0.19608737830348116;2.094918332665974;2.0387771034236954;2.0881204234494217;1.338776439003535
917;-0.3516754850252244;1.0485346818991979;-0.04279758991399898;-1.9749578194638227;-1.1072140444427443;0.4182145987228615;1.9086786500582498;1.7206712615104107;0.2060914530213705;0.4284965225463717;-1.238568005683925;-2.7401979549120044;0.49188220031734675;1.0009920324602302;2.2328762129468727;2.276140328702752;-1.1821797366941738;-1.0889864833555074;-1.6660809352795243;-1.4849388758896818;1.151327921098218;1.8202642724790483;2.4034495471168524;2.04488157874645
918;-0.3548416544435424;0.5819193577341497;0.41673200809651345;-1.5421309122130642;-1.5219587975949878;-0.5889788981417174;1.6614511624141286;1.9504586640981694;-0.326835239403365;0.7470350964951123;-0.7659236934049611;-3.234539108207613;-0.4197010813409989;0.3656096014687003;1.6799816147168825;2.234230774253082;-1.6037672051218754;-1.2531514793202463;-1.2688559722773851;-2.4716088627000454;-0.09122477770877441;1.4952689379184634;2.429018024184816;2.6513714876372014
919;-0.4394347092521667;0.08458796043291054;0.75886520537444;-0.9116126085490932;-1.9011344379839117;-1.4557126514913319;1.011742922301517;1.9267235705780257;-0.740453297854839;0.8724540602165373;-0.06448833338616769;-2.7864261491453797;-1.6355805162260049;-0.17879759502663434;1.0014866745275879;2.178435195629473;-1.7231303383159862;-1.1217932189268571;-0.9007107978737184;-2.866952966320469;-1.1269287974163056;1.2110133160635885;2.1537869392682873;2.7669668112277788
920;-0.6090048334693744;-0.38349028497083665;0.8538526710314042;-0.09238507061144742;-1.9178100380487892;-2.035011266115825;0.0882443609146128;1.5512794380990806;-0.9745399759685572;0.6055965586145521;0.491015622241641;-1.6460491112188198;-2.4267181368999835;-0.5640901048955326;0.5367400431904152;1.5434488911919786;-1.0902547079993554;-0.7742852149049314;-0.5800933787783008;-2.672273697733755;-1.8409244135044545;0.6292129014997201;1.6790579018185865;2.472124879328456
921;-0.9014608917473952;-0.7030016681468502;0.8234492900354838;0.7026561368718314;-1.4130566276862064;-1.9509112686950023;-0.9450117987036916;1.036566261869524;-1.0961269808525316;-0.03988983337111624;0.7875282818040469;-0.5769534208163719;-2.6925990406999785;-0.9315523506382123;-0.037183616559938217;0.6000272519857516;-0.01893176327831904;-0.5228714546344297;-0.4404513262375618;-1.8899218315435853;-2.427120502435649;-0.3470412148315037;0.8192947793997689;1.8493531565801378
922;-1.228356198695931;-0.9696324658009089;0.4708812909605015;1.1508075417654922;-0.784393758865312;-1.6314313962979246;-1.714264523833444;0.2667870573656058;-0.9859653573309876;-0.5443791894049591;0.9784860771092322;0.41115932310245523;-2.617018119828939;-1.1910636542090884;-0.7374217998507864;0.005142300192291967;0.9912916810557837;-0.3078228148500418;-0.607570239297529;-1.047974090254044;-2.6599346697970714;-1.4219613425629263;-0.13350752816705544;1.2927079414096396
923;-1.3059329574755536;-1.1514648185212635;-0.23484759103824046;1.1917942304109215;-0.1990220719788315;-1.347919721800726;-2.2411644985543373;-0.5979533629699397;-0.5088692216519007;-0.9337609280988672;0.654268681954362;1.1561849011479421;-2.210759424714226;-1.769011560722731;-1.350650909313346;-0.08325576782646332;1.6369680134317934;-0.18090972241611902;-0.6612214727653448;-0.22935307049560494;-2.5899170239783253;-2.293238212789783;-0.9629614138612249;0.68269747412666
924;-1.0095102590137786;-0.9600981970236809;-0.8281614963532771;0.6860260101368195;0.3938698105934312;-1.0749797823938239;-2.4216932107566804;-1.4254870850524184;0.10336079445455319;-1.270188942093752;0.18433252409693465;1.5097783648492824;-1.1964779232437222;-2.4843017793378808;-1.7019127901181648;-0.11087050422443474;1.8541814761542144;-0.14836195980727052;-0.5459245908126821;0.3743974335420887;-2.2164821770431087;-2.848679708404287;-1.396038609872462;0.03314759629986348
925;-0.5626622562948309;-0.689814715513055;-1.1831351854711474;0.1638830182096277;0.9810833592789678;-0.6205317232051911;-2.107781387415725;-1.960095404000513;0.6416923680881556;-0.9973023790129489;-0.189557724401868;1.1470602173502273;0.08576093921737865;-2.6377236048414003;-1.6980114761816072;-0.713512467358231;1.730566667902146;0.15833362666427983;-0.19017832710761778;0.485645976867097;-1.6136808238590385;-2.905130722115228;-1.4537994522697464;-0.5785960236367774
926;-0.23061286911825665;-0.5569161227739513;-1.2926780508432942;-0.23894696728643652;1.3736570990190127;-0.08711876879944434;-1.3991596285850707;-2.114858008752991;0.5779845496990003;-0.4968743126300383;-0.5014106858711829;0.472151919035503;1.3735298996651537;-2.0057919183192374;-1.760941942140947;-1.7716662013976132;1.0550858698601995;0.8900608660035728;0.42915228039932213;0.24205800188986293;-0.4983969830686993;-2.5477409379547606;-1.7282281172052905;-1.170426678956483
927;0.38017445267130506;-0.5913008641040619;-1.1151285901550285;-0.6534866274768739;1.2605605427773467;0.4265633691224655;-0.6522122679665137;-2.14081462958672;0.3755797027145498;-0.0659737791343428;-1.03191616485279;0.06196489985520682;2.147951062901092;-0.9196829492822692;-1.90375651359593;-2.297757578771148;0.25332444539565707;1.7081706507309837;0.8084648394248232;-0.0007915972428113825;0.6614720291461077;-1.7825615816348996;-2.3798795424360253;-1.8528274632828956
928;1.26183327397012;-0.2806684575226078;-0.840259467372659;-0.8610991259887544;0.6262317214414228;0.9199951218832837;0.0643305945383981;-1.9936088987123965;0.28767058183123223;0.42634389515972493;-1.2423700296935567;-0.10816916433955104;2.158395310896647;0.20911241915575215;-1.582934910852305;-2.180015192356092;-0.35484080552299874;2.072305317801691;0.923615330577321;-0.0020706876564367833;1.4836642875102364;-0.8874119425709627;-2.8235480155275257;-2.4188984777368057
929;1.8862570389369129;0.16673730260101016;-0.35831379468868135;-1.180997169706707;-0.13212669823864379;1.3076982067804876;0.6165357745886377;-1.5491001145575343;0.36489399700763775;0.8713132439539062;-0.9565652327484051;-0.3174474460672496;1.4304683609043707;1.1625619408911718;-0.9461408595445133;-1.7299940244737801;-0.6164589271465288;1.760331546582395;0.8728158598666845;0.24555244631158962;1.5784859178317587;-0.05296757823153452;-2.6108465214146257;-2.525488924044572
930;2.0406136869189795;0.6220985337518653;0.07410530092699773;-1.2559338434125715;-0.8343968824937754;1.215587761515923;0.9440279820377492;-0.7165185403585227;0.46768617780953936;1.1012669383072573;-0.1433634496575436;-0.7543888087914838;0.3637405014392768;1.9656044050138963;-0.6780289223311015;-1.2140050809998337;-0.6600239991176343;0.9391786066106609;0.904058187953846;0.7717859175121893;1.1551291720360886;0.7887382145510825;-1.6213191691032744;-2.2425069703469487
931;1.7284037461793824;1.239527078843045;0.5043534422525513;-0.9535099796426599;-1.2491141912310144;0.8200535114581476;0.9279914953556163;0.3962399459370011;0.5289682375252455;1.1158810566004913;0.6852797760749324;-1.0227353960527512;-0.5818792899082043;2.315223040624052;-0.03223316936431523;-0.950921722236209;-0.7624247596188826;-0.11357094341834492;1.0896065686183372;0.8980499478462393;0.7021483769328546;1.4671640481129273;-0.559379871611239;-1.7098295681105073
932;1.176058329183659;1.8608052615390092;0.7388081830032156;-0.31639430708019395;-1.1879357560630208;0.1076598517048723;0.8855694012683059;1.1540739789731986;0.8931691342911671;0.8096088511812843;1.1512972917169355;-0.8105212269821237;-1.0612584964675833;1.918758989394532;0.8804657132733992;-0.5447442567461822;-0.4087141330640742;-0.9801738374868504;1.1560678673199765;0.9952994676397929;0.2561602665146098;1.7775201841556612;0.4706114963315773;-1.276390608000741
933;0.609721399401619;2.0248808738622786;0.9954670938821224;0.3427361794450764;-1.0489089054437815;-0.47654073422728344;0.831054539186319;1.439181970109826;1.3292242207528184;0.5616676255732113;1.317776551751746;-0.23481749979950034;-1.0382502360553814;1.1390930959166734;1.7805064089766116;0.008562886010989071;0.28302802878799294;-1.2483765529623794;0.9208937928057759;1.2108225413008447;0.09075583723313459;1.8943297832869004;1.421122850701907;-0.7641715917652883
934;0.16083582652621833;1.69619458406829;1.1863146470220085;0.8787494802844359;-0.5885944811420653;-0.9082551900484117;0.6196839456236819;1.406769396647496;1.4149647121937916;0.35962588408474316;1.3065935014669425;0.3821066660034767;-0.7240648501011101;0.21826905215429654;2.3383068875384256;0.7414786208634299;0.8405683461930491;-1.0199906576488589;0.6706726178321839;1.1643279959933925;0.30234629859473555;1.7099523108475163;2.141013487249536;-0.2746900749666618
935;-0.2855802810177347;1.0571747860087228;1.4702836614315167;1.3616449923743776;0.0019195839135278288;-1.2768022353701667;0.4962583347838;1.191092534970819;0.9658100721541617;0.24403016344365044;1.2250142694783601;0.9719477311453631;-0.36237174869875566;-0.6948098635724348;2.3326877918890156;1.3660790570897547;1.2096349368384554;-0.5448094713272453;0.13006791077187796;0.7182134108906741;0.7229911134287446;1.2423485621550108;2.2846794448148504;0.481192855422201
936;-0.6568540006163998;0.5708760329626603;1.5072485174952244;1.5061676085332776;0.5004708855372146;-1.1946313123297492;-0.07029549326625202;0.7682490765328993;0.2642369521936411;0.4244714857049065;0.8006879231807092;1.3849350488166514;-0.1250816285383669;-1.5107688665343961;1.6833516447358716;1.5233661531567646;1.3729866750899324;0.09100519799315483;-0.8770178156702357;0.14348899658635209;0.9846527712296798;0.3250101779895185;2.018318753589328;1.2622701439664379
937;-0.8498399687323137;-0.0456821663161857;1.3363472297158197;1.349347456920162;0.9145670978114273;-0.7953200116059185;-0.6704403629091293;0.31045935969323446;-0.47040320069029656;0.7364055891796852;0.2628751281376783;1.5927768465350467;0.5324898718929214;-1.7546409231350386;0.41035836455328273;1.5904949575160758;1.0492633502848632;0.6697100654247603;-1.619968723231816;-0.11256062840450975;1.0321290981236766;-0.32756379043374934;1.5511465302762066;2.222645361786865
938;-0.991650257564168;-0.7895059296254417;1.0842746236137601;1.1804731422983303;1.2654705741633379;-0.11549960682715653;-1.1261888749766717;-0.12122685024539537;-0.9687007669891515;0.6433245261314624;0.08831457275427952;1.5971615074579402;0.990833752184844;-1.1916535077932529;-0.7145181691759633;1.8563365959571774;0.4057072523710548;0.8916885147737105;-1.5915554960341063;-0.11029193055933975;0.7840224969179677;-0.4278540818565324;1.1319029366812106;2.85890073349482
939;-0.9215046344446584;-1.386317919785155;0.5767138838415987;1.1118938018888247;1.635601657706049;0.7742209251093946;-1.1734364693672392;-0.42245927630139357;-1.1888195784066304;0.2169794650010407;-0.14412872566661905;1.0889008548163153;0.9995259580553459;-0.002039623856749598;-1.3704488945492812;1.6409937361545994;-0.3565607720907235;1.0401532585887343;-0.75461514410778;-0.34619452188542726;0.2533987792627714;-0.1904465755530668;0.6238735969599873;2.7389934156548423
940;-0.8711316941467412;-1.5779611865546814;-0.428046102992119;0.8782681706533382;1.7089399525497309;1.5361245070605858;-0.7861775036706257;-0.45830488161808164;-1.4404300472981442;-0.38212027290000267;-0.3243798923370477;0.24717921295805467;1.286419351586528;1.0021521996558675;-1.5535642318969283;0.7540188736533359;-0.941346353667424;0.866630925929968;0.17941640654872182;-0.6685891758243658;-0.4028710773137021;0.27010362636832963;-0.08194938934912377;1.961694222892159
941;-0.9176894631103704;-1.416784677429504;-1.4393893478299797;0.3203273335398253;1.4380370939738347;1.6339173842491985;-0.049744139065864584;-0.48069725298722554;-1.8828170369912887;-1.1054913944037765;-0.3071482636164803;-0.4811609205491995;1.4953965260629845;1.4568531620146483;-1.2780409051736203;-0.13434901462869706;-1.5906617179894342;0.2855088640315495;0.9785486991455224;-0.990198195092557;-0.6455143902234778;0.7983175748932491;-0.5705747644601303;0.788580236616442
942;-0.8466788301973698;-0.9642899857206718;-1.6903499484061801;-0.18619861454417838;0.836079710585681;1.4378062147449606;0.5354069167420489;-0.6208519940873732;-2.1541842325798934;-1.5083612675095697;-0.29440189680882095;-0.8984593807319954;1.2310717626135865;1.4508730485299601;-0.8035616744916688;-0.8980018961970652;-2.2329762760677534;-0.2616349844864775;1.3022767652868892;-1.1868828222013197;-0.7446015920075331;0.7413273579511319;-0.7940168217058781;-0.14602208187623777
943;-0.8998964528022202;-0.7077470063380944;-1.8368516163972661;-0.6506395572043797;0.07712565069056444;1.3527282356837318;1.2178146055859407;-0.5530037921405634;-1.6626212894985943;-1.8290499475958382;-0.42155624180604434;-0.8712112791999687;0.48225247902669505;1.1815446582178777;0.05823745905696302;-1.5484295515722972;-2.558376276467134;-1.0398340034914626;0.9057622651427535;-0.934297573741613;-0.8083129155742448;0.037440097349843306;-0.8612926251697614;-0.5258125927165831
944;-0.966461528828673;-0.7204338818021012;-1.6499509833940287;-1.1109910815491981;-0.398929133267072;1.0042883647165122;1.7781282573501611;-0.24559235500968918;-0.7575272830522012;-2.0807247087697025;-0.6303732391197723;-0.6520855384772966;-0.5304713218600788;0.8820765502191819;1.077201526307304;-1.788081835266083;-2.2975683844783137;-1.9066591706059044;0.22041213482138475;-0.2240729222643348;-0.7662687959645966;-0.6584734576549328;-0.4478826637569553;-0.8397566352677376
945;-0.649244266795691;-0.7229062059066316;-1.275019257288845;-1.7385042375907311;-0.7799291457781506;0.5725321058401692;1.7306380443065392;0.15582028279918855;-0.019237511281328674;-1.6349805427805175;-1.1293809601216953;-0.7292888831623152;-1.2280673296835785;0.45076606097832844;1.8320158750129005;-1.4115402966369774;-1.5270028571836247;-2.2788869712345776;-0.4591365113531176;0.5008913944541634;-0.8388251889534314;-1.0448034200990515;-0.010788307092211754;-1.099855667470096
946;-0.09914884627227274;-0.3803173575607231;-0.8205347862195768;-2.001894157278963;-1.1468374537137285;0.02133966909405032;1.416218404312107;0.8486537136325333;0.609881586829073;-0.9566666271560788;-1.7039505947007627;-1.0028422188879222;-1.4579548312954835;0.14903742549604135;1.8618905063004796;-0.36905931790481067;-0.5827929748695871;-2.2931952894135037;-1.236505086666797;1.075954382015857;-0.5103158140729389;-1.1508507086851343;0.24562866473936543;-1.1582669884577723
947;0.5261303869478626;-0.12842742023771658;-0.3488049478923144;-1.9155587512970949;-1.3867991148999192;-0.7194568270762551;0.8762889630385046;1.45353161364149;0.8534796179170909;-0.2233086418929385;-1.8666428126555024;-0.848334773894694;-1.4789260151982235;-0.3337911990371391;1.413501140276218;0.8608383927482969;0.3500651392512899;-1.7613235312375422;-1.7149813387572017;1.0582722695884523;-0.21425105811849182;-1.1632115559825136;0.28626708663595607;-0.8872032359323692
948;0.9716310923184609;-0.08077659654992603;-0.048524069729922514;-1.4962470688708798;-1.6095452654719367;-1.2899997180355882;0.1700913694243572;1.7648263360512997;0.8654064154418134;0.2148447504274841;-1.450071814284644;-0.6708710662379106;-1.367839304092888;-1.0235767793107964;0.5961495125164173;1.6599159182806906;1.1039731473465972;-0.9922141617310527;-1.901531190411266;0.40678690975208764;-0.15683237706385267;-0.7845530152289795;-0.09610764924982904;-0.43371343274755286
949;0.947086125866797;0.11841167175393277;0.18602456203870255;-0.7728073837901944;-1.6603619497958706;-1.6712880111549508;-0.7212049289705741;1.5158566281768462;0.8173419616140933;0.504217585876473;-0.9106532473303034;-0.8460323706160218;-1.0998228392719744;-1.5430207413863133;-0.5438202817691611;1.7132067761354122;1.7080898864971203;-0.2619928701872602;-1.8934933851482192;-0.6574787874223869;0.08791050751245928;-0.28633417120381327;-0.7382308366094746;-0.2700989127306695
950;0.8386998122465276;0.3886682311843848;0.5362362027554746;0.03658926394178474;-1.6038241789350347;-1.865183988297693;-1.3195684317731564;0.7611515084379867;0.9036299407765167;0.9679325047379873;-0.13042800035764815;-0.9920477534598093;-0.6076764453565207;-1.8969538579827505;-1.4608980930450413;1.4299891618746021;2.1298456722053554;0.6419892620280131;-1.5225384737705199;-1.8646639095508843;0.26322966653570035;-0.00495337256749113;-1.38890589475046;-0.1672559579007396
951;0.705185787032869;0.7758942994496877;0.536427582137279;0.6016376258312489;-1.2046179973634084;-1.7679610350283763;-1.6319183268938353;-0.10847067269956212;1.2344412726240288;1.5171359857795748;0.8012108012030702;-0.959644458565381;-0.16018896164016974;-1.7521059404665358;-1.7157275611370344;0.801703036167757;2.4887446640760142;1.680456930528507;-0.7813313269798665;-2.319871504788584;0.5507489377923511;0.06852269234343258;-1.5080360306638951;0.16355920081775266
952;0.9644055340904554;1.1124834426528374;0.29459198318357355;1.0022608430501214;-0.5362778235437686;-1.374064120569447;-1.5978449094052998;-0.9413139476877372;1.5597806818081315;1.8657264447826596;1.33190546527895;-0.645767898102719;-0.22507944085799628;-1.3652174690262031;-1.5496485998448675;-0.24119178822800896;2.660275454556224;2.397928252629248;0.1717385780025355;-1.8664629557239707;0.48137974534900885;0.05897064300458324;-0.9360279500984849;0.21140021735128373
953;1.1801955420973436;1.3891252657316109;0.38822100921956626;1.0175644556110508;0.14720225565339365;-0.8936087913903721;-1.708111371616554;-1.573262582883082;1.5544394433350095;1.6831435286846363;1.5945882931473008;-0.0597765850234391;-0.3499726336454164;-0.7444252211799173;-1.265336064245769;-1.1230652816248585;2.29199466420399;2.765403254863241;1.2641367463255613;-0.9239820005405457;-0.26337660266098634;0.0909375822794003;-0.05817735801333755;-0.23884751625367462
954;1.1517140952556195;1.306484057614946;0.8344206026840596;0.7506728627057697;0.8966487155859632;-0.44057167425047417;-1.6285502538055319;-1.957210748543143;1.051979719391161;1.1538905952341527;1.8040785237377954;0.6979568095683822;-0.4368481804273688;-0.059520595302986305;-1.2404362214664975;-1.8032918891976732;1.5062264571304038;2.7325701277288963;2.2667623674710358;-0.08679825549486402;-1.336429211149547;0.2220459272734808;0.5053117045692048;-0.8389734097233559
955;0.7530821442259207;1.0190043976768266;1.2256697996719623;0.7025292722392121;1.2154702052592938;0.03101088246645945;-1.3446129426829312;-2.0064082080911314;0.5612330039715859;0.6244241142907984;1.6621878183657555;1.3972467329972789;-0.010983020983336145;0.6061034876940794;-1.2685708014979755;-2.347640980974484;0.7105863843406375;2.364066574573878;2.7681320563787324;0.6277109013023701;-1.727971724982258;0.20283461651276813;0.690284076081233;-1.1120237243433095
956;0.2779835566436747;0.736668630479723;1.1775364317342458;0.7796144742681598;1.5677757757120256;0.3658439276427385;-0.7381979693597579;-1.8820568462594345;0.2721365224038236;0.5827341247406982;1.4262647075282269;2.073840755635923;0.4503466052282474;0.7974440048902302;-0.8399624669670426;-2.301834827624557;-0.03241387112160755;1.542645160872552;2.8256527419408;1.6447484125781897;-1.4690298642531041;0.051983944077294925;0.5531021857929195;-0.908829743933467
957;-0.03786170191732195;0.44076504798278654;1.0820897996093017;0.8706568595225741;1.6294530515150443;1.030959449523204;0.024285673521388367;-1.3008763225451132;0.12076199717578483;0.7225057036709991;1.06409395752592;2.375504020563161;0.965717321948286;0.5710467623224527;-0.1084962958198144;-1.4109998903845875;-0.5154592275635959;0.7567889330628929;2.534807995695205;2.4178367399658804;-0.665530211023713;-0.21484167864530304;0.22271873252274307;-0.31270997579234816
958;-0.08965684404977053;0.23410434727360332;0.9086973415704872;0.7484794191600429;1.302503488040813;1.4903691150342873;0.8344950741123089;-0.5864930095655462;-0.0013912722355162847;0.8028823989454444;0.7595013036274634;1.9411905771995963;1.3309367473089713;0.34906994242246214;0.736686501349371;-0.4307074431480732;-1.067108321446825;0.23760939073486922;1.990699414656155;2.6926371289018203;0.67352510318495;-0.5208618998321521;-0.009079776362253622;0.35703592174114884
959;0.15869530718918068;0.2576989063428832;0.7845589483996962;0.6367847717819868;0.6887789155089782;1.7743185705058189;1.3308793002685206;-0.03710675147808836;-0.254575248637452;0.45451305151179555;0.6753934608092133;1.264491727155951;1.4931286788386284;0.6220663815314418;1.301836447777801;0.31817753365611007;-1.8035085134212283;-0.3757842399355778;1.2751750479805952;2.743193044292456;2.101595553228715;-0.5577766898380896;-0.004239825124974889;0.9713018092380672
960;0.26160632527942157;0.2611337028806305;0.49691021269758545;0.7484038079551236;0.26003397276017987;1.7596487247802828;1.4203964271723386;0.5416187411515978;-0.5174553627968742;-0.2610859026428868;0.2601318027704567;0.7226742913234275;1.8945867919318422;0.9660308574452298;1.5250936807940865;0.8654359034554957;-2.0260435239303702;-1.177098692811809;0.3226021031216056;2.5632694690289832;3.063834728426105;-0.33629869367598375;0.06841961870077853;1.2046902751298865
961;0.15017101683491096;0.0030653749455085235;0.11006160760716271;0.878166181107805;0.31087330697778953;1.395395692126127;1.5439842255659808;1.0676237470273096;-0.7714217470265674;-0.7313157281776874;-0.28895778073489237;0.3040655880055569;2.0728759982860154;1.0546189169848394;1.4893606850221595;0.9957911035989205;-1.6967045069066031;-1.8558547272343593;-0.5893117615441887;1.7508614375266363;3.17851489621718;0.14280905748856626;0.05201712454395507;1.062246954736471
962;-0.0857045471033083;-0.40872603291813403;-0.392327560075503;0.6191212848883789;0.3900323461292676;0.9105623866661798;1.6905644263770365;1.5047500177461213;-1.1861064616118835;-1.092447850168929;-0.653007182155499;-0.15241721667557334;1.6373504772260472;1.3128971265065594;1.1397356614433072;1.1577259486941447;-1.1821247438254465;-2.1957523691677405;-1.4435121278874579;0.6308263835416842;2.547895415216295;0.9751968679912222;0.0544334635465751;0.3797976642194769
963;-0.6080026365555522;-0.8367002499074402;-0.6644379046392881;0.2554726987289376;0.39956004929848726;0.39690552680316554;1.4398249198324324;1.8810862241143784;-1.4786243316164809;-1.270898766252801;-0.8004123845111809;-0.35554423089266757;0.8509487853451112;1.5938918686671264;0.7414247624745945;1.293418000441525;-0.8560487141965377;-2.1648512194533485;-2.0697972278587513;-0.545703114207087;1.7295768159849298;2.009629519765951;0.29598524574470036;-0.27089990422352933
964;-1.6408994047044203;-0.9171438346798982;-0.5653254014937021;-0.07803003694746999;0.3975883975448165;-0.1316175691156916;1.1232511803191465;1.8555359729658938;-1.4100657415860773;-1.214155811263517;-0.6613918647168945;-0.6153209815715633;-0.19059273593779424;1.5901787025744853;0.6286759871711156;1.598819723306579;-0.9331856007237207;-1.8420558385693016;-2.2755693514630924;-1.4711146521261467;0.8140024785182826;3.0557633777214;0.5460207146026638;-0.3883927348984416
965;-2.5148739642532623;-0.7278156770705753;-0.4692144384487354;-0.6335335353606231;0.3197529470386554;-0.27555925864686376;0.8002272713275802;1.6958489181514;-1.336207338243979;-0.9645411181979489;-0.6474509270769063;-0.8941152000341946;-0.8848385544706658;1.1761789688370456;0.6784988755205459;1.6348418287779838;-0.9965845726915133;-1.405732494725188;-2.1214393229997786;-2.15940609626649;-0.007457715745580319;3.165703828636908;0.6311766970322076;-0.042836469538612955
966;-2.7044706298965173;-0.7680821475436469;-0.7080882498840292;-1.0709380544811027;-0.042925684830712456;-0.3214855823898981;0.2861322861003547;1.454780491273988;-1.6630138561211956;-1.0302828940090019;-1.1642054559548882;-0.9286352125088562;-1.1882298715235842;0.48644214861732504;0.8236820373709535;1.495799487555489;-1.021643175227436;-0.962274961833631;-1.9859603078570873;-2.468048782828694;-0.8271670163474936;2.3021622512569886;1.1867089577437189;0.5593060300520464
967;-2.418203788779064;-1.0430597262733825;-0.9706423530866457;-1.0377177549211298;-0.490824301330748;-0.2801920608539869;-0.20625541243096415;0.6283799316542045;-1.7879342946018704;-1.3306624465084342;-1.6474593554807104;-1.1560436689522864;-1.3620604570332486;-0.47711362475366187;0.8460869425823927;0.8140914051259227;-0.7884314681251049;-0.5777947884300705;-1.7407815191826825;-2.4803890646696902;-1.8998559617157222;0.6025885309173438;1.8626904708453766;0.9604722946516846
968;-1.7030860939074104;-1.5531932581603864;-1.1184404163369475;-0.9191778220906333;-0.6802090289894851;-0.20113854043196489;-0.6737495170372358;-0.0439523227501182;-1.1583489810189678;-1.5744380312100017;-1.8168072057302365;-1.415619428890388;-1.4488068486397068;-0.9435381428606925;0.7750302598555563;-0.09216140619809178;-0.2594339617851127;-0.28853706401349805;-1.3135976906721838;-2.322165728726912;-2.8096895541783926;-1.001537701583618;2.0682320042477924;0.9862126347946543
969;-0.7568966304373294;-2.064724496580534;-1.3504048711159036;-0.9723542919086552;-0.897906763932885;-0.1887652446178264;-0.9291973195902878;-0.32258243773190126;-0.3503224166855455;-1.3231426539132236;-1.5239069871120592;-1.337846377434303;-1.1196433690247933;-1.3002349138174383;0.335076623883921;-0.33974094121032267;0.5994041870881296;-0.006250908879288017;-0.8812102228429238;-2.0568019836818743;-3.064070664272379;-2.2132507123768783;1.6776734010746661;0.8088205622637156
970;0.28668404277381293;-2.0632542927907487;-1.40030167372193;-1.1476069882504498;-1.1829003419664434;-0.1936664898336575;-0.9783492894355283;-0.5306725379958463;0.3295618721192866;-0.8140752834161852;-0.8074925421792045;-1.1881215178533437;-0.9302786429482343;-1.8306706553591483;-0.4427789249969727;-0.26065942405883596;1.2505121979321445;0.35123810095425134;-0.14143712032951247;-1.4192253699648278;-2.8296387163417505;-2.86187623609531;0.7875330684018004;0.9062768630518823
971;0.9966447989513643;-1.614493209047437;-1.2476868054682126;-1.101229104881029;-1.3522250289333206;-0.6157906595233104;-0.706064197990763;-0.7924991268567432;1.1522382465072438;-0.2705260873732394;-0.3317065506092957;-1.0907122660666766;-1.1358045511933088;-2.0925872226491564;-1.333624159680748;-0.04472578370840864;1.4363582941617075;0.49260250365020253;0.38016412092405844;-0.6617716424771548;-2.26153865301138;-3.1399811539167413;-0.45180324557959695;0.8527207455024283
972;1.5456170058155863;-0.7574857530744673;-1.0259346834104826;-0.9716080061648101;-1.4712647984508473;-1.1249049639800641;-0.47534771974949774;-1.068540393613308;1.7963493041136709;0.20978185635431004;-0.32310883743758095;-0.9030347105504559;-1.238404254153921;-1.909429213562858;-1.8006067076381036;-0.14962975981706877;1.311411090753365;0.3940026288906311;0.805584273050114;-0.005811948549686529;-1.5907381645095322;-2.8704937443367156;-1.9267925886266195;0.6478594507805627
973;2.0063093192383046;0.3702502642432723;-0.8335042161628405;-0.7788680045692885;-1.2650427017418733;-1.467825590824263;-0.4111418740265918;-1.174482212889788;1.9299249636460198;0.5420192913887596;-0.28887226582552333;-0.6748560696469329;-1.1966966834606358;-1.224006917288974;-1.9798023118771424;-0.4441128448883385;1.0273046783570214;0.5784227097987874;1.1082133270903716;0.5471065097138076;-0.7605440294078413;-2.420470968778601;-3.301017430559749;0.2503372024841504
974;2.048997993542649;1.4580801024322376;-0.5952637721966416;-1.0195356130254525;-0.7816041870601517;-1.4600058906266637;-0.47383157876002674;-1.1574615487759128;1.711310826006263;1.117953364299758;-0.07585662995078711;-0.5728966660472269;-0.8749048404341999;-0.6537578322197517;-1.9578384043625168;-0.9872717407595366;1.0453978210506196;1.2081437399867396;0.9020679990975552;0.7865013596402373;0.11208103430131426;-1.869671617286908;-3.9939487473086714;-0.6271087402278789
975;1.7474530655198683;2.336706905157791;-0.27044361181914667;-0.9000702250399165;-0.44404960328601234;-1.1640753721875743;-0.7819342263698182;-0.861756063345578;1.4983080619955356;1.7880269815050258;0.3140271137391037;-0.3099847044432747;-0.5009317004569601;-0.34831491867861514;-1.8326824734756828;-1.5691629402825313;1.045728296889123;1.691209889921578;0.7454477257557145;1.0409439286621236;0.7529913994915417;-1.2197316462669425;-3.82906844427377;-1.6065325090556921
976;1.1820507485714535;2.638804728204878;0.27115032339308337;-0.42489502911595645;-0.48105774563601555;-0.9462111677151744;-1.0197801080997984;-0.6233263844999538;1.255196777266127;2.0286263237818636;0.9986014419787618;0.5003531105886686;-0.11480201588846323;-0.32073872640028717;-1.4639636675196737;-1.917072583536371;0.7073947350566512;1.8253773807490725;0.9339556369010066;1.3677765297656852;0.9553982837270416;-0.5780684316522132;-2.729400853802699;-2.7160173552196176
977;0.5705281820360277;2.424977390733021;1.1406339653913518;0.15001699568478588;-0.40291216546348857;-0.6944265355098436;-1.180696845349537;-0.40656991171916185;0.8275587612871922;2.1262256823341503;1.5360942065838696;1.1578770886928917;0.0804305114859723;-0.4757532462497812;-0.6629685150392866;-2.1664488100132346;0.2331228590800205;1.2728074128408766;1.129647515608116;1.3863899369078856;1.3010046587943374;0.7188918785893709;-1.2058695624375653;-3.4644017254040183
978;0.14440719003152064;1.7924228344027473;2.265372573070357;0.7282390835992938;-0.14296378487307904;-0.5568376303622524;-1.1964593393366416;-0.5015415992425297;0.3850146719508443;1.942653175954438;2.0306515461646133;1.428698530986251;0.5170591204767989;-0.336890882953681;-0.02280281682947516;-1.8518684367761922;0.0430728071917701;0.6075626725715374;1.131181573297221;1.3264767645424609;1.7135774305950513;1.7336422078164282;0.1266083730271512;-3.548969402622221
979;0.1117327873533866;1.1945755175295318;2.9310060035308334;1.237516061758897;0.10361735606122739;-0.03928630296180519;-0.9982409300800593;-0.5226773462090994;0.05068331326318649;1.2495227962894424;2.11856547711746;1.3445315020121966;0.9793712353635645;0.11381623222784736;0.18510181272714468;-1.1330710169676215;0.026563486179490454;0.12614886112292228;1.0239751304733002;1.1998817642437942;1.7420052008658728;2.0320878632513257;1.0844990054298729;-2.901445571793053
980;0.43697006282744083;0.6113404222535723;2.8909434416796804;1.5269392278462122;0.5484630395924102;0.37721236660325347;-0.5662482612312618;-0.5481067538319591;-0.36275528299949567;0.3352366661399942;1.7499567253822634;1.1675592806188233;1.0998513203037499;0.5462279520609521;0.4153525087584899;-0.48850763782694334;-0.11966104275963396;-0.17506555662365098;1.0115122520502302;0.8685402246285058;1.4120163426826646;2.0065088847461525;1.4643282400446693;-1.5962631569435624
981;0.722441147625429;0.22071349343282085;2.253129104466845;1.8437564602553769;1.0732692719579957;0.5767543670619982;-0.07942952688179604;-0.6884129670142035;-0.585084495195207;-0.3453624631387129;1.289346296765632;1.1692951802963387;1.2594429443556334;0.9430915319097976;0.6831128709153446;0.2980679351180798;-0.5067038568736211;-0.3819151851058949;0.7735931471067657;0.6032078941048257;1.1332477843737108;1.7573911806062796;1.7344289950523246;0.17293851911280655
982;0.8896840022542998;-0.2032538897565622;1.402140937809493;2.2056321484284807;1.5220704087826002;0.9340615299256584;0.4708532102163235;-0.8093768639688761;-0.6332666336462074;-0.6305872236874782;0.8412634487330639;1.5816002938048745;1.5817557890100777;1.3215340323675855;0.9493772950942286;0.8729962425282445;-0.8678582782776751;-0.33767503251494096;0.3232210439943685;0.44626750770243406;0.949341069753858;1.5434927138394814;2.1540661644249655;1.7991868467785068
983;0.704273822234661;-0.47297986230308636;0.3253284653512021;2.365539165948576;1.8723719660647542;1.151703986577828;1.0399905638296567;-0.4473321848625599;-0.4630354322941401;-0.6025481293086652;0.43753676716737905;1.759158591494592;1.6969474887001428;1.6345234488866696;0.7869434449187992;1.1272233151451567;-0.8522556976091465;-0.28684868426385335;-0.11740679319139456;0.41401244968156925;0.6321762349907004;1.286790585663425;2.376787606650376;2.8185033068099847
984;-0.0058804631085976776;-0.39015062763066216;-0.3821724522599015;2.0900437226430872;1.9667209906031689;1.1374313698992706;1.1477573901164537;0.13663529289163373;-0.40222721060817035;-0.7644566004624885;-0.02731545363333437;1.5724815702544281;1.5617923449268938;1.6129266094655565;0.7422336589694246;1.2002867357400682;-0.6968153600709126;-0.5602831086756078;-0.6115193039129299;0.39095386836241064;0.42543858844780147;1.0123217278480559;2.2068137077823806;3.2466260962918714
985;-0.6291648267611258;-0.03052440310044362;-0.9342152313971519;1.460755223265234;1.992945232868029;1.3170277164764501;1.2389066995072995;0.7384566613309019;-0.38107029364548517;-0.9016741583294099;-0.9225828172980791;0.7938847406983529;1.3173923042110693;1.321172786346448;0.9581253293987051;1.2331682052897384;-0.49759995539324836;-0.8378607530198319;-1.06451354935485;0.19380003334265747;0.2795319628029644;0.6247118882454119;1.7256950608931807;3.146470110051365
986;-1.1307420748465769;0.11696219691322743;-1.11220731978197;0.7427236355287917;1.9600301018528907;1.634715354761228;1.3149247890350604;1.2794638981743485;-0.2403233742184685;-0.6068524410387608;-1.5739748657326653;-0.2926295067396539;0.7262088904315112;1.2564041686423906;1.4752287717524826;1.2701593198615588;-0.08486167081022654;-0.807507631889078;-1.2157474291261245;-0.22000931962217626;-0.015092312909966222;0.29763652219671294;1.2059955759811738;2.4583254549706792
987;-1.4476027068616562;0.13868165044898406;-0.8886035173981336;-0.4359017194724783;1.3956902132740885;2.02374670743815;1.4111318313552779;1.6514963347361775;-0.20905002973205955;-0.45353465349793554;-1.4967984188172854;-0.909678926631111;0.2465289968036389;1.0407002833521044;1.9239452982141119;1.285778292886417;0.24427788847593684;-0.5369699178285182;-0.8947480959526282;-0.6030282091503002;-0.389220457778575;-0.013235379100081544;0.4531011971219449;1.4026933209921284
988;-1.5240262028662714;-0.04514110997589819;-0.6104156464608633;-1.4689719043412837;0.6242401473492581;1.8381681363662525;1.679584618408625;1.7091829568717587;-0.39913044544068005;-0.4530650992078973;-1.187421670937776;-1.2828708733889602;0.008399798727565369;0.9991440541840302;1.7351220536816165;1.0528831996569965;0.2687129647380865;-0.15145174442456658;-0.3790793624063245;-1.0670660882546925;-0.48869477254548255;-0.2484140050005321;-0.22722764403305026;0.7400280654288082
989;-1.2466106574136178;-0.7162206012679293;-0.37152366486784755;-2.0398923523629002;-0.0028605962581019864;1.3886348144647918;1.5375434419777576;1.6290970759496568;-0.604940840868825;-0.3165609305557919;-0.6847446337880236;-1.4899265037490441;-0.16106077746691527;0.5597718430287314;1.0426723009222891;0.9260780400620576;0.4405130767681753;-0.04576803295886981;-0.031036926106514758;-1.2134663519672664;-0.41538495922567625;-0.511011637807508;-0.5413639014950816;0.5628998379988119
990;-0.844387445702702;-1.365933045174242;-0.24400453917641338;-1.8690685778188723;-0.524241580125228;0.7717254278752905;1.2358967659229938;1.6048650566274463;-0.5549226369403684;0.0027572260889831444;-0.2581206097681725;-1.400531102360691;-0.5885038991727483;-0.16625887134710018;0.45126576499042703;0.9804736234726912;0.40620879010721883;-0.11882791704145769;-0.22079442460407878;-0.9830287919371995;-0.5176344988396017;-0.6677538177486825;-0.4720980176307681;0.26365113864078604
991;-0.3284211860608667;-1.6575977658079988;-0.3096579384969942;-1.3837742648649067;-1.2470712840359979;0.022109547108951706;0.8925918898770583;1.2975513199322692;0.02987116384189248;-0.0043840555199153195;-0.044030265915027976;-1.2688968020559963;-1.034979516375201;-0.47251765540922946;0.16023173145965494;1.1519725433815362;0.3258826065032016;0.15990607497308373;-0.42896918137905476;-0.7479598084225214;-0.7100928681152772;-0.5660127270547242;-0.3730625377656085;-0.27171768802497187
992;0.4401671399936499;-1.531641625784227;-0.418457730555065;-0.6315437203939904;-1.915097835977467;-0.5704077221738131;0.6170801965468272;0.9486855531003034;0.5938951247531897;-0.1384340936565328;0.10895385069533306;-0.921577250979046;-1.662048972529601;-0.8492177527042983;-0.21068344311088655;0.9272702272081808;0.30367628776181427;0.6161046380207249;-0.2166753746393106;-0.4546458074084299;-0.9347313254549062;-0.5713349130927347;-0.5432556529129047;-0.7455360754143985
993;0.6837278884585525;-1.1371434211841114;-0.6104722638922554;-0.19527141631449546;-2.2725870630169482;-1.1555946311495093;0.43348536109256397;0.6246986724949538;0.8130148444425772;-0.1132948726428755;0.032707266443179075;-0.6132677514247691;-2.1489746914174686;-1.2211177459367482;-0.5580958649161969;0.36881051527903236;0.17869126056461954;0.8358952953137522;0.16774436186026448;-0.14145902422586115;-0.8935391041259961;-0.7092848151982535;-0.863798483695613;-1.20813201506896
994;0.5457102781263842;-0.3771836439261972;-0.963999006184563;-0.07335950526984965;-2.087316140014197;-1.6529529558462723;-0.2043631649371303;0.4087409404579194;0.793909861086312;-0.06924663999707241;-0.0792634305259822;-0.21957237011520056;-1.7471897143112294;-1.4837465633372617;-0.7662519008308077;-0.033985012595768756;-0.09370968059065722;0.5953506893125965;0.42944867912924584;0.24935826237631561;-0.8442635418804268;-0.8535834890658581;-0.9651497854773037;-1.40586153526701
995;-0.016726185909617074;0.24090781383868537;-1.2936005129342343;-0.18444888505282722;-1.4709001986981889;-2.0546598962139075;-0.9296069331110616;0.02915883191751698;0.5396048699241637;0.0031147417308224987;-0.11013143118911353;0.3369934124176605;-0.8758649492534375;-1.4367160427049057;-1.0927008379069483;-0.49775595370363473;-0.2908889751204737;0.002259413451967263;0.5593513357663379;0.545397343491866;-0.6311593356849098;-0.7729097911253398;-0.843516131107344;-1.0762992736985646
996;-0.8831961388095411;0.5559894101864796;-1.3284817018342387;-0.3629263553922564;-0.7336239801284237;-2.0172113133379974;-1.6467272384260978;-0.32085331727806427;0.03859287906489878;0.1359207617396866;0.12670935802563218;0.8296257616925018;-0.1247651757487197;-1.2909320936222601;-1.384638194143852;-1.1043743445276297;-0.39746001915278495;-0.3006663857363911;0.5498335915525515;0.503461187523401;-0.18392447356469843;-0.5636751386469318;-0.5691585336769609;-0.7260743019178076
997;-1.0923269687987673;0.48682822218102006;-0.9972624433897281;-0.5458871169441754;0.00814488400090006;-1.941116801817155;-2.19206472888477;-0.8702363428058107;-0.4985195768663371;0.34736439037153455;0.14807715738079166;0.6606281939744446;0.41142501547983007;-1.076234913262479;-1.4205226077088973;-1.654295204077327;-0.4379925879086354;-0.29920206847297387;0.3370416882673319;0.17286634495623196;0.3259873129990246;-0.3039665474979995;-0.5135796099882147;-0.4498810414911168
998;-0.8407259961974084;0.2919662417216462;-0.2998744392012804;-0.8767241738301951;0.49258531501911723;-1.5841728150485912;-2.255578685456231;-1.4964904547314342;-1.1325957775013085;0.35336098438921676;-0.0796494445254003;0.17622340963927863;0.6039356956540594;-0.9004368609982742;-1.501569608194154;-1.7973732144594103;-0.6646041578680347;-0.4356916967886328;-0.011854498272589267;0.16695853415512907;0.7244084613748203;-0.34672183229839354;-0.5638326607307086;-0.4496918614890989
999;-0.8752411120777268;0.014747016862501924;0.4494728695171209;-0.9742180100601314;0.49024758615466885;-0.8497918708095471;-2.045693866439494;-1.8578214910246011;-1.7521922887336179;0.10590861694338273;-0.1920765106370461;-0.2542229790988346;0.4973976530768895;-0.6961122769757456;-1.3507293446270012;-1.3213182676994297;-0.9096722729386414;-0.6227301085683238;-0.15935947716172316;0.11392268933429875;0.7938330099812618;-0.20548308713008556;-0.39565561944236566;-0.5364422373024982
1000;-0.9176350753109002;-0.48301207058189516;0.8753752276909906;-0.8111138127249544;0.12187337700824988;-0.17404027999464222;-1.652115363167804;-1.897302151019268;-2.2859580979127965;-0.3119127338309764;-0.043100436508720884;-0.44305148290263763;0.428914248442769;-0.06690737367352462;-0.8785558738528546;-0.8730068251024399;-0.9387765426193779;-0.6432521123198988;-0.3190317080620386;0.04332659326455225;0.45955951755757574;0.17555882279621077;-0.17544161954244988;-0.5781411511967929
